wellbore_id,checkpoint_depth,target_25m,event_type,synthetic_data_used,feat_depth,feat_norm_depth,feat_similar_well_count,feat_best_similarity,feat_mean_similarity,feat_weighted_any_evidence,feat_weighted_mud_loss_evidence,feat_weighted_kick_evidence,feat_weighted_stuck_pipe_evidence,feat_high_confidence_event_count,feat_closest_event_distance
15/9-19 A,50.0,0,NONE,False,50.0,0.0121,23,78.25,72.33,3.7976,0.6287,0.0,3.1689,6,0.0
15/9-19 A,75.0,0,NONE,False,75.0,0.0182,23,78.25,72.33,3.7952,1.8861,0.0,1.9091,6,5.0
15/9-19 A,100.0,0,NONE,False,100.0,0.0242,23,78.25,72.33,3.1541,3.1541,0.0,0.0,5,2.0
15/9-19 A,125.0,0,NONE,False,125.0,0.0303,23,78.25,72.33,5.6937,5.6937,0.0,0.0,9,0.6
15/9-19 A,150.0,0,NONE,False,150.0,0.0363,23,78.25,72.33,5.6855,5.6855,0.0,0.0,9,0.1
15/9-19 A,175.0,0,NONE,False,175.0,0.0424,23,78.25,72.33,2.4949,1.8599,0.0,0.635,4,3.0
15/9-19 A,200.0,0,NONE,False,200.0,0.0484,23,78.25,72.33,2.4925,1.8575,0.0,0.635,4,18.0
15/9-19 A,225.0,0,NONE,False,225.0,0.0545,23,78.25,72.33,4.4096,4.4096,0.0,0.0,7,7.0
15/9-19 A,250.0,0,NONE,False,250.0,0.0605,23,78.25,72.33,4.4222,4.4222,0.0,0.0,7,1.0
15/9-19 A,275.0,0,NONE,False,275.0,0.0666,23,78.25,72.33,3.3535,3.3535,0.0,0.0,5,11.6
15/9-19 A,300.0,0,NONE,False,300.0,0.0726,23,78.25,72.33,2.7134,2.0835,0.6299,0.0,4,7.0
15/9-19 A,325.0,0,NONE,False,325.0,0.0787,23,78.25,72.33,0.6299,0.0,0.6299,0.0,1,15.0
15/9-19 A,350.0,0,NONE,False,350.0,0.0847,23,78.25,72.33,0.0,0.0,0.0,0.0,0,40.0
15/9-19 A,375.0,0,NONE,False,375.0,0.0908,23,78.25,72.33,0.0,0.0,0.0,0.0,0,65.0
15/9-19 A,400.0,0,NONE,False,400.0,0.0968,23,78.25,72.33,0.0,0.0,0.0,0.0,0,90.0
15/9-19 A,425.0,0,NONE,False,425.0,0.1029,23,78.25,72.33,0.0,0.0,0.0,0.0,0,115.0
15/9-19 A,450.0,0,NONE,False,450.0,0.1089,23,78.25,72.33,0.0,0.0,0.0,0.0,0,128.0
15/9-19 A,475.0,0,NONE,False,475.0,0.115,23,78.25,72.33,0.0,0.0,0.0,0.0,0,103.0
15/9-19 A,500.0,0,NONE,False,500.0,0.121,23,78.25,72.33,0.0,0.0,0.0,0.0,0,78.0
15/9-19 A,525.0,0,NONE,False,525.0,0.1271,23,78.25,72.33,0.0,0.0,0.0,0.0,0,53.0
15/9-19 A,550.0,0,NONE,False,550.0,0.1331,23,78.25,72.33,0.0,0.0,0.0,0.0,0,28.0
15/9-19 A,575.0,0,NONE,False,575.0,0.1392,23,78.25,72.33,0.635,0.635,0.0,0.0,1,3.0
15/9-19 A,600.0,0,NONE,False,600.0,0.1452,23,78.25,72.33,1.2649,1.2649,0.0,0.0,2,10.0
15/9-19 A,625.0,0,NONE,False,625.0,0.1513,23,78.25,72.33,1.229,0.6299,0.0,0.5991,2,12.0
15/9-19 A,650.0,0,NONE,False,650.0,0.1573,23,78.25,72.33,0.5991,0.0,0.0,0.5991,1,13.0
15/9-19 A,675.0,0,NONE,False,675.0,0.1634,23,78.25,72.33,0.635,0.635,0.0,0.0,1,10.0
15/9-19 A,700.0,0,NONE,False,700.0,0.1695,23,78.25,72.33,0.635,0.635,0.0,0.0,1,15.0
15/9-19 A,725.0,0,NONE,False,725.0,0.1755,23,78.25,72.33,0.0,0.0,0.0,0.0,0,29.3
15/9-19 A,750.0,0,NONE,False,750.0,0.1816,23,78.25,72.33,0.6299,0.6299,0.0,0.0,1,4.3
15/9-19 A,775.0,0,NONE,False,775.0,0.1876,23,78.25,72.33,1.0093,0.6299,0.0,0.3794,2,18.1
15/9-19 A,800.0,0,NONE,False,800.0,0.1937,23,78.25,72.33,0.3794,0.0,0.0,0.3794,1,6.9
15/9-19 A,825.0,0,NONE,False,825.0,0.1997,23,78.25,72.33,3.1605,3.1605,0.0,0.0,7,4.0
15/9-19 A,850.0,0,NONE,False,850.0,0.2058,23,78.25,72.33,4.4125,4.4125,0.0,0.0,9,2.0
15/9-19 A,875.0,0,NONE,False,875.0,0.2118,23,78.25,72.33,5.4081,5.4081,0.0,0.0,9,3.0
15/9-19 A,900.0,0,NONE,False,900.0,0.2179,23,78.25,72.33,5.4159,5.4159,0.0,0.0,9,0.0
15/9-19 A,925.0,0,NONE,False,925.0,0.2239,23,78.25,72.33,3.9125,3.9125,0.0,0.0,7,5.0
15/9-19 A,950.0,0,NONE,False,950.0,0.23,23,78.25,72.33,1.3929,1.3929,0.0,0.0,3,20.0
15/9-19 A,975.0,0,NONE,False,975.0,0.236,23,78.25,72.33,0.635,0.635,0.0,0.0,1,25.0
15/9-19 A,1000.0,0,NONE,False,1000.0,0.2421,23,78.25,72.33,0.635,0.635,0.0,0.0,1,0.0
15/9-19 A,1025.0,0,NONE,False,1025.0,0.2481,23,78.25,72.33,4.8454,4.8454,0.0,0.0,12,25.0
15/9-19 A,1050.0,0,NONE,False,1050.0,0.2542,23,78.25,72.33,4.2104,4.2104,0.0,0.0,11,0.0
15/9-19 A,1075.0,0,NONE,False,1075.0,0.2602,23,78.25,72.33,4.2104,4.2104,0.0,0.0,11,25.0
15/9-19 A,1100.0,0,NONE,False,1100.0,0.2663,23,78.25,72.33,0.4643,0.4643,0.0,0.0,1,20.0
15/9-19 A,1125.0,0,NONE,False,1125.0,0.2723,23,78.25,72.33,0.4643,0.4643,0.0,0.0,1,5.0
15/9-19 A,1150.0,0,NONE,False,1150.0,0.2784,23,78.25,72.33,0.0,0.0,0.0,0.0,0,30.0
15/9-19 A,1175.0,0,NONE,False,1175.0,0.2844,23,78.25,72.33,0.0,0.0,0.0,0.0,0,55.0
15/9-19 A,1200.0,0,NONE,False,1200.0,0.2905,23,78.25,72.33,0.0,0.0,0.0,0.0,0,38.0
15/9-19 A,1225.0,0,NONE,False,1225.0,0.2965,23,78.25,72.33,0.6001,0.0,0.0,0.6001,1,13.0
15/9-19 A,1250.0,0,NONE,False,1250.0,0.3026,23,78.25,72.33,0.6001,0.0,0.0,0.6001,1,12.0
15/9-19 A,1275.0,0,NONE,False,1275.0,0.3086,23,78.25,72.33,0.5991,0.0,0.0,0.5991,1,5.6
15/9-19 A,1300.0,0,NONE,False,1300.0,0.3147,23,78.25,72.33,1.8565,1.2574,0.0,0.5991,3,13.7
15/9-19 A,1325.0,0,NONE,False,1325.0,0.3207,23,78.25,72.33,1.2574,1.2574,0.0,0.0,2,4.0
15/9-19 A,1350.0,0,NONE,False,1350.0,0.3268,23,78.25,72.33,4.4346,3.7785,0.0,0.6561,7,4.0
15/9-19 A,1375.0,0,NONE,False,1375.0,0.3328,23,78.25,72.33,5.0907,3.7785,0.0,1.3122,8,6.0
15/9-19 A,1400.0,0,NONE,False,1400.0,0.3389,23,78.25,72.33,0.6561,0.0,0.0,0.6561,1,19.0
15/9-19 A,1425.0,0,NONE,False,1425.0,0.345,23,78.25,72.33,0.0,0.0,0.0,0.0,0,35.0
15/9-19 A,1450.0,0,NONE,False,1450.0,0.351,23,78.25,72.33,0.6327,0.6327,0.0,0.0,1,10.0
15/9-19 A,1475.0,0,NONE,False,1475.0,0.3571,23,78.25,72.33,1.2654,0.6327,0.0,0.6327,2,15.0
15/9-19 A,1500.0,0,NONE,False,1500.0,0.3631,23,78.25,72.33,0.6327,0.0,0.0,0.6327,1,7.0
15/9-19 A,1525.0,0,NONE,False,1525.0,0.3692,23,78.25,72.33,0.6384,0.0,0.0,0.6384,1,7.0
15/9-19 A,1550.0,0,NONE,False,1550.0,0.3752,23,78.25,72.33,0.6384,0.0,0.0,0.6384,1,18.0
15/9-19 A,1575.0,0,NONE,False,1575.0,0.3813,23,78.25,72.33,0.0,0.0,0.0,0.0,0,43.0
15/9-19 A,1600.0,0,NONE,False,1600.0,0.3873,23,78.25,72.33,0.0,0.0,0.0,0.0,0,61.0
15/9-19 A,1625.0,0,NONE,False,1625.0,0.3934,23,78.25,72.33,0.0,0.0,0.0,0.0,0,36.0
15/9-19 A,1650.0,0,NONE,False,1650.0,0.3994,23,78.25,72.33,0.635,0.0,0.0,0.635,1,11.0
15/9-19 A,1675.0,0,NONE,False,1675.0,0.4055,23,78.25,72.33,0.635,0.0,0.0,0.635,1,14.0
15/9-19 A,1700.0,0,NONE,False,1700.0,0.4115,23,78.25,72.33,0.0,0.0,0.0,0.0,0,39.0
15/9-19 A,1725.0,0,NONE,False,1725.0,0.4176,23,78.25,72.33,0.0,0.0,0.0,0.0,0,39.0
15/9-19 A,1750.0,0,NONE,False,1750.0,0.4236,23,78.25,72.33,0.6384,0.6384,0.0,0.0,1,14.0
15/9-19 A,1775.0,0,NONE,False,1775.0,0.4297,23,78.25,72.33,0.6384,0.6384,0.0,0.0,1,11.0
15/9-19 A,1800.0,0,NONE,False,1800.0,0.4357,23,78.25,72.33,0.0,0.0,0.0,0.0,0,36.0
15/9-19 A,1825.0,0,NONE,False,1825.0,0.4418,23,78.25,72.33,0.0,0.0,0.0,0.0,0,42.0
15/9-19 A,1850.0,0,NONE,False,1850.0,0.4478,23,78.25,72.33,0.6001,0.6001,0.0,0.0,1,17.0
15/9-19 A,1875.0,0,NONE,False,1875.0,0.4539,23,78.25,72.33,1.2351,0.6001,0.0,0.635,2,2.0
15/9-19 A,1900.0,0,NONE,False,1900.0,0.4599,23,78.25,72.33,0.635,0.0,0.0,0.635,1,23.0
15/9-19 A,1925.0,0,NONE,False,1925.0,0.466,23,78.25,72.33,0.0,0.0,0.0,0.0,0,48.0
15/9-19 A,1950.0,0,NONE,False,1950.0,0.472,23,78.25,72.33,0.0,0.0,0.0,0.0,0,73.0
15/9-19 A,1975.0,0,NONE,False,1975.0,0.4781,23,78.25,72.33,0.0,0.0,0.0,0.0,0,59.0
15/9-19 A,2000.0,0,NONE,False,2000.0,0.4841,23,78.25,72.33,0.0,0.0,0.0,0.0,0,34.0
15/9-19 A,2025.0,0,NONE,False,2025.0,0.4902,23,78.25,72.33,0.6561,0.6561,0.0,0.0,1,9.0
15/9-19 A,2050.0,0,NONE,False,2050.0,0.4962,23,78.25,72.33,0.6561,0.6561,0.0,0.0,1,16.0
15/9-19 A,2075.0,0,NONE,False,2075.0,0.5023,23,78.25,72.33,0.7825,0.7825,0.0,0.0,1,25.0
15/9-19 A,2100.0,0,NONE,False,2100.0,0.5084,23,78.25,72.33,0.7825,0.7825,0.0,0.0,1,0.0
15/9-19 A,2125.0,0,NONE,False,2125.0,0.5144,23,78.25,72.33,0.7825,0.7825,0.0,0.0,1,25.0
15/9-19 A,2150.0,0,NONE,False,2150.0,0.5205,23,78.25,72.33,0.6945,0.6945,0.0,0.0,1,14.0
15/9-19 A,2175.0,1,MULTIPLE,False,2175.0,0.5265,23,78.25,72.33,0.6945,0.6945,0.0,0.0,1,11.0
15/9-19 A,2200.0,1,STUCK_PIPE,False,2200.0,0.5326,23,78.25,72.33,0.6001,0.6001,0.0,0.0,1,13.0
15/9-19 A,2225.0,0,NONE,False,2225.0,0.5386,23,78.25,72.33,1.3826,0.6001,0.0,0.7825,2,6.0
15/9-19 A,2250.0,0,NONE,False,2250.0,0.5447,23,78.25,72.33,1.3826,0.6001,0.0,0.7825,2,2.0
15/9-19 A,2275.0,0,NONE,False,2275.0,0.5507,23,78.25,72.33,0.6001,0.6001,0.0,0.0,1,23.0
15/9-19 A,2300.0,0,NONE,False,2300.0,0.5568,23,78.25,72.33,0.0,0.0,0.0,0.0,0,28.0
15/9-19 A,2325.0,0,NONE,False,2325.0,0.5628,23,78.25,72.33,0.6001,0.0,0.0,0.6001,1,3.0
15/9-19 A,2350.0,0,NONE,False,2350.0,0.5689,23,78.25,72.33,1.2382,0.0,0.0,1.2382,2,12.0
15/9-19 A,2375.0,0,NONE,False,2375.0,0.5749,23,78.25,72.33,0.6381,0.0,0.0,0.6381,1,13.0
15/9-19 A,2400.0,0,NONE,False,2400.0,0.581,23,78.25,72.33,0.7825,0.7825,0.0,0.0,1,10.0
15/9-19 A,2425.0,0,NONE,False,2425.0,0.587,23,78.25,72.33,0.7825,0.7825,0.0,0.0,1,15.0
15/9-19 A,2450.0,0,NONE,False,2450.0,0.5931,23,78.25,72.33,0.0,0.0,0.0,0.0,0,39.2
15/9-19 A,2475.0,0,NONE,False,2475.0,0.5991,23,78.25,72.33,0.6381,0.6381,0.0,0.0,1,14.2
15/9-19 A,2500.0,0,NONE,False,2500.0,0.6052,23,78.25,72.33,1.9081,1.9081,0.0,0.0,3,10.8
15/9-19 A,2525.0,0,NONE,False,2525.0,0.6112,23,78.25,72.33,2.54,2.54,0.0,0.0,4,4.0
15/9-19 A,2550.0,0,NONE,False,2550.0,0.6173,23,78.25,72.33,4.4518,4.4518,0.0,0.0,7,15.0
15/9-19 A,2575.0,0,NONE,False,2575.0,0.6233,23,78.25,72.33,5.0605,4.4212,0.0,0.6393,8,2.5
15/9-19 A,2600.0,0,NONE,False,2600.0,0.6294,23,78.25,72.33,4.3077,3.6684,0.0,0.6393,7,2.0
15/9-19 A,2625.0,0,NONE,False,2625.0,0.6354,23,78.25,72.33,3.0851,3.0851,0.0,0.0,5,9.0
15/9-19 A,2650.0,0,NONE,False,2650.0,0.6415,23,78.25,72.33,4.0803,4.0803,0.0,0.0,6,0.3
15/9-19 A,2675.0,0,NONE,False,2675.0,0.6475,23,78.25,72.33,4.6105,4.6105,0.0,0.0,7,1.0
15/9-19 A,2700.0,0,NONE,False,2700.0,0.6536,23,78.25,72.33,1.1863,1.1863,0.0,0.0,2,22.7
15/9-19 A,2725.0,0,NONE,False,2725.0,0.6596,23,78.25,72.33,0.7825,0.7825,0.0,0.0,1,17.0
15/9-19 A,2750.0,0,NONE,False,2750.0,0.6657,23,78.25,72.33,2.0891,2.0891,0.0,0.0,3,8.0
15/9-19 A,2775.0,0,NONE,False,2775.0,0.6718,23,78.25,72.33,1.9365,1.9365,0.0,0.0,3,0.0
15/9-19 A,2800.0,0,NONE,False,2800.0,0.6778,23,78.25,72.33,1.286,1.286,0.0,0.0,2,18.2
15/9-19 A,2825.0,0,NONE,False,2825.0,0.6839,23,78.25,72.33,2.5508,2.5508,0.0,0.0,4,2.0
15/9-19 A,2850.0,0,NONE,False,2850.0,0.6899,23,78.25,72.33,3.2069,3.2069,0.0,0.0,5,0.0
15/9-19 A,2875.0,0,NONE,False,2875.0,0.696,23,78.25,72.33,4.4807,4.4807,0.0,0.0,7,1.0
15/9-19 A,2900.0,0,NONE,False,2900.0,0.702,23,78.25,72.33,3.2805,3.2805,0.0,0.0,5,15.0
15/9-19 A,2925.0,0,NONE,False,2925.0,0.7081,23,78.25,72.33,2.0891,1.4386,0.0,0.6505,3,2.0
15/9-19 A,2950.0,0,NONE,False,2950.0,0.7141,23,78.25,72.33,1.433,0.7825,0.0,0.6505,2,23.0
15/9-19 A,2975.0,0,NONE,False,2975.0,0.7202,23,78.25,72.33,2.3475,2.3475,0.0,0.0,3,8.0
15/9-19 A,3000.0,0,NONE,False,3000.0,0.7262,23,78.25,72.33,3.13,3.13,0.0,0.0,4,17.0
15/9-19 A,3025.0,0,NONE,False,3025.0,0.7323,23,78.25,72.33,2.9856,2.9856,0.0,0.0,4,0.0
15/9-19 A,3050.0,0,NONE,False,3050.0,0.7383,23,78.25,72.33,6.1156,6.1156,0.0,0.0,8,3.0
15/9-19 A,3075.0,0,NONE,False,3075.0,0.7444,23,78.25,72.33,4.3282,4.3282,0.0,0.0,6,15.0
15/9-19 A,3100.0,0,NONE,False,3100.0,0.7504,23,78.25,72.33,1.1982,1.1982,0.0,0.0,2,10.0
15/9-19 A,3125.0,0,NONE,False,3125.0,0.7565,23,78.25,72.33,0.0,0.0,0.0,0.0,0,35.0
15/9-19 A,3150.0,0,NONE,False,3150.0,0.7625,23,78.25,72.33,0.7825,0.7825,0.0,0.0,1,11.0
15/9-19 A,3175.0,0,NONE,False,3175.0,0.7686,23,78.25,72.33,2.6488,2.6488,0.0,0.0,4,14.0
15/9-19 A,3200.0,0,NONE,False,3200.0,0.7746,23,78.25,72.33,2.5608,2.5608,0.0,0.0,4,6.0
15/9-19 A,3225.0,0,NONE,False,3225.0,0.7807,23,78.25,72.33,2.0771,1.2946,0.0,0.7825,3,18.0
15/9-19 A,3250.0,0,NONE,False,3250.0,0.7867,23,78.25,72.33,2.1651,1.3826,0.0,0.7825,3,2.0
15/9-19 A,3275.0,0,NONE,False,3275.0,0.7928,23,78.25,72.33,1.4112,1.4112,0.0,0.0,2,3.0
15/9-19 A,3300.0,0,NONE,False,3300.0,0.7988,23,78.25,72.33,1.2288,1.2288,0.0,0.0,2,4.0
15/9-19 A,3325.0,0,NONE,False,3325.0,0.8049,23,78.25,72.33,0.6001,0.6001,0.0,0.0,1,6.0
15/9-19 A,3350.0,0,NONE,False,3350.0,0.8109,23,78.25,72.33,0.0,0.0,0.0,0.0,0,31.0
15/9-19 A,3375.0,0,NONE,False,3375.0,0.817,23,78.25,72.33,0.0,0.0,0.0,0.0,0,56.0
15/9-19 A,3400.0,0,NONE,False,3400.0,0.823,23,78.25,72.33,0.0,0.0,0.0,0.0,0,39.0
15/9-19 A,3425.0,0,NONE,False,3425.0,0.8291,23,78.25,72.33,1.2002,1.2002,0.0,0.0,2,14.0
15/9-19 A,3450.0,0,NONE,False,3450.0,0.8351,23,78.25,72.33,1.2002,1.2002,0.0,0.0,2,10.0
15/9-19 A,3475.0,0,NONE,False,3475.0,0.8412,23,78.25,72.33,0.0,0.0,0.0,0.0,0,35.0
15/9-19 A,3500.0,0,NONE,False,3500.0,0.8473,23,78.25,72.33,0.0,0.0,0.0,0.0,0,58.0
15/9-19 A,3525.0,0,NONE,False,3525.0,0.8533,23,78.25,72.33,0.0,0.0,0.0,0.0,0,33.0
15/9-19 A,3550.0,0,NONE,False,3550.0,0.8594,23,78.25,72.33,0.6945,0.0,0.0,0.6945,1,8.0
15/9-19 A,3575.0,0,NONE,False,3575.0,0.8654,23,78.25,72.33,2.0451,1.3506,0.0,0.6945,3,6.0
15/9-19 A,3600.0,0,NONE,False,3600.0,0.8715,23,78.25,72.33,1.3506,1.3506,0.0,0.0,2,19.0
15/9-19 A,3625.0,0,NONE,False,3625.0,0.8775,23,78.25,72.33,0.6561,0.6561,0.0,0.0,1,7.0
15/9-19 A,3650.0,0,NONE,False,3650.0,0.8836,23,78.25,72.33,5.8815,5.2488,0.0,0.6327,9,10.0
15/9-19 A,3675.0,0,NONE,False,3675.0,0.8896,23,78.25,72.33,5.8815,5.2488,0.0,0.6327,9,7.5
15/9-19 A,3700.0,0,NONE,False,3700.0,0.8957,23,78.25,72.33,1.3122,1.3122,0.0,0.0,2,7.2
15/9-19 A,3725.0,0,NONE,False,3725.0,0.9017,23,78.25,72.33,1.9683,1.9683,0.0,0.0,3,9.0
15/9-19 A,3750.0,0,NONE,False,3750.0,0.9078,23,78.25,72.33,1.9448,1.9448,0.0,0.0,3,4.0
15/9-19 A,3775.0,0,NONE,False,3775.0,0.9138,23,78.25,72.33,2.5718,2.5718,0.0,0.0,4,7.0
15/9-19 A,3800.0,0,NONE,False,3800.0,0.9199,23,78.25,72.33,2.6337,1.9392,0.0,0.6945,4,6.0
15/9-19 A,3825.0,0,NONE,False,3825.0,0.9259,23,78.25,72.33,1.3506,0.6561,0.0,0.6945,2,1.0
15/9-19 A,3850.0,0,NONE,False,3850.0,0.932,23,78.25,72.33,1.9343,1.2782,0.0,0.6561,3,6.0
15/9-19 A,3875.0,0,NONE,False,3875.0,0.938,23,78.25,72.33,1.2782,0.6221,0.0,0.6561,2,7.3
15/9-19 A,3900.0,0,NONE,False,3900.0,0.9441,23,78.25,72.33,0.0,0.0,0.0,0.0,0,32.3
15/9-19 A,3925.0,0,NONE,False,3925.0,0.9501,23,78.25,72.33,0.0,0.0,0.0,0.0,0,57.3
15/9-19 A,3950.0,0,NONE,False,3950.0,0.9562,23,78.25,72.33,0.0,0.0,0.0,0.0,0,75.0
15/9-19 A,3975.0,0,NONE,False,3975.0,0.9622,23,78.25,72.33,0.0,0.0,0.0,0.0,0,50.0
15/9-19 A,4000.0,0,NONE,False,4000.0,0.9683,23,78.25,72.33,0.6945,0.0,0.0,0.6945,1,25.0
15/9-19 A,4025.0,1,MUD_LOSS,False,4025.0,0.9743,23,78.25,72.33,2.0451,0.6561,0.0,1.389,3,0.0
15/9-19 A,4050.0,0,NONE,False,4050.0,0.9804,23,78.25,72.33,4.0134,2.6244,0.0,1.389,6,0.0
15/9-19 A,4075.0,0,NONE,False,4075.0,0.9864,23,78.25,72.33,6.6422,4.5587,0.0,2.0835,10,8.0
15/9-19 A,4100.0,1,STUCK_PIPE,False,4100.0,0.9925,23,78.25,72.33,4.0178,1.9343,0.0,2.0835,6,5.0
15/9-19 A,4125.0,0,NONE,False,4125.0,0.9985,23,78.25,72.33,0.6945,0.0,0.0,0.6945,1,5.0
15/9-19 B,50.0,0,NONE,False,50.0,0.0153,23,78.25,68.11,3.5509,0.5741,0.0,2.9768,6,0.0
15/9-19 B,75.0,0,NONE,False,75.0,0.0229,23,78.25,68.11,3.5027,1.7223,0.0,1.7804,6,5.0
15/9-19 B,100.0,0,NONE,False,100.0,0.0306,23,78.25,68.11,2.906,2.906,0.0,0.0,5,2.0
15/9-19 B,125.0,0,NONE,False,125.0,0.0382,23,78.25,68.11,5.3457,5.3457,0.0,0.0,9,0.6
15/9-19 B,150.0,0,NONE,False,150.0,0.0458,23,78.25,68.11,5.3584,5.3584,0.0,0.0,9,0.1
15/9-19 B,175.0,0,NONE,False,175.0,0.0535,23,78.25,68.11,2.3856,1.7638,0.0,0.6218,4,3.0
15/9-19 B,200.0,0,NONE,False,200.0,0.0611,23,78.25,68.11,2.3374,1.7156,0.0,0.6218,4,18.0
15/9-19 B,225.0,0,NONE,False,225.0,0.0688,23,78.25,68.11,4.1146,4.1146,0.0,0.0,7,7.0
15/9-19 B,250.0,0,NONE,False,250.0,0.0764,23,78.25,68.11,4.21,4.21,0.0,0.0,7,1.0
15/9-19 B,275.0,0,NONE,False,275.0,0.084,23,78.25,68.11,3.1282,3.1282,0.0,0.0,5,11.6
15/9-19 B,300.0,0,NONE,False,300.0,0.0917,23,78.25,68.11,2.4828,1.8846,0.5982,0.0,4,7.0
15/9-19 B,325.0,0,NONE,False,325.0,0.0993,23,78.25,68.11,0.5982,0.0,0.5982,0.0,1,15.0
15/9-19 B,350.0,0,NONE,False,350.0,0.107,23,78.25,68.11,0.0,0.0,0.0,0.0,0,40.0
15/9-19 B,375.0,0,NONE,False,375.0,0.1146,23,78.25,68.11,0.0,0.0,0.0,0.0,0,65.0
15/9-19 B,400.0,0,NONE,False,400.0,0.1222,23,78.25,68.11,0.0,0.0,0.0,0.0,0,90.0
15/9-19 B,425.0,0,NONE,False,425.0,0.1299,23,78.25,68.11,0.0,0.0,0.0,0.0,0,115.0
15/9-19 B,450.0,0,NONE,False,450.0,0.1375,23,78.25,68.11,0.0,0.0,0.0,0.0,0,128.0
15/9-19 B,475.0,0,NONE,False,475.0,0.1452,23,78.25,68.11,0.0,0.0,0.0,0.0,0,103.0
15/9-19 B,500.0,0,NONE,False,500.0,0.1528,23,78.25,68.11,0.0,0.0,0.0,0.0,0,78.0
15/9-19 B,525.0,0,NONE,False,525.0,0.1605,23,78.25,68.11,0.0,0.0,0.0,0.0,0,53.0
15/9-19 B,550.0,0,NONE,False,550.0,0.1681,23,78.25,68.11,0.0,0.0,0.0,0.0,0,28.0
15/9-19 B,575.0,0,NONE,False,575.0,0.1757,23,78.25,68.11,0.6218,0.6218,0.0,0.0,1,3.0
15/9-19 B,600.0,0,NONE,False,600.0,0.1834,23,78.25,68.11,1.22,1.22,0.0,0.0,2,10.0
15/9-19 B,625.0,0,NONE,False,625.0,0.191,23,78.25,68.11,1.1728,0.5982,0.0,0.5746,2,12.0
15/9-19 B,650.0,0,NONE,False,650.0,0.1987,23,78.25,68.11,0.5746,0.0,0.0,0.5746,1,13.0
15/9-19 B,675.0,0,NONE,False,675.0,0.2063,23,78.25,68.11,0.6218,0.6218,0.0,0.0,1,10.0
15/9-19 B,700.0,0,NONE,False,700.0,0.2139,23,78.25,68.11,0.6218,0.6218,0.0,0.0,1,15.0
15/9-19 B,725.0,0,NONE,False,725.0,0.2216,23,78.25,68.11,0.0,0.0,0.0,0.0,0,29.3
15/9-19 B,750.0,0,NONE,False,750.0,0.2292,23,78.25,68.11,0.5982,0.5982,0.0,0.0,1,4.3
15/9-19 B,775.0,0,NONE,False,775.0,0.2369,23,78.25,68.11,1.0041,0.5982,0.0,0.4059,2,18.1
15/9-19 B,800.0,0,NONE,False,800.0,0.2445,23,78.25,68.11,0.4059,0.0,0.0,0.4059,1,6.9
15/9-19 B,825.0,0,NONE,False,825.0,0.2521,23,78.25,68.11,3.2296,3.2296,0.0,0.0,7,4.0
15/9-19 B,850.0,0,NONE,False,850.0,0.2598,23,78.25,68.11,4.3914,4.3914,0.0,0.0,9,2.0
15/9-19 B,875.0,0,NONE,False,875.0,0.2674,23,78.25,68.11,5.1459,5.1459,0.0,0.0,9,3.0
15/9-19 B,900.0,0,NONE,False,900.0,0.2751,23,78.25,68.11,5.1805,5.1805,0.0,0.0,9,0.0
15/9-19 B,925.0,0,NONE,False,925.0,0.2827,23,78.25,68.11,3.8649,3.8649,0.0,0.0,7,5.0
15/9-19 B,950.0,0,NONE,False,950.0,0.2903,23,78.25,68.11,1.4721,1.4721,0.0,0.0,3,20.0
15/9-19 B,975.0,0,NONE,False,975.0,0.298,23,78.25,68.11,0.6218,0.6218,0.0,0.0,1,25.0
15/9-19 B,1000.0,0,NONE,False,1000.0,0.3056,23,78.25,68.11,0.6218,0.6218,0.0,0.0,1,0.0
15/9-19 B,1025.0,0,NONE,False,1025.0,0.3133,23,78.25,68.11,5.1237,5.1237,0.0,0.0,12,25.0
15/9-19 B,1050.0,0,NONE,False,1050.0,0.3209,23,78.25,68.11,4.5019,4.5019,0.0,0.0,11,0.0
15/9-19 B,1075.0,0,NONE,False,1075.0,0.3285,23,78.25,68.11,4.5019,4.5019,0.0,0.0,11,25.0
15/9-19 B,1100.0,0,NONE,False,1100.0,0.3362,23,78.25,68.11,0.4907,0.4907,0.0,0.0,1,20.0
15/9-19 B,1125.0,0,NONE,False,1125.0,0.3438,23,78.25,68.11,0.4907,0.4907,0.0,0.0,1,5.0
15/9-19 B,1150.0,0,NONE,False,1150.0,0.3515,23,78.25,68.11,0.0,0.0,0.0,0.0,0,30.0
15/9-19 B,1175.0,0,NONE,False,1175.0,0.3591,23,78.25,68.11,0.0,0.0,0.0,0.0,0,55.0
15/9-19 B,1200.0,0,NONE,False,1200.0,0.3667,23,78.25,68.11,0.0,0.0,0.0,0.0,0,38.0
15/9-19 B,1225.0,0,NONE,False,1225.0,0.3744,23,78.25,68.11,0.5674,0.0,0.0,0.5674,1,13.0
15/9-19 B,1250.0,0,NONE,False,1250.0,0.382,23,78.25,68.11,0.5674,0.0,0.0,0.5674,1,12.0
15/9-19 B,1275.0,0,NONE,False,1275.0,0.3897,23,78.25,68.11,0.5746,0.0,0.0,0.5746,1,5.6
15/9-19 B,1300.0,0,NONE,False,1300.0,0.3973,23,78.25,68.11,1.7228,1.1482,0.0,0.5746,3,13.7
15/9-19 B,1325.0,0,NONE,False,1325.0,0.405,23,78.25,68.11,1.1482,1.1482,0.0,0.0,2,4.0
15/9-19 B,1350.0,0,NONE,False,1350.0,0.4126,23,78.25,68.11,4.2422,3.6374,0.0,0.6048,7,4.0
15/9-19 B,1375.0,0,NONE,False,1375.0,0.4202,23,78.25,68.11,4.847,3.6374,0.0,1.2096,8,6.0
15/9-19 B,1400.0,0,NONE,False,1400.0,0.4279,23,78.25,68.11,0.6048,0.0,0.0,0.6048,1,19.0
15/9-19 B,1425.0,0,NONE,False,1425.0,0.4355,23,78.25,68.11,0.0,0.0,0.0,0.0,0,35.0
15/9-19 B,1450.0,0,NONE,False,1450.0,0.4432,23,78.25,68.11,0.6786,0.6786,0.0,0.0,1,10.0
15/9-19 B,1475.0,0,NONE,False,1475.0,0.4508,23,78.25,68.11,1.3572,0.6786,0.0,0.6786,2,15.0
15/9-19 B,1500.0,0,NONE,False,1500.0,0.4584,23,78.25,68.11,0.6786,0.0,0.0,0.6786,1,7.0
15/9-19 B,1525.0,0,NONE,False,1525.0,0.4661,23,78.25,68.11,0.5828,0.0,0.0,0.5828,1,7.0
15/9-19 B,1550.0,0,NONE,False,1550.0,0.4737,23,78.25,68.11,0.5828,0.0,0.0,0.5828,1,18.0
15/9-19 B,1575.0,0,NONE,False,1575.0,0.4814,23,78.25,68.11,0.0,0.0,0.0,0.0,0,43.0
15/9-19 B,1600.0,0,NONE,False,1600.0,0.489,23,78.25,68.11,0.0,0.0,0.0,0.0,0,61.0
15/9-19 B,1625.0,0,NONE,False,1625.0,0.4966,23,78.25,68.11,0.0,0.0,0.0,0.0,0,36.0
15/9-19 B,1650.0,0,NONE,False,1650.0,0.5043,23,78.25,68.11,0.6218,0.0,0.0,0.6218,1,11.0
15/9-19 B,1675.0,0,NONE,False,1675.0,0.5119,23,78.25,68.11,0.6218,0.0,0.0,0.6218,1,14.0
15/9-19 B,1700.0,0,NONE,False,1700.0,0.5196,23,78.25,68.11,0.0,0.0,0.0,0.0,0,39.0
15/9-19 B,1725.0,0,NONE,False,1725.0,0.5272,23,78.25,68.11,0.0,0.0,0.0,0.0,0,39.0
15/9-19 B,1750.0,0,NONE,False,1750.0,0.5348,23,78.25,68.11,0.5828,0.5828,0.0,0.0,1,14.0
15/9-19 B,1775.0,0,NONE,False,1775.0,0.5425,23,78.25,68.11,0.5828,0.5828,0.0,0.0,1,11.0
15/9-19 B,1800.0,0,NONE,False,1800.0,0.5501,23,78.25,68.11,0.0,0.0,0.0,0.0,0,36.0
15/9-19 B,1825.0,0,NONE,False,1825.0,0.5578,23,78.25,68.11,0.0,0.0,0.0,0.0,0,42.0
15/9-19 B,1850.0,0,NONE,False,1850.0,0.5654,23,78.25,68.11,0.5674,0.5674,0.0,0.0,1,17.0
15/9-19 B,1875.0,0,NONE,False,1875.0,0.573,23,78.25,68.11,1.1892,0.5674,0.0,0.6218,2,2.0
15/9-19 B,1900.0,0,NONE,False,1900.0,0.5807,23,78.25,68.11,0.6218,0.0,0.0,0.6218,1,23.0
15/9-19 B,1925.0,0,NONE,False,1925.0,0.5883,23,78.25,68.11,0.0,0.0,0.0,0.0,0,48.0
15/9-19 B,1950.0,0,NONE,False,1950.0,0.596,23,78.25,68.11,0.0,0.0,0.0,0.0,0,73.0
15/9-19 B,1975.0,0,NONE,False,1975.0,0.6036,23,78.25,68.11,0.0,0.0,0.0,0.0,0,59.0
15/9-19 B,2000.0,0,NONE,False,2000.0,0.6112,23,78.25,68.11,0.0,0.0,0.0,0.0,0,34.0
15/9-19 B,2025.0,0,NONE,False,2025.0,0.6189,23,78.25,68.11,0.6048,0.6048,0.0,0.0,1,9.0
15/9-19 B,2050.0,0,NONE,False,2050.0,0.6265,23,78.25,68.11,0.6048,0.6048,0.0,0.0,1,16.0
15/9-19 B,2075.0,0,NONE,False,2075.0,0.6342,23,78.25,68.11,0.0,0.0,0.0,0.0,0,41.0
15/9-19 B,2100.0,1,MUD_LOSS,False,2100.0,0.6418,23,78.25,68.11,0.0,0.0,0.0,0.0,0,64.0
15/9-19 B,2125.0,0,NONE,False,2125.0,0.6494,23,78.25,68.11,0.0,0.0,0.0,0.0,0,39.0
15/9-19 B,2150.0,0,NONE,False,2150.0,0.6571,23,78.25,68.11,0.6282,0.6282,0.0,0.0,1,14.0
15/9-19 B,2175.0,0,NONE,False,2175.0,0.6647,23,78.25,68.11,2.1932,1.4107,0.0,0.7825,3,11.0
15/9-19 B,2200.0,0,NONE,False,2200.0,0.6724,23,78.25,68.11,2.9149,1.3499,0.0,1.565,4,1.0
15/9-19 B,2225.0,1,STUCK_PIPE,False,2225.0,0.68,23,78.25,68.11,1.3499,0.5674,0.0,0.7825,2,12.0
15/9-19 B,2250.0,0,NONE,False,2250.0,0.6877,23,78.25,68.11,0.5674,0.5674,0.0,0.0,1,2.0
15/9-19 B,2275.0,0,NONE,False,2275.0,0.6953,23,78.25,68.11,0.5674,0.5674,0.0,0.0,1,23.0
15/9-19 B,2300.0,0,NONE,False,2300.0,0.7029,23,78.25,68.11,0.0,0.0,0.0,0.0,0,28.0
15/9-19 B,2325.0,0,NONE,False,2325.0,0.7106,23,78.25,68.11,0.5674,0.0,0.0,0.5674,1,3.0
15/9-19 B,2350.0,0,NONE,False,2350.0,0.7182,23,78.25,68.11,1.1529,0.0,0.0,1.1529,2,12.0
15/9-19 B,2375.0,0,NONE,False,2375.0,0.7259,23,78.25,68.11,0.5855,0.0,0.0,0.5855,1,13.0
15/9-19 B,2400.0,1,MUD_LOSS,False,2400.0,0.7335,23,78.25,68.11,0.0,0.0,0.0,0.0,0,38.0
15/9-19 B,2425.0,0,NONE,False,2425.0,0.7411,23,78.25,68.11,0.0,0.0,0.0,0.0,0,63.0
15/9-19 B,2450.0,0,NONE,False,2450.0,0.7488,23,78.25,68.11,0.0,0.0,0.0,0.0,0,39.2
15/9-19 B,2475.0,0,NONE,False,2475.0,0.7564,23,78.25,68.11,0.5855,0.5855,0.0,0.0,1,14.2
15/9-19 B,2500.0,0,NONE,False,2500.0,0.7641,23,78.25,68.11,1.8291,1.8291,0.0,0.0,3,10.8
15/9-19 B,2525.0,0,NONE,False,2525.0,0.7717,23,78.25,68.11,2.4872,2.4872,0.0,0.0,4,4.0
15/9-19 B,2550.0,0,NONE,False,2550.0,0.7793,23,78.25,68.11,4.2746,4.2746,0.0,0.0,7,15.0
15/9-19 B,2575.0,0,NONE,False,2575.0,0.787,23,78.25,68.11,4.7974,4.1979,0.0,0.5995,8,2.5
15/9-19 B,2600.0,0,NONE,False,2600.0,0.7946,23,78.25,68.11,4.0427,3.4432,0.0,0.5995,7,2.0
15/9-19 B,2625.0,0,NONE,False,2625.0,0.8023,23,78.25,68.11,2.8811,2.8811,0.0,0.0,5,9.0
15/9-19 B,2650.0,1,MUD_LOSS,False,2650.0,0.8099,23,78.25,68.11,3.0644,3.0644,0.0,0.0,5,0.3
15/9-19 B,2675.0,0,NONE,False,2675.0,0.8175,23,78.25,68.11,3.6218,3.6218,0.0,0.0,6,1.0
15/9-19 B,2700.0,0,NONE,False,2700.0,0.8252,23,78.25,68.11,1.1622,1.1622,0.0,0.0,2,22.7
15/9-19 B,2725.0,1,MUD_LOSS,False,2725.0,0.8328,23,78.25,68.11,0.0,0.0,0.0,0.0,0,45.0
15/9-19 B,2750.0,0,NONE,False,2750.0,0.8405,23,78.25,68.11,1.2129,1.2129,0.0,0.0,2,20.0
15/9-19 B,2775.0,0,NONE,False,2775.0,0.8481,23,78.25,68.11,1.8111,1.8111,0.0,0.0,3,0.0
15/9-19 B,2800.0,0,NONE,False,2800.0,0.8557,23,78.25,68.11,1.203,1.203,0.0,0.0,2,18.2
15/9-19 B,2825.0,0,NONE,False,2825.0,0.8634,23,78.25,68.11,2.3678,2.3678,0.0,0.0,4,2.0
15/9-19 B,2850.0,0,NONE,False,2850.0,0.871,23,78.25,68.11,2.9726,2.9726,0.0,0.0,5,0.0
15/9-19 B,2875.0,0,NONE,False,2875.0,0.8787,23,78.25,68.11,4.1588,4.1588,0.0,0.0,7,1.0
15/9-19 B,2900.0,0,NONE,False,2900.0,0.8863,23,78.25,68.11,3.024,3.024,0.0,0.0,5,15.0
15/9-19 B,2925.0,1,MUD_LOSS,False,2925.0,0.8939,23,78.25,68.11,1.2129,0.6048,0.0,0.6081,2,2.0
15/9-19 B,2950.0,0,NONE,False,2950.0,0.9016,23,78.25,68.11,0.6081,0.0,0.0,0.6081,1,23.0
15/9-19 B,2975.0,1,MUD_LOSS,False,2975.0,0.9092,23,78.25,68.11,0.0,0.0,0.0,0.0,0,48.0
15/9-19 B,3000.0,0,NONE,False,3000.0,0.9169,23,78.25,68.11,0.0,0.0,0.0,0.0,0,47.0
15/9-19 B,3025.0,1,MUD_LOSS,False,3025.0,0.9245,23,78.25,68.11,0.5855,0.5855,0.0,0.0,1,22.0
15/9-19 B,3050.0,1,MUD_LOSS,False,3050.0,0.9322,23,78.25,68.11,0.5855,0.5855,0.0,0.0,1,3.0
15/9-19 B,3075.0,0,NONE,False,3075.0,0.9398,23,78.25,68.11,1.1492,1.1492,0.0,0.0,2,15.0
15/9-19 B,3100.0,0,NONE,False,3100.0,0.9474,23,78.25,68.11,1.1492,1.1492,0.0,0.0,2,10.0
15/9-19 B,3125.0,0,NONE,False,3125.0,0.9551,23,78.25,68.11,0.0,0.0,0.0,0.0,0,35.0
15/9-19 B,3150.0,1,MUD_LOSS,False,3150.0,0.9627,23,78.25,68.11,0.0,0.0,0.0,0.0,0,42.0
15/9-19 B,3175.0,0,NONE,False,3175.0,0.9704,23,78.25,68.11,1.6908,1.6908,0.0,0.0,3,17.0
15/9-19 B,3200.0,0,NONE,False,3200.0,0.978,23,78.25,68.11,2.319,2.319,0.0,0.0,4,6.0
15/9-19 B,3225.0,1,STUCK_PIPE,False,3225.0,0.9856,23,78.25,68.11,1.1956,1.1956,0.0,0.0,2,18.0
15/9-19 B,3250.0,1,MUD_LOSS,False,3250.0,0.9933,23,78.25,68.11,0.5674,0.5674,0.0,0.0,1,7.0
15/9-19 BT2,50.0,0,NONE,False,50.0,0.0118,23,69.45,66.36,3.7786,0.6296,0.0,3.149,6,0.0
15/9-19 BT2,75.0,0,NONE,False,75.0,0.0176,23,69.45,66.36,3.7884,1.8888,0.0,1.8996,6,5.0
15/9-19 BT2,100.0,0,NONE,False,100.0,0.0235,23,69.45,66.36,3.1461,3.1461,0.0,0.0,5,2.0
15/9-19 BT2,125.0,0,NONE,False,125.0,0.0294,23,69.45,66.36,5.646,5.646,0.0,0.0,9,0.6
15/9-19 BT2,150.0,0,NONE,False,150.0,0.0353,23,69.45,66.36,5.6381,5.6381,0.0,0.0,9,0.1
15/9-19 BT2,175.0,0,NONE,False,175.0,0.0412,23,69.45,66.36,2.4803,1.8502,0.0,0.6301,4,3.0
15/9-19 BT2,200.0,0,NONE,False,200.0,0.0471,23,69.45,66.36,2.4901,1.86,0.0,0.6301,4,18.0
15/9-19 BT2,225.0,0,NONE,False,225.0,0.0529,23,69.45,66.36,4.3979,4.3979,0.0,0.0,7,7.0
15/9-19 BT2,250.0,0,NONE,False,250.0,0.0588,23,69.45,66.36,4.3989,4.3989,0.0,0.0,7,1.0
15/9-19 BT2,275.0,1,MUD_LOSS,True,275.0,0.0647,23,69.45,66.36,1.2602,1.2602,0.0,0.0,2,24.0
15/9-19 BT2,300.0,0,NONE,False,300.0,0.0706,23,69.45,66.36,0.6247,0.0,0.6247,0.0,1,10.0
15/9-19 BT2,325.0,0,NONE,False,325.0,0.0765,23,69.45,66.36,0.6247,0.0,0.6247,0.0,1,15.0
15/9-19 BT2,350.0,0,NONE,False,350.0,0.0824,23,69.45,66.36,0.0,0.0,0.0,0.0,0,40.0
15/9-19 BT2,375.0,0,NONE,False,375.0,0.0882,23,69.45,66.36,0.0,0.0,0.0,0.0,0,65.0
15/9-19 BT2,400.0,0,NONE,False,400.0,0.0941,23,69.45,66.36,0.0,0.0,0.0,0.0,0,90.0
15/9-19 BT2,425.0,0,NONE,False,425.0,0.1,23,69.45,66.36,0.0,0.0,0.0,0.0,0,115.0
15/9-19 BT2,450.0,0,NONE,False,450.0,0.1059,23,69.45,66.36,0.0,0.0,0.0,0.0,0,128.0
15/9-19 BT2,475.0,0,NONE,False,475.0,0.1118,23,69.45,66.36,0.0,0.0,0.0,0.0,0,103.0
15/9-19 BT2,500.0,0,NONE,False,500.0,0.1176,23,69.45,66.36,0.0,0.0,0.0,0.0,0,78.0
15/9-19 BT2,525.0,0,NONE,False,525.0,0.1235,23,69.45,66.36,0.0,0.0,0.0,0.0,0,53.0
15/9-19 BT2,550.0,0,NONE,False,550.0,0.1294,23,69.45,66.36,0.0,0.0,0.0,0.0,0,28.0
15/9-19 BT2,575.0,0,NONE,False,575.0,0.1353,23,69.45,66.36,0.6301,0.6301,0.0,0.0,1,3.0
15/9-19 BT2,600.0,0,NONE,False,600.0,0.1412,23,69.45,66.36,1.2548,1.2548,0.0,0.0,2,10.0
15/9-19 BT2,625.0,0,NONE,False,625.0,0.1471,23,69.45,66.36,1.2188,0.6247,0.0,0.5941,2,12.0
15/9-19 BT2,650.0,0,NONE,False,650.0,0.1529,23,69.45,66.36,0.5941,0.0,0.0,0.5941,1,13.0
15/9-19 BT2,675.0,0,NONE,False,675.0,0.1588,23,69.45,66.36,0.6301,0.6301,0.0,0.0,1,10.0
15/9-19 BT2,700.0,0,NONE,False,700.0,0.1647,23,69.45,66.36,0.6301,0.6301,0.0,0.0,1,15.0
15/9-19 BT2,725.0,0,NONE,False,725.0,0.1706,23,69.45,66.36,0.0,0.0,0.0,0.0,0,29.3
15/9-19 BT2,750.0,0,NONE,False,750.0,0.1765,23,69.45,66.36,0.6247,0.6247,0.0,0.0,1,4.3
15/9-19 BT2,775.0,0,NONE,False,775.0,0.1824,23,69.45,66.36,1.0025,0.6247,0.0,0.3778,2,18.1
15/9-19 BT2,800.0,0,NONE,False,800.0,0.1882,23,69.45,66.36,0.3778,0.0,0.0,0.3778,1,6.9
15/9-19 BT2,825.0,0,NONE,False,825.0,0.1941,23,69.45,66.36,3.1421,3.1421,0.0,0.0,7,4.0
15/9-19 BT2,850.0,0,NONE,False,850.0,0.2,23,69.45,66.36,4.3897,4.3897,0.0,0.0,9,2.0
15/9-19 BT2,875.0,0,NONE,False,875.0,0.2059,23,69.45,66.36,5.3772,5.3772,0.0,0.0,9,3.0
15/9-19 BT2,900.0,0,NONE,False,900.0,0.2118,23,69.45,66.36,5.379,5.379,0.0,0.0,9,0.0
15/9-19 BT2,925.0,0,NONE,False,925.0,0.2176,23,69.45,66.36,3.8869,3.8869,0.0,0.0,7,5.0
15/9-19 BT2,950.0,0,NONE,False,950.0,0.2235,23,69.45,66.36,1.3881,1.3881,0.0,0.0,3,20.0
15/9-19 BT2,975.0,0,NONE,False,975.0,0.2294,23,69.45,66.36,0.6301,0.6301,0.0,0.0,1,25.0
15/9-19 BT2,1000.0,0,NONE,False,1000.0,0.2353,23,69.45,66.36,0.6301,0.6301,0.0,0.0,1,0.0
15/9-19 BT2,1025.0,0,NONE,False,1025.0,0.2412,23,69.45,66.36,4.8229,4.8229,0.0,0.0,12,25.0
15/9-19 BT2,1050.0,0,NONE,False,1050.0,0.2471,23,69.45,66.36,4.1928,4.1928,0.0,0.0,11,0.0
15/9-19 BT2,1075.0,0,NONE,False,1075.0,0.2529,23,69.45,66.36,4.1928,4.1928,0.0,0.0,11,25.0
15/9-19 BT2,1100.0,0,NONE,False,1100.0,0.2588,23,69.45,66.36,0.4627,0.4627,0.0,0.0,1,20.0
15/9-19 BT2,1125.0,0,NONE,False,1125.0,0.2647,23,69.45,66.36,0.4627,0.4627,0.0,0.0,1,5.0
15/9-19 BT2,1150.0,0,NONE,False,1150.0,0.2706,23,69.45,66.36,0.0,0.0,0.0,0.0,0,30.0
15/9-19 BT2,1175.0,0,NONE,False,1175.0,0.2765,23,69.45,66.36,0.0,0.0,0.0,0.0,0,55.0
15/9-19 BT2,1200.0,0,NONE,False,1200.0,0.2824,23,69.45,66.36,0.0,0.0,0.0,0.0,0,38.0
15/9-19 BT2,1225.0,0,NONE,False,1225.0,0.2882,23,69.45,66.36,0.6008,0.0,0.0,0.6008,1,13.0
15/9-19 BT2,1250.0,0,NONE,False,1250.0,0.2941,23,69.45,66.36,0.6008,0.0,0.0,0.6008,1,12.0
15/9-19 BT2,1275.0,0,NONE,False,1275.0,0.3,23,69.45,66.36,0.5941,0.0,0.0,0.5941,1,5.6
15/9-19 BT2,1300.0,0,NONE,False,1300.0,0.3059,23,69.45,66.36,1.8533,1.2592,0.0,0.5941,3,13.7
15/9-19 BT2,1325.0,0,NONE,False,1325.0,0.3118,23,69.45,66.36,1.2592,1.2592,0.0,0.0,2,4.0
15/9-19 BT2,1350.0,0,NONE,False,1350.0,0.3176,23,69.45,66.36,4.4048,3.7541,0.0,0.6507,7,4.0
15/9-19 BT2,1375.0,0,NONE,False,1375.0,0.3235,23,69.45,66.36,5.0555,3.7541,0.0,1.3014,8,6.0
15/9-19 BT2,1400.0,0,NONE,False,1400.0,0.3294,23,69.45,66.36,0.6507,0.0,0.0,0.6507,1,19.0
15/9-19 BT2,1425.0,0,NONE,False,1425.0,0.3353,23,69.45,66.36,0.0,0.0,0.0,0.0,0,35.0
15/9-19 BT2,1450.0,0,NONE,False,1450.0,0.3412,23,69.45,66.36,0.6282,0.6282,0.0,0.0,1,10.0
15/9-19 BT2,1475.0,0,NONE,False,1475.0,0.3471,23,69.45,66.36,1.2564,0.6282,0.0,0.6282,2,15.0
15/9-19 BT2,1500.0,0,NONE,False,1500.0,0.3529,23,69.45,66.36,0.6282,0.0,0.0,0.6282,1,7.0
15/9-19 BT2,1525.0,0,NONE,False,1525.0,0.3588,23,69.45,66.36,0.6329,0.0,0.0,0.6329,1,7.0
15/9-19 BT2,1550.0,0,NONE,False,1550.0,0.3647,23,69.45,66.36,0.6329,0.0,0.0,0.6329,1,18.0
15/9-19 BT2,1575.0,0,NONE,False,1575.0,0.3706,23,69.45,66.36,0.0,0.0,0.0,0.0,0,43.0
15/9-19 BT2,1600.0,0,NONE,False,1600.0,0.3765,23,69.45,66.36,0.0,0.0,0.0,0.0,0,61.0
15/9-19 BT2,1625.0,0,NONE,False,1625.0,0.3824,23,69.45,66.36,0.0,0.0,0.0,0.0,0,36.0
15/9-19 BT2,1650.0,0,NONE,False,1650.0,0.3882,23,69.45,66.36,0.6301,0.0,0.0,0.6301,1,11.0
15/9-19 BT2,1675.0,0,NONE,False,1675.0,0.3941,23,69.45,66.36,0.6301,0.0,0.0,0.6301,1,14.0
15/9-19 BT2,1700.0,0,NONE,False,1700.0,0.4,23,69.45,66.36,0.0,0.0,0.0,0.0,0,39.0
15/9-19 BT2,1725.0,0,NONE,False,1725.0,0.4059,23,69.45,66.36,0.0,0.0,0.0,0.0,0,39.0
15/9-19 BT2,1750.0,0,NONE,False,1750.0,0.4118,23,69.45,66.36,0.6329,0.6329,0.0,0.0,1,14.0
15/9-19 BT2,1775.0,0,NONE,False,1775.0,0.4176,23,69.45,66.36,0.6329,0.6329,0.0,0.0,1,11.0
15/9-19 BT2,1800.0,0,NONE,False,1800.0,0.4235,23,69.45,66.36,0.0,0.0,0.0,0.0,0,36.0
15/9-19 BT2,1825.0,0,NONE,False,1825.0,0.4294,23,69.45,66.36,0.0,0.0,0.0,0.0,0,42.0
15/9-19 BT2,1850.0,0,NONE,False,1850.0,0.4353,23,69.45,66.36,0.6008,0.6008,0.0,0.0,1,17.0
15/9-19 BT2,1875.0,0,NONE,False,1875.0,0.4412,23,69.45,66.36,1.2309,0.6008,0.0,0.6301,2,2.0
15/9-19 BT2,1900.0,0,NONE,False,1900.0,0.4471,23,69.45,66.36,0.6301,0.0,0.0,0.6301,1,23.0
15/9-19 BT2,1925.0,0,NONE,False,1925.0,0.4529,23,69.45,66.36,0.0,0.0,0.0,0.0,0,48.0
15/9-19 BT2,1950.0,0,NONE,False,1950.0,0.4588,23,69.45,66.36,0.0,0.0,0.0,0.0,0,73.0
15/9-19 BT2,1975.0,0,NONE,False,1975.0,0.4647,23,69.45,66.36,0.0,0.0,0.0,0.0,0,59.0
15/9-19 BT2,2000.0,0,NONE,False,2000.0,0.4706,23,69.45,66.36,0.0,0.0,0.0,0.0,0,34.0
15/9-19 BT2,2025.0,0,NONE,False,2025.0,0.4765,23,69.45,66.36,0.6507,0.6507,0.0,0.0,1,9.0
15/9-19 BT2,2050.0,0,NONE,False,2050.0,0.4824,23,69.45,66.36,0.6507,0.6507,0.0,0.0,1,16.0
15/9-19 BT2,2075.0,0,NONE,False,2075.0,0.4882,23,69.45,66.36,0.6282,0.6282,0.0,0.0,1,25.0
15/9-19 BT2,2100.0,0,NONE,False,2100.0,0.4941,23,69.45,66.36,0.6282,0.6282,0.0,0.0,1,0.0
15/9-19 BT2,2125.0,0,NONE,False,2125.0,0.5,23,69.45,66.36,0.6282,0.6282,0.0,0.0,1,25.0
15/9-19 BT2,2150.0,1,MUD_LOSS,False,2150.0,0.5059,23,69.45,66.36,0.0,0.0,0.0,0.0,0,40.0
15/9-19 BT2,2175.0,0,NONE,False,2175.0,0.5118,23,69.45,66.36,1.389,0.6945,0.0,0.6945,2,15.0
15/9-19 BT2,2200.0,0,NONE,False,2200.0,0.5176,23,69.45,66.36,2.6843,1.2953,0.0,1.389,4,1.0
15/9-19 BT2,2225.0,0,NONE,False,2225.0,0.5235,23,69.45,66.36,1.9235,0.6008,0.0,1.3227,3,6.0
15/9-19 BT2,2250.0,0,NONE,False,2250.0,0.5294,23,69.45,66.36,1.229,0.6008,0.0,0.6282,2,2.0
15/9-19 BT2,2275.0,0,NONE,False,2275.0,0.5353,23,69.45,66.36,0.6008,0.6008,0.0,0.0,1,23.0
15/9-19 BT2,2300.0,0,NONE,False,2300.0,0.5412,23,69.45,66.36,0.0,0.0,0.0,0.0,0,28.0
15/9-19 BT2,2325.0,0,NONE,False,2325.0,0.5471,23,69.45,66.36,0.6008,0.0,0.0,0.6008,1,3.0
15/9-19 BT2,2350.0,0,NONE,False,2350.0,0.5529,23,69.45,66.36,1.2334,0.0,0.0,1.2334,2,12.0
15/9-19 BT2,2375.0,0,NONE,False,2375.0,0.5588,23,69.45,66.36,0.6326,0.0,0.0,0.6326,1,13.0
15/9-19 BT2,2400.0,0,NONE,False,2400.0,0.5647,23,69.45,66.36,0.6282,0.6282,0.0,0.0,1,10.0
15/9-19 BT2,2425.0,0,NONE,False,2425.0,0.5706,23,69.45,66.36,0.6282,0.6282,0.0,0.0,1,15.0
15/9-19 BT2,2450.0,0,NONE,False,2450.0,0.5765,23,69.45,66.36,0.0,0.0,0.0,0.0,0,39.2
15/9-19 BT2,2475.0,0,NONE,False,2475.0,0.5824,23,69.45,66.36,0.6326,0.6326,0.0,0.0,1,14.2
15/9-19 BT2,2500.0,0,NONE,False,2500.0,0.5882,23,69.45,66.36,1.8928,1.8928,0.0,0.0,3,10.8
15/9-19 BT2,2525.0,0,NONE,False,2525.0,0.5941,23,69.45,66.36,2.5204,2.5204,0.0,0.0,4,4.0
15/9-19 BT2,2550.0,0,NONE,False,2550.0,0.6,23,69.45,66.36,4.4163,4.4163,0.0,0.0,7,15.0
15/9-19 BT2,2575.0,0,NONE,False,2575.0,0.6059,23,69.45,66.36,5.0277,4.3923,0.0,0.6354,8,2.5
15/9-19 BT2,2600.0,0,NONE,False,2600.0,0.6118,23,69.45,66.36,4.3036,3.6682,0.0,0.6354,7,2.0
15/9-19 BT2,2625.0,0,NONE,False,2625.0,0.6176,23,69.45,66.36,3.0827,3.0827,0.0,0.0,5,9.0
15/9-19 BT2,2650.0,1,MUD_LOSS,True,2650.0,0.6235,23,69.45,66.36,3.2104,3.2104,0.0,0.0,5,0.7
15/9-19 BT2,2675.0,0,NONE,False,2675.0,0.6294,23,69.45,66.36,3.7421,3.7421,0.0,0.0,6,1.0
15/9-19 BT2,2700.0,0,NONE,False,2700.0,0.6353,23,69.45,66.36,1.1824,1.1824,0.0,0.0,2,22.7
15/9-19 BT2,2725.0,0,NONE,False,2725.0,0.6412,23,69.45,66.36,0.6282,0.6282,0.0,0.0,1,17.0
15/9-19 BT2,2750.0,0,NONE,False,2750.0,0.6471,23,69.45,66.36,1.9242,1.9242,0.0,0.0,3,8.0
15/9-19 BT2,2775.0,0,NONE,False,2775.0,0.6529,23,69.45,66.36,1.9207,1.9207,0.0,0.0,3,0.0
15/9-19 BT2,2800.0,0,NONE,False,2800.0,0.6588,23,69.45,66.36,1.2754,1.2754,0.0,0.0,2,18.2
15/9-19 BT2,2825.0,1,MUD_LOSS,False,2825.0,0.6647,23,69.45,66.36,1.8523,1.8523,0.0,0.0,3,18.0
15/9-19 BT2,2850.0,0,NONE,False,2850.0,0.6706,23,69.45,66.36,2.503,2.503,0.0,0.0,4,0.0
15/9-19 BT2,2875.0,0,NONE,False,2875.0,0.6765,23,69.45,66.36,4.4551,4.4551,0.0,0.0,7,1.0
15/9-19 BT2,2900.0,0,NONE,False,2900.0,0.6824,23,69.45,66.36,3.2535,3.2535,0.0,0.0,5,15.0
15/9-19 BT2,2925.0,0,NONE,False,2925.0,0.6882,23,69.45,66.36,1.9242,1.2789,0.0,0.6453,3,2.0
15/9-19 BT2,2950.0,0,NONE,False,2950.0,0.6941,23,69.45,66.36,1.2735,0.6282,0.0,0.6453,2,23.0
15/9-19 BT2,2975.0,0,NONE,False,2975.0,0.7,23,69.45,66.36,1.8846,1.8846,0.0,0.0,3,8.0
15/9-19 BT2,3000.0,0,NONE,False,3000.0,0.7059,23,69.45,66.36,2.5128,2.5128,0.0,0.0,4,17.0
15/9-19 BT2,3025.0,0,NONE,False,3025.0,0.7118,23,69.45,66.36,2.5172,2.5172,0.0,0.0,4,0.0
15/9-19 BT2,3050.0,0,NONE,False,3050.0,0.7176,23,69.45,66.36,5.03,5.03,0.0,0.0,8,3.0
15/9-19 BT2,3075.0,0,NONE,False,3075.0,0.7235,23,69.45,66.36,3.701,3.701,0.0,0.0,6,15.0
15/9-19 BT2,3100.0,0,NONE,False,3100.0,0.7294,23,69.45,66.36,1.1882,1.1882,0.0,0.0,2,10.0
15/9-19 BT2,3125.0,0,NONE,False,3125.0,0.7353,23,69.45,66.36,0.0,0.0,0.0,0.0,0,35.0
15/9-19 BT2,3150.0,0,NONE,False,3150.0,0.7412,23,69.45,66.36,0.6282,0.6282,0.0,0.0,1,11.0
15/9-19 BT2,3175.0,0,NONE,False,3175.0,0.7471,23,69.45,66.36,2.4969,2.4969,0.0,0.0,4,14.0
15/9-19 BT2,3200.0,1,MUD_LOSS,False,3200.0,0.7529,23,69.45,66.36,1.8687,1.8687,0.0,0.0,3,7.6
15/9-19 BT2,3225.0,0,NONE,False,3225.0,0.7588,23,69.45,66.36,1.229,0.6008,0.0,0.6282,2,18.0
15/9-19 BT2,3250.0,0,NONE,False,3250.0,0.7647,23,69.45,66.36,1.8572,1.229,0.0,0.6282,3,2.0
15/9-19 BT2,3275.0,0,NONE,False,3275.0,0.7706,23,69.45,66.36,1.2578,1.2578,0.0,0.0,2,3.0
15/9-19 BT2,3300.0,0,NONE,False,3300.0,0.7765,23,69.45,66.36,1.2304,1.2304,0.0,0.0,2,4.0
15/9-19 BT2,3325.0,0,NONE,False,3325.0,0.7824,23,69.45,66.36,0.6008,0.6008,0.0,0.0,1,6.0
15/9-19 BT2,3350.0,0,NONE,False,3350.0,0.7882,23,69.45,66.36,0.0,0.0,0.0,0.0,0,31.0
15/9-19 BT2,3375.0,0,NONE,False,3375.0,0.7941,23,69.45,66.36,0.0,0.0,0.0,0.0,0,56.0
15/9-19 BT2,3400.0,0,NONE,False,3400.0,0.8,23,69.45,66.36,0.0,0.0,0.0,0.0,0,39.0
15/9-19 BT2,3425.0,0,NONE,False,3425.0,0.8059,23,69.45,66.36,1.2016,1.2016,0.0,0.0,2,14.0
15/9-19 BT2,3450.0,0,NONE,False,3450.0,0.8118,23,69.45,66.36,1.2016,1.2016,0.0,0.0,2,10.0
15/9-19 BT2,3475.0,0,NONE,False,3475.0,0.8176,23,69.45,66.36,0.0,0.0,0.0,0.0,0,35.0
15/9-19 BT2,3500.0,0,NONE,False,3500.0,0.8235,23,69.45,66.36,0.0,0.0,0.0,0.0,0,60.0
15/9-19 BT2,3525.0,0,NONE,False,3525.0,0.8294,23,69.45,66.36,0.0,0.0,0.0,0.0,0,56.0
15/9-19 BT2,3550.0,1,STUCK_PIPE,False,3550.0,0.8353,23,69.45,66.36,0.0,0.0,0.0,0.0,0,31.0
15/9-19 BT2,3575.0,1,MUD_LOSS,False,3575.0,0.8412,23,69.45,66.36,0.6507,0.6507,0.0,0.0,1,6.0
15/9-19 BT2,3600.0,0,NONE,False,3600.0,0.8471,23,69.45,66.36,0.6507,0.6507,0.0,0.0,1,19.0
15/9-19 BT2,3625.0,0,NONE,False,3625.0,0.8529,23,69.45,66.36,0.6507,0.6507,0.0,0.0,1,7.0
15/9-19 BT2,3650.0,0,NONE,False,3650.0,0.8588,23,69.45,66.36,5.8338,5.2056,0.0,0.6282,9,10.0
15/9-19 BT2,3675.0,0,NONE,False,3675.0,0.8647,23,69.45,66.36,5.8338,5.2056,0.0,0.6282,9,7.5
15/9-19 BT2,3700.0,0,NONE,False,3700.0,0.8706,23,69.45,66.36,1.3014,1.3014,0.0,0.0,2,7.2
15/9-19 BT2,3725.0,0,NONE,False,3725.0,0.8765,23,69.45,66.36,1.9521,1.9521,0.0,0.0,3,9.0
15/9-19 BT2,3750.0,0,NONE,False,3750.0,0.8824,23,69.45,66.36,1.9393,1.9393,0.0,0.0,3,4.0
15/9-19 BT2,3775.0,0,NONE,False,3775.0,0.8882,23,69.45,66.36,2.5718,2.5718,0.0,0.0,4,7.0
15/9-19 BT2,3800.0,1,STUCK_PIPE,False,3800.0,0.8941,23,69.45,66.36,1.9339,1.9339,0.0,0.0,3,6.0
15/9-19 BT2,3825.0,0,NONE,False,3825.0,0.9,23,69.45,66.36,0.6507,0.6507,0.0,0.0,1,9.0
15/9-19 BT2,3850.0,0,NONE,False,3850.0,0.9059,23,69.45,66.36,1.9243,1.2736,0.0,0.6507,3,6.0
15/9-19 BT2,3875.0,0,NONE,False,3875.0,0.9118,23,69.45,66.36,1.2736,0.6229,0.0,0.6507,2,7.3
15/9-19 BT2,3900.0,0,NONE,False,3900.0,0.9176,23,69.45,66.36,0.0,0.0,0.0,0.0,0,32.3
15/9-19 BT2,3925.0,0,NONE,False,3925.0,0.9235,23,69.45,66.36,0.0,0.0,0.0,0.0,0,57.3
15/9-19 BT2,3950.0,0,NONE,False,3950.0,0.9294,23,69.45,66.36,0.0,0.0,0.0,0.0,0,82.3
15/9-19 BT2,3975.0,0,NONE,False,3975.0,0.9353,23,69.45,66.36,0.0,0.0,0.0,0.0,0,69.0
15/9-19 BT2,4000.0,0,NONE,False,4000.0,0.9412,23,69.45,66.36,0.0,0.0,0.0,0.0,0,44.0
15/9-19 BT2,4025.0,1,STUCK_PIPE,False,4025.0,0.9471,23,69.45,66.36,1.3452,1.3452,0.0,0.0,2,19.0
15/9-19 BT2,4050.0,0,NONE,False,4050.0,0.9529,23,69.45,66.36,3.2973,3.2973,0.0,0.0,5,0.0
15/9-19 BT2,4075.0,1,STUCK_PIPE,False,4075.0,0.9588,23,69.45,66.36,4.5271,4.5271,0.0,0.0,7,8.0
15/9-19 BT2,4100.0,0,NONE,False,4100.0,0.9647,23,69.45,66.36,2.6188,1.9243,0.0,0.6945,4,5.0
15/9-19 BT2,4125.0,1,STUCK_PIPE,False,4125.0,0.9706,23,69.45,66.36,0.6945,0.0,0.0,0.6945,1,2.0
15/9-19 BT2,4150.0,0,NONE,False,4150.0,0.9765,23,69.45,66.36,0.0,0.0,0.0,0.0,0,27.0
15/9-19 BT2,4175.0,0,NONE,False,4175.0,0.9824,23,69.45,66.36,0.0,0.0,0.0,0.0,0,52.0
15/9-19 BT2,4200.0,0,NONE,False,4200.0,0.9882,23,69.45,66.36,0.0,0.0,0.0,0.0,0,54.0
15/9-19 BT2,4225.0,0,NONE,False,4225.0,0.9941,23,69.45,66.36,0.0,0.0,0.0,0.0,0,29.0
15/9-19 BT2,4250.0,0,NONE,False,4250.0,1.0,23,69.45,66.36,0.6229,0.6229,0.0,0.0,1,4.0
15/9-19 S,50.0,0,NONE,False,50.0,0.014,23,100.0,71.48,3.5568,0.5734,0.0,2.9834,6,0.0
15/9-19 S,75.0,0,NONE,False,75.0,0.0209,23,100.0,71.48,3.5048,1.7202,0.0,1.7846,6,5.0
15/9-19 S,100.0,0,NONE,False,100.0,0.0279,23,100.0,71.48,2.9055,2.9055,0.0,0.0,5,2.0
15/9-19 S,125.0,0,NONE,False,125.0,0.0349,23,100.0,71.48,5.3541,5.3541,0.0,0.0,9,0.6
15/9-19 S,150.0,0,NONE,False,150.0,0.0419,23,100.0,71.48,5.3676,5.3676,0.0,0.0,9,0.1
15/9-19 S,175.0,0,NONE,False,175.0,0.0489,23,100.0,71.48,2.386,1.7641,0.0,0.6219,4,3.0
15/9-19 S,200.0,0,NONE,False,200.0,0.0559,23,100.0,71.48,2.334,1.7121,0.0,0.6219,4,18.0
15/9-19 S,225.0,0,NONE,False,225.0,0.0628,23,100.0,71.48,4.1143,4.1143,0.0,0.0,7,7.0
15/9-19 S,250.0,0,NONE,False,250.0,0.0698,23,100.0,71.48,4.2113,4.2113,0.0,0.0,7,1.0
15/9-19 S,275.0,0,NONE,False,275.0,0.0768,23,100.0,71.48,3.1284,3.1284,0.0,0.0,5,11.6
15/9-19 S,300.0,0,NONE,False,300.0,0.0838,23,100.0,71.48,2.484,1.8846,0.5994,0.0,4,7.0
15/9-19 S,325.0,0,NONE,False,325.0,0.0908,23,100.0,71.48,0.5994,0.0,0.5994,0.0,1,15.0
15/9-19 S,350.0,0,NONE,False,350.0,0.0978,23,100.0,71.48,0.0,0.0,0.0,0.0,0,40.0
15/9-19 S,375.0,0,NONE,False,375.0,0.1047,23,100.0,71.48,0.0,0.0,0.0,0.0,0,65.0
15/9-19 S,400.0,0,NONE,False,400.0,0.1117,23,100.0,71.48,0.0,0.0,0.0,0.0,0,90.0
15/9-19 S,425.0,0,NONE,False,425.0,0.1187,23,100.0,71.48,0.0,0.0,0.0,0.0,0,115.0
15/9-19 S,450.0,0,NONE,False,450.0,0.1257,23,100.0,71.48,0.0,0.0,0.0,0.0,0,128.0
15/9-19 S,475.0,0,NONE,False,475.0,0.1327,23,100.0,71.48,0.0,0.0,0.0,0.0,0,103.0
15/9-19 S,500.0,0,NONE,False,500.0,0.1397,23,100.0,71.48,0.0,0.0,0.0,0.0,0,78.0
15/9-19 S,525.0,0,NONE,False,525.0,0.1466,23,100.0,71.48,0.0,0.0,0.0,0.0,0,53.0
15/9-19 S,550.0,0,NONE,False,550.0,0.1536,23,100.0,71.48,0.0,0.0,0.0,0.0,0,28.0
15/9-19 S,575.0,0,NONE,False,575.0,0.1606,23,100.0,71.48,0.6219,0.6219,0.0,0.0,1,3.0
15/9-19 S,600.0,0,NONE,False,600.0,0.1676,23,100.0,71.48,1.2213,1.2213,0.0,0.0,2,10.0
15/9-19 S,625.0,0,NONE,False,625.0,0.1746,23,100.0,71.48,1.1703,0.5994,0.0,0.5709,2,12.0
15/9-19 S,650.0,0,NONE,False,650.0,0.1816,23,100.0,71.48,0.5709,0.0,0.0,0.5709,1,13.0
15/9-19 S,675.0,0,NONE,False,675.0,0.1885,23,100.0,71.48,0.6219,0.6219,0.0,0.0,1,10.0
15/9-19 S,700.0,0,NONE,False,700.0,0.1955,23,100.0,71.48,0.6219,0.6219,0.0,0.0,1,15.0
15/9-19 S,725.0,0,NONE,False,725.0,0.2025,23,100.0,71.48,0.0,0.0,0.0,0.0,0,29.3
15/9-19 S,750.0,0,NONE,False,750.0,0.2095,23,100.0,71.48,0.5994,0.5994,0.0,0.0,1,4.3
15/9-19 S,775.0,0,NONE,False,775.0,0.2165,23,100.0,71.48,1.0064,0.5994,0.0,0.407,2,18.1
15/9-19 S,800.0,0,NONE,False,800.0,0.2235,23,100.0,71.48,0.407,0.0,0.0,0.407,1,6.9
15/9-19 S,825.0,0,NONE,False,825.0,0.2304,23,100.0,71.48,3.2375,3.2375,0.0,0.0,7,4.0
15/9-19 S,850.0,0,NONE,False,850.0,0.2374,23,100.0,71.48,4.3999,4.3999,0.0,0.0,9,2.0
15/9-19 S,875.0,0,NONE,False,875.0,0.2444,23,100.0,71.48,5.1519,5.1519,0.0,0.0,9,3.0
15/9-19 S,900.0,0,NONE,False,900.0,0.2514,23,100.0,71.48,5.1883,5.1883,0.0,0.0,9,0.0
15/9-19 S,925.0,0,NONE,False,925.0,0.2584,23,100.0,71.48,3.8748,3.8748,0.0,0.0,7,5.0
15/9-19 S,950.0,0,NONE,False,950.0,0.2654,23,100.0,71.48,1.4772,1.4772,0.0,0.0,3,20.0
15/9-19 S,975.0,0,NONE,False,975.0,0.2723,23,100.0,71.48,0.6219,0.6219,0.0,0.0,1,25.0
15/9-19 S,1000.0,0,NONE,False,1000.0,0.2793,23,100.0,71.48,0.6219,0.6219,0.0,0.0,1,0.0
15/9-19 S,1025.0,0,NONE,False,1025.0,0.2863,23,100.0,71.48,5.1359,5.1359,0.0,0.0,12,25.0
15/9-19 S,1050.0,0,NONE,False,1050.0,0.2933,23,100.0,71.48,4.514,4.514,0.0,0.0,11,0.0
15/9-19 S,1075.0,0,NONE,False,1075.0,0.3003,23,100.0,71.48,4.514,4.514,0.0,0.0,11,25.0
15/9-19 S,1100.0,0,NONE,False,1100.0,0.3073,23,100.0,71.48,0.4924,0.4924,0.0,0.0,1,20.0
15/9-19 S,1125.0,0,NONE,False,1125.0,0.3142,23,100.0,71.48,0.4924,0.4924,0.0,0.0,1,5.0
15/9-19 S,1150.0,0,NONE,False,1150.0,0.3212,23,100.0,71.48,0.0,0.0,0.0,0.0,0,30.0
15/9-19 S,1175.0,0,NONE,False,1175.0,0.3282,23,100.0,71.48,0.0,0.0,0.0,0.0,0,55.0
15/9-19 S,1200.0,0,NONE,False,1200.0,0.3352,23,100.0,71.48,0.0,0.0,0.0,0.0,0,38.0
15/9-19 S,1225.0,0,NONE,False,1225.0,0.3422,23,100.0,71.48,0.5653,0.0,0.0,0.5653,1,13.0
15/9-19 S,1250.0,0,NONE,False,1250.0,0.3492,23,100.0,71.48,0.5653,0.0,0.0,0.5653,1,12.0
15/9-19 S,1275.0,0,NONE,False,1275.0,0.3561,23,100.0,71.48,0.5709,0.0,0.0,0.5709,1,5.6
15/9-19 S,1300.0,0,NONE,False,1300.0,0.3631,23,100.0,71.48,1.7177,1.1468,0.0,0.5709,3,13.7
15/9-19 S,1325.0,0,NONE,False,1325.0,0.3701,23,100.0,71.48,1.1468,1.1468,0.0,0.0,2,4.0
15/9-19 S,1350.0,0,NONE,False,1350.0,0.3771,23,100.0,71.48,4.241,3.6361,0.0,0.6049,7,4.0
15/9-19 S,1375.0,0,NONE,False,1375.0,0.3841,23,100.0,71.48,4.8459,3.6361,0.0,1.2098,8,6.0
15/9-19 S,1400.0,0,NONE,False,1400.0,0.3911,23,100.0,71.48,0.6049,0.0,0.0,0.6049,1,19.0
15/9-19 S,1425.0,0,NONE,False,1425.0,0.398,23,100.0,71.48,0.0,0.0,0.0,0.0,0,35.0
15/9-19 S,1450.0,0,NONE,False,1450.0,0.405,23,100.0,71.48,1.0,1.0,0.0,0.0,1,10.0
15/9-19 S,1475.0,1,STUCK_PIPE,False,1475.0,0.412,23,100.0,71.48,1.0,1.0,0.0,0.0,1,15.0
15/9-19 S,1500.0,0,NONE,False,1500.0,0.419,23,100.0,71.48,0.0,0.0,0.0,0.0,0,32.0
15/9-19 S,1525.0,0,NONE,False,1525.0,0.426,23,100.0,71.48,0.5832,0.0,0.0,0.5832,1,7.0
15/9-19 S,1550.0,0,NONE,False,1550.0,0.433,23,100.0,71.48,0.5832,0.0,0.0,0.5832,1,18.0
15/9-19 S,1575.0,0,NONE,False,1575.0,0.4399,23,100.0,71.48,0.0,0.0,0.0,0.0,0,43.0
15/9-19 S,1600.0,0,NONE,False,1600.0,0.4469,23,100.0,71.48,0.0,0.0,0.0,0.0,0,61.0
15/9-19 S,1625.0,0,NONE,False,1625.0,0.4539,23,100.0,71.48,0.0,0.0,0.0,0.0,0,36.0
15/9-19 S,1650.0,0,NONE,False,1650.0,0.4609,23,100.0,71.48,0.6219,0.0,0.0,0.6219,1,11.0
15/9-19 S,1675.0,0,NONE,False,1675.0,0.4679,23,100.0,71.48,0.6219,0.0,0.0,0.6219,1,14.0
15/9-19 S,1700.0,0,NONE,False,1700.0,0.4749,23,100.0,71.48,0.0,0.0,0.0,0.0,0,39.0
15/9-19 S,1725.0,0,NONE,False,1725.0,0.4818,23,100.0,71.48,0.0,0.0,0.0,0.0,0,39.0
15/9-19 S,1750.0,0,NONE,False,1750.0,0.4888,23,100.0,71.48,0.5832,0.5832,0.0,0.0,1,14.0
15/9-19 S,1775.0,0,NONE,False,1775.0,0.4958,23,100.0,71.48,0.5832,0.5832,0.0,0.0,1,11.0
15/9-19 S,1800.0,0,NONE,False,1800.0,0.5028,23,100.0,71.48,0.0,0.0,0.0,0.0,0,36.0
15/9-19 S,1825.0,0,NONE,False,1825.0,0.5098,23,100.0,71.48,0.0,0.0,0.0,0.0,0,42.0
15/9-19 S,1850.0,0,NONE,False,1850.0,0.5168,23,100.0,71.48,0.5653,0.5653,0.0,0.0,1,17.0
15/9-19 S,1875.0,0,NONE,False,1875.0,0.5237,23,100.0,71.48,1.1872,0.5653,0.0,0.6219,2,2.0
15/9-19 S,1900.0,0,NONE,False,1900.0,0.5307,23,100.0,71.48,0.6219,0.0,0.0,0.6219,1,23.0
15/9-19 S,1925.0,0,NONE,False,1925.0,0.5377,23,100.0,71.48,0.0,0.0,0.0,0.0,0,48.0
15/9-19 S,1950.0,0,NONE,False,1950.0,0.5447,23,100.0,71.48,0.0,0.0,0.0,0.0,0,73.0
15/9-19 S,1975.0,0,NONE,False,1975.0,0.5517,23,100.0,71.48,0.0,0.0,0.0,0.0,0,59.0
15/9-19 S,2000.0,0,NONE,False,2000.0,0.5587,23,100.0,71.48,0.0,0.0,0.0,0.0,0,34.0
15/9-19 S,2025.0,0,NONE,False,2025.0,0.5656,23,100.0,71.48,0.6049,0.6049,0.0,0.0,1,9.0
15/9-19 S,2050.0,0,NONE,False,2050.0,0.5726,23,100.0,71.48,0.6049,0.6049,0.0,0.0,1,16.0
15/9-19 S,2075.0,0,NONE,False,2075.0,0.5796,23,100.0,71.48,0.6786,0.6786,0.0,0.0,1,25.0
15/9-19 S,2100.0,0,NONE,False,2100.0,0.5866,23,100.0,71.48,0.6786,0.6786,0.0,0.0,1,0.0
15/9-19 S,2125.0,0,NONE,False,2125.0,0.5936,23,100.0,71.48,0.6786,0.6786,0.0,0.0,1,25.0
15/9-19 S,2150.0,0,NONE,False,2150.0,0.6006,23,100.0,71.48,0.6282,0.6282,0.0,0.0,1,14.0
15/9-19 S,2175.0,0,NONE,False,2175.0,0.6075,23,100.0,71.48,1.8936,1.2609,0.0,0.6327,3,11.0
15/9-19 S,2200.0,0,NONE,False,2200.0,0.6145,23,100.0,71.48,2.4634,1.198,0.0,1.2654,4,1.0
15/9-19 S,2225.0,0,NONE,False,2225.0,0.6215,23,100.0,71.48,1.8766,0.5653,0.0,1.3113,3,6.0
15/9-19 S,2250.0,0,NONE,False,2250.0,0.6285,23,100.0,71.48,1.2439,0.5653,0.0,0.6786,2,2.0
15/9-19 S,2275.0,0,NONE,False,2275.0,0.6355,23,100.0,71.48,0.5653,0.5653,0.0,0.0,1,23.0
15/9-19 S,2300.0,0,NONE,False,2300.0,0.6425,23,100.0,71.48,0.0,0.0,0.0,0.0,0,28.0
15/9-19 S,2325.0,0,NONE,False,2325.0,0.6494,23,100.0,71.48,0.5653,0.0,0.0,0.5653,1,3.0
15/9-19 S,2350.0,0,NONE,False,2350.0,0.6564,23,100.0,71.48,1.1512,0.0,0.0,1.1512,2,12.0
15/9-19 S,2375.0,0,NONE,False,2375.0,0.6634,23,100.0,71.48,0.5859,0.0,0.0,0.5859,1,13.0
15/9-19 S,2400.0,0,NONE,False,2400.0,0.6704,23,100.0,71.48,0.6786,0.6786,0.0,0.0,1,10.0
15/9-19 S,2425.0,0,NONE,False,2425.0,0.6774,23,100.0,71.48,0.6786,0.6786,0.0,0.0,1,15.0
15/9-19 S,2450.0,0,NONE,False,2450.0,0.6844,23,100.0,71.48,0.0,0.0,0.0,0.0,0,39.2
15/9-19 S,2475.0,0,NONE,False,2475.0,0.6913,23,100.0,71.48,0.5859,0.5859,0.0,0.0,1,14.2
15/9-19 S,2500.0,0,NONE,False,2500.0,0.6983,23,100.0,71.48,1.8297,1.8297,0.0,0.0,3,10.8
15/9-19 S,2525.0,0,NONE,False,2525.0,0.7053,23,100.0,71.48,2.4876,2.4876,0.0,0.0,4,4.0
15/9-19 S,2550.0,0,NONE,False,2550.0,0.7123,23,100.0,71.48,4.2759,4.2759,0.0,0.0,7,15.0
15/9-19 S,2575.0,0,NONE,False,2575.0,0.7193,23,100.0,71.48,4.8048,4.2011,0.0,0.6037,8,2.5
15/9-19 S,2600.0,0,NONE,False,2600.0,0.7263,23,100.0,71.48,4.042,3.4383,0.0,0.6037,7,2.0
15/9-19 S,2625.0,0,NONE,False,2625.0,0.7332,23,100.0,71.48,2.8742,2.8742,0.0,0.0,5,9.0
15/9-19 S,2650.0,0,NONE,False,2650.0,0.7402,23,100.0,71.48,3.7434,3.7434,0.0,0.0,6,0.3
15/9-19 S,2675.0,0,NONE,False,2675.0,0.7472,23,100.0,71.48,4.2813,4.2813,0.0,0.0,7,1.0
15/9-19 S,2700.0,0,NONE,False,2700.0,0.7542,23,100.0,71.48,1.1428,1.1428,0.0,0.0,2,22.7
15/9-19 S,2725.0,0,NONE,False,2725.0,0.7612,23,100.0,71.48,0.6786,0.6786,0.0,0.0,1,17.0
15/9-19 S,2750.0,0,NONE,False,2750.0,0.7682,23,100.0,71.48,1.8953,1.8953,0.0,0.0,3,8.0
15/9-19 S,2775.0,0,NONE,False,2775.0,0.7751,23,100.0,71.48,1.8161,1.8161,0.0,0.0,3,0.0
15/9-19 S,2800.0,0,NONE,False,2800.0,0.7821,23,100.0,71.48,1.2043,1.2043,0.0,0.0,2,18.2
15/9-19 S,2825.0,0,NONE,False,2825.0,0.7891,23,100.0,71.48,2.3637,2.3637,0.0,0.0,4,2.0
15/9-19 S,2850.0,0,NONE,False,2850.0,0.7961,23,100.0,71.48,2.9686,2.9686,0.0,0.0,5,0.0
15/9-19 S,2875.0,0,NONE,False,2875.0,0.8031,23,100.0,71.48,4.1551,4.1551,0.0,0.0,7,1.0
15/9-19 S,2900.0,0,NONE,False,2900.0,0.8101,23,100.0,71.48,3.0245,3.0245,0.0,0.0,5,15.0
15/9-19 S,2925.0,0,NONE,False,2925.0,0.817,23,100.0,71.48,1.8953,1.2835,0.0,0.6118,3,2.0
15/9-19 S,2950.0,0,NONE,False,2950.0,0.824,23,100.0,71.48,1.2904,0.6786,0.0,0.6118,2,23.0
15/9-19 S,2975.0,0,NONE,False,2975.0,0.831,23,100.0,71.48,2.0358,2.0358,0.0,0.0,3,8.0
15/9-19 S,3000.0,0,NONE,False,3000.0,0.838,23,100.0,71.48,2.7144,2.7144,0.0,0.0,4,17.0
15/9-19 S,3025.0,0,NONE,False,3025.0,0.845,23,100.0,71.48,2.6217,2.6217,0.0,0.0,4,0.0
15/9-19 S,3050.0,0,NONE,False,3050.0,0.852,23,100.0,71.48,5.3361,5.3361,0.0,0.0,8,3.0
15/9-19 S,3075.0,0,NONE,False,3075.0,0.8589,23,100.0,71.48,3.8562,3.8562,0.0,0.0,6,15.0
15/9-19 S,3100.0,0,NONE,False,3100.0,0.8659,23,100.0,71.48,1.1418,1.1418,0.0,0.0,2,10.0
15/9-19 S,3125.0,0,NONE,False,3125.0,0.8729,23,100.0,71.48,0.0,0.0,0.0,0.0,0,35.0
15/9-19 S,3150.0,0,NONE,False,3150.0,0.8799,23,100.0,71.48,0.6786,0.6786,0.0,0.0,1,11.0
15/9-19 S,3175.0,0,NONE,False,3175.0,0.8869,23,100.0,71.48,2.3676,2.3676,0.0,0.0,4,14.0
15/9-19 S,3200.0,0,NONE,False,3200.0,0.8939,23,100.0,71.48,2.3172,2.3172,0.0,0.0,4,6.0
15/9-19 S,3225.0,0,NONE,False,3225.0,0.9008,23,100.0,71.48,1.8721,1.1935,0.0,0.6786,3,18.0
15/9-19 S,3250.0,0,NONE,False,3250.0,0.9078,23,100.0,71.48,1.9225,1.2439,0.0,0.6786,3,2.0
15/9-19 S,3275.0,0,NONE,False,3275.0,0.9148,23,100.0,71.48,1.252,1.252,0.0,0.0,2,3.0
15/9-19 S,3300.0,0,NONE,False,3300.0,0.9218,23,100.0,71.48,1.1387,1.1387,0.0,0.0,2,4.0
15/9-19 S,3325.0,0,NONE,False,3325.0,0.9288,23,100.0,71.48,0.5653,0.5653,0.0,0.0,1,6.0
15/9-19 S,3350.0,0,NONE,False,3350.0,0.9358,23,100.0,71.48,0.0,0.0,0.0,0.0,0,31.0
15/9-19 S,3375.0,0,NONE,False,3375.0,0.9427,23,100.0,71.48,0.0,0.0,0.0,0.0,0,56.0
15/9-19 S,3400.0,0,NONE,False,3400.0,0.9497,23,100.0,71.48,0.0,0.0,0.0,0.0,0,39.0
15/9-19 S,3425.0,0,NONE,False,3425.0,0.9567,23,100.0,71.48,1.1306,1.1306,0.0,0.0,2,14.0
15/9-19 S,3450.0,0,NONE,False,3450.0,0.9637,23,100.0,71.48,1.1306,1.1306,0.0,0.0,2,10.0
15/9-19 S,3475.0,0,NONE,False,3475.0,0.9707,23,100.0,71.48,0.0,0.0,0.0,0.0,0,35.0
15/9-19 S,3500.0,0,NONE,False,3500.0,0.9777,23,100.0,71.48,0.0,0.0,0.0,0.0,0,58.0
15/9-19 S,3525.0,0,NONE,False,3525.0,0.9846,23,100.0,71.48,0.0,0.0,0.0,0.0,0,33.0
15/9-19 S,3550.0,0,NONE,False,3550.0,0.9916,23,100.0,71.48,0.6282,0.0,0.0,0.6282,1,8.0
15/9-19 S,3575.0,0,NONE,False,3575.0,0.9986,23,100.0,71.48,1.8613,1.2331,0.0,0.6282,3,6.0
15/9-19 SR,50.0,0,NONE,False,50.0,0.0108,23,92.92,73.53,3.7976,0.6432,0.0,3.1544,6,0.0
15/9-19 SR,75.0,0,NONE,False,75.0,0.0161,23,92.92,73.53,3.834,1.9296,0.0,1.9044,6,5.0
15/9-19 SR,100.0,0,NONE,False,100.0,0.0215,23,92.92,73.53,3.1843,3.1843,0.0,0.0,5,2.0
15/9-19 SR,125.0,0,NONE,False,125.0,0.0269,23,92.92,73.53,5.6391,5.6391,0.0,0.0,9,0.6
15/9-19 SR,150.0,0,NONE,False,150.0,0.0323,23,92.92,73.53,5.6344,5.6344,0.0,0.0,9,0.1
15/9-19 SR,175.0,0,NONE,False,175.0,0.0377,23,92.92,73.53,2.5042,1.8709,0.0,0.6333,4,3.0
15/9-19 SR,200.0,0,NONE,False,200.0,0.0431,23,92.92,73.53,2.5406,1.9073,0.0,0.6333,4,18.0
15/9-19 SR,225.0,0,NONE,False,225.0,0.0484,23,92.92,73.53,4.4561,4.4561,0.0,0.0,7,7.0
15/9-19 SR,250.0,0,NONE,False,250.0,0.0538,23,92.92,73.53,4.4363,4.4363,0.0,0.0,7,1.0
15/9-19 SR,275.0,0,NONE,False,275.0,0.0592,23,92.92,73.53,3.3009,3.3009,0.0,0.0,5,11.6
15/9-19 SR,300.0,0,NONE,False,300.0,0.0646,23,92.92,73.53,2.6593,2.0343,0.625,0.0,4,7.0
15/9-19 SR,325.0,0,NONE,False,325.0,0.07,23,92.92,73.53,0.625,0.0,0.625,0.0,1,15.0
15/9-19 SR,350.0,0,NONE,False,350.0,0.0754,23,92.92,73.53,0.0,0.0,0.0,0.0,0,40.0
15/9-19 SR,375.0,0,NONE,False,375.0,0.0807,23,92.92,73.53,0.0,0.0,0.0,0.0,0,65.0
15/9-19 SR,400.0,0,NONE,False,400.0,0.0861,23,92.92,73.53,0.0,0.0,0.0,0.0,0,90.0
15/9-19 SR,425.0,0,NONE,False,425.0,0.0915,23,92.92,73.53,0.0,0.0,0.0,0.0,0,115.0
15/9-19 SR,450.0,0,NONE,False,450.0,0.0969,23,92.92,73.53,0.0,0.0,0.0,0.0,0,128.0
15/9-19 SR,475.0,0,NONE,False,475.0,0.1023,23,92.92,73.53,0.0,0.0,0.0,0.0,0,103.0
15/9-19 SR,500.0,0,NONE,False,500.0,0.1077,23,92.92,73.53,0.0,0.0,0.0,0.0,0,78.0
15/9-19 SR,525.0,0,NONE,False,525.0,0.113,23,92.92,73.53,0.0,0.0,0.0,0.0,0,53.0
15/9-19 SR,550.0,0,NONE,False,550.0,0.1184,23,92.92,73.53,0.0,0.0,0.0,0.0,0,28.0
15/9-19 SR,575.0,0,NONE,False,575.0,0.1238,23,92.92,73.53,0.6333,0.6333,0.0,0.0,1,3.0
15/9-19 SR,600.0,0,NONE,False,600.0,0.1292,23,92.92,73.53,1.2583,1.2583,0.0,0.0,2,10.0
15/9-19 SR,625.0,0,NONE,False,625.0,0.1346,23,92.92,73.53,1.2094,0.625,0.0,0.5844,2,12.0
15/9-19 SR,650.0,0,NONE,False,650.0,0.14,23,92.92,73.53,0.5844,0.0,0.0,0.5844,1,13.0
15/9-19 SR,675.0,0,NONE,False,675.0,0.1453,23,92.92,73.53,0.6333,0.6333,0.0,0.0,1,10.0
15/9-19 SR,700.0,0,NONE,False,700.0,0.1507,23,92.92,73.53,0.6333,0.6333,0.0,0.0,1,15.0
15/9-19 SR,725.0,0,NONE,False,725.0,0.1561,23,92.92,73.53,0.0,0.0,0.0,0.0,0,29.3
15/9-19 SR,750.0,0,NONE,False,750.0,0.1615,23,92.92,73.53,0.625,0.625,0.0,0.0,1,4.3
15/9-19 SR,775.0,0,NONE,False,775.0,0.1669,23,92.92,73.53,1.0042,0.625,0.0,0.3792,2,18.1
15/9-19 SR,800.0,0,NONE,False,800.0,0.1723,23,92.92,73.53,0.3792,0.0,0.0,0.3792,1,6.9
15/9-19 SR,825.0,0,NONE,False,825.0,0.1776,23,92.92,73.53,3.1497,3.1497,0.0,0.0,7,4.0
15/9-19 SR,850.0,0,NONE,False,850.0,0.183,23,92.92,73.53,4.4064,4.4064,0.0,0.0,9,2.0
15/9-19 SR,875.0,0,NONE,False,875.0,0.1884,23,92.92,73.53,5.4009,5.4009,0.0,0.0,9,3.0
15/9-19 SR,900.0,0,NONE,False,900.0,0.1938,23,92.92,73.53,5.3942,5.3942,0.0,0.0,9,0.0
15/9-19 SR,925.0,0,NONE,False,925.0,0.1992,23,92.92,73.53,3.8908,3.8908,0.0,0.0,7,5.0
15/9-19 SR,950.0,0,NONE,False,950.0,0.2046,23,92.92,73.53,1.3908,1.3908,0.0,0.0,3,20.0
15/9-19 SR,975.0,0,NONE,False,975.0,0.2099,23,92.92,73.53,0.6333,0.6333,0.0,0.0,1,25.0
15/9-19 SR,1000.0,0,NONE,False,1000.0,0.2153,23,92.92,73.53,0.6333,0.6333,0.0,0.0,1,0.0
15/9-19 SR,1025.0,0,NONE,False,1025.0,0.2207,23,92.92,73.53,4.8415,4.8415,0.0,0.0,12,25.0
15/9-19 SR,1050.0,0,NONE,False,1050.0,0.2261,23,92.92,73.53,4.2082,4.2082,0.0,0.0,11,0.0
15/9-19 SR,1075.0,0,NONE,False,1075.0,0.2315,23,92.92,73.53,4.2082,4.2082,0.0,0.0,11,25.0
15/9-19 SR,1100.0,0,NONE,False,1100.0,0.2369,23,92.92,73.53,0.4636,0.4636,0.0,0.0,1,20.0
15/9-19 SR,1125.0,0,NONE,False,1125.0,0.2422,23,92.92,73.53,0.4636,0.4636,0.0,0.0,1,5.0
15/9-19 SR,1150.0,0,NONE,False,1150.0,0.2476,23,92.92,73.53,0.0,0.0,0.0,0.0,0,30.0
15/9-19 SR,1175.0,0,NONE,False,1175.0,0.253,23,92.92,73.53,0.0,0.0,0.0,0.0,0,55.0
15/9-19 SR,1200.0,0,NONE,False,1200.0,0.2584,23,92.92,73.53,0.0,0.0,0.0,0.0,0,38.0
15/9-19 SR,1225.0,0,NONE,False,1225.0,0.2638,23,92.92,73.53,0.6209,0.0,0.0,0.6209,1,13.0
15/9-19 SR,1250.0,0,NONE,False,1250.0,0.2692,23,92.92,73.53,0.6209,0.0,0.0,0.6209,1,12.0
15/9-19 SR,1275.0,0,NONE,False,1275.0,0.2745,23,92.92,73.53,0.5844,0.0,0.0,0.5844,1,5.6
15/9-19 SR,1300.0,0,NONE,False,1300.0,0.2799,23,92.92,73.53,1.8708,1.2864,0.0,0.5844,3,13.7
15/9-19 SR,1325.0,0,NONE,False,1325.0,0.2853,23,92.92,73.53,1.2864,1.2864,0.0,0.0,2,4.0
15/9-19 SR,1350.0,0,NONE,False,1350.0,0.2907,23,92.92,73.53,4.4297,3.7808,0.0,0.6489,7,4.0
15/9-19 SR,1375.0,0,NONE,False,1375.0,0.2961,23,92.92,73.53,5.0786,3.7808,0.0,1.2978,8,6.0
15/9-19 SR,1400.0,0,NONE,False,1400.0,0.3015,23,92.92,73.53,0.6489,0.0,0.0,0.6489,1,19.0
15/9-19 SR,1425.0,0,NONE,False,1425.0,0.3068,23,92.92,73.53,0.0,0.0,0.0,0.0,0,35.0
15/9-19 SR,1450.0,0,NONE,False,1450.0,0.3122,23,92.92,73.53,0.6285,0.6285,0.0,0.0,1,10.0
15/9-19 SR,1475.0,0,NONE,False,1475.0,0.3176,23,92.92,73.53,1.257,0.6285,0.0,0.6285,2,15.0
15/9-19 SR,1500.0,0,NONE,False,1500.0,0.323,23,92.92,73.53,0.6285,0.0,0.0,0.6285,1,7.0
15/9-19 SR,1525.0,0,NONE,False,1525.0,0.3284,23,92.92,73.53,0.6267,0.0,0.0,0.6267,1,7.0
15/9-19 SR,1550.0,0,NONE,False,1550.0,0.3338,23,92.92,73.53,0.6267,0.0,0.0,0.6267,1,18.0
15/9-19 SR,1575.0,0,NONE,False,1575.0,0.3391,23,92.92,73.53,0.0,0.0,0.0,0.0,0,43.0
15/9-19 SR,1600.0,0,NONE,False,1600.0,0.3445,23,92.92,73.53,0.0,0.0,0.0,0.0,0,61.0
15/9-19 SR,1625.0,0,NONE,False,1625.0,0.3499,23,92.92,73.53,0.0,0.0,0.0,0.0,0,36.0
15/9-19 SR,1650.0,0,NONE,False,1650.0,0.3553,23,92.92,73.53,0.6333,0.0,0.0,0.6333,1,11.0
15/9-19 SR,1675.0,0,NONE,False,1675.0,0.3607,23,92.92,73.53,0.6333,0.0,0.0,0.6333,1,14.0
15/9-19 SR,1700.0,0,NONE,False,1700.0,0.3661,23,92.92,73.53,0.0,0.0,0.0,0.0,0,39.0
15/9-19 SR,1725.0,0,NONE,False,1725.0,0.3714,23,92.92,73.53,0.0,0.0,0.0,0.0,0,39.0
15/9-19 SR,1750.0,0,NONE,False,1750.0,0.3768,23,92.92,73.53,0.6267,0.6267,0.0,0.0,1,14.0
15/9-19 SR,1775.0,0,NONE,False,1775.0,0.3822,23,92.92,73.53,0.6267,0.6267,0.0,0.0,1,11.0
15/9-19 SR,1800.0,0,NONE,False,1800.0,0.3876,23,92.92,73.53,0.0,0.0,0.0,0.0,0,36.0
15/9-19 SR,1825.0,0,NONE,False,1825.0,0.393,23,92.92,73.53,0.0,0.0,0.0,0.0,0,42.0
15/9-19 SR,1850.0,0,NONE,False,1850.0,0.3984,23,92.92,73.53,0.6209,0.6209,0.0,0.0,1,17.0
15/9-19 SR,1875.0,0,NONE,False,1875.0,0.4037,23,92.92,73.53,1.2542,0.6209,0.0,0.6333,2,2.0
15/9-19 SR,1900.0,0,NONE,False,1900.0,0.4091,23,92.92,73.53,0.6333,0.0,0.0,0.6333,1,23.0
15/9-19 SR,1925.0,0,NONE,False,1925.0,0.4145,23,92.92,73.53,0.0,0.0,0.0,0.0,0,48.0
15/9-19 SR,1950.0,0,NONE,False,1950.0,0.4199,23,92.92,73.53,0.0,0.0,0.0,0.0,0,73.0
15/9-19 SR,1975.0,0,NONE,False,1975.0,0.4253,23,92.92,73.53,0.0,0.0,0.0,0.0,0,59.0
15/9-19 SR,2000.0,0,NONE,False,2000.0,0.4307,23,92.92,73.53,0.0,0.0,0.0,0.0,0,34.0
15/9-19 SR,2025.0,0,NONE,False,2025.0,0.436,23,92.92,73.53,0.6489,0.6489,0.0,0.0,1,9.0
15/9-19 SR,2050.0,0,NONE,False,2050.0,0.4414,23,92.92,73.53,0.6489,0.6489,0.0,0.0,1,16.0
15/9-19 SR,2075.0,0,NONE,False,2075.0,0.4468,23,92.92,73.53,0.6297,0.6297,0.0,0.0,1,25.0
15/9-19 SR,2100.0,0,NONE,False,2100.0,0.4522,23,92.92,73.53,0.6297,0.6297,0.0,0.0,1,0.0
15/9-19 SR,2125.0,0,NONE,False,2125.0,0.4576,23,92.92,73.53,0.6297,0.6297,0.0,0.0,1,25.0
15/9-19 SR,2150.0,0,NONE,False,2150.0,0.463,23,92.92,73.53,0.6781,0.6781,0.0,0.0,1,14.0
15/9-19 SR,2175.0,0,NONE,False,2175.0,0.4683,23,92.92,73.53,2.2323,1.4552,0.0,0.7771,3,11.0
15/9-19 SR,2200.0,0,NONE,False,2200.0,0.4737,23,92.92,73.53,2.9522,1.398,0.0,1.5542,4,1.0
15/9-19 SR,2225.0,0,NONE,False,2225.0,0.4791,23,92.92,73.53,2.0277,0.6209,0.0,1.4068,3,6.0
15/9-19 SR,2250.0,0,NONE,False,2250.0,0.4845,23,92.92,73.53,1.2506,0.6209,0.0,0.6297,2,2.0
15/9-19 SR,2275.0,0,NONE,False,2275.0,0.4899,23,92.92,73.53,0.6209,0.6209,0.0,0.0,1,23.0
15/9-19 SR,2300.0,0,NONE,False,2300.0,0.4953,23,92.92,73.53,0.0,0.0,0.0,0.0,0,28.0
15/9-19 SR,2325.0,0,NONE,False,2325.0,0.5006,23,92.92,73.53,0.6209,0.0,0.0,0.6209,1,3.0
15/9-19 SR,2350.0,0,NONE,False,2350.0,0.506,23,92.92,73.53,1.2506,0.0,0.0,1.2506,2,12.0
15/9-19 SR,2375.0,0,NONE,False,2375.0,0.5114,23,92.92,73.53,0.6297,0.0,0.0,0.6297,1,13.0
15/9-19 SR,2400.0,0,NONE,False,2400.0,0.5168,23,92.92,73.53,0.6297,0.6297,0.0,0.0,1,10.0
15/9-19 SR,2425.0,0,NONE,False,2425.0,0.5222,23,92.92,73.53,0.6297,0.6297,0.0,0.0,1,15.0
15/9-19 SR,2450.0,0,NONE,False,2450.0,0.5276,23,92.92,73.53,0.0,0.0,0.0,0.0,0,39.2
15/9-19 SR,2475.0,0,NONE,False,2475.0,0.5329,23,92.92,73.53,0.6297,0.6297,0.0,0.0,1,14.2
15/9-19 SR,2500.0,0,NONE,False,2500.0,0.5383,23,92.92,73.53,1.8963,1.8963,0.0,0.0,3,10.8
15/9-19 SR,2525.0,0,NONE,False,2525.0,0.5437,23,92.92,73.53,2.5332,2.5332,0.0,0.0,4,4.0
15/9-19 SR,2550.0,0,NONE,False,2550.0,0.5491,23,92.92,73.53,4.4199,4.4199,0.0,0.0,7,15.0
15/9-19 SR,2575.0,0,NONE,False,2575.0,0.5545,23,92.92,73.53,5.0102,4.3922,0.0,0.618,8,2.5
15/9-19 SR,2600.0,0,NONE,False,2600.0,0.5599,23,92.92,73.53,4.3628,3.7448,0.0,0.618,7,2.0
15/9-19 SR,2625.0,0,NONE,False,2625.0,0.5652,23,92.92,73.53,3.1548,3.1548,0.0,0.0,5,9.0
15/9-19 SR,2650.0,0,NONE,False,2650.0,0.5706,23,92.92,73.53,3.8878,3.8878,0.0,0.0,6,0.3
15/9-19 SR,2675.0,0,NONE,False,2675.0,0.576,23,92.92,73.53,4.4451,4.4451,0.0,0.0,7,1.0
15/9-19 SR,2700.0,0,NONE,False,2700.0,0.5814,23,92.92,73.53,1.2062,1.2062,0.0,0.0,2,22.7
15/9-19 SR,2725.0,0,NONE,False,2725.0,0.5868,23,92.92,73.53,0.6297,0.6297,0.0,0.0,1,17.0
15/9-19 SR,2750.0,0,NONE,False,2750.0,0.5922,23,92.92,73.53,1.9148,1.9148,0.0,0.0,3,8.0
15/9-19 SR,2775.0,0,NONE,False,2775.0,0.5975,23,92.92,73.53,1.9101,1.9101,0.0,0.0,3,0.0
15/9-19 SR,2800.0,0,NONE,False,2800.0,0.6029,23,92.92,73.53,1.2739,1.2739,0.0,0.0,2,18.2
15/9-19 SR,2825.0,0,NONE,False,2825.0,0.6083,23,92.92,73.53,2.5688,2.5688,0.0,0.0,4,2.0
15/9-19 SR,2850.0,0,NONE,False,2850.0,0.6137,23,92.92,73.53,3.2177,3.2177,0.0,0.0,5,0.0
15/9-19 SR,2875.0,0,NONE,False,2875.0,0.6191,23,92.92,73.53,4.4863,4.4863,0.0,0.0,7,1.0
15/9-19 SR,2900.0,0,NONE,False,2900.0,0.6245,23,92.92,73.53,3.2445,3.2445,0.0,0.0,5,15.0
15/9-19 SR,2925.0,0,NONE,False,2925.0,0.6298,23,92.92,73.53,1.9148,1.2786,0.0,0.6362,3,2.0
15/9-19 SR,2950.0,0,NONE,False,2950.0,0.6352,23,92.92,73.53,1.2659,0.6297,0.0,0.6362,2,23.0
15/9-19 SR,2975.0,0,NONE,False,2975.0,0.6406,23,92.92,73.53,1.8891,1.8891,0.0,0.0,3,8.0
15/9-19 SR,3000.0,0,NONE,False,3000.0,0.646,23,92.92,73.53,2.5188,2.5188,0.0,0.0,4,17.0
15/9-19 SR,3025.0,0,NONE,False,3025.0,0.6514,23,92.92,73.53,2.5188,2.5188,0.0,0.0,4,0.0
15/9-19 SR,3050.0,0,NONE,False,3050.0,0.6568,23,92.92,73.53,5.0376,5.0376,0.0,0.0,8,3.0
15/9-19 SR,3075.0,0,NONE,False,3075.0,0.6621,23,92.92,73.53,3.6876,3.6876,0.0,0.0,6,15.0
15/9-19 SR,3100.0,0,NONE,False,3100.0,0.6675,23,92.92,73.53,1.1688,1.1688,0.0,0.0,2,10.0
15/9-19 SR,3125.0,0,NONE,False,3125.0,0.6729,23,92.92,73.53,0.0,0.0,0.0,0.0,0,35.0
15/9-19 SR,3150.0,0,NONE,False,3150.0,0.6783,23,92.92,73.53,0.6297,0.6297,0.0,0.0,1,11.0
15/9-19 SR,3175.0,0,NONE,False,3175.0,0.6837,23,92.92,73.53,2.5248,2.5248,0.0,0.0,4,14.0
15/9-19 SR,3200.0,0,NONE,False,3200.0,0.6891,23,92.92,73.53,2.5732,2.5732,0.0,0.0,4,6.0
15/9-19 SR,3225.0,0,NONE,False,3225.0,0.6944,23,92.92,73.53,1.9287,1.299,0.0,0.6297,3,18.0
15/9-19 SR,3250.0,0,NONE,False,3250.0,0.6998,23,92.92,73.53,1.8803,1.2506,0.0,0.6297,3,2.0
15/9-19 SR,3275.0,0,NONE,False,3275.0,0.7052,23,92.92,73.53,1.2729,1.2729,0.0,0.0,2,3.0
15/9-19 SR,3300.0,0,NONE,False,3300.0,0.7106,23,92.92,73.53,1.2641,1.2641,0.0,0.0,2,4.0
15/9-19 SR,3325.0,0,NONE,False,3325.0,0.716,23,92.92,73.53,0.6209,0.6209,0.0,0.0,1,6.0
15/9-19 SR,3350.0,0,NONE,False,3350.0,0.7214,23,92.92,73.53,0.0,0.0,0.0,0.0,0,31.0
15/9-19 SR,3375.0,0,NONE,False,3375.0,0.7267,23,92.92,73.53,0.0,0.0,0.0,0.0,0,56.0
15/9-19 SR,3400.0,0,NONE,False,3400.0,0.7321,23,92.92,73.53,0.0,0.0,0.0,0.0,0,39.0
15/9-19 SR,3425.0,0,NONE,False,3425.0,0.7375,23,92.92,73.53,1.2418,1.2418,0.0,0.0,2,14.0
15/9-19 SR,3450.0,0,NONE,False,3450.0,0.7429,23,92.92,73.53,1.2418,1.2418,0.0,0.0,2,10.0
15/9-19 SR,3475.0,0,NONE,False,3475.0,0.7483,23,92.92,73.53,0.0,0.0,0.0,0.0,0,35.0
15/9-19 SR,3500.0,0,NONE,False,3500.0,0.7537,23,92.92,73.53,0.0,0.0,0.0,0.0,0,58.0
15/9-19 SR,3525.0,0,NONE,False,3525.0,0.759,23,92.92,73.53,0.0,0.0,0.0,0.0,0,33.0
15/9-19 SR,3550.0,0,NONE,False,3550.0,0.7644,23,92.92,73.53,0.6781,0.0,0.0,0.6781,1,8.0
15/9-19 SR,3575.0,0,NONE,False,3575.0,0.7698,23,92.92,73.53,2.0051,1.327,0.0,0.6781,3,6.0
15/9-19 SR,3600.0,0,NONE,False,3600.0,0.7752,23,92.92,73.53,1.327,1.327,0.0,0.0,2,19.0
15/9-19 SR,3625.0,0,NONE,False,3625.0,0.7806,23,92.92,73.53,0.6489,0.6489,0.0,0.0,1,7.0
15/9-19 SR,3650.0,0,NONE,False,3650.0,0.786,23,92.92,73.53,5.8197,5.1912,0.0,0.6285,9,10.0
15/9-19 SR,3675.0,0,NONE,False,3675.0,0.7913,23,92.92,73.53,5.8197,5.1912,0.0,0.6285,9,7.5
15/9-19 SR,3700.0,0,NONE,False,3700.0,0.7967,23,92.92,73.53,1.2978,1.2978,0.0,0.0,2,7.2
15/9-19 SR,3725.0,0,NONE,False,3725.0,0.8021,23,92.92,73.53,1.9467,1.9467,0.0,0.0,3,9.0
15/9-19 SR,3750.0,0,NONE,False,3750.0,0.8075,23,92.92,73.53,1.9302,1.9302,0.0,0.0,3,4.0
15/9-19 SR,3775.0,0,NONE,False,3775.0,0.8129,23,92.92,73.53,2.5499,2.5499,0.0,0.0,4,7.0
15/9-19 SR,3800.0,0,NONE,False,3800.0,0.8183,23,92.92,73.53,2.5956,1.9175,0.0,0.6781,4,6.0
15/9-19 SR,3825.0,0,NONE,False,3825.0,0.8236,23,92.92,73.53,1.327,0.6489,0.0,0.6781,2,1.0
15/9-19 SR,3850.0,0,NONE,False,3850.0,0.829,23,92.92,73.53,1.9295,1.2806,0.0,0.6489,3,6.0
15/9-19 SR,3875.0,0,NONE,False,3875.0,0.8344,23,92.92,73.53,1.2806,0.6317,0.0,0.6489,2,7.3
15/9-19 SR,3900.0,0,NONE,False,3900.0,0.8398,23,92.92,73.53,0.0,0.0,0.0,0.0,0,32.3
15/9-19 SR,3925.0,0,NONE,False,3925.0,0.8452,23,92.92,73.53,0.0,0.0,0.0,0.0,0,57.3
15/9-19 SR,3950.0,0,NONE,False,3950.0,0.8506,23,92.92,73.53,0.0,0.0,0.0,0.0,0,75.0
15/9-19 SR,3975.0,0,NONE,False,3975.0,0.8559,23,92.92,73.53,0.0,0.0,0.0,0.0,0,50.0
15/9-19 SR,4000.0,0,NONE,False,4000.0,0.8613,23,92.92,73.53,0.6781,0.0,0.0,0.6781,1,25.0
15/9-19 SR,4025.0,0,NONE,False,4025.0,0.8667,23,92.92,73.53,2.7822,1.426,0.0,1.3562,4,0.0
15/9-19 SR,4050.0,0,NONE,False,4050.0,0.8721,23,92.92,73.53,4.7289,3.3727,0.0,1.3562,7,0.0
15/9-19 SR,4075.0,0,NONE,False,4075.0,0.8775,23,92.92,73.53,6.5594,4.5251,0.0,2.0343,10,8.0
15/9-19 SR,4100.0,0,NONE,False,4100.0,0.8829,23,92.92,73.53,4.7409,1.9295,0.0,2.8114,7,5.0
15/9-19 SR,4125.0,0,NONE,False,4125.0,0.8882,23,92.92,73.53,1.4552,0.0,0.0,1.4552,2,2.0
15/9-19 SR,4150.0,0,NONE,False,4150.0,0.8936,23,92.92,73.53,0.6781,0.0,0.0,0.6781,1,20.0
15/9-19 SR,4175.0,0,NONE,False,4175.0,0.899,23,92.92,73.53,0.0,0.0,0.0,0.0,0,45.0
15/9-19 SR,4200.0,0,NONE,False,4200.0,0.9044,23,92.92,73.53,0.0,0.0,0.0,0.0,0,54.0
15/9-19 SR,4225.0,0,NONE,False,4225.0,0.9098,23,92.92,73.53,0.0,0.0,0.0,0.0,0,29.0
15/9-19 SR,4250.0,0,NONE,False,4250.0,0.9152,23,92.92,73.53,0.6317,0.6317,0.0,0.0,1,4.0
15/9-19 SR,4275.0,0,NONE,False,4275.0,0.9205,23,92.92,73.53,0.6317,0.6317,0.0,0.0,1,21.0
15/9-19 SR,4300.0,0,NONE,False,4300.0,0.9259,23,92.92,73.53,0.0,0.0,0.0,0.0,0,46.0
15/9-19 SR,4325.0,0,NONE,False,4325.0,0.9313,23,92.92,73.53,0.0,0.0,0.0,0.0,0,71.0
15/9-19 SR,4350.0,0,NONE,False,4350.0,0.9367,23,92.92,73.53,0.0,0.0,0.0,0.0,0,96.0
15/9-19 SR,4375.0,0,NONE,False,4375.0,0.9421,23,92.92,73.53,0.0,0.0,0.0,0.0,0,121.0
15/9-19 SR,4400.0,0,NONE,False,4400.0,0.9475,23,92.92,73.53,0.0,0.0,0.0,0.0,0,146.0
15/9-19 SR,4425.0,0,NONE,False,4425.0,0.9528,23,92.92,73.53,0.0,0.0,0.0,0.0,0,171.0
15/9-19 SR,4450.0,0,NONE,False,4450.0,0.9582,23,92.92,73.53,0.0,0.0,0.0,0.0,0,196.0
15/9-19 SR,4475.0,0,NONE,False,4475.0,0.9636,23,92.92,73.53,0.0,0.0,0.0,0.0,0,221.0
15/9-19 SR,4500.0,0,NONE,False,4500.0,0.969,23,92.92,73.53,0.0,0.0,0.0,0.0,0,245.0
15/9-19 SR,4525.0,0,NONE,False,4525.0,0.9744,23,92.92,73.53,0.0,0.0,0.0,0.0,0,220.0
15/9-19 SR,4550.0,0,NONE,False,4550.0,0.9798,23,92.92,73.53,0.0,0.0,0.0,0.0,0,195.0
15/9-19 SR,4575.0,0,NONE,False,4575.0,0.9851,23,92.92,73.53,0.0,0.0,0.0,0.0,0,170.0
15/9-19 SR,4600.0,0,NONE,False,4600.0,0.9905,23,92.92,73.53,0.0,0.0,0.0,0.0,0,145.0
15/9-19 SR,4625.0,0,NONE,False,4625.0,0.9959,23,92.92,73.53,0.0,0.0,0.0,0.0,0,120.0
15/9-19 SR2,50.0,0,NONE,False,50.0,0.0108,23,92.92,68.18,3.4025,0.5747,0.0,2.8278,6,0.0
15/9-19 SR2,75.0,0,NONE,False,75.0,0.0161,23,92.92,68.18,3.4391,1.7241,0.0,1.715,6,5.0
15/9-19 SR2,100.0,0,NONE,False,100.0,0.0215,23,92.92,68.18,2.8419,2.8419,0.0,0.0,5,2.0
15/9-19 SR2,125.0,0,NONE,False,125.0,0.0269,23,92.92,68.18,5.0226,5.0226,0.0,0.0,9,0.6
15/9-19 SR2,150.0,0,NONE,False,150.0,0.0323,23,92.92,68.18,5.0176,5.0176,0.0,0.0,9,0.1
15/9-19 SR2,175.0,0,NONE,False,175.0,0.0377,23,92.92,68.18,2.2475,1.6661,0.0,0.5814,4,3.0
15/9-19 SR2,200.0,0,NONE,False,200.0,0.0431,23,92.92,68.18,2.2841,1.7027,0.0,0.5814,4,18.0
15/9-19 SR2,225.0,0,NONE,False,225.0,0.0484,23,92.92,68.18,3.993,3.993,0.0,0.0,7,7.0
15/9-19 SR2,250.0,0,NONE,False,250.0,0.0538,23,92.92,68.18,4.0064,4.0064,0.0,0.0,7,1.0
15/9-19 SR2,275.0,0,NONE,False,275.0,0.0592,23,92.92,68.18,2.9847,2.9847,0.0,0.0,5,11.6
15/9-19 SR2,300.0,0,NONE,False,300.0,0.0646,23,92.92,68.18,2.3783,1.8219,0.5564,0.0,4,7.0
15/9-19 SR2,325.0,0,NONE,False,325.0,0.07,23,92.92,68.18,0.5564,0.0,0.5564,0.0,1,15.0
15/9-19 SR2,350.0,0,NONE,False,350.0,0.0754,23,92.92,68.18,0.0,0.0,0.0,0.0,0,40.0
15/9-19 SR2,375.0,0,NONE,False,375.0,0.0807,23,92.92,68.18,0.0,0.0,0.0,0.0,0,65.0
15/9-19 SR2,400.0,0,NONE,False,400.0,0.0861,23,92.92,68.18,0.0,0.0,0.0,0.0,0,90.0
15/9-19 SR2,425.0,0,NONE,False,425.0,0.0915,23,92.92,68.18,0.0,0.0,0.0,0.0,0,115.0
15/9-19 SR2,450.0,0,NONE,False,450.0,0.0969,23,92.92,68.18,0.0,0.0,0.0,0.0,0,128.0
15/9-19 SR2,475.0,0,NONE,False,475.0,0.1023,23,92.92,68.18,0.0,0.0,0.0,0.0,0,103.0
15/9-19 SR2,500.0,0,NONE,False,500.0,0.1077,23,92.92,68.18,0.0,0.0,0.0,0.0,0,78.0
15/9-19 SR2,525.0,0,NONE,False,525.0,0.113,23,92.92,68.18,0.0,0.0,0.0,0.0,0,53.0
15/9-19 SR2,550.0,0,NONE,False,550.0,0.1184,23,92.92,68.18,0.0,0.0,0.0,0.0,0,28.0
15/9-19 SR2,575.0,0,NONE,False,575.0,0.1238,23,92.92,68.18,0.5814,0.5814,0.0,0.0,1,3.0
15/9-19 SR2,600.0,0,NONE,False,600.0,0.1292,23,92.92,68.18,1.1378,1.1378,0.0,0.0,2,10.0
15/9-19 SR2,625.0,0,NONE,False,625.0,0.1346,23,92.92,68.18,1.0843,0.5564,0.0,0.5279,2,12.0
15/9-19 SR2,650.0,0,NONE,False,650.0,0.14,23,92.92,68.18,0.5279,0.0,0.0,0.5279,1,13.0
15/9-19 SR2,675.0,0,NONE,False,675.0,0.1453,23,92.92,68.18,0.5814,0.5814,0.0,0.0,1,10.0
15/9-19 SR2,700.0,0,NONE,False,700.0,0.1507,23,92.92,68.18,0.5814,0.5814,0.0,0.0,1,15.0
15/9-19 SR2,725.0,0,NONE,False,725.0,0.1561,23,92.92,68.18,0.0,0.0,0.0,0.0,0,29.3
15/9-19 SR2,750.0,0,NONE,False,750.0,0.1615,23,92.92,68.18,0.5564,0.5564,0.0,0.0,1,4.3
15/9-19 SR2,775.0,0,NONE,False,775.0,0.1669,23,92.92,68.18,0.876,0.5564,0.0,0.3196,2,18.1
15/9-19 SR2,800.0,0,NONE,False,800.0,0.1723,23,92.92,68.18,0.3196,0.0,0.0,0.3196,1,6.9
15/9-19 SR2,825.0,0,NONE,False,825.0,0.1776,23,92.92,68.18,2.7148,2.7148,0.0,0.0,7,4.0
15/9-19 SR2,850.0,0,NONE,False,850.0,0.183,23,92.92,68.18,3.835,3.835,0.0,0.0,9,2.0
15/9-19 SR2,875.0,0,NONE,False,875.0,0.1884,23,92.92,68.18,4.8106,4.8106,0.0,0.0,9,3.0
15/9-19 SR2,900.0,0,NONE,False,900.0,0.1938,23,92.92,68.18,4.8032,4.8032,0.0,0.0,9,0.0
15/9-19 SR2,925.0,0,NONE,False,925.0,0.1992,23,92.92,68.18,3.4277,3.4277,0.0,0.0,7,5.0
15/9-19 SR2,950.0,0,NONE,False,950.0,0.2046,23,92.92,68.18,1.2021,1.2021,0.0,0.0,3,20.0
15/9-19 SR2,975.0,0,NONE,False,975.0,0.2099,23,92.92,68.18,0.5814,0.5814,0.0,0.0,1,25.0
15/9-19 SR2,1000.0,0,NONE,False,1000.0,0.2153,23,92.92,68.18,0.5814,0.5814,0.0,0.0,1,0.0
15/9-19 SR2,1025.0,0,NONE,False,1025.0,0.2207,23,92.92,68.18,4.137,4.137,0.0,0.0,12,25.0
15/9-19 SR2,1050.0,0,NONE,False,1050.0,0.2261,23,92.92,68.18,3.5556,3.5556,0.0,0.0,11,0.0
15/9-19 SR2,1075.0,0,NONE,False,1075.0,0.2315,23,92.92,68.18,3.5556,3.5556,0.0,0.0,11,25.0
15/9-19 SR2,1100.0,0,NONE,False,1100.0,0.2369,23,92.92,68.18,0.4007,0.4007,0.0,0.0,1,20.0
15/9-19 SR2,1125.0,0,NONE,False,1125.0,0.2422,23,92.92,68.18,0.4007,0.4007,0.0,0.0,1,5.0
15/9-19 SR2,1150.0,0,NONE,False,1150.0,0.2476,23,92.92,68.18,0.0,0.0,0.0,0.0,0,30.0
15/9-19 SR2,1175.0,0,NONE,False,1175.0,0.253,23,92.92,68.18,0.0,0.0,0.0,0.0,0,55.0
15/9-19 SR2,1200.0,0,NONE,False,1200.0,0.2584,23,92.92,68.18,0.0,0.0,0.0,0.0,0,38.0
15/9-19 SR2,1225.0,0,NONE,False,1225.0,0.2638,23,92.92,68.18,0.5533,0.0,0.0,0.5533,1,13.0
15/9-19 SR2,1250.0,0,NONE,False,1250.0,0.2692,23,92.92,68.18,0.5533,0.0,0.0,0.5533,1,12.0
15/9-19 SR2,1275.0,0,NONE,False,1275.0,0.2745,23,92.92,68.18,0.5279,0.0,0.0,0.5279,1,5.6
15/9-19 SR2,1300.0,0,NONE,False,1300.0,0.2799,23,92.92,68.18,1.6773,1.1494,0.0,0.5279,3,13.7
15/9-19 SR2,1325.0,0,NONE,False,1325.0,0.2853,23,92.92,68.18,1.1494,1.1494,0.0,0.0,2,4.0
15/9-19 SR2,1350.0,0,NONE,False,1350.0,0.2907,23,92.92,68.18,4.0163,3.4374,0.0,0.5789,7,4.0
15/9-19 SR2,1375.0,0,NONE,False,1375.0,0.2961,23,92.92,68.18,4.5952,3.4374,0.0,1.1578,8,6.0
15/9-19 SR2,1400.0,0,NONE,False,1400.0,0.3015,23,92.92,68.18,0.5789,0.0,0.0,0.5789,1,19.0
15/9-19 SR2,1425.0,0,NONE,False,1425.0,0.3068,23,92.92,68.18,0.0,0.0,0.0,0.0,0,35.0
15/9-19 SR2,1450.0,0,NONE,False,1450.0,0.3122,23,92.92,68.18,0.5609,0.5609,0.0,0.0,1,10.0
15/9-19 SR2,1475.0,0,NONE,False,1475.0,0.3176,23,92.92,68.18,1.1218,0.5609,0.0,0.5609,2,15.0
15/9-19 SR2,1500.0,0,NONE,False,1500.0,0.323,23,92.92,68.18,0.5609,0.0,0.0,0.5609,1,7.0
15/9-19 SR2,1525.0,0,NONE,False,1525.0,0.3284,23,92.92,68.18,0.5585,0.0,0.0,0.5585,1,7.0
15/9-19 SR2,1550.0,0,NONE,False,1550.0,0.3338,23,92.92,68.18,0.5585,0.0,0.0,0.5585,1,18.0
15/9-19 SR2,1575.0,0,NONE,False,1575.0,0.3391,23,92.92,68.18,0.0,0.0,0.0,0.0,0,43.0
15/9-19 SR2,1600.0,0,NONE,False,1600.0,0.3445,23,92.92,68.18,0.0,0.0,0.0,0.0,0,61.0
15/9-19 SR2,1625.0,0,NONE,False,1625.0,0.3499,23,92.92,68.18,0.0,0.0,0.0,0.0,0,36.0
15/9-19 SR2,1650.0,0,NONE,False,1650.0,0.3553,23,92.92,68.18,0.5814,0.0,0.0,0.5814,1,11.0
15/9-19 SR2,1675.0,0,NONE,False,1675.0,0.3607,23,92.92,68.18,0.5814,0.0,0.0,0.5814,1,14.0
15/9-19 SR2,1700.0,0,NONE,False,1700.0,0.3661,23,92.92,68.18,0.0,0.0,0.0,0.0,0,39.0
15/9-19 SR2,1725.0,0,NONE,False,1725.0,0.3714,23,92.92,68.18,0.0,0.0,0.0,0.0,0,39.0
15/9-19 SR2,1750.0,0,NONE,False,1750.0,0.3768,23,92.92,68.18,0.5585,0.5585,0.0,0.0,1,14.0
15/9-19 SR2,1775.0,0,NONE,False,1775.0,0.3822,23,92.92,68.18,0.5585,0.5585,0.0,0.0,1,11.0
15/9-19 SR2,1800.0,0,NONE,False,1800.0,0.3876,23,92.92,68.18,0.0,0.0,0.0,0.0,0,36.0
15/9-19 SR2,1825.0,0,NONE,False,1825.0,0.393,23,92.92,68.18,0.0,0.0,0.0,0.0,0,42.0
15/9-19 SR2,1850.0,0,NONE,False,1850.0,0.3984,23,92.92,68.18,0.5533,0.5533,0.0,0.0,1,17.0
15/9-19 SR2,1875.0,0,NONE,False,1875.0,0.4037,23,92.92,68.18,1.1347,0.5533,0.0,0.5814,2,2.0
15/9-19 SR2,1900.0,0,NONE,False,1900.0,0.4091,23,92.92,68.18,0.5814,0.0,0.0,0.5814,1,23.0
15/9-19 SR2,1925.0,0,NONE,False,1925.0,0.4145,23,92.92,68.18,0.0,0.0,0.0,0.0,0,48.0
15/9-19 SR2,1950.0,0,NONE,False,1950.0,0.4199,23,92.92,68.18,0.0,0.0,0.0,0.0,0,73.0
15/9-19 SR2,1975.0,0,NONE,False,1975.0,0.4253,23,92.92,68.18,0.0,0.0,0.0,0.0,0,59.0
15/9-19 SR2,2000.0,0,NONE,False,2000.0,0.4307,23,92.92,68.18,0.0,0.0,0.0,0.0,0,34.0
15/9-19 SR2,2025.0,0,NONE,False,2025.0,0.436,23,92.92,68.18,0.5789,0.5789,0.0,0.0,1,9.0
15/9-19 SR2,2050.0,0,NONE,False,2050.0,0.4414,23,92.92,68.18,0.5789,0.5789,0.0,0.0,1,16.0
15/9-19 SR2,2075.0,0,NONE,False,2075.0,0.4468,23,92.92,68.18,0.5592,0.5592,0.0,0.0,1,25.0
15/9-19 SR2,2100.0,0,NONE,False,2100.0,0.4522,23,92.92,68.18,0.5592,0.5592,0.0,0.0,1,0.0
15/9-19 SR2,2125.0,0,NONE,False,2125.0,0.4576,23,92.92,68.18,0.5592,0.5592,0.0,0.0,1,25.0
15/9-19 SR2,2150.0,0,NONE,False,2150.0,0.463,23,92.92,68.18,0.6073,0.6073,0.0,0.0,1,14.0
15/9-19 SR2,2175.0,0,NONE,False,2175.0,0.4683,23,92.92,68.18,2.0197,1.3135,0.0,0.7062,3,11.0
15/9-19 SR2,2200.0,0,NONE,False,2200.0,0.4737,23,92.92,68.18,2.6719,1.2595,0.0,1.4124,4,1.0
15/9-19 SR2,2225.0,0,NONE,False,2225.0,0.4791,23,92.92,68.18,1.8187,0.5533,0.0,1.2654,3,6.0
15/9-19 SR2,2250.0,0,NONE,False,2250.0,0.4845,23,92.92,68.18,1.1125,0.5533,0.0,0.5592,2,2.0
15/9-19 SR2,2275.0,0,NONE,False,2275.0,0.4899,23,92.92,68.18,0.5533,0.5533,0.0,0.0,1,23.0
15/9-19 SR2,2300.0,0,NONE,False,2300.0,0.4953,23,92.92,68.18,0.0,0.0,0.0,0.0,0,28.0
15/9-19 SR2,2325.0,0,NONE,False,2325.0,0.5006,23,92.92,68.18,0.5533,0.0,0.0,0.5533,1,3.0
15/9-19 SR2,2350.0,0,NONE,False,2350.0,0.506,23,92.92,68.18,1.1147,0.0,0.0,1.1147,2,12.0
15/9-19 SR2,2375.0,0,NONE,False,2375.0,0.5114,23,92.92,68.18,0.5614,0.0,0.0,0.5614,1,13.0
15/9-19 SR2,2400.0,0,NONE,False,2400.0,0.5168,23,92.92,68.18,0.5592,0.5592,0.0,0.0,1,10.0
15/9-19 SR2,2425.0,0,NONE,False,2425.0,0.5222,23,92.92,68.18,0.5592,0.5592,0.0,0.0,1,15.0
15/9-19 SR2,2450.0,0,NONE,False,2450.0,0.5276,23,92.92,68.18,0.0,0.0,0.0,0.0,0,39.2
15/9-19 SR2,2475.0,0,NONE,False,2475.0,0.5329,23,92.92,68.18,0.5614,0.5614,0.0,0.0,1,14.2
15/9-19 SR2,2500.0,0,NONE,False,2500.0,0.5383,23,92.92,68.18,1.7242,1.7242,0.0,0.0,3,10.8
15/9-19 SR2,2525.0,0,NONE,False,2525.0,0.5437,23,92.92,68.18,2.3256,2.3256,0.0,0.0,4,4.0
15/9-19 SR2,2550.0,0,NONE,False,2550.0,0.5491,23,92.92,68.18,4.024,4.024,0.0,0.0,7,15.0
15/9-19 SR2,2575.0,0,NONE,False,2575.0,0.5545,23,92.92,68.18,4.5441,3.9793,0.0,0.5648,8,2.5
15/9-19 SR2,2600.0,0,NONE,False,2600.0,0.5599,23,92.92,68.18,3.9175,3.3527,0.0,0.5648,7,2.0
15/9-19 SR2,2625.0,0,NONE,False,2625.0,0.5652,23,92.92,68.18,2.8135,2.8135,0.0,0.0,5,9.0
15/9-19 SR2,2650.0,0,NONE,False,2650.0,0.5706,23,92.92,68.18,3.4846,3.4846,0.0,0.0,6,0.3
15/9-19 SR2,2675.0,0,NONE,False,2675.0,0.576,23,92.92,68.18,3.9887,3.9887,0.0,0.0,7,1.0
15/9-19 SR2,2700.0,0,NONE,False,2700.0,0.5814,23,92.92,68.18,1.083,1.083,0.0,0.0,2,22.7
15/9-19 SR2,2725.0,0,NONE,False,2725.0,0.5868,23,92.92,68.18,0.5592,0.5592,0.0,0.0,1,17.0
15/9-19 SR2,2750.0,0,NONE,False,2750.0,0.5922,23,92.92,68.18,1.722,1.722,0.0,0.0,3,8.0
15/9-19 SR2,2775.0,0,NONE,False,2775.0,0.5975,23,92.92,68.18,1.7192,1.7192,0.0,0.0,3,0.0
15/9-19 SR2,2800.0,0,NONE,False,2800.0,0.6029,23,92.92,68.18,1.1353,1.1353,0.0,0.0,2,18.2
15/9-19 SR2,2825.0,0,NONE,False,2825.0,0.6083,23,92.92,68.18,2.2928,2.2928,0.0,0.0,4,2.0
15/9-19 SR2,2850.0,0,NONE,False,2850.0,0.6137,23,92.92,68.18,2.8717,2.8717,0.0,0.0,5,0.0
15/9-19 SR2,2875.0,0,NONE,False,2875.0,0.6191,23,92.92,68.18,4.0011,4.0011,0.0,0.0,7,1.0
15/9-19 SR2,2900.0,0,NONE,False,2900.0,0.6245,23,92.92,68.18,2.8945,2.8945,0.0,0.0,5,15.0
15/9-19 SR2,2925.0,0,NONE,False,2925.0,0.6298,23,92.92,68.18,1.722,1.1381,0.0,0.5839,3,2.0
15/9-19 SR2,2950.0,0,NONE,False,2950.0,0.6352,23,92.92,68.18,1.1431,0.5592,0.0,0.5839,2,23.0
15/9-19 SR2,2975.0,0,NONE,False,2975.0,0.6406,23,92.92,68.18,1.6776,1.6776,0.0,0.0,3,8.0
15/9-19 SR2,3000.0,0,NONE,False,3000.0,0.646,23,92.92,68.18,2.2368,2.2368,0.0,0.0,4,17.0
15/9-19 SR2,3025.0,0,NONE,False,3025.0,0.6514,23,92.92,68.18,2.239,2.239,0.0,0.0,4,0.0
15/9-19 SR2,3050.0,0,NONE,False,3050.0,0.6568,23,92.92,68.18,4.4758,4.4758,0.0,0.0,8,3.0
15/9-19 SR2,3075.0,0,NONE,False,3075.0,0.6621,23,92.92,68.18,3.2926,3.2926,0.0,0.0,6,15.0
15/9-19 SR2,3100.0,0,NONE,False,3100.0,0.6675,23,92.92,68.18,1.0558,1.0558,0.0,0.0,2,10.0
15/9-19 SR2,3125.0,0,NONE,False,3125.0,0.6729,23,92.92,68.18,0.0,0.0,0.0,0.0,0,35.0
15/9-19 SR2,3150.0,0,NONE,False,3150.0,0.6783,23,92.92,68.18,0.5592,0.5592,0.0,0.0,1,11.0
15/9-19 SR2,3175.0,0,NONE,False,3175.0,0.6837,23,92.92,68.18,2.2506,2.2506,0.0,0.0,4,14.0
15/9-19 SR2,3200.0,0,NONE,False,3200.0,0.6891,23,92.92,68.18,2.2987,2.2987,0.0,0.0,4,6.0
15/9-19 SR2,3225.0,0,NONE,False,3225.0,0.6944,23,92.92,68.18,1.7198,1.1606,0.0,0.5592,3,18.0
15/9-19 SR2,3250.0,0,NONE,False,3250.0,0.6998,23,92.92,68.18,1.6717,1.1125,0.0,0.5592,3,2.0
15/9-19 SR2,3275.0,0,NONE,False,3275.0,0.7052,23,92.92,68.18,1.1339,1.1339,0.0,0.0,2,3.0
15/9-19 SR2,3300.0,0,NONE,False,3300.0,0.7106,23,92.92,68.18,1.128,1.128,0.0,0.0,2,4.0
15/9-19 SR2,3325.0,0,NONE,False,3325.0,0.716,23,92.92,68.18,0.5533,0.5533,0.0,0.0,1,6.0
15/9-19 SR2,3350.0,0,NONE,False,3350.0,0.7214,23,92.92,68.18,0.0,0.0,0.0,0.0,0,31.0
15/9-19 SR2,3375.0,0,NONE,False,3375.0,0.7267,23,92.92,68.18,0.0,0.0,0.0,0.0,0,56.0
15/9-19 SR2,3400.0,0,NONE,False,3400.0,0.7321,23,92.92,68.18,0.0,0.0,0.0,0.0,0,39.0
15/9-19 SR2,3425.0,0,NONE,False,3425.0,0.7375,23,92.92,68.18,1.1066,1.1066,0.0,0.0,2,14.0
15/9-19 SR2,3450.0,0,NONE,False,3450.0,0.7429,23,92.92,68.18,1.1066,1.1066,0.0,0.0,2,10.0
15/9-19 SR2,3475.0,0,NONE,False,3475.0,0.7483,23,92.92,68.18,0.0,0.0,0.0,0.0,0,35.0
15/9-19 SR2,3500.0,0,NONE,False,3500.0,0.7537,23,92.92,68.18,0.0,0.0,0.0,0.0,0,58.0
15/9-19 SR2,3525.0,0,NONE,False,3525.0,0.759,23,92.92,68.18,0.0,0.0,0.0,0.0,0,33.0
15/9-19 SR2,3550.0,0,NONE,False,3550.0,0.7644,23,92.92,68.18,0.6073,0.0,0.0,0.6073,1,8.0
15/9-19 SR2,3575.0,0,NONE,False,3575.0,0.7698,23,92.92,68.18,1.7935,1.1862,0.0,0.6073,3,6.0
15/9-19 SR2,3600.0,0,NONE,False,3600.0,0.7752,23,92.92,68.18,1.1862,1.1862,0.0,0.0,2,19.0
15/9-19 SR2,3625.0,0,NONE,False,3625.0,0.7806,23,92.92,68.18,0.5789,0.5789,0.0,0.0,1,7.0
15/9-19 SR2,3650.0,0,NONE,False,3650.0,0.786,23,92.92,68.18,5.1921,4.6312,0.0,0.5609,9,10.0
15/9-19 SR2,3675.0,0,NONE,False,3675.0,0.7913,23,92.92,68.18,5.1921,4.6312,0.0,0.5609,9,7.5
15/9-19 SR2,3700.0,0,NONE,False,3700.0,0.7967,23,92.92,68.18,1.1578,1.1578,0.0,0.0,2,7.2
15/9-19 SR2,3725.0,0,NONE,False,3725.0,0.8021,23,92.92,68.18,1.7367,1.7367,0.0,0.0,3,9.0
15/9-19 SR2,3750.0,0,NONE,False,3750.0,0.8075,23,92.92,68.18,1.7217,1.7217,0.0,0.0,3,4.0
15/9-19 SR2,3775.0,0,NONE,False,3775.0,0.8129,23,92.92,68.18,2.2906,2.2906,0.0,0.0,4,7.0
15/9-19 SR2,3800.0,0,NONE,False,3800.0,0.8183,23,92.92,68.18,2.334,1.7267,0.0,0.6073,4,6.0
15/9-19 SR2,3825.0,0,NONE,False,3825.0,0.8236,23,92.92,68.18,1.1862,0.5789,0.0,0.6073,2,1.0
15/9-19 SR2,3850.0,0,NONE,False,3850.0,0.829,23,92.92,68.18,1.7216,1.1427,0.0,0.5789,3,6.0
15/9-19 SR2,3875.0,0,NONE,False,3875.0,0.8344,23,92.92,68.18,1.1427,0.5638,0.0,0.5789,2,7.3
15/9-19 SR2,3900.0,0,NONE,False,3900.0,0.8398,23,92.92,68.18,0.0,0.0,0.0,0.0,0,32.3
15/9-19 SR2,3925.0,0,NONE,False,3925.0,0.8452,23,92.92,68.18,0.0,0.0,0.0,0.0,0,57.3
15/9-19 SR2,3950.0,0,NONE,False,3950.0,0.8506,23,92.92,68.18,0.0,0.0,0.0,0.0,0,75.0
15/9-19 SR2,3975.0,0,NONE,False,3975.0,0.8559,23,92.92,68.18,0.0,0.0,0.0,0.0,0,50.0
15/9-19 SR2,4000.0,0,NONE,False,4000.0,0.8613,23,92.92,68.18,0.6073,0.0,0.0,0.6073,1,25.0
15/9-19 SR2,4025.0,0,NONE,False,4025.0,0.8667,23,92.92,68.18,2.4997,1.2851,0.0,1.2146,4,0.0
15/9-19 SR2,4050.0,0,NONE,False,4050.0,0.8721,23,92.92,68.18,4.2364,3.0218,0.0,1.2146,7,0.0
15/9-19 SR2,4075.0,0,NONE,False,4075.0,0.8775,23,92.92,68.18,5.8591,4.0372,0.0,1.8219,10,8.0
15/9-19 SR2,4100.0,0,NONE,False,4100.0,0.8829,23,92.92,68.18,4.2497,1.7216,0.0,2.5281,7,5.0
15/9-19 SR2,4125.0,0,NONE,False,4125.0,0.8882,23,92.92,68.18,1.3135,0.0,0.0,1.3135,2,2.0
15/9-19 SR2,4150.0,0,NONE,False,4150.0,0.8936,23,92.92,68.18,0.6073,0.0,0.0,0.6073,1,20.0
15/9-19 SR2,4175.0,0,NONE,False,4175.0,0.899,23,92.92,68.18,0.0,0.0,0.0,0.0,0,45.0
15/9-19 SR2,4200.0,0,NONE,False,4200.0,0.9044,23,92.92,68.18,0.0,0.0,0.0,0.0,0,54.0
15/9-19 SR2,4225.0,0,NONE,False,4225.0,0.9098,23,92.92,68.18,0.0,0.0,0.0,0.0,0,29.0
15/9-19 SR2,4250.0,0,NONE,False,4250.0,0.9152,23,92.92,68.18,0.5638,0.5638,0.0,0.0,1,4.0
15/9-19 SR2,4275.0,0,NONE,False,4275.0,0.9205,23,92.92,68.18,0.5638,0.5638,0.0,0.0,1,21.0
15/9-19 SR2,4300.0,0,NONE,False,4300.0,0.9259,23,92.92,68.18,0.0,0.0,0.0,0.0,0,46.0
15/9-19 SR2,4325.0,0,NONE,False,4325.0,0.9313,23,92.92,68.18,0.0,0.0,0.0,0.0,0,71.0
15/9-19 SR2,4350.0,0,NONE,False,4350.0,0.9367,23,92.92,68.18,0.0,0.0,0.0,0.0,0,96.0
15/9-19 SR2,4375.0,0,NONE,False,4375.0,0.9421,23,92.92,68.18,0.0,0.0,0.0,0.0,0,121.0
15/9-19 SR2,4400.0,0,NONE,False,4400.0,0.9475,23,92.92,68.18,0.0,0.0,0.0,0.0,0,146.0
15/9-19 SR2,4425.0,0,NONE,False,4425.0,0.9528,23,92.92,68.18,0.0,0.0,0.0,0.0,0,171.0
15/9-19 SR2,4450.0,0,NONE,False,4450.0,0.9582,23,92.92,68.18,0.0,0.0,0.0,0.0,0,196.0
15/9-19 SR2,4475.0,0,NONE,False,4475.0,0.9636,23,92.92,68.18,0.0,0.0,0.0,0.0,0,221.0
15/9-19 SR2,4500.0,0,NONE,False,4500.0,0.969,23,92.92,68.18,0.0,0.0,0.0,0.0,0,245.0
15/9-19 SR2,4525.0,0,NONE,False,4525.0,0.9744,23,92.92,68.18,0.0,0.0,0.0,0.0,0,220.0
15/9-19 SR2,4550.0,0,NONE,False,4550.0,0.9798,23,92.92,68.18,0.0,0.0,0.0,0.0,0,195.0
15/9-19 SR2,4575.0,0,NONE,False,4575.0,0.9851,23,92.92,68.18,0.0,0.0,0.0,0.0,0,170.0
15/9-19 SR2,4600.0,0,NONE,False,4600.0,0.9905,23,92.92,68.18,0.0,0.0,0.0,0.0,0,145.0
15/9-19 SR2,4625.0,0,NONE,False,4625.0,0.9959,23,92.92,68.18,0.0,0.0,0.0,0.0,0,120.0
15/9-19 ST2,50.0,0,NONE,False,50.0,0.014,23,100.0,71.48,3.5568,0.5734,0.0,2.9834,6,0.0
15/9-19 ST2,75.0,0,NONE,False,75.0,0.0209,23,100.0,71.48,3.5048,1.7202,0.0,1.7846,6,5.0
15/9-19 ST2,100.0,0,NONE,False,100.0,0.0279,23,100.0,71.48,2.9055,2.9055,0.0,0.0,5,2.0
15/9-19 ST2,125.0,0,NONE,False,125.0,0.0349,23,100.0,71.48,5.3541,5.3541,0.0,0.0,9,0.6
15/9-19 ST2,150.0,0,NONE,False,150.0,0.0419,23,100.0,71.48,5.3676,5.3676,0.0,0.0,9,0.1
15/9-19 ST2,175.0,0,NONE,False,175.0,0.0489,23,100.0,71.48,2.386,1.7641,0.0,0.6219,4,3.0
15/9-19 ST2,200.0,0,NONE,False,200.0,0.0559,23,100.0,71.48,2.334,1.7121,0.0,0.6219,4,18.0
15/9-19 ST2,225.0,0,NONE,False,225.0,0.0628,23,100.0,71.48,4.1143,4.1143,0.0,0.0,7,7.0
15/9-19 ST2,250.0,0,NONE,False,250.0,0.0698,23,100.0,71.48,4.2113,4.2113,0.0,0.0,7,1.0
15/9-19 ST2,275.0,0,NONE,False,275.0,0.0768,23,100.0,71.48,3.1284,3.1284,0.0,0.0,5,11.6
15/9-19 ST2,300.0,0,NONE,False,300.0,0.0838,23,100.0,71.48,2.484,1.8846,0.5994,0.0,4,7.0
15/9-19 ST2,325.0,0,NONE,False,325.0,0.0908,23,100.0,71.48,0.5994,0.0,0.5994,0.0,1,15.0
15/9-19 ST2,350.0,0,NONE,False,350.0,0.0978,23,100.0,71.48,0.0,0.0,0.0,0.0,0,40.0
15/9-19 ST2,375.0,0,NONE,False,375.0,0.1047,23,100.0,71.48,0.0,0.0,0.0,0.0,0,65.0
15/9-19 ST2,400.0,0,NONE,False,400.0,0.1117,23,100.0,71.48,0.0,0.0,0.0,0.0,0,90.0
15/9-19 ST2,425.0,0,NONE,False,425.0,0.1187,23,100.0,71.48,0.0,0.0,0.0,0.0,0,115.0
15/9-19 ST2,450.0,0,NONE,False,450.0,0.1257,23,100.0,71.48,0.0,0.0,0.0,0.0,0,128.0
15/9-19 ST2,475.0,0,NONE,False,475.0,0.1327,23,100.0,71.48,0.0,0.0,0.0,0.0,0,103.0
15/9-19 ST2,500.0,0,NONE,False,500.0,0.1397,23,100.0,71.48,0.0,0.0,0.0,0.0,0,78.0
15/9-19 ST2,525.0,0,NONE,False,525.0,0.1466,23,100.0,71.48,0.0,0.0,0.0,0.0,0,53.0
15/9-19 ST2,550.0,0,NONE,False,550.0,0.1536,23,100.0,71.48,0.0,0.0,0.0,0.0,0,28.0
15/9-19 ST2,575.0,0,NONE,False,575.0,0.1606,23,100.0,71.48,0.6219,0.6219,0.0,0.0,1,3.0
15/9-19 ST2,600.0,0,NONE,False,600.0,0.1676,23,100.0,71.48,1.2213,1.2213,0.0,0.0,2,10.0
15/9-19 ST2,625.0,0,NONE,False,625.0,0.1746,23,100.0,71.48,1.1703,0.5994,0.0,0.5709,2,12.0
15/9-19 ST2,650.0,0,NONE,False,650.0,0.1816,23,100.0,71.48,0.5709,0.0,0.0,0.5709,1,13.0
15/9-19 ST2,675.0,0,NONE,False,675.0,0.1885,23,100.0,71.48,0.6219,0.6219,0.0,0.0,1,10.0
15/9-19 ST2,700.0,0,NONE,False,700.0,0.1955,23,100.0,71.48,0.6219,0.6219,0.0,0.0,1,15.0
15/9-19 ST2,725.0,0,NONE,False,725.0,0.2025,23,100.0,71.48,0.0,0.0,0.0,0.0,0,29.3
15/9-19 ST2,750.0,0,NONE,False,750.0,0.2095,23,100.0,71.48,0.5994,0.5994,0.0,0.0,1,4.3
15/9-19 ST2,775.0,0,NONE,False,775.0,0.2165,23,100.0,71.48,1.0064,0.5994,0.0,0.407,2,18.1
15/9-19 ST2,800.0,0,NONE,False,800.0,0.2235,23,100.0,71.48,0.407,0.0,0.0,0.407,1,6.9
15/9-19 ST2,825.0,0,NONE,False,825.0,0.2304,23,100.0,71.48,3.2375,3.2375,0.0,0.0,7,4.0
15/9-19 ST2,850.0,0,NONE,False,850.0,0.2374,23,100.0,71.48,4.3999,4.3999,0.0,0.0,9,2.0
15/9-19 ST2,875.0,0,NONE,False,875.0,0.2444,23,100.0,71.48,5.1519,5.1519,0.0,0.0,9,3.0
15/9-19 ST2,900.0,0,NONE,False,900.0,0.2514,23,100.0,71.48,5.1883,5.1883,0.0,0.0,9,0.0
15/9-19 ST2,925.0,0,NONE,False,925.0,0.2584,23,100.0,71.48,3.8748,3.8748,0.0,0.0,7,5.0
15/9-19 ST2,950.0,0,NONE,False,950.0,0.2654,23,100.0,71.48,1.4772,1.4772,0.0,0.0,3,20.0
15/9-19 ST2,975.0,0,NONE,False,975.0,0.2723,23,100.0,71.48,0.6219,0.6219,0.0,0.0,1,25.0
15/9-19 ST2,1000.0,0,NONE,False,1000.0,0.2793,23,100.0,71.48,0.6219,0.6219,0.0,0.0,1,0.0
15/9-19 ST2,1025.0,0,NONE,False,1025.0,0.2863,23,100.0,71.48,5.1359,5.1359,0.0,0.0,12,25.0
15/9-19 ST2,1050.0,0,NONE,False,1050.0,0.2933,23,100.0,71.48,4.514,4.514,0.0,0.0,11,0.0
15/9-19 ST2,1075.0,0,NONE,False,1075.0,0.3003,23,100.0,71.48,4.514,4.514,0.0,0.0,11,25.0
15/9-19 ST2,1100.0,0,NONE,False,1100.0,0.3073,23,100.0,71.48,0.4924,0.4924,0.0,0.0,1,20.0
15/9-19 ST2,1125.0,0,NONE,False,1125.0,0.3142,23,100.0,71.48,0.4924,0.4924,0.0,0.0,1,5.0
15/9-19 ST2,1150.0,0,NONE,False,1150.0,0.3212,23,100.0,71.48,0.0,0.0,0.0,0.0,0,30.0
15/9-19 ST2,1175.0,0,NONE,False,1175.0,0.3282,23,100.0,71.48,0.0,0.0,0.0,0.0,0,55.0
15/9-19 ST2,1200.0,0,NONE,False,1200.0,0.3352,23,100.0,71.48,0.0,0.0,0.0,0.0,0,38.0
15/9-19 ST2,1225.0,0,NONE,False,1225.0,0.3422,23,100.0,71.48,0.5653,0.0,0.0,0.5653,1,13.0
15/9-19 ST2,1250.0,0,NONE,False,1250.0,0.3492,23,100.0,71.48,0.5653,0.0,0.0,0.5653,1,12.0
15/9-19 ST2,1275.0,0,NONE,False,1275.0,0.3561,23,100.0,71.48,0.5709,0.0,0.0,0.5709,1,5.6
15/9-19 ST2,1300.0,0,NONE,False,1300.0,0.3631,23,100.0,71.48,1.7177,1.1468,0.0,0.5709,3,13.7
15/9-19 ST2,1325.0,0,NONE,False,1325.0,0.3701,23,100.0,71.48,1.1468,1.1468,0.0,0.0,2,4.0
15/9-19 ST2,1350.0,0,NONE,False,1350.0,0.3771,23,100.0,71.48,4.241,3.6361,0.0,0.6049,7,4.0
15/9-19 ST2,1375.0,0,NONE,False,1375.0,0.3841,23,100.0,71.48,4.8459,3.6361,0.0,1.2098,8,6.0
15/9-19 ST2,1400.0,0,NONE,False,1400.0,0.3911,23,100.0,71.48,0.6049,0.0,0.0,0.6049,1,19.0
15/9-19 ST2,1425.0,0,NONE,False,1425.0,0.398,23,100.0,71.48,0.0,0.0,0.0,0.0,0,44.0
15/9-19 ST2,1450.0,1,MUD_LOSS,False,1450.0,0.405,23,100.0,71.48,0.0,0.0,0.0,0.0,0,43.0
15/9-19 ST2,1475.0,0,NONE,False,1475.0,0.412,23,100.0,71.48,1.0,0.0,0.0,1.0,1,18.0
15/9-19 ST2,1500.0,0,NONE,False,1500.0,0.419,23,100.0,71.48,1.0,0.0,0.0,1.0,1,7.0
15/9-19 ST2,1525.0,0,NONE,False,1525.0,0.426,23,100.0,71.48,0.5832,0.0,0.0,0.5832,1,7.0
15/9-19 ST2,1550.0,0,NONE,False,1550.0,0.433,23,100.0,71.48,0.5832,0.0,0.0,0.5832,1,18.0
15/9-19 ST2,1575.0,0,NONE,False,1575.0,0.4399,23,100.0,71.48,0.0,0.0,0.0,0.0,0,43.0
15/9-19 ST2,1600.0,0,NONE,False,1600.0,0.4469,23,100.0,71.48,0.0,0.0,0.0,0.0,0,61.0
15/9-19 ST2,1625.0,0,NONE,False,1625.0,0.4539,23,100.0,71.48,0.0,0.0,0.0,0.0,0,36.0
15/9-19 ST2,1650.0,0,NONE,False,1650.0,0.4609,23,100.0,71.48,0.6219,0.0,0.0,0.6219,1,11.0
15/9-19 ST2,1675.0,0,NONE,False,1675.0,0.4679,23,100.0,71.48,0.6219,0.0,0.0,0.6219,1,14.0
15/9-19 ST2,1700.0,0,NONE,False,1700.0,0.4749,23,100.0,71.48,0.0,0.0,0.0,0.0,0,39.0
15/9-19 ST2,1725.0,0,NONE,False,1725.0,0.4818,23,100.0,71.48,0.0,0.0,0.0,0.0,0,39.0
15/9-19 ST2,1750.0,0,NONE,False,1750.0,0.4888,23,100.0,71.48,0.5832,0.5832,0.0,0.0,1,14.0
15/9-19 ST2,1775.0,0,NONE,False,1775.0,0.4958,23,100.0,71.48,0.5832,0.5832,0.0,0.0,1,11.0
15/9-19 ST2,1800.0,0,NONE,False,1800.0,0.5028,23,100.0,71.48,0.0,0.0,0.0,0.0,0,36.0
15/9-19 ST2,1825.0,0,NONE,False,1825.0,0.5098,23,100.0,71.48,0.0,0.0,0.0,0.0,0,42.0
15/9-19 ST2,1850.0,0,NONE,False,1850.0,0.5168,23,100.0,71.48,0.5653,0.5653,0.0,0.0,1,17.0
15/9-19 ST2,1875.0,0,NONE,False,1875.0,0.5237,23,100.0,71.48,1.1872,0.5653,0.0,0.6219,2,2.0
15/9-19 ST2,1900.0,0,NONE,False,1900.0,0.5307,23,100.0,71.48,0.6219,0.0,0.0,0.6219,1,23.0
15/9-19 ST2,1925.0,0,NONE,False,1925.0,0.5377,23,100.0,71.48,0.0,0.0,0.0,0.0,0,48.0
15/9-19 ST2,1950.0,0,NONE,False,1950.0,0.5447,23,100.0,71.48,0.0,0.0,0.0,0.0,0,73.0
15/9-19 ST2,1975.0,0,NONE,False,1975.0,0.5517,23,100.0,71.48,0.0,0.0,0.0,0.0,0,59.0
15/9-19 ST2,2000.0,0,NONE,False,2000.0,0.5587,23,100.0,71.48,0.0,0.0,0.0,0.0,0,34.0
15/9-19 ST2,2025.0,0,NONE,False,2025.0,0.5656,23,100.0,71.48,0.6049,0.6049,0.0,0.0,1,9.0
15/9-19 ST2,2050.0,0,NONE,False,2050.0,0.5726,23,100.0,71.48,0.6049,0.6049,0.0,0.0,1,16.0
15/9-19 ST2,2075.0,0,NONE,False,2075.0,0.5796,23,100.0,71.48,0.6786,0.6786,0.0,0.0,1,25.0
15/9-19 ST2,2100.0,0,NONE,False,2100.0,0.5866,23,100.0,71.48,0.6786,0.6786,0.0,0.0,1,0.0
15/9-19 ST2,2125.0,0,NONE,False,2125.0,0.5936,23,100.0,71.48,0.6786,0.6786,0.0,0.0,1,25.0
15/9-19 ST2,2150.0,0,NONE,False,2150.0,0.6006,23,100.0,71.48,0.6282,0.6282,0.0,0.0,1,14.0
15/9-19 ST2,2175.0,0,NONE,False,2175.0,0.6075,23,100.0,71.48,1.8936,1.2609,0.0,0.6327,3,11.0
15/9-19 ST2,2200.0,0,NONE,False,2200.0,0.6145,23,100.0,71.48,2.4634,1.198,0.0,1.2654,4,1.0
15/9-19 ST2,2225.0,0,NONE,False,2225.0,0.6215,23,100.0,71.48,1.8766,0.5653,0.0,1.3113,3,6.0
15/9-19 ST2,2250.0,0,NONE,False,2250.0,0.6285,23,100.0,71.48,1.2439,0.5653,0.0,0.6786,2,2.0
15/9-19 ST2,2275.0,0,NONE,False,2275.0,0.6355,23,100.0,71.48,0.5653,0.5653,0.0,0.0,1,23.0
15/9-19 ST2,2300.0,0,NONE,False,2300.0,0.6425,23,100.0,71.48,0.0,0.0,0.0,0.0,0,28.0
15/9-19 ST2,2325.0,0,NONE,False,2325.0,0.6494,23,100.0,71.48,0.5653,0.0,0.0,0.5653,1,3.0
15/9-19 ST2,2350.0,0,NONE,False,2350.0,0.6564,23,100.0,71.48,1.1512,0.0,0.0,1.1512,2,12.0
15/9-19 ST2,2375.0,0,NONE,False,2375.0,0.6634,23,100.0,71.48,0.5859,0.0,0.0,0.5859,1,13.0
15/9-19 ST2,2400.0,0,NONE,False,2400.0,0.6704,23,100.0,71.48,0.6786,0.6786,0.0,0.0,1,10.0
15/9-19 ST2,2425.0,0,NONE,False,2425.0,0.6774,23,100.0,71.48,0.6786,0.6786,0.0,0.0,1,15.0
15/9-19 ST2,2450.0,0,NONE,False,2450.0,0.6844,23,100.0,71.48,0.0,0.0,0.0,0.0,0,39.2
15/9-19 ST2,2475.0,0,NONE,False,2475.0,0.6913,23,100.0,71.48,0.5859,0.5859,0.0,0.0,1,14.2
15/9-19 ST2,2500.0,0,NONE,False,2500.0,0.6983,23,100.0,71.48,1.8297,1.8297,0.0,0.0,3,10.8
15/9-19 ST2,2525.0,0,NONE,False,2525.0,0.7053,23,100.0,71.48,2.4876,2.4876,0.0,0.0,4,4.0
15/9-19 ST2,2550.0,0,NONE,False,2550.0,0.7123,23,100.0,71.48,4.2759,4.2759,0.0,0.0,7,15.0
15/9-19 ST2,2575.0,0,NONE,False,2575.0,0.7193,23,100.0,71.48,4.8048,4.2011,0.0,0.6037,8,2.5
15/9-19 ST2,2600.0,0,NONE,False,2600.0,0.7263,23,100.0,71.48,4.042,3.4383,0.0,0.6037,7,2.0
15/9-19 ST2,2625.0,0,NONE,False,2625.0,0.7332,23,100.0,71.48,2.8742,2.8742,0.0,0.0,5,9.0
15/9-19 ST2,2650.0,0,NONE,False,2650.0,0.7402,23,100.0,71.48,3.7434,3.7434,0.0,0.0,6,0.3
15/9-19 ST2,2675.0,0,NONE,False,2675.0,0.7472,23,100.0,71.48,4.2813,4.2813,0.0,0.0,7,1.0
15/9-19 ST2,2700.0,0,NONE,False,2700.0,0.7542,23,100.0,71.48,1.1428,1.1428,0.0,0.0,2,22.7
15/9-19 ST2,2725.0,0,NONE,False,2725.0,0.7612,23,100.0,71.48,0.6786,0.6786,0.0,0.0,1,17.0
15/9-19 ST2,2750.0,0,NONE,False,2750.0,0.7682,23,100.0,71.48,1.8953,1.8953,0.0,0.0,3,8.0
15/9-19 ST2,2775.0,0,NONE,False,2775.0,0.7751,23,100.0,71.48,1.8161,1.8161,0.0,0.0,3,0.0
15/9-19 ST2,2800.0,0,NONE,False,2800.0,0.7821,23,100.0,71.48,1.2043,1.2043,0.0,0.0,2,18.2
15/9-19 ST2,2825.0,0,NONE,False,2825.0,0.7891,23,100.0,71.48,2.3637,2.3637,0.0,0.0,4,2.0
15/9-19 ST2,2850.0,0,NONE,False,2850.0,0.7961,23,100.0,71.48,2.9686,2.9686,0.0,0.0,5,0.0
15/9-19 ST2,2875.0,0,NONE,False,2875.0,0.8031,23,100.0,71.48,4.1551,4.1551,0.0,0.0,7,1.0
15/9-19 ST2,2900.0,0,NONE,False,2900.0,0.8101,23,100.0,71.48,3.0245,3.0245,0.0,0.0,5,15.0
15/9-19 ST2,2925.0,0,NONE,False,2925.0,0.817,23,100.0,71.48,1.8953,1.2835,0.0,0.6118,3,2.0
15/9-19 ST2,2950.0,0,NONE,False,2950.0,0.824,23,100.0,71.48,1.2904,0.6786,0.0,0.6118,2,23.0
15/9-19 ST2,2975.0,0,NONE,False,2975.0,0.831,23,100.0,71.48,2.0358,2.0358,0.0,0.0,3,8.0
15/9-19 ST2,3000.0,0,NONE,False,3000.0,0.838,23,100.0,71.48,2.7144,2.7144,0.0,0.0,4,17.0
15/9-19 ST2,3025.0,0,NONE,False,3025.0,0.845,23,100.0,71.48,2.6217,2.6217,0.0,0.0,4,0.0
15/9-19 ST2,3050.0,0,NONE,False,3050.0,0.852,23,100.0,71.48,5.3361,5.3361,0.0,0.0,8,3.0
15/9-19 ST2,3075.0,0,NONE,False,3075.0,0.8589,23,100.0,71.48,3.8562,3.8562,0.0,0.0,6,15.0
15/9-19 ST2,3100.0,0,NONE,False,3100.0,0.8659,23,100.0,71.48,1.1418,1.1418,0.0,0.0,2,10.0
15/9-19 ST2,3125.0,0,NONE,False,3125.0,0.8729,23,100.0,71.48,0.0,0.0,0.0,0.0,0,35.0
15/9-19 ST2,3150.0,0,NONE,False,3150.0,0.8799,23,100.0,71.48,0.6786,0.6786,0.0,0.0,1,11.0
15/9-19 ST2,3175.0,0,NONE,False,3175.0,0.8869,23,100.0,71.48,2.3676,2.3676,0.0,0.0,4,14.0
15/9-19 ST2,3200.0,0,NONE,False,3200.0,0.8939,23,100.0,71.48,2.3172,2.3172,0.0,0.0,4,6.0
15/9-19 ST2,3225.0,0,NONE,False,3225.0,0.9008,23,100.0,71.48,1.8721,1.1935,0.0,0.6786,3,18.0
15/9-19 ST2,3250.0,0,NONE,False,3250.0,0.9078,23,100.0,71.48,1.9225,1.2439,0.0,0.6786,3,2.0
15/9-19 ST2,3275.0,0,NONE,False,3275.0,0.9148,23,100.0,71.48,1.252,1.252,0.0,0.0,2,3.0
15/9-19 ST2,3300.0,0,NONE,False,3300.0,0.9218,23,100.0,71.48,1.1387,1.1387,0.0,0.0,2,4.0
15/9-19 ST2,3325.0,0,NONE,False,3325.0,0.9288,23,100.0,71.48,0.5653,0.5653,0.0,0.0,1,6.0
15/9-19 ST2,3350.0,0,NONE,False,3350.0,0.9358,23,100.0,71.48,0.0,0.0,0.0,0.0,0,31.0
15/9-19 ST2,3375.0,0,NONE,False,3375.0,0.9427,23,100.0,71.48,0.0,0.0,0.0,0.0,0,56.0
15/9-19 ST2,3400.0,0,NONE,False,3400.0,0.9497,23,100.0,71.48,0.0,0.0,0.0,0.0,0,39.0
15/9-19 ST2,3425.0,0,NONE,False,3425.0,0.9567,23,100.0,71.48,1.1306,1.1306,0.0,0.0,2,14.0
15/9-19 ST2,3450.0,0,NONE,False,3450.0,0.9637,23,100.0,71.48,1.1306,1.1306,0.0,0.0,2,10.0
15/9-19 ST2,3475.0,0,NONE,False,3475.0,0.9707,23,100.0,71.48,0.0,0.0,0.0,0.0,0,35.0
15/9-19 ST2,3500.0,0,NONE,False,3500.0,0.9777,23,100.0,71.48,0.0,0.0,0.0,0.0,0,58.0
15/9-19 ST2,3525.0,0,NONE,False,3525.0,0.9846,23,100.0,71.48,0.0,0.0,0.0,0.0,0,33.0
15/9-19 ST2,3550.0,0,NONE,False,3550.0,0.9916,23,100.0,71.48,0.6282,0.0,0.0,0.6282,1,8.0
15/9-19 ST2,3575.0,0,NONE,False,3575.0,0.9986,23,100.0,71.48,1.8613,1.2331,0.0,0.6282,3,6.0
15/9-F-1,50.0,0,NONE,False,50.0,0.0138,23,67.97,67.19,3.8683,0.625,0.0,3.2433,6,0.0
15/9-F-1,75.0,0,NONE,False,75.0,0.0206,23,67.97,67.19,3.8259,1.875,0.0,1.9509,6,5.0
15/9-F-1,100.0,0,NONE,False,100.0,0.0275,23,67.97,67.19,3.1566,3.1566,0.0,0.0,5,2.0
15/9-F-1,125.0,0,NONE,False,125.0,0.0344,23,67.97,67.19,5.7834,5.7834,0.0,0.0,9,0.6
15/9-F-1,150.0,0,NONE,False,150.0,0.0413,23,67.97,67.19,5.7942,5.7942,0.0,0.0,9,0.1
15/9-F-1,175.0,0,NONE,False,175.0,0.0482,23,67.97,67.19,2.5656,1.8915,0.0,0.6741,4,3.0
15/9-F-1,200.0,0,NONE,False,200.0,0.0551,23,67.97,67.19,2.5232,1.8491,0.0,0.6741,4,18.0
15/9-F-1,225.0,0,NONE,False,225.0,0.0619,23,67.97,67.19,4.4665,4.4665,0.0,0.0,7,7.0
15/9-F-1,250.0,0,NONE,False,250.0,0.0688,23,67.97,67.19,4.5647,4.5647,0.0,0.0,7,1.0
15/9-F-1,275.0,0,NONE,False,275.0,0.0757,23,67.97,67.19,3.2544,3.2544,0.0,0.0,5,11.6
15/9-F-1,300.0,0,NONE,False,300.0,0.0826,23,67.97,67.19,2.5524,1.9062,0.6462,0.0,4,7.0
15/9-F-1,325.0,0,NONE,False,325.0,0.0895,23,67.97,67.19,0.6462,0.0,0.6462,0.0,1,15.0
15/9-F-1,350.0,0,NONE,False,350.0,0.0964,23,67.97,67.19,0.0,0.0,0.0,0.0,0,40.0
15/9-F-1,375.0,0,NONE,False,375.0,0.1032,23,67.97,67.19,0.0,0.0,0.0,0.0,0,65.0
15/9-F-1,400.0,0,NONE,False,400.0,0.1101,23,67.97,67.19,0.0,0.0,0.0,0.0,0,90.0
15/9-F-1,425.0,0,NONE,False,425.0,0.117,23,67.97,67.19,0.0,0.0,0.0,0.0,0,115.0
15/9-F-1,450.0,0,NONE,False,450.0,0.1239,23,67.97,67.19,0.0,0.0,0.0,0.0,0,128.0
15/9-F-1,475.0,0,NONE,False,475.0,0.1308,23,67.97,67.19,0.0,0.0,0.0,0.0,0,103.0
15/9-F-1,500.0,0,NONE,False,500.0,0.1377,23,67.97,67.19,0.0,0.0,0.0,0.0,0,78.0
15/9-F-1,525.0,0,NONE,False,525.0,0.1445,23,67.97,67.19,0.0,0.0,0.0,0.0,0,53.0
15/9-F-1,550.0,0,NONE,False,550.0,0.1514,23,67.97,67.19,0.0,0.0,0.0,0.0,0,28.0
15/9-F-1,575.0,0,NONE,False,575.0,0.1583,23,67.97,67.19,0.6741,0.6741,0.0,0.0,1,3.0
15/9-F-1,600.0,0,NONE,False,600.0,0.1652,23,67.97,67.19,1.3203,1.3203,0.0,0.0,2,10.0
15/9-F-1,625.0,0,NONE,False,625.0,0.1721,23,67.97,67.19,1.2962,0.6462,0.0,0.65,2,12.0
15/9-F-1,650.0,0,NONE,False,650.0,0.179,23,67.97,67.19,0.65,0.0,0.0,0.65,1,13.0
15/9-F-1,675.0,0,NONE,False,675.0,0.1858,23,67.97,67.19,0.6741,0.6741,0.0,0.0,1,10.0
15/9-F-1,700.0,0,NONE,False,700.0,0.1927,23,67.97,67.19,0.6741,0.6741,0.0,0.0,1,15.0
15/9-F-1,725.0,0,NONE,False,725.0,0.1996,23,67.97,67.19,0.0,0.0,0.0,0.0,0,29.3
15/9-F-1,750.0,0,NONE,False,750.0,0.2065,23,67.97,67.19,0.6462,0.6462,0.0,0.0,1,4.3
15/9-F-1,775.0,0,NONE,False,775.0,0.2134,23,67.97,67.19,1.0588,0.6462,0.0,0.4126,2,18.1
15/9-F-1,800.0,0,NONE,False,800.0,0.2203,23,67.97,67.19,0.4126,0.0,0.0,0.4126,1,6.9
15/9-F-1,825.0,0,NONE,False,825.0,0.2271,23,67.97,67.19,3.3598,3.3598,0.0,0.0,7,4.0
15/9-F-1,850.0,0,NONE,False,850.0,0.234,23,67.97,67.19,4.6262,4.6262,0.0,0.0,9,2.0
15/9-F-1,875.0,0,NONE,False,875.0,0.2409,23,67.97,67.19,5.5581,5.5581,0.0,0.0,9,3.0
15/9-F-1,900.0,0,NONE,False,900.0,0.2478,23,67.97,67.19,5.5841,5.5841,0.0,0.0,9,0.0
15/9-F-1,925.0,0,NONE,False,925.0,0.2547,23,67.97,67.19,4.0275,4.0275,0.0,0.0,7,5.0
15/9-F-1,950.0,0,NONE,False,950.0,0.2616,23,67.97,67.19,1.4427,1.4427,0.0,0.0,3,20.0
15/9-F-1,975.0,0,NONE,False,975.0,0.2684,23,67.97,67.19,0.6741,0.6741,0.0,0.0,1,25.0
15/9-F-1,1000.0,0,NONE,False,1000.0,0.2753,23,67.97,67.19,0.6741,0.6741,0.0,0.0,1,0.0
15/9-F-1,1025.0,0,NONE,False,1025.0,0.2822,23,67.97,67.19,5.2567,5.2567,0.0,0.0,12,25.0
15/9-F-1,1050.0,0,NONE,False,1050.0,0.2891,23,67.97,67.19,4.5826,4.5826,0.0,0.0,11,0.0
15/9-F-1,1075.0,0,NONE,False,1075.0,0.296,23,67.97,67.19,4.5826,4.5826,0.0,0.0,11,25.0
15/9-F-1,1100.0,0,NONE,False,1100.0,0.3029,23,67.97,67.19,0.4809,0.4809,0.0,0.0,1,20.0
15/9-F-1,1125.0,0,NONE,False,1125.0,0.3097,23,67.97,67.19,0.4809,0.4809,0.0,0.0,1,5.0
15/9-F-1,1150.0,0,NONE,False,1150.0,0.3166,23,67.97,67.19,0.0,0.0,0.0,0.0,0,30.0
15/9-F-1,1175.0,0,NONE,False,1175.0,0.3235,23,67.97,67.19,0.0,0.0,0.0,0.0,0,55.0
15/9-F-1,1200.0,0,NONE,False,1200.0,0.3304,23,67.97,67.19,0.0,0.0,0.0,0.0,0,38.0
15/9-F-1,1225.0,0,NONE,False,1225.0,0.3373,23,67.97,67.19,0.5991,0.0,0.0,0.5991,1,13.0
15/9-F-1,1250.0,0,NONE,False,1250.0,0.3442,23,67.97,67.19,0.5991,0.0,0.0,0.5991,1,12.0
15/9-F-1,1275.0,0,NONE,False,1275.0,0.351,23,67.97,67.19,0.65,0.0,0.0,0.65,1,5.6
15/9-F-1,1300.0,0,NONE,False,1300.0,0.3579,23,67.97,67.19,1.9,1.25,0.0,0.65,3,13.7
15/9-F-1,1325.0,0,NONE,False,1325.0,0.3648,23,67.97,67.19,1.25,1.25,0.0,0.0,2,4.0
15/9-F-1,1350.0,0,NONE,False,1350.0,0.3717,23,67.97,67.19,4.5808,3.9311,0.0,0.6497,7,4.0
15/9-F-1,1375.0,0,NONE,False,1375.0,0.3786,23,67.97,67.19,5.2305,3.9311,0.0,1.2994,8,6.0
15/9-F-1,1400.0,0,NONE,False,1400.0,0.3855,23,67.97,67.19,0.6497,0.0,0.0,0.6497,1,19.0
15/9-F-1,1425.0,0,NONE,False,1425.0,0.3923,23,67.97,67.19,0.0,0.0,0.0,0.0,0,35.0
15/9-F-1,1450.0,0,NONE,False,1450.0,0.3992,23,67.97,67.19,0.6037,0.6037,0.0,0.0,1,10.0
15/9-F-1,1475.0,0,NONE,False,1475.0,0.4061,23,67.97,67.19,1.2074,0.6037,0.0,0.6037,2,15.0
15/9-F-1,1500.0,0,NONE,False,1500.0,0.413,23,67.97,67.19,0.6037,0.0,0.0,0.6037,1,7.0
15/9-F-1,1525.0,0,NONE,False,1525.0,0.4199,23,67.97,67.19,0.6356,0.0,0.0,0.6356,1,7.0
15/9-F-1,1550.0,0,NONE,False,1550.0,0.4268,23,67.97,67.19,0.6356,0.0,0.0,0.6356,1,18.0
15/9-F-1,1575.0,0,NONE,False,1575.0,0.4336,23,67.97,67.19,0.0,0.0,0.0,0.0,0,43.0
15/9-F-1,1600.0,0,NONE,False,1600.0,0.4405,23,67.97,67.19,0.0,0.0,0.0,0.0,0,61.0
15/9-F-1,1625.0,0,NONE,False,1625.0,0.4474,23,67.97,67.19,0.0,0.0,0.0,0.0,0,36.0
15/9-F-1,1650.0,0,NONE,False,1650.0,0.4543,23,67.97,67.19,0.6741,0.0,0.0,0.6741,1,11.0
15/9-F-1,1675.0,0,NONE,False,1675.0,0.4612,23,67.97,67.19,0.6741,0.0,0.0,0.6741,1,14.0
15/9-F-1,1700.0,0,NONE,False,1700.0,0.4681,23,67.97,67.19,0.0,0.0,0.0,0.0,0,39.0
15/9-F-1,1725.0,0,NONE,False,1725.0,0.4749,23,67.97,67.19,0.0,0.0,0.0,0.0,0,39.0
15/9-F-1,1750.0,0,NONE,False,1750.0,0.4818,23,67.97,67.19,0.6356,0.6356,0.0,0.0,1,14.0
15/9-F-1,1775.0,0,NONE,False,1775.0,0.4887,23,67.97,67.19,0.6356,0.6356,0.0,0.0,1,11.0
15/9-F-1,1800.0,0,NONE,False,1800.0,0.4956,23,67.97,67.19,0.0,0.0,0.0,0.0,0,36.0
15/9-F-1,1825.0,0,NONE,False,1825.0,0.5025,23,67.97,67.19,0.0,0.0,0.0,0.0,0,42.0
15/9-F-1,1850.0,0,NONE,False,1850.0,0.5094,23,67.97,67.19,0.5991,0.5991,0.0,0.0,1,17.0
15/9-F-1,1875.0,0,NONE,False,1875.0,0.5162,23,67.97,67.19,1.2732,0.5991,0.0,0.6741,2,2.0
15/9-F-1,1900.0,0,NONE,False,1900.0,0.5231,23,67.97,67.19,0.6741,0.0,0.0,0.6741,1,23.0
15/9-F-1,1925.0,0,NONE,False,1925.0,0.53,23,67.97,67.19,0.0,0.0,0.0,0.0,0,48.0
15/9-F-1,1950.0,0,NONE,False,1950.0,0.5369,23,67.97,67.19,0.0,0.0,0.0,0.0,0,73.0
15/9-F-1,1975.0,0,NONE,False,1975.0,0.5438,23,67.97,67.19,0.0,0.0,0.0,0.0,0,59.0
15/9-F-1,2000.0,0,NONE,False,2000.0,0.5507,23,67.97,67.19,0.0,0.0,0.0,0.0,0,34.0
15/9-F-1,2025.0,0,NONE,False,2025.0,0.5575,23,67.97,67.19,0.6497,0.6497,0.0,0.0,1,9.0
15/9-F-1,2050.0,0,NONE,False,2050.0,0.5644,23,67.97,67.19,0.6497,0.6497,0.0,0.0,1,16.0
15/9-F-1,2075.0,0,NONE,False,2075.0,0.5713,23,67.97,67.19,0.5995,0.5995,0.0,0.0,1,25.0
15/9-F-1,2100.0,0,NONE,False,2100.0,0.5782,23,67.97,67.19,0.5995,0.5995,0.0,0.0,1,0.0
15/9-F-1,2125.0,0,NONE,False,2125.0,0.5851,23,67.97,67.19,0.5995,0.5995,0.0,0.0,1,25.0
15/9-F-1,2150.0,0,NONE,False,2150.0,0.592,23,67.97,67.19,0.6354,0.6354,0.0,0.0,1,14.0
15/9-F-1,2175.0,0,NONE,False,2175.0,0.5988,23,67.97,67.19,1.914,1.2747,0.0,0.6393,3,11.0
15/9-F-1,2200.0,0,NONE,False,2200.0,0.6057,23,67.97,67.19,2.517,1.2384,0.0,1.2786,4,1.0
15/9-F-1,2225.0,0,NONE,False,2225.0,0.6126,23,67.97,67.19,1.8379,0.5991,0.0,1.2388,3,6.0
15/9-F-1,2250.0,0,NONE,False,2250.0,0.6195,23,67.97,67.19,1.1986,0.5991,0.0,0.5995,2,2.0
15/9-F-1,2275.0,0,NONE,False,2275.0,0.6264,23,67.97,67.19,0.5991,0.5991,0.0,0.0,1,23.0
15/9-F-1,2300.0,0,NONE,False,2300.0,0.6333,23,67.97,67.19,0.0,0.0,0.0,0.0,0,28.0
15/9-F-1,2325.0,0,NONE,False,2325.0,0.6401,23,67.97,67.19,0.5991,0.0,0.0,0.5991,1,3.0
15/9-F-1,2350.0,0,NONE,False,2350.0,0.647,23,67.97,67.19,1.2345,0.0,0.0,1.2345,2,12.0
15/9-F-1,2375.0,0,NONE,False,2375.0,0.6539,23,67.97,67.19,0.6354,0.0,0.0,0.6354,1,13.0
15/9-F-1,2400.0,0,NONE,False,2400.0,0.6608,23,67.97,67.19,0.5995,0.5995,0.0,0.0,1,10.0
15/9-F-1,2425.0,0,NONE,False,2425.0,0.6677,23,67.97,67.19,0.5995,0.5995,0.0,0.0,1,15.0
15/9-F-1,2450.0,0,NONE,False,2450.0,0.6746,23,67.97,67.19,0.0,0.0,0.0,0.0,0,39.2
15/9-F-1,2475.0,0,NONE,False,2475.0,0.6814,23,67.97,67.19,0.6354,0.6354,0.0,0.0,1,14.2
15/9-F-1,2500.0,0,NONE,False,2500.0,0.6883,23,67.97,67.19,1.9836,1.9836,0.0,0.0,3,10.8
15/9-F-1,2525.0,0,NONE,False,2525.0,0.6952,23,67.97,67.19,2.6964,2.6964,0.0,0.0,4,4.0
15/9-F-1,2550.0,0,NONE,False,2550.0,0.7021,23,67.97,67.19,4.6417,4.6417,0.0,0.0,7,15.0
15/9-F-1,2575.0,1,MULTIPLE,False,2575.0,0.709,23,67.97,67.19,3.8926,3.8926,0.0,0.0,6,2.5
15/9-F-1,2600.0,0,NONE,False,2600.0,0.7159,23,67.97,67.19,3.0214,3.0214,0.0,0.0,5,2.0
15/9-F-1,2625.0,0,NONE,False,2625.0,0.7227,23,67.97,67.19,3.072,3.072,0.0,0.0,5,9.0
15/9-F-1,2650.0,0,NONE,False,2650.0,0.7296,23,67.97,67.19,3.8581,3.8581,0.0,0.0,6,0.3
15/9-F-1,2675.0,0,NONE,False,2675.0,0.7365,23,67.97,67.19,4.4446,4.4446,0.0,0.0,7,1.0
15/9-F-1,2700.0,0,NONE,False,2700.0,0.7434,23,67.97,67.19,1.2362,1.2362,0.0,0.0,2,22.7
15/9-F-1,2725.0,0,NONE,False,2725.0,0.7503,23,67.97,67.19,0.5995,0.5995,0.0,0.0,1,17.0
15/9-F-1,2750.0,0,NONE,False,2750.0,0.7572,23,67.97,67.19,1.9289,1.9289,0.0,0.0,3,8.0
15/9-F-1,2775.0,0,NONE,False,2775.0,0.764,23,67.97,67.19,1.9756,1.9756,0.0,0.0,3,0.0
15/9-F-1,2800.0,0,NONE,False,2800.0,0.7709,23,67.97,67.19,1.2959,1.2959,0.0,0.0,2,18.2
15/9-F-1,2825.0,0,NONE,False,2825.0,0.7778,23,67.97,67.19,2.4833,2.4833,0.0,0.0,4,2.0
15/9-F-1,2850.0,0,NONE,False,2850.0,0.7847,23,67.97,67.19,3.133,3.133,0.0,0.0,5,0.0
15/9-F-1,2875.0,0,NONE,False,2875.0,0.7916,23,67.97,67.19,4.4467,4.4467,0.0,0.0,7,1.0
15/9-F-1,2900.0,0,NONE,False,2900.0,0.7985,23,67.97,67.19,3.2485,3.2485,0.0,0.0,5,15.0
15/9-F-1,2925.0,0,NONE,False,2925.0,0.8053,23,67.97,67.19,1.9289,1.2492,0.0,0.6797,3,2.0
15/9-F-1,2950.0,0,NONE,False,2950.0,0.8122,23,67.97,67.19,1.2792,0.5995,0.0,0.6797,2,23.0
15/9-F-1,2975.0,0,NONE,False,2975.0,0.8191,23,67.97,67.19,1.7985,1.7985,0.0,0.0,3,8.0
15/9-F-1,3000.0,0,NONE,False,3000.0,0.826,23,67.97,67.19,2.398,2.398,0.0,0.0,4,17.0
15/9-F-1,3025.0,0,NONE,False,3025.0,0.8329,23,67.97,67.19,2.4339,2.4339,0.0,0.0,4,0.0
15/9-F-1,3050.0,0,NONE,False,3050.0,0.8398,23,67.97,67.19,4.8319,4.8319,0.0,0.0,8,3.0
15/9-F-1,3075.0,0,NONE,False,3075.0,0.8466,23,67.97,67.19,3.698,3.698,0.0,0.0,6,15.0
15/9-F-1,3100.0,0,NONE,False,3100.0,0.8535,23,67.97,67.19,1.3,1.3,0.0,0.0,2,10.0
15/9-F-1,3125.0,0,NONE,False,3125.0,0.8604,23,67.97,67.19,0.0,0.0,0.0,0.0,0,35.0
15/9-F-1,3150.0,0,NONE,False,3150.0,0.8673,23,67.97,67.19,0.5995,0.5995,0.0,0.0,1,11.0
15/9-F-1,3175.0,0,NONE,False,3175.0,0.8742,23,67.97,67.19,2.4601,2.4601,0.0,0.0,4,14.0
15/9-F-1,3200.0,0,NONE,False,3200.0,0.8811,23,67.97,67.19,2.496,2.496,0.0,0.0,4,6.0
15/9-F-1,3225.0,0,NONE,False,3225.0,0.8879,23,67.97,67.19,1.834,1.2345,0.0,0.5995,3,18.0
15/9-F-1,3250.0,0,NONE,False,3250.0,0.8948,23,67.97,67.19,1.7981,1.1986,0.0,0.5995,3,2.0
15/9-F-1,3275.0,0,NONE,False,3275.0,0.9017,23,67.97,67.19,1.2245,1.2245,0.0,0.0,2,3.0
15/9-F-1,3300.0,0,NONE,False,3300.0,0.9086,23,67.97,67.19,1.2241,1.2241,0.0,0.0,2,4.0
15/9-F-1,3325.0,0,NONE,False,3325.0,0.9155,23,67.97,67.19,0.5991,0.5991,0.0,0.0,1,6.0
15/9-F-1,3350.0,0,NONE,False,3350.0,0.9224,23,67.97,67.19,0.0,0.0,0.0,0.0,0,31.0
15/9-F-1,3375.0,0,NONE,False,3375.0,0.9292,23,67.97,67.19,0.0,0.0,0.0,0.0,0,56.0
15/9-F-1,3400.0,0,NONE,False,3400.0,0.9361,23,67.97,67.19,0.0,0.0,0.0,0.0,0,39.0
15/9-F-1,3425.0,0,NONE,False,3425.0,0.943,23,67.97,67.19,1.1982,1.1982,0.0,0.0,2,14.0
15/9-F-1,3450.0,0,NONE,False,3450.0,0.9499,23,67.97,67.19,1.1982,1.1982,0.0,0.0,2,10.0
15/9-F-1,3475.0,0,NONE,False,3475.0,0.9568,23,67.97,67.19,0.0,0.0,0.0,0.0,0,35.0
15/9-F-1,3500.0,0,NONE,False,3500.0,0.9637,23,67.97,67.19,0.0,0.0,0.0,0.0,0,58.0
15/9-F-1,3525.0,0,NONE,False,3525.0,0.9705,23,67.97,67.19,0.0,0.0,0.0,0.0,0,33.0
15/9-F-1,3550.0,0,NONE,False,3550.0,0.9774,23,67.97,67.19,0.6354,0.0,0.0,0.6354,1,8.0
15/9-F-1,3575.0,0,NONE,False,3575.0,0.9843,23,67.97,67.19,1.9205,1.2851,0.0,0.6354,3,6.0
15/9-F-1,3600.0,0,NONE,False,3600.0,0.9912,23,67.97,67.19,1.2851,1.2851,0.0,0.0,2,19.0
15/9-F-1,3625.0,0,NONE,False,3625.0,0.9981,23,67.97,67.19,0.6497,0.6497,0.0,0.0,1,7.0
15/9-F-1 A,50.0,0,NONE,False,50.0,0.0136,23,68.26,67.73,3.9901,0.6486,0.0,3.3415,6,0.0
15/9-F-1 A,75.0,0,NONE,False,75.0,0.0204,23,68.26,67.73,3.9471,1.9458,0.0,2.0013,6,5.0
15/9-F-1 A,100.0,0,NONE,False,100.0,0.0272,23,68.26,67.73,3.2746,3.2746,0.0,0.0,5,2.0
15/9-F-1 A,125.0,0,NONE,False,125.0,0.0339,23,68.26,67.73,5.9967,5.9967,0.0,0.0,9,0.6
15/9-F-1 A,150.0,0,NONE,False,150.0,0.0407,23,68.26,67.73,6.0081,6.0081,0.0,0.0,9,0.1
15/9-F-1 A,175.0,0,NONE,False,175.0,0.0475,23,68.26,67.73,2.635,1.9612,0.0,0.6738,4,3.0
15/9-F-1 A,200.0,0,NONE,False,200.0,0.0543,23,68.26,67.73,2.592,1.9182,0.0,0.6738,4,18.0
15/9-F-1 A,225.0,0,NONE,False,225.0,0.0611,23,68.26,67.73,4.6084,4.6084,0.0,0.0,7,7.0
15/9-F-1 A,250.0,0,NONE,False,250.0,0.0679,23,68.26,67.73,4.6588,4.6588,0.0,0.0,7,1.0
15/9-F-1 A,275.0,0,NONE,False,275.0,0.0747,23,68.26,67.73,3.2958,3.2958,0.0,0.0,5,11.6
15/9-F-1 A,300.0,0,NONE,False,300.0,0.0815,23,68.26,67.73,2.6183,1.9482,0.6701,0.0,4,7.0
15/9-F-1 A,325.0,0,NONE,False,325.0,0.0883,23,68.26,67.73,0.6701,0.0,0.6701,0.0,1,15.0
15/9-F-1 A,350.0,0,NONE,False,350.0,0.0951,23,68.26,67.73,0.0,0.0,0.0,0.0,0,40.0
15/9-F-1 A,375.0,0,NONE,False,375.0,0.1018,23,68.26,67.73,0.0,0.0,0.0,0.0,0,65.0
15/9-F-1 A,400.0,0,NONE,False,400.0,0.1086,23,68.26,67.73,0.0,0.0,0.0,0.0,0,90.0
15/9-F-1 A,425.0,0,NONE,False,425.0,0.1154,23,68.26,67.73,0.0,0.0,0.0,0.0,0,115.0
15/9-F-1 A,450.0,0,NONE,False,450.0,0.1222,23,68.26,67.73,0.0,0.0,0.0,0.0,0,128.0
15/9-F-1 A,475.0,0,NONE,False,475.0,0.129,23,68.26,67.73,0.0,0.0,0.0,0.0,0,103.0
15/9-F-1 A,500.0,0,NONE,False,500.0,0.1358,23,68.26,67.73,0.0,0.0,0.0,0.0,0,78.0
15/9-F-1 A,525.0,0,NONE,False,525.0,0.1426,23,68.26,67.73,0.0,0.0,0.0,0.0,0,53.0
15/9-F-1 A,550.0,0,NONE,False,550.0,0.1494,23,68.26,67.73,0.0,0.0,0.0,0.0,0,28.0
15/9-F-1 A,575.0,0,NONE,False,575.0,0.1562,23,68.26,67.73,0.6738,0.6738,0.0,0.0,1,3.0
15/9-F-1 A,600.0,0,NONE,False,600.0,0.163,23,68.26,67.73,1.3439,1.3439,0.0,0.0,2,10.0
15/9-F-1 A,625.0,0,NONE,False,625.0,0.1697,23,68.26,67.73,1.3072,0.6701,0.0,0.6371,2,12.0
15/9-F-1 A,650.0,0,NONE,False,650.0,0.1765,23,68.26,67.73,0.6371,0.0,0.0,0.6371,1,13.0
15/9-F-1 A,675.0,0,NONE,False,675.0,0.1833,23,68.26,67.73,0.6738,0.6738,0.0,0.0,1,10.0
15/9-F-1 A,700.0,0,NONE,False,700.0,0.1901,23,68.26,67.73,0.6738,0.6738,0.0,0.0,1,15.0
15/9-F-1 A,725.0,0,NONE,False,725.0,0.1969,23,68.26,67.73,0.0,0.0,0.0,0.0,0,29.3
15/9-F-1 A,750.0,0,NONE,False,750.0,0.2037,23,68.26,67.73,0.6701,0.6701,0.0,0.0,1,4.3
15/9-F-1 A,775.0,0,NONE,False,775.0,0.2105,23,68.26,67.73,1.0794,0.6701,0.0,0.4093,2,18.1
15/9-F-1 A,800.0,0,NONE,False,800.0,0.2173,23,68.26,67.73,0.4093,0.0,0.0,0.4093,1,6.9
15/9-F-1 A,825.0,0,NONE,False,825.0,0.2241,23,68.26,67.73,3.3901,3.3901,0.0,0.0,7,4.0
15/9-F-1 A,850.0,0,NONE,False,850.0,0.2309,23,68.26,67.73,4.7006,4.7006,0.0,0.0,9,2.0
15/9-F-1 A,875.0,0,NONE,False,875.0,0.2376,23,68.26,67.73,5.7144,5.7144,0.0,0.0,9,3.0
15/9-F-1 A,900.0,0,NONE,False,900.0,0.2444,23,68.26,67.73,5.7441,5.7441,0.0,0.0,9,0.0
15/9-F-1 A,925.0,0,NONE,False,925.0,0.2512,23,68.26,67.73,4.1564,4.1564,0.0,0.0,7,5.0
15/9-F-1 A,950.0,0,NONE,False,950.0,0.258,23,68.26,67.73,1.476,1.476,0.0,0.0,3,20.0
15/9-F-1 A,975.0,0,NONE,False,975.0,0.2648,23,68.26,67.73,0.6738,0.6738,0.0,0.0,1,25.0
15/9-F-1 A,1000.0,0,NONE,False,1000.0,0.2716,23,68.26,67.73,0.6738,0.6738,0.0,0.0,1,0.0
15/9-F-1 A,1025.0,0,NONE,False,1025.0,0.2784,23,68.26,67.73,5.2101,5.2101,0.0,0.0,12,25.0
15/9-F-1 A,1050.0,0,NONE,False,1050.0,0.2852,23,68.26,67.73,4.5363,4.5363,0.0,0.0,11,0.0
15/9-F-1 A,1075.0,0,NONE,False,1075.0,0.292,23,68.26,67.73,4.5363,4.5363,0.0,0.0,11,25.0
15/9-F-1 A,1100.0,0,NONE,False,1100.0,0.2988,23,68.26,67.73,0.492,0.492,0.0,0.0,1,20.0
15/9-F-1 A,1125.0,0,NONE,False,1125.0,0.3055,23,68.26,67.73,0.492,0.492,0.0,0.0,1,5.0
15/9-F-1 A,1150.0,0,NONE,False,1150.0,0.3123,23,68.26,67.73,0.0,0.0,0.0,0.0,0,30.0
15/9-F-1 A,1175.0,0,NONE,False,1175.0,0.3191,23,68.26,67.73,0.0,0.0,0.0,0.0,0,55.0
15/9-F-1 A,1200.0,0,NONE,False,1200.0,0.3259,23,68.26,67.73,0.0,0.0,0.0,0.0,0,38.0
15/9-F-1 A,1225.0,0,NONE,False,1225.0,0.3327,23,68.26,67.73,0.621,0.0,0.0,0.621,1,13.0
15/9-F-1 A,1250.0,0,NONE,False,1250.0,0.3395,23,68.26,67.73,0.621,0.0,0.0,0.621,1,12.0
15/9-F-1 A,1275.0,0,NONE,False,1275.0,0.3463,23,68.26,67.73,0.6371,0.0,0.0,0.6371,1,5.6
15/9-F-1 A,1300.0,0,NONE,False,1300.0,0.3531,23,68.26,67.73,1.9343,1.2972,0.0,0.6371,3,13.7
15/9-F-1 A,1325.0,0,NONE,False,1325.0,0.3599,23,68.26,67.73,1.2972,1.2972,0.0,0.0,2,4.0
15/9-F-1 A,1350.0,0,NONE,False,1350.0,0.3666,23,68.26,67.73,4.6519,3.9748,0.0,0.6771,7,4.0
15/9-F-1 A,1375.0,0,NONE,False,1375.0,0.3734,23,68.26,67.73,5.329,3.9748,0.0,1.3542,8,6.0
15/9-F-1 A,1400.0,0,NONE,False,1400.0,0.3802,23,68.26,67.73,0.6771,0.0,0.0,0.6771,1,19.0
15/9-F-1 A,1425.0,0,NONE,False,1425.0,0.387,23,68.26,67.73,0.0,0.0,0.0,0.0,0,35.0
15/9-F-1 A,1450.0,0,NONE,False,1450.0,0.3938,23,68.26,67.73,0.6202,0.6202,0.0,0.0,1,10.0
15/9-F-1 A,1475.0,0,NONE,False,1475.0,0.4006,23,68.26,67.73,1.2404,0.6202,0.0,0.6202,2,15.0
15/9-F-1 A,1500.0,0,NONE,False,1500.0,0.4074,23,68.26,67.73,0.6202,0.0,0.0,0.6202,1,7.0
15/9-F-1 A,1525.0,0,NONE,False,1525.0,0.4142,23,68.26,67.73,0.6586,0.0,0.0,0.6586,1,7.0
15/9-F-1 A,1550.0,0,NONE,False,1550.0,0.421,23,68.26,67.73,0.6586,0.0,0.0,0.6586,1,18.0
15/9-F-1 A,1575.0,0,NONE,False,1575.0,0.4278,23,68.26,67.73,0.0,0.0,0.0,0.0,0,43.0
15/9-F-1 A,1600.0,0,NONE,False,1600.0,0.4345,23,68.26,67.73,0.0,0.0,0.0,0.0,0,61.0
15/9-F-1 A,1625.0,0,NONE,False,1625.0,0.4413,23,68.26,67.73,0.0,0.0,0.0,0.0,0,36.0
15/9-F-1 A,1650.0,0,NONE,False,1650.0,0.4481,23,68.26,67.73,0.6738,0.0,0.0,0.6738,1,11.0
15/9-F-1 A,1675.0,0,NONE,False,1675.0,0.4549,23,68.26,67.73,0.6738,0.0,0.0,0.6738,1,14.0
15/9-F-1 A,1700.0,0,NONE,False,1700.0,0.4617,23,68.26,67.73,0.0,0.0,0.0,0.0,0,39.0
15/9-F-1 A,1725.0,0,NONE,False,1725.0,0.4685,23,68.26,67.73,0.0,0.0,0.0,0.0,0,39.0
15/9-F-1 A,1750.0,0,NONE,False,1750.0,0.4753,23,68.26,67.73,0.6586,0.6586,0.0,0.0,1,14.0
15/9-F-1 A,1775.0,0,NONE,False,1775.0,0.4821,23,68.26,67.73,0.6586,0.6586,0.0,0.0,1,11.0
15/9-F-1 A,1800.0,0,NONE,False,1800.0,0.4889,23,68.26,67.73,0.0,0.0,0.0,0.0,0,36.0
15/9-F-1 A,1825.0,0,NONE,False,1825.0,0.4957,23,68.26,67.73,0.0,0.0,0.0,0.0,0,42.0
15/9-F-1 A,1850.0,0,NONE,False,1850.0,0.5024,23,68.26,67.73,0.621,0.621,0.0,0.0,1,17.0
15/9-F-1 A,1875.0,0,NONE,False,1875.0,0.5092,23,68.26,67.73,1.2948,0.621,0.0,0.6738,2,2.0
15/9-F-1 A,1900.0,0,NONE,False,1900.0,0.516,23,68.26,67.73,0.6738,0.0,0.0,0.6738,1,23.0
15/9-F-1 A,1925.0,0,NONE,False,1925.0,0.5228,23,68.26,67.73,0.0,0.0,0.0,0.0,0,48.0
15/9-F-1 A,1950.0,0,NONE,False,1950.0,0.5296,23,68.26,67.73,0.0,0.0,0.0,0.0,0,73.0
15/9-F-1 A,1975.0,0,NONE,False,1975.0,0.5364,23,68.26,67.73,0.0,0.0,0.0,0.0,0,59.0
15/9-F-1 A,2000.0,0,NONE,False,2000.0,0.5432,23,68.26,67.73,0.0,0.0,0.0,0.0,0,34.0
15/9-F-1 A,2025.0,0,NONE,False,2025.0,0.55,23,68.26,67.73,0.6771,0.6771,0.0,0.0,1,9.0
15/9-F-1 A,2050.0,0,NONE,False,2050.0,0.5568,23,68.26,67.73,0.6771,0.6771,0.0,0.0,1,16.0
15/9-F-1 A,2075.0,0,NONE,False,2075.0,0.5636,23,68.26,67.73,0.619,0.619,0.0,0.0,1,25.0
15/9-F-1 A,2100.0,0,NONE,False,2100.0,0.5703,23,68.26,67.73,0.619,0.619,0.0,0.0,1,0.0
15/9-F-1 A,2125.0,0,NONE,False,2125.0,0.5771,23,68.26,67.73,0.619,0.619,0.0,0.0,1,25.0
15/9-F-1 A,2150.0,0,NONE,False,2150.0,0.5839,23,68.26,67.73,0.6494,0.6494,0.0,0.0,1,14.0
15/9-F-1 A,2175.0,0,NONE,False,2175.0,0.5907,23,68.26,67.73,1.9584,1.3039,0.0,0.6545,3,11.0
15/9-F-1 A,2200.0,0,NONE,False,2200.0,0.5975,23,68.26,67.73,2.5845,1.2755,0.0,1.309,4,1.0
15/9-F-1 A,2225.0,0,NONE,False,2225.0,0.6043,23,68.26,67.73,1.8945,0.621,0.0,1.2735,3,6.0
15/9-F-1 A,2250.0,0,NONE,False,2250.0,0.6111,23,68.26,67.73,1.24,0.621,0.0,0.619,2,2.0
15/9-F-1 A,2275.0,0,NONE,False,2275.0,0.6179,23,68.26,67.73,0.621,0.621,0.0,0.0,1,23.0
15/9-F-1 A,2300.0,0,NONE,False,2300.0,0.6247,23,68.26,67.73,0.0,0.0,0.0,0.0,0,28.0
15/9-F-1 A,2325.0,0,NONE,False,2325.0,0.6315,23,68.26,67.73,0.621,0.0,0.0,0.621,1,3.0
15/9-F-1 A,2350.0,0,NONE,False,2350.0,0.6382,23,68.26,67.73,1.2797,0.0,0.0,1.2797,2,12.0
15/9-F-1 A,2375.0,0,NONE,False,2375.0,0.645,23,68.26,67.73,0.6587,0.0,0.0,0.6587,1,13.0
15/9-F-1 A,2400.0,0,NONE,False,2400.0,0.6518,23,68.26,67.73,0.619,0.619,0.0,0.0,1,10.0
15/9-F-1 A,2425.0,0,NONE,False,2425.0,0.6586,23,68.26,67.73,0.619,0.619,0.0,0.0,1,15.0
15/9-F-1 A,2450.0,0,NONE,False,2450.0,0.6654,23,68.26,67.73,0.0,0.0,0.0,0.0,0,39.2
15/9-F-1 A,2475.0,0,NONE,False,2475.0,0.6722,23,68.26,67.73,0.6587,0.6587,0.0,0.0,1,14.2
15/9-F-1 A,2500.0,0,NONE,False,2500.0,0.679,23,68.26,67.73,2.0063,2.0063,0.0,0.0,3,10.8
15/9-F-1 A,2525.0,0,NONE,False,2525.0,0.6858,23,68.26,67.73,2.6952,2.6952,0.0,0.0,4,4.0
15/9-F-1 A,2550.0,0,NONE,False,2550.0,0.6926,23,68.26,67.73,4.6862,4.6862,0.0,0.0,7,15.0
15/9-F-1 A,2575.0,0,NONE,False,2575.0,0.6993,23,68.26,67.73,5.3012,4.6304,0.0,0.6708,8,2.5
15/9-F-1 A,2600.0,0,NONE,False,2600.0,0.7061,23,68.26,67.73,4.4742,3.8034,0.0,0.6708,7,2.0
15/9-F-1 A,2625.0,0,NONE,False,2625.0,0.7129,23,68.26,67.73,3.1887,3.1887,0.0,0.0,5,9.0
15/9-F-1 A,2650.0,0,NONE,False,2650.0,0.7197,23,68.26,67.73,3.9735,3.9735,0.0,0.0,6,0.3
15/9-F-1 A,2675.0,0,NONE,False,2675.0,0.7265,23,68.26,67.73,4.5423,4.5423,0.0,0.0,7,1.0
15/9-F-1 A,2700.0,0,NONE,False,2700.0,0.7333,23,68.26,67.73,1.2459,1.2459,0.0,0.0,2,22.7
15/9-F-1 A,2725.0,0,NONE,False,2725.0,0.7401,23,68.26,67.73,0.619,0.619,0.0,0.0,1,17.0
15/9-F-1 A,2750.0,0,NONE,False,2750.0,0.7469,23,68.26,67.73,1.9787,1.9787,0.0,0.0,3,8.0
15/9-F-1 A,2775.0,0,NONE,False,2775.0,0.7537,23,68.26,67.73,2.0298,2.0298,0.0,0.0,3,0.0
15/9-F-1 A,2800.0,0,NONE,False,2800.0,0.7605,23,68.26,67.73,1.3472,1.3472,0.0,0.0,2,18.2
15/9-F-1 A,2825.0,0,NONE,False,2825.0,0.7672,23,68.26,67.73,2.5685,2.5685,0.0,0.0,4,2.0
15/9-F-1 A,2850.0,0,NONE,False,2850.0,0.774,23,68.26,67.73,3.2456,3.2456,0.0,0.0,5,0.0
15/9-F-1 A,2875.0,0,NONE,False,2875.0,0.7808,23,68.26,67.73,4.6275,4.6275,0.0,0.0,7,1.0
15/9-F-1 A,2900.0,0,NONE,False,2900.0,0.7876,23,68.26,67.73,3.3855,3.3855,0.0,0.0,5,15.0
15/9-F-1 A,2925.0,0,NONE,False,2925.0,0.7944,23,68.26,67.73,1.9787,1.2961,0.0,0.6826,3,2.0
15/9-F-1 A,2950.0,0,NONE,False,2950.0,0.8012,23,68.26,67.73,1.3016,0.619,0.0,0.6826,2,23.0
15/9-F-1 A,2975.0,0,NONE,False,2975.0,0.808,23,68.26,67.73,1.857,1.857,0.0,0.0,3,8.0
15/9-F-1 A,3000.0,0,NONE,False,3000.0,0.8148,23,68.26,67.73,2.476,2.476,0.0,0.0,4,17.0
15/9-F-1 A,3025.0,0,NONE,False,3025.0,0.8216,23,68.26,67.73,2.5157,2.5157,0.0,0.0,4,0.0
15/9-F-1 A,3050.0,0,NONE,False,3050.0,0.8284,23,68.26,67.73,4.9917,4.9917,0.0,0.0,8,3.0
15/9-F-1 A,3075.0,0,NONE,False,3075.0,0.8351,23,68.26,67.73,3.7502,3.7502,0.0,0.0,6,15.0
15/9-F-1 A,3100.0,0,NONE,False,3100.0,0.8419,23,68.26,67.73,1.2742,1.2742,0.0,0.0,2,10.0
15/9-F-1 A,3125.0,0,NONE,False,3125.0,0.8487,23,68.26,67.73,0.0,0.0,0.0,0.0,0,35.0
15/9-F-1 A,3150.0,0,NONE,False,3150.0,0.8555,23,68.26,67.73,0.619,0.619,0.0,0.0,1,11.0
15/9-F-1 A,3175.0,0,NONE,False,3175.0,0.8623,23,68.26,67.73,2.5402,2.5402,0.0,0.0,4,14.0
15/9-F-1 A,3200.0,0,NONE,False,3200.0,0.8691,23,68.26,67.73,2.5706,2.5706,0.0,0.0,4,6.0
15/9-F-1 A,3225.0,0,NONE,False,3225.0,0.8759,23,68.26,67.73,1.8894,1.2704,0.0,0.619,3,18.0
15/9-F-1 A,3250.0,0,NONE,False,3250.0,0.8827,23,68.26,67.73,1.859,1.24,0.0,0.619,3,2.0
15/9-F-1 A,3275.0,0,NONE,False,3275.0,0.8895,23,68.26,67.73,1.2676,1.2676,0.0,0.0,2,3.0
15/9-F-1 A,3300.0,0,NONE,False,3300.0,0.8963,23,68.26,67.73,1.2696,1.2696,0.0,0.0,2,4.0
15/9-F-1 A,3325.0,0,NONE,False,3325.0,0.903,23,68.26,67.73,0.621,0.621,0.0,0.0,1,6.0
15/9-F-1 A,3350.0,0,NONE,False,3350.0,0.9098,23,68.26,67.73,0.0,0.0,0.0,0.0,0,31.0
15/9-F-1 A,3375.0,0,NONE,False,3375.0,0.9166,23,68.26,67.73,0.0,0.0,0.0,0.0,0,56.0
15/9-F-1 A,3400.0,0,NONE,False,3400.0,0.9234,23,68.26,67.73,0.0,0.0,0.0,0.0,0,39.0
15/9-F-1 A,3425.0,0,NONE,False,3425.0,0.9302,23,68.26,67.73,1.242,1.242,0.0,0.0,2,14.0
15/9-F-1 A,3450.0,0,NONE,False,3450.0,0.937,23,68.26,67.73,1.242,1.242,0.0,0.0,2,10.0
15/9-F-1 A,3475.0,0,NONE,False,3475.0,0.9438,23,68.26,67.73,0.0,0.0,0.0,0.0,0,35.0
15/9-F-1 A,3500.0,0,NONE,False,3500.0,0.9506,23,68.26,67.73,0.0,0.0,0.0,0.0,0,58.0
15/9-F-1 A,3525.0,0,NONE,False,3525.0,0.9574,23,68.26,67.73,0.0,0.0,0.0,0.0,0,33.0
15/9-F-1 A,3550.0,0,NONE,False,3550.0,0.9641,23,68.26,67.73,0.6494,0.0,0.0,0.6494,1,8.0
15/9-F-1 A,3575.0,0,NONE,False,3575.0,0.9709,23,68.26,67.73,1.9759,1.3265,0.0,0.6494,3,6.0
15/9-F-1 A,3600.0,0,NONE,False,3600.0,0.9777,23,68.26,67.73,1.3265,1.3265,0.0,0.0,2,19.0
15/9-F-1 A,3625.0,0,NONE,False,3625.0,0.9845,23,68.26,67.73,0.6771,0.6771,0.0,0.0,1,7.0
15/9-F-1 A,3650.0,0,NONE,False,3650.0,0.9913,23,68.26,67.73,6.037,5.4168,0.0,0.6202,9,10.0
15/9-F-1 A,3675.0,0,NONE,False,3675.0,0.9981,23,68.26,67.73,6.037,5.4168,0.0,0.6202,9,7.5
15/9-F-1 B,50.0,0,NONE,False,50.0,0.0144,23,67.07,64.98,3.6995,0.5998,0.0,3.0997,6,0.0
15/9-F-1 B,75.0,0,NONE,False,75.0,0.0216,23,67.07,64.98,3.6601,1.7994,0.0,1.8607,6,5.0
15/9-F-1 B,100.0,0,NONE,False,100.0,0.0289,23,67.07,64.98,3.029,3.029,0.0,0.0,5,2.0
15/9-F-1 B,125.0,0,NONE,False,125.0,0.0361,23,67.07,64.98,5.5473,5.5473,0.0,0.0,9,0.6
15/9-F-1 B,150.0,0,NONE,False,150.0,0.0433,23,67.07,64.98,5.5567,5.5567,0.0,0.0,9,0.1
15/9-F-1 B,175.0,0,NONE,False,175.0,0.0505,23,67.07,64.98,2.4576,1.8149,0.0,0.6427,4,3.0
15/9-F-1 B,200.0,0,NONE,False,200.0,0.0577,23,67.07,64.98,2.4182,1.7755,0.0,0.6427,4,18.0
15/9-F-1 B,225.0,0,NONE,False,225.0,0.0649,23,67.07,64.98,4.2809,4.2809,0.0,0.0,7,7.0
15/9-F-1 B,250.0,0,NONE,False,250.0,0.0722,23,67.07,64.98,4.3667,4.3667,0.0,0.0,7,1.0
15/9-F-1 B,275.0,0,NONE,False,275.0,0.0794,23,67.07,64.98,3.0677,3.0677,0.0,0.0,5,11.6
15/9-F-1 B,300.0,0,NONE,False,300.0,0.0866,23,67.07,64.98,2.4018,1.7823,0.6195,0.0,4,7.0
15/9-F-1 B,325.0,0,NONE,False,325.0,0.0938,23,67.07,64.98,0.6195,0.0,0.6195,0.0,1,15.0
15/9-F-1 B,350.0,0,NONE,False,350.0,0.101,23,67.07,64.98,0.0,0.0,0.0,0.0,0,40.0
15/9-F-1 B,375.0,0,NONE,False,375.0,0.1082,23,67.07,64.98,0.0,0.0,0.0,0.0,0,65.0
15/9-F-1 B,400.0,0,NONE,False,400.0,0.1154,23,67.07,64.98,0.0,0.0,0.0,0.0,0,90.0
15/9-F-1 B,425.0,0,NONE,False,425.0,0.1227,23,67.07,64.98,0.0,0.0,0.0,0.0,0,115.0
15/9-F-1 B,450.0,0,NONE,False,450.0,0.1299,23,67.07,64.98,0.0,0.0,0.0,0.0,0,128.0
15/9-F-1 B,475.0,0,NONE,False,475.0,0.1371,23,67.07,64.98,0.0,0.0,0.0,0.0,0,103.0
15/9-F-1 B,500.0,0,NONE,False,500.0,0.1443,23,67.07,64.98,0.0,0.0,0.0,0.0,0,78.0
15/9-F-1 B,525.0,0,NONE,False,525.0,0.1515,23,67.07,64.98,0.0,0.0,0.0,0.0,0,53.0
15/9-F-1 B,550.0,0,NONE,False,550.0,0.1587,23,67.07,64.98,0.0,0.0,0.0,0.0,0,28.0
15/9-F-1 B,575.0,0,NONE,False,575.0,0.1659,23,67.07,64.98,0.6427,0.6427,0.0,0.0,1,3.0
15/9-F-1 B,600.0,0,NONE,False,600.0,0.1732,23,67.07,64.98,1.2622,1.2622,0.0,0.0,2,10.0
15/9-F-1 B,625.0,1,STUCK_PIPE,True,625.0,0.1804,23,67.07,64.98,0.6195,0.6195,0.0,0.0,1,15.0
15/9-F-1 B,650.0,0,NONE,False,650.0,0.1876,23,67.07,64.98,0.0,0.0,0.0,0.0,0,35.0
15/9-F-1 B,675.0,0,NONE,False,675.0,0.1948,23,67.07,64.98,0.6427,0.6427,0.0,0.0,1,10.0
15/9-F-1 B,700.0,0,NONE,False,700.0,0.202,23,67.07,64.98,0.6427,0.6427,0.0,0.0,1,15.0
15/9-F-1 B,725.0,0,NONE,False,725.0,0.2092,23,67.07,64.98,0.0,0.0,0.0,0.0,0,29.3
15/9-F-1 B,750.0,0,NONE,False,750.0,0.2165,23,67.07,64.98,0.6195,0.6195,0.0,0.0,1,4.3
15/9-F-1 B,775.0,0,NONE,False,775.0,0.2237,23,67.07,64.98,1.0479,0.6195,0.0,0.4284,2,18.1
15/9-F-1 B,800.0,0,NONE,False,800.0,0.2309,23,67.07,64.98,0.4284,0.0,0.0,0.4284,1,6.9
15/9-F-1 B,825.0,0,NONE,False,825.0,0.2381,23,67.07,64.98,3.3884,3.3884,0.0,0.0,7,4.0
15/9-F-1 B,850.0,0,NONE,False,850.0,0.2453,23,67.07,64.98,4.6052,4.6052,0.0,0.0,9,2.0
15/9-F-1 B,875.0,0,NONE,False,875.0,0.2525,23,67.07,64.98,5.3632,5.3632,0.0,0.0,9,3.0
15/9-F-1 B,900.0,0,NONE,False,900.0,0.2597,23,67.07,64.98,5.3854,5.3854,0.0,0.0,9,0.0
15/9-F-1 B,925.0,0,NONE,False,925.0,0.267,23,67.07,64.98,3.8274,3.8274,0.0,0.0,7,5.0
15/9-F-1 B,950.0,0,NONE,False,950.0,0.2742,23,67.07,64.98,1.3494,1.3494,0.0,0.0,3,20.0
15/9-F-1 B,975.0,0,NONE,False,975.0,0.2814,23,67.07,64.98,0.6427,0.6427,0.0,0.0,1,25.0
15/9-F-1 B,1000.0,0,NONE,False,1000.0,0.2886,23,67.07,64.98,0.6427,0.6427,0.0,0.0,1,0.0
15/9-F-1 B,1025.0,0,NONE,False,1025.0,0.2958,23,67.07,64.98,5.4291,5.4291,0.0,0.0,12,25.0
15/9-F-1 B,1050.0,0,NONE,False,1050.0,0.303,23,67.07,64.98,4.7864,4.7864,0.0,0.0,11,0.0
15/9-F-1 B,1075.0,0,NONE,False,1075.0,0.3102,23,67.07,64.98,4.7864,4.7864,0.0,0.0,11,25.0
15/9-F-1 B,1100.0,0,NONE,False,1100.0,0.3175,23,67.07,64.98,0.4498,0.4498,0.0,0.0,1,20.0
15/9-F-1 B,1125.0,0,NONE,False,1125.0,0.3247,23,67.07,64.98,0.4498,0.4498,0.0,0.0,1,5.0
15/9-F-1 B,1150.0,0,NONE,False,1150.0,0.3319,23,67.07,64.98,0.0,0.0,0.0,0.0,0,30.0
15/9-F-1 B,1175.0,0,NONE,False,1175.0,0.3391,23,67.07,64.98,0.0,0.0,0.0,0.0,0,55.0
15/9-F-1 B,1200.0,0,NONE,False,1200.0,0.3463,23,67.07,64.98,0.0,0.0,0.0,0.0,0,38.0
15/9-F-1 B,1225.0,0,NONE,False,1225.0,0.3535,23,67.07,64.98,0.5759,0.0,0.0,0.5759,1,13.0
15/9-F-1 B,1250.0,0,NONE,False,1250.0,0.3608,23,67.07,64.98,0.5759,0.0,0.0,0.5759,1,12.0
15/9-F-1 B,1275.0,1,STUCK_PIPE,True,1275.0,0.368,23,67.07,64.98,0.0,0.0,0.0,0.0,0,37.0
15/9-F-1 B,1300.0,0,NONE,False,1300.0,0.3752,23,67.07,64.98,1.1996,1.1996,0.0,0.0,2,13.7
15/9-F-1 B,1325.0,0,NONE,False,1325.0,0.3824,23,67.07,64.98,1.1996,1.1996,0.0,0.0,2,4.0
15/9-F-1 B,1350.0,0,NONE,False,1350.0,0.3896,23,67.07,64.98,4.3761,3.7575,0.0,0.6186,7,4.0
15/9-F-1 B,1375.0,0,NONE,False,1375.0,0.3968,23,67.07,64.98,4.9947,3.7575,0.0,1.2372,8,6.0
15/9-F-1 B,1400.0,0,NONE,False,1400.0,0.404,23,67.07,64.98,0.6186,0.0,0.0,0.6186,1,19.0
15/9-F-1 B,1425.0,0,NONE,False,1425.0,0.4113,23,67.07,64.98,0.0,0.0,0.0,0.0,0,35.0
15/9-F-1 B,1450.0,0,NONE,False,1450.0,0.4185,23,67.07,64.98,0.5709,0.5709,0.0,0.0,1,10.0
15/9-F-1 B,1475.0,0,NONE,False,1475.0,0.4257,23,67.07,64.98,1.1418,0.5709,0.0,0.5709,2,15.0
15/9-F-1 B,1500.0,0,NONE,False,1500.0,0.4329,23,67.07,64.98,0.5709,0.0,0.0,0.5709,1,7.0
15/9-F-1 B,1525.0,0,NONE,False,1525.0,0.4401,23,67.07,64.98,0.6108,0.0,0.0,0.6108,1,7.0
15/9-F-1 B,1550.0,0,NONE,False,1550.0,0.4473,23,67.07,64.98,0.6108,0.0,0.0,0.6108,1,18.0
15/9-F-1 B,1575.0,0,NONE,False,1575.0,0.4545,23,67.07,64.98,0.0,0.0,0.0,0.0,0,43.0
15/9-F-1 B,1600.0,0,NONE,False,1600.0,0.4618,23,67.07,64.98,0.0,0.0,0.0,0.0,0,61.0
15/9-F-1 B,1625.0,0,NONE,False,1625.0,0.469,23,67.07,64.98,0.0,0.0,0.0,0.0,0,36.0
15/9-F-1 B,1650.0,0,NONE,False,1650.0,0.4762,23,67.07,64.98,0.6427,0.0,0.0,0.6427,1,11.0
15/9-F-1 B,1675.0,0,NONE,False,1675.0,0.4834,23,67.07,64.98,0.6427,0.0,0.0,0.6427,1,14.0
15/9-F-1 B,1700.0,0,NONE,False,1700.0,0.4906,23,67.07,64.98,0.0,0.0,0.0,0.0,0,39.0
15/9-F-1 B,1725.0,0,NONE,False,1725.0,0.4978,23,67.07,64.98,0.0,0.0,0.0,0.0,0,39.0
15/9-F-1 B,1750.0,0,NONE,False,1750.0,0.5051,23,67.07,64.98,0.6108,0.6108,0.0,0.0,1,14.0
15/9-F-1 B,1775.0,0,NONE,False,1775.0,0.5123,23,67.07,64.98,0.6108,0.6108,0.0,0.0,1,11.0
15/9-F-1 B,1800.0,0,NONE,False,1800.0,0.5195,23,67.07,64.98,0.0,0.0,0.0,0.0,0,36.0
15/9-F-1 B,1825.0,0,NONE,False,1825.0,0.5267,23,67.07,64.98,0.0,0.0,0.0,0.0,0,42.0
15/9-F-1 B,1850.0,0,NONE,False,1850.0,0.5339,23,67.07,64.98,0.5759,0.5759,0.0,0.0,1,17.0
15/9-F-1 B,1875.0,0,NONE,False,1875.0,0.5411,23,67.07,64.98,1.2186,0.5759,0.0,0.6427,2,2.0
15/9-F-1 B,1900.0,0,NONE,False,1900.0,0.5483,23,67.07,64.98,0.6427,0.0,0.0,0.6427,1,23.0
15/9-F-1 B,1925.0,0,NONE,False,1925.0,0.5556,23,67.07,64.98,0.0,0.0,0.0,0.0,0,48.0
15/9-F-1 B,1950.0,0,NONE,False,1950.0,0.5628,23,67.07,64.98,0.0,0.0,0.0,0.0,0,73.0
15/9-F-1 B,1975.0,0,NONE,False,1975.0,0.57,23,67.07,64.98,0.0,0.0,0.0,0.0,0,59.0
15/9-F-1 B,2000.0,0,NONE,False,2000.0,0.5772,23,67.07,64.98,0.0,0.0,0.0,0.0,0,34.0
15/9-F-1 B,2025.0,0,NONE,False,2025.0,0.5844,23,67.07,64.98,0.6186,0.6186,0.0,0.0,1,9.0
15/9-F-1 B,2050.0,0,NONE,False,2050.0,0.5916,23,67.07,64.98,0.6186,0.6186,0.0,0.0,1,16.0
15/9-F-1 B,2075.0,0,NONE,False,2075.0,0.5988,23,67.07,64.98,0.5746,0.5746,0.0,0.0,1,25.0
15/9-F-1 B,2100.0,0,NONE,False,2100.0,0.6061,23,67.07,64.98,0.5746,0.5746,0.0,0.0,1,0.0
15/9-F-1 B,2125.0,0,NONE,False,2125.0,0.6133,23,67.07,64.98,0.5746,0.5746,0.0,0.0,1,25.0
15/9-F-1 B,2150.0,0,NONE,False,2150.0,0.6205,23,67.07,64.98,0.5941,0.5941,0.0,0.0,1,14.0
15/9-F-1 B,2175.0,0,NONE,False,2175.0,0.6277,23,67.07,64.98,1.7923,1.1932,0.0,0.5991,3,11.0
15/9-F-1 B,2200.0,0,NONE,False,2200.0,0.6349,23,67.07,64.98,2.3732,1.175,0.0,1.1982,4,1.0
15/9-F-1 B,2225.0,0,NONE,False,2225.0,0.6421,23,67.07,64.98,1.7496,0.5759,0.0,1.1737,3,6.0
15/9-F-1 B,2250.0,0,NONE,False,2250.0,0.6494,23,67.07,64.98,1.1505,0.5759,0.0,0.5746,2,2.0
15/9-F-1 B,2275.0,0,NONE,False,2275.0,0.6566,23,67.07,64.98,0.5759,0.5759,0.0,0.0,1,23.0
15/9-F-1 B,2300.0,0,NONE,False,2300.0,0.6638,23,67.07,64.98,0.0,0.0,0.0,0.0,0,28.0
15/9-F-1 B,2325.0,0,NONE,False,2325.0,0.671,23,67.07,64.98,0.5759,0.0,0.0,0.5759,1,3.0
15/9-F-1 B,2350.0,0,NONE,False,2350.0,0.6782,23,67.07,64.98,1.186,0.0,0.0,1.186,2,12.0
15/9-F-1 B,2375.0,0,NONE,False,2375.0,0.6854,23,67.07,64.98,0.6101,0.0,0.0,0.6101,1,13.0
15/9-F-1 B,2400.0,0,NONE,False,2400.0,0.6926,23,67.07,64.98,0.5746,0.5746,0.0,0.0,1,10.0
15/9-F-1 B,2425.0,0,NONE,False,2425.0,0.6999,23,67.07,64.98,0.5746,0.5746,0.0,0.0,1,15.0
15/9-F-1 B,2450.0,0,NONE,False,2450.0,0.7071,23,67.07,64.98,0.0,0.0,0.0,0.0,0,39.2
15/9-F-1 B,2475.0,0,NONE,False,2475.0,0.7143,23,67.07,64.98,0.6101,0.6101,0.0,0.0,1,14.2
15/9-F-1 B,2500.0,0,NONE,False,2500.0,0.7215,23,67.07,64.98,1.8955,1.8955,0.0,0.0,3,10.8
15/9-F-1 B,2525.0,0,NONE,False,2525.0,0.7287,23,67.07,64.98,2.5708,2.5708,0.0,0.0,4,4.0
15/9-F-1 B,2550.0,0,NONE,False,2550.0,0.7359,23,67.07,64.98,4.4351,4.4351,0.0,0.0,7,15.0
15/9-F-1 B,2575.0,0,NONE,False,2575.0,0.7431,23,67.07,64.98,5.0256,4.3756,0.0,0.65,8,2.5
15/9-F-1 B,2600.0,0,NONE,False,2600.0,0.7504,23,67.07,64.98,4.2034,3.5534,0.0,0.65,7,2.0
15/9-F-1 B,2625.0,0,NONE,False,2625.0,0.7576,23,67.07,64.98,2.9461,2.9461,0.0,0.0,5,9.0
15/9-F-1 B,2650.0,0,NONE,False,2650.0,0.7648,23,67.07,64.98,3.6672,3.6672,0.0,0.0,6,0.3
15/9-F-1 B,2675.0,0,NONE,False,2675.0,0.772,23,67.07,64.98,4.2952,4.2952,0.0,0.0,7,1.0
15/9-F-1 B,2700.0,0,NONE,False,2700.0,0.7792,23,67.07,64.98,1.2466,1.2466,0.0,0.0,2,22.7
15/9-F-1 B,2725.0,0,NONE,False,2725.0,0.7864,23,67.07,64.98,0.5746,0.5746,0.0,0.0,1,17.0
15/9-F-1 B,2750.0,0,NONE,False,2750.0,0.7937,23,67.07,64.98,1.8346,1.8346,0.0,0.0,3,8.0
15/9-F-1 B,2775.0,0,NONE,False,2775.0,0.8009,23,67.07,64.98,1.8795,1.8795,0.0,0.0,3,0.0
15/9-F-1 B,2800.0,0,NONE,False,2800.0,0.8081,23,67.07,64.98,1.2381,1.2381,0.0,0.0,2,18.2
15/9-F-1 B,2825.0,0,NONE,False,2825.0,0.8153,23,67.07,64.98,2.3645,2.3645,0.0,0.0,4,2.0
15/9-F-1 B,2850.0,0,NONE,False,2850.0,0.8225,23,67.07,64.98,2.9831,2.9831,0.0,0.0,5,0.0
15/9-F-1 B,2875.0,0,NONE,False,2875.0,0.8297,23,67.07,64.98,4.2448,4.2448,0.0,0.0,7,1.0
15/9-F-1 B,2900.0,0,NONE,False,2900.0,0.8369,23,67.07,64.98,3.093,3.093,0.0,0.0,5,15.0
15/9-F-1 B,2925.0,0,NONE,False,2925.0,0.8442,23,67.07,64.98,1.8346,1.1932,0.0,0.6414,3,2.0
15/9-F-1 B,2950.0,0,NONE,False,2950.0,0.8514,23,67.07,64.98,1.216,0.5746,0.0,0.6414,2,23.0
15/9-F-1 B,2975.0,0,NONE,False,2975.0,0.8586,23,67.07,64.98,1.7238,1.7238,0.0,0.0,3,8.0
15/9-F-1 B,3000.0,0,NONE,False,3000.0,0.8658,23,67.07,64.98,2.2984,2.2984,0.0,0.0,4,17.0
15/9-F-1 B,3025.0,0,NONE,False,3025.0,0.873,23,67.07,64.98,2.3339,2.3339,0.0,0.0,4,0.0
15/9-F-1 B,3050.0,0,NONE,False,3050.0,0.8802,23,67.07,64.98,4.6323,4.6323,0.0,0.0,8,3.0
15/9-F-1 B,3075.0,1,MUD_LOSS,False,3075.0,0.8874,23,67.07,64.98,2.2984,2.2984,0.0,0.0,4,21.0
15/9-F-1 B,3100.0,0,NONE,False,3100.0,0.8947,23,67.07,64.98,0.0,0.0,0.0,0.0,0,46.0
15/9-F-1 B,3125.0,0,NONE,False,3125.0,0.9019,23,67.07,64.98,0.0,0.0,0.0,0.0,0,36.0
15/9-F-1 B,3150.0,0,NONE,False,3150.0,0.9091,23,67.07,64.98,0.5746,0.5746,0.0,0.0,1,11.0
15/9-F-1 B,3175.0,0,NONE,False,3175.0,0.9163,23,67.07,64.98,2.3665,2.3665,0.0,0.0,4,14.0
15/9-F-1 B,3200.0,0,NONE,False,3200.0,0.9235,23,67.07,64.98,2.386,2.386,0.0,0.0,4,6.0
15/9-F-1 B,3225.0,0,NONE,False,3225.0,0.9307,23,67.07,64.98,1.7446,1.17,0.0,0.5746,3,18.0
15/9-F-1 B,3250.0,0,NONE,False,3250.0,0.938,23,67.07,64.98,1.7251,1.1505,0.0,0.5746,3,2.0
15/9-F-1 B,3275.0,0,NONE,False,3275.0,0.9452,23,67.07,64.98,1.1744,1.1744,0.0,0.0,2,3.0
15/9-F-1 B,3300.0,0,NONE,False,3300.0,0.9524,23,67.07,64.98,1.1757,1.1757,0.0,0.0,2,4.0
15/9-F-1 B,3325.0,0,NONE,False,3325.0,0.9596,23,67.07,64.98,0.5759,0.5759,0.0,0.0,1,6.0
15/9-F-1 B,3350.0,0,NONE,False,3350.0,0.9668,23,67.07,64.98,0.0,0.0,0.0,0.0,0,31.0
15/9-F-1 B,3375.0,0,NONE,False,3375.0,0.974,23,67.07,64.98,0.0,0.0,0.0,0.0,0,56.0
15/9-F-1 B,3400.0,0,NONE,False,3400.0,0.9812,23,67.07,64.98,0.0,0.0,0.0,0.0,0,39.0
15/9-F-1 B,3425.0,0,NONE,False,3425.0,0.9885,23,67.07,64.98,1.1518,1.1518,0.0,0.0,2,14.0
15/9-F-1 B,3450.0,0,NONE,False,3450.0,0.9957,23,67.07,64.98,1.1518,1.1518,0.0,0.0,2,10.0
15/9-F-1 C,50.0,0,NONE,False,50.0,0.0122,23,69.6,68.33,4.0665,0.6804,0.0,3.3861,6,0.0
15/9-F-1 C,75.0,0,NONE,False,75.0,0.0183,23,69.6,68.33,4.0577,2.0412,0.0,2.0165,6,5.0
15/9-F-1 C,100.0,1,MUD_LOSS,True,100.0,0.0244,23,69.6,68.33,2.726,2.726,0.0,0.0,4,2.0
15/9-F-1 C,125.0,1,MUD_LOSS,True,125.0,0.0305,23,69.6,68.33,4.1088,4.1088,0.0,0.0,6,5.5
15/9-F-1 C,150.0,0,NONE,False,150.0,0.0366,23,69.6,68.33,4.7936,4.7936,0.0,0.0,7,0.1
15/9-F-1 C,175.0,0,NONE,False,175.0,0.0427,23,69.6,68.33,2.6706,2.0278,0.0,0.6428,4,3.0
15/9-F-1 C,200.0,0,NONE,False,200.0,0.0489,23,69.6,68.33,2.6618,2.019,0.0,0.6428,4,18.0
15/9-F-1 C,225.0,0,NONE,False,225.0,0.055,23,69.6,68.33,4.734,4.734,0.0,0.0,7,7.0
15/9-F-1 C,250.0,0,NONE,False,250.0,0.0611,23,69.6,68.33,4.6588,4.6588,0.0,0.0,7,1.0
15/9-F-1 C,275.0,0,NONE,False,275.0,0.0672,23,69.6,68.33,3.1834,3.1834,0.0,0.0,5,11.6
15/9-F-1 C,300.0,0,NONE,False,300.0,0.0733,23,69.6,68.33,2.5826,1.8978,0.6848,0.0,4,7.0
15/9-F-1 C,325.0,0,NONE,False,325.0,0.0794,23,69.6,68.33,0.6848,0.0,0.6848,0.0,1,15.0
15/9-F-1 C,350.0,0,NONE,False,350.0,0.0855,23,69.6,68.33,0.0,0.0,0.0,0.0,0,40.0
15/9-F-1 C,375.0,0,NONE,False,375.0,0.0916,23,69.6,68.33,0.0,0.0,0.0,0.0,0,65.0
15/9-F-1 C,400.0,0,NONE,False,400.0,0.0977,23,69.6,68.33,0.0,0.0,0.0,0.0,0,90.0
15/9-F-1 C,425.0,0,NONE,False,425.0,0.1038,23,69.6,68.33,0.0,0.0,0.0,0.0,0,115.0
15/9-F-1 C,450.0,0,NONE,False,450.0,0.1099,23,69.6,68.33,0.0,0.0,0.0,0.0,0,128.0
15/9-F-1 C,475.0,0,NONE,False,475.0,0.116,23,69.6,68.33,0.0,0.0,0.0,0.0,0,103.0
15/9-F-1 C,500.0,0,NONE,False,500.0,0.1221,23,69.6,68.33,0.0,0.0,0.0,0.0,0,78.0
15/9-F-1 C,525.0,0,NONE,False,525.0,0.1282,23,69.6,68.33,0.0,0.0,0.0,0.0,0,53.0
15/9-F-1 C,550.0,0,NONE,False,550.0,0.1343,23,69.6,68.33,0.0,0.0,0.0,0.0,0,28.0
15/9-F-1 C,575.0,0,NONE,False,575.0,0.1404,23,69.6,68.33,0.6428,0.6428,0.0,0.0,1,3.0
15/9-F-1 C,600.0,0,NONE,False,600.0,0.1466,23,69.6,68.33,1.3276,1.3276,0.0,0.0,2,10.0
15/9-F-1 C,625.0,0,NONE,False,625.0,0.1527,23,69.6,68.33,1.2949,0.6848,0.0,0.6101,2,12.0
15/9-F-1 C,650.0,0,NONE,False,650.0,0.1588,23,69.6,68.33,0.6101,0.0,0.0,0.6101,1,13.0
15/9-F-1 C,675.0,0,NONE,False,675.0,0.1649,23,69.6,68.33,0.6428,0.6428,0.0,0.0,1,10.0
15/9-F-1 C,700.0,0,NONE,False,700.0,0.171,23,69.6,68.33,0.6428,0.6428,0.0,0.0,1,15.0
15/9-F-1 C,725.0,0,NONE,False,725.0,0.1771,23,69.6,68.33,0.0,0.0,0.0,0.0,0,29.3
15/9-F-1 C,750.0,0,NONE,False,750.0,0.1832,23,69.6,68.33,0.6848,0.6848,0.0,0.0,1,4.3
15/9-F-1 C,775.0,0,NONE,False,775.0,0.1893,23,69.6,68.33,1.0877,0.6848,0.0,0.4029,2,18.1
15/9-F-1 C,800.0,0,NONE,False,800.0,0.1954,23,69.6,68.33,0.4029,0.0,0.0,0.4029,1,6.9
15/9-F-1 C,825.0,0,NONE,False,825.0,0.2015,23,69.6,68.33,3.3866,3.3866,0.0,0.0,7,4.0
15/9-F-1 C,850.0,0,NONE,False,850.0,0.2076,23,69.6,68.33,4.7433,4.7433,0.0,0.0,9,2.0
15/9-F-1 C,875.0,0,NONE,False,875.0,0.2137,23,69.6,68.33,5.8135,5.8135,0.0,0.0,9,3.0
15/9-F-1 C,900.0,0,NONE,False,900.0,0.2198,23,69.6,68.33,5.8264,5.8264,0.0,0.0,9,0.0
15/9-F-1 C,925.0,0,NONE,False,925.0,0.2259,23,69.6,68.33,4.1333,4.1333,0.0,0.0,7,5.0
15/9-F-1 C,950.0,0,NONE,False,950.0,0.232,23,69.6,68.33,1.3941,1.3941,0.0,0.0,3,20.0
15/9-F-1 C,975.0,0,NONE,False,975.0,0.2382,23,69.6,68.33,0.6428,0.6428,0.0,0.0,1,25.0
15/9-F-1 C,1000.0,0,NONE,False,1000.0,0.2443,23,69.6,68.33,0.6428,0.6428,0.0,0.0,1,0.0
15/9-F-1 C,1025.0,0,NONE,False,1025.0,0.2504,23,69.6,68.33,5.0997,5.0997,0.0,0.0,12,25.0
15/9-F-1 C,1050.0,0,NONE,False,1050.0,0.2565,23,69.6,68.33,4.4569,4.4569,0.0,0.0,11,0.0
15/9-F-1 C,1075.0,0,NONE,False,1075.0,0.2626,23,69.6,68.33,4.4569,4.4569,0.0,0.0,11,25.0
15/9-F-1 C,1100.0,0,NONE,False,1100.0,0.2687,23,69.6,68.33,0.4647,0.4647,0.0,0.0,1,20.0
15/9-F-1 C,1125.0,0,NONE,False,1125.0,0.2748,23,69.6,68.33,0.4647,0.4647,0.0,0.0,1,5.0
15/9-F-1 C,1150.0,0,NONE,False,1150.0,0.2809,23,69.6,68.33,0.0,0.0,0.0,0.0,0,30.0
15/9-F-1 C,1175.0,0,NONE,False,1175.0,0.287,23,69.6,68.33,0.0,0.0,0.0,0.0,0,55.0
15/9-F-1 C,1200.0,0,NONE,False,1200.0,0.2931,23,69.6,68.33,0.0,0.0,0.0,0.0,0,38.0
15/9-F-1 C,1225.0,0,NONE,False,1225.0,0.2992,23,69.6,68.33,0.6582,0.0,0.0,0.6582,1,13.0
15/9-F-1 C,1250.0,0,NONE,False,1250.0,0.3053,23,69.6,68.33,0.6582,0.0,0.0,0.6582,1,12.0
15/9-F-1 C,1275.0,0,NONE,False,1275.0,0.3114,23,69.6,68.33,0.6101,0.0,0.0,0.6101,1,5.6
15/9-F-1 C,1300.0,0,NONE,False,1300.0,0.3175,23,69.6,68.33,1.9709,1.3608,0.0,0.6101,3,13.7
15/9-F-1 C,1325.0,0,NONE,False,1325.0,0.3236,23,69.6,68.33,1.3608,1.3608,0.0,0.0,2,4.0
15/9-F-1 C,1350.0,0,NONE,False,1350.0,0.3298,23,69.6,68.33,4.6041,3.9254,0.0,0.6787,7,4.0
15/9-F-1 C,1375.0,0,NONE,False,1375.0,0.3359,23,69.6,68.33,5.2828,3.9254,0.0,1.3574,8,6.0
15/9-F-1 C,1400.0,0,NONE,False,1400.0,0.342,23,69.6,68.33,0.6787,0.0,0.0,0.6787,1,19.0
15/9-F-1 C,1425.0,0,NONE,False,1425.0,0.3481,23,69.6,68.33,0.0,0.0,0.0,0.0,0,35.0
15/9-F-1 C,1450.0,0,NONE,False,1450.0,0.3542,23,69.6,68.33,0.5859,0.5859,0.0,0.0,1,10.0
15/9-F-1 C,1475.0,0,NONE,False,1475.0,0.3603,23,69.6,68.33,1.1718,0.5859,0.0,0.5859,2,15.0
15/9-F-1 C,1500.0,0,NONE,False,1500.0,0.3664,23,69.6,68.33,0.5859,0.0,0.0,0.5859,1,7.0
15/9-F-1 C,1525.0,0,NONE,False,1525.0,0.3725,23,69.6,68.33,0.696,0.0,0.0,0.696,1,7.0
15/9-F-1 C,1550.0,0,NONE,False,1550.0,0.3786,23,69.6,68.33,0.696,0.0,0.0,0.696,1,18.0
15/9-F-1 C,1575.0,0,NONE,False,1575.0,0.3847,23,69.6,68.33,0.0,0.0,0.0,0.0,0,43.0
15/9-F-1 C,1600.0,0,NONE,False,1600.0,0.3908,23,69.6,68.33,0.0,0.0,0.0,0.0,0,61.0
15/9-F-1 C,1625.0,0,NONE,False,1625.0,0.3969,23,69.6,68.33,0.0,0.0,0.0,0.0,0,36.0
15/9-F-1 C,1650.0,0,NONE,False,1650.0,0.403,23,69.6,68.33,0.6428,0.0,0.0,0.6428,1,11.0
15/9-F-1 C,1675.0,0,NONE,False,1675.0,0.4091,23,69.6,68.33,0.6428,0.0,0.0,0.6428,1,14.0
15/9-F-1 C,1700.0,0,NONE,False,1700.0,0.4152,23,69.6,68.33,0.0,0.0,0.0,0.0,0,39.0
15/9-F-1 C,1725.0,0,NONE,False,1725.0,0.4213,23,69.6,68.33,0.0,0.0,0.0,0.0,0,39.0
15/9-F-1 C,1750.0,0,NONE,False,1750.0,0.4275,23,69.6,68.33,0.696,0.696,0.0,0.0,1,14.0
15/9-F-1 C,1775.0,0,NONE,False,1775.0,0.4336,23,69.6,68.33,0.696,0.696,0.0,0.0,1,11.0
15/9-F-1 C,1800.0,0,NONE,False,1800.0,0.4397,23,69.6,68.33,0.0,0.0,0.0,0.0,0,36.0
15/9-F-1 C,1825.0,0,NONE,False,1825.0,0.4458,23,69.6,68.33,0.0,0.0,0.0,0.0,0,42.0
15/9-F-1 C,1850.0,0,NONE,False,1850.0,0.4519,23,69.6,68.33,0.6582,0.6582,0.0,0.0,1,17.0
15/9-F-1 C,1875.0,0,NONE,False,1875.0,0.458,23,69.6,68.33,1.301,0.6582,0.0,0.6428,2,2.0
15/9-F-1 C,1900.0,0,NONE,False,1900.0,0.4641,23,69.6,68.33,0.6428,0.0,0.0,0.6428,1,23.0
15/9-F-1 C,1925.0,0,NONE,False,1925.0,0.4702,23,69.6,68.33,0.0,0.0,0.0,0.0,0,48.0
15/9-F-1 C,1950.0,0,NONE,False,1950.0,0.4763,23,69.6,68.33,0.0,0.0,0.0,0.0,0,73.0
15/9-F-1 C,1975.0,0,NONE,False,1975.0,0.4824,23,69.6,68.33,0.0,0.0,0.0,0.0,0,59.0
15/9-F-1 C,2000.0,0,NONE,False,2000.0,0.4885,23,69.6,68.33,0.0,0.0,0.0,0.0,0,34.0
15/9-F-1 C,2025.0,0,NONE,False,2025.0,0.4946,23,69.6,68.33,0.6787,0.6787,0.0,0.0,1,9.0
15/9-F-1 C,2050.0,0,NONE,False,2050.0,0.5007,23,69.6,68.33,0.6787,0.6787,0.0,0.0,1,16.0
15/9-F-1 C,2075.0,0,NONE,False,2075.0,0.5068,23,69.6,68.33,0.5855,0.5855,0.0,0.0,1,25.0
15/9-F-1 C,2100.0,0,NONE,False,2100.0,0.5129,23,69.6,68.33,0.5855,0.5855,0.0,0.0,1,0.0
15/9-F-1 C,2125.0,0,NONE,False,2125.0,0.5191,23,69.6,68.33,0.5855,0.5855,0.0,0.0,1,25.0
15/9-F-1 C,2150.0,0,NONE,False,2150.0,0.5252,23,69.6,68.33,0.6326,0.6326,0.0,0.0,1,14.0
15/9-F-1 C,2175.0,0,NONE,False,2175.0,0.5313,23,69.6,68.33,1.9088,1.2707,0.0,0.6381,3,11.0
15/9-F-1 C,2200.0,0,NONE,False,2200.0,0.5374,23,69.6,68.33,2.5725,1.2963,0.0,1.2762,4,1.0
15/9-F-1 C,2225.0,0,NONE,False,2225.0,0.5435,23,69.6,68.33,1.8818,0.6582,0.0,1.2236,3,6.0
15/9-F-1 C,2250.0,0,NONE,False,2250.0,0.5496,23,69.6,68.33,1.2437,0.6582,0.0,0.5855,2,2.0
15/9-F-1 C,2275.0,0,NONE,False,2275.0,0.5557,23,69.6,68.33,0.6582,0.6582,0.0,0.0,1,23.0
15/9-F-1 C,2300.0,0,NONE,False,2300.0,0.5618,23,69.6,68.33,0.0,0.0,0.0,0.0,0,28.0
15/9-F-1 C,2325.0,0,NONE,False,2325.0,0.5679,23,69.6,68.33,0.6582,0.0,0.0,0.6582,1,3.0
15/9-F-1 C,2350.0,1,STUCK_PIPE,False,2350.0,0.574,23,69.6,68.33,0.6582,0.0,0.0,0.6582,1,22.0
15/9-F-1 C,2375.0,0,NONE,False,2375.0,0.5801,23,69.6,68.33,0.0,0.0,0.0,0.0,0,35.0
15/9-F-1 C,2400.0,0,NONE,False,2400.0,0.5862,23,69.6,68.33,0.5855,0.5855,0.0,0.0,1,10.0
15/9-F-1 C,2425.0,0,NONE,False,2425.0,0.5923,23,69.6,68.33,0.5855,0.5855,0.0,0.0,1,15.0
15/9-F-1 C,2450.0,0,NONE,False,2450.0,0.5984,23,69.6,68.33,0.0,0.0,0.0,0.0,0,40.0
15/9-F-1 C,2475.0,1,MUD_LOSS,True,2475.0,0.6045,23,69.6,68.33,0.0,0.0,0.0,0.0,0,38.9
15/9-F-1 C,2500.0,0,NONE,False,2500.0,0.6106,23,69.6,68.33,1.2856,1.2856,0.0,0.0,2,13.9
15/9-F-1 C,2525.0,0,NONE,False,2525.0,0.6168,23,69.6,68.33,2.5712,2.5712,0.0,0.0,4,4.0
15/9-F-1 C,2550.0,0,NONE,False,2550.0,0.6229,23,69.6,68.33,4.606,4.606,0.0,0.0,7,15.0
15/9-F-1 C,2575.0,0,NONE,False,2575.0,0.629,23,69.6,68.33,5.2494,4.614,0.0,0.6354,8,2.5
15/9-F-1 C,2600.0,0,NONE,False,2600.0,0.6351,23,69.6,68.33,4.584,3.9486,0.0,0.6354,7,2.0
15/9-F-1 C,2625.0,0,NONE,False,2625.0,0.6412,23,69.6,68.33,3.3337,3.3337,0.0,0.0,5,9.0
15/9-F-1 C,2650.0,0,NONE,False,2650.0,0.6473,23,69.6,68.33,3.897,3.897,0.0,0.0,6,0.3
15/9-F-1 C,2675.0,0,NONE,False,2675.0,0.6534,23,69.6,68.33,4.4801,4.4801,0.0,0.0,7,1.0
15/9-F-1 C,2700.0,0,NONE,False,2700.0,0.6595,23,69.6,68.33,1.2618,1.2618,0.0,0.0,2,22.7
15/9-F-1 C,2725.0,0,NONE,False,2725.0,0.6656,23,69.6,68.33,0.5855,0.5855,0.0,0.0,1,17.0
15/9-F-1 C,2750.0,0,NONE,False,2750.0,0.6717,23,69.6,68.33,1.9155,1.9155,0.0,0.0,3,8.0
15/9-F-1 C,2775.0,0,NONE,False,2775.0,0.6778,23,69.6,68.33,2.0148,2.0148,0.0,0.0,3,0.0
15/9-F-1 C,2800.0,0,NONE,False,2800.0,0.6839,23,69.6,68.33,1.3635,1.3635,0.0,0.0,2,18.2
15/9-F-1 C,2825.0,0,NONE,False,2825.0,0.69,23,69.6,68.33,2.6277,2.6277,0.0,0.0,4,2.0
15/9-F-1 C,2850.0,0,NONE,False,2850.0,0.6961,23,69.6,68.33,3.3064,3.3064,0.0,0.0,5,0.0
15/9-F-1 C,2875.0,0,NONE,False,2875.0,0.7022,23,69.6,68.33,4.7099,4.7099,0.0,0.0,7,1.0
15/9-F-1 C,2900.0,0,NONE,False,2900.0,0.7084,23,69.6,68.33,3.3935,3.3935,0.0,0.0,5,15.0
15/9-F-1 C,2925.0,0,NONE,False,2925.0,0.7145,23,69.6,68.33,1.9155,1.2642,0.0,0.6513,3,2.0
15/9-F-1 C,2950.0,0,NONE,False,2950.0,0.7206,23,69.6,68.33,1.2368,0.5855,0.0,0.6513,2,23.0
15/9-F-1 C,2975.0,0,NONE,False,2975.0,0.7267,23,69.6,68.33,1.7565,1.7565,0.0,0.0,3,8.0
15/9-F-1 C,3000.0,0,NONE,False,3000.0,0.7328,23,69.6,68.33,2.342,2.342,0.0,0.0,4,17.0
15/9-F-1 C,3025.0,1,MUD_LOSS,False,3025.0,0.7389,23,69.6,68.33,1.7565,1.7565,0.0,0.0,3,0.0
15/9-F-1 C,3050.0,0,NONE,False,3050.0,0.745,23,69.6,68.33,4.0985,4.0985,0.0,0.0,7,4.0
15/9-F-1 C,3075.0,0,NONE,False,3075.0,0.7511,23,69.6,68.33,3.5622,3.5622,0.0,0.0,6,15.0
15/9-F-1 C,3100.0,0,NONE,False,3100.0,0.7572,23,69.6,68.33,1.2202,1.2202,0.0,0.0,2,10.0
15/9-F-1 C,3125.0,0,NONE,False,3125.0,0.7633,23,69.6,68.33,0.0,0.0,0.0,0.0,0,35.0
15/9-F-1 C,3150.0,0,NONE,False,3150.0,0.7694,23,69.6,68.33,0.5855,0.5855,0.0,0.0,1,11.0
15/9-F-1 C,3175.0,0,NONE,False,3175.0,0.7755,23,69.6,68.33,2.6012,2.6012,0.0,0.0,4,14.0
15/9-F-1 C,3200.0,0,NONE,False,3200.0,0.7816,23,69.6,68.33,2.6483,2.6483,0.0,0.0,4,6.0
15/9-F-1 C,3225.0,0,NONE,False,3225.0,0.7877,23,69.6,68.33,1.8763,1.2908,0.0,0.5855,3,18.0
15/9-F-1 C,3250.0,0,NONE,False,3250.0,0.7938,23,69.6,68.33,1.8292,1.2437,0.0,0.5855,3,2.0
15/9-F-1 C,3275.0,0,NONE,False,3275.0,0.8,23,69.6,68.33,1.2659,1.2659,0.0,0.0,2,3.0
15/9-F-1 C,3300.0,0,NONE,False,3300.0,0.8061,23,69.6,68.33,1.3386,1.3386,0.0,0.0,2,4.0
15/9-F-1 C,3325.0,0,NONE,False,3325.0,0.8122,23,69.6,68.33,0.6582,0.6582,0.0,0.0,1,6.0
15/9-F-1 C,3350.0,0,NONE,False,3350.0,0.8183,23,69.6,68.33,0.0,0.0,0.0,0.0,0,31.0
15/9-F-1 C,3375.0,0,NONE,False,3375.0,0.8244,23,69.6,68.33,0.0,0.0,0.0,0.0,0,56.0
15/9-F-1 C,3400.0,0,NONE,False,3400.0,0.8305,23,69.6,68.33,0.0,0.0,0.0,0.0,0,39.0
15/9-F-1 C,3425.0,0,NONE,False,3425.0,0.8366,23,69.6,68.33,1.3164,1.3164,0.0,0.0,2,14.0
15/9-F-1 C,3450.0,0,NONE,False,3450.0,0.8427,23,69.6,68.33,1.3164,1.3164,0.0,0.0,2,10.0
15/9-F-1 C,3475.0,0,NONE,False,3475.0,0.8488,23,69.6,68.33,0.0,0.0,0.0,0.0,0,35.0
15/9-F-1 C,3500.0,0,NONE,False,3500.0,0.8549,23,69.6,68.33,0.0,0.0,0.0,0.0,0,58.0
15/9-F-1 C,3525.0,0,NONE,False,3525.0,0.861,23,69.6,68.33,0.0,0.0,0.0,0.0,0,33.0
15/9-F-1 C,3550.0,0,NONE,False,3550.0,0.8671,23,69.6,68.33,0.6326,0.0,0.0,0.6326,1,8.0
15/9-F-1 C,3575.0,0,NONE,False,3575.0,0.8732,23,69.6,68.33,1.9439,1.3113,0.0,0.6326,3,6.0
15/9-F-1 C,3600.0,0,NONE,False,3600.0,0.8793,23,69.6,68.33,1.3113,1.3113,0.0,0.0,2,19.0
15/9-F-1 C,3625.0,0,NONE,False,3625.0,0.8854,23,69.6,68.33,0.6787,0.6787,0.0,0.0,1,7.0
15/9-F-1 C,3650.0,0,NONE,False,3650.0,0.8915,23,69.6,68.33,6.0155,5.4296,0.0,0.5859,9,10.0
15/9-F-1 C,3675.0,0,NONE,False,3675.0,0.8977,23,69.6,68.33,6.0155,5.4296,0.0,0.5859,9,7.5
15/9-F-1 C,3700.0,0,NONE,False,3700.0,0.9038,23,69.6,68.33,1.3574,1.3574,0.0,0.0,2,7.2
15/9-F-1 C,3725.0,0,NONE,False,3725.0,0.9099,23,69.6,68.33,2.0361,2.0361,0.0,0.0,3,9.0
15/9-F-1 C,3750.0,0,NONE,False,3750.0,0.916,23,69.6,68.33,2.0315,2.0315,0.0,0.0,3,4.0
15/9-F-1 C,3775.0,0,NONE,False,3775.0,0.9221,23,69.6,68.33,2.6782,2.6782,0.0,0.0,4,7.0
15/9-F-1 C,3800.0,0,NONE,False,3800.0,0.9282,23,69.6,68.33,2.6367,2.0041,0.0,0.6326,4,6.0
15/9-F-1 C,3825.0,0,NONE,False,3825.0,0.9343,23,69.6,68.33,1.3113,0.6787,0.0,0.6326,2,1.0
15/9-F-1 C,3850.0,0,NONE,False,3850.0,0.9404,23,69.6,68.33,2.0293,1.3506,0.0,0.6787,3,6.0
15/9-F-1 C,3875.0,0,NONE,False,3875.0,0.9465,23,69.6,68.33,1.3506,0.6719,0.0,0.6787,2,7.3
15/9-F-1 C,3900.0,0,NONE,False,3900.0,0.9526,23,69.6,68.33,0.0,0.0,0.0,0.0,0,32.3
15/9-F-1 C,3925.0,0,NONE,False,3925.0,0.9587,23,69.6,68.33,0.0,0.0,0.0,0.0,0,57.3
15/9-F-1 C,3950.0,0,NONE,False,3950.0,0.9648,23,69.6,68.33,0.0,0.0,0.0,0.0,0,75.0
15/9-F-1 C,3975.0,0,NONE,False,3975.0,0.9709,23,69.6,68.33,0.0,0.0,0.0,0.0,0,50.0
15/9-F-1 C,4000.0,0,NONE,False,4000.0,0.977,23,69.6,68.33,0.6326,0.0,0.0,0.6326,1,25.0
15/9-F-1 C,4025.0,0,NONE,False,4025.0,0.9831,23,69.6,68.33,2.582,1.3168,0.0,1.2652,4,0.0
15/9-F-1 C,4050.0,0,NONE,False,4050.0,0.9893,23,69.6,68.33,4.6181,3.3529,0.0,1.2652,7,0.0
15/9-F-1 C,4075.0,0,NONE,False,4075.0,0.9954,23,69.6,68.33,6.6419,4.7441,0.0,1.8978,10,8.0
15/9-F-10,50.0,0,NONE,False,50.0,0.0094,23,67.22,66.26,3.8935,0.6676,0.0,3.2259,6,0.0
15/9-F-10,75.0,0,NONE,False,75.0,0.0141,23,67.22,66.26,3.9323,2.0028,0.0,1.9295,6,5.0
15/9-F-10,100.0,0,NONE,False,100.0,0.0188,23,67.22,66.26,3.3092,3.3092,0.0,0.0,5,2.0
15/9-F-10,125.0,0,NONE,False,125.0,0.0234,23,67.22,66.26,5.8638,5.8638,0.0,0.0,9,0.6
15/9-F-10,150.0,0,NONE,False,150.0,0.0281,23,67.22,66.26,5.8538,5.8538,0.0,0.0,9,0.1
15/9-F-10,175.0,1,MUD_LOSS,False,175.0,0.0328,23,67.22,66.26,1.9109,1.2964,0.0,0.6145,3,5.0
15/9-F-10,200.0,0,NONE,False,200.0,0.0375,23,67.22,66.26,1.9497,1.3352,0.0,0.6145,3,18.0
15/9-F-10,225.0,0,NONE,False,225.0,0.0422,23,67.22,66.26,4.5813,4.5813,0.0,0.0,7,7.0
15/9-F-10,250.0,0,NONE,False,250.0,0.0469,23,67.22,66.26,4.4751,4.4751,0.0,0.0,7,1.0
15/9-F-10,275.0,0,NONE,False,275.0,0.0516,23,67.22,66.26,3.0314,3.0314,0.0,0.0,5,11.6
15/9-F-10,300.0,0,NONE,False,300.0,0.0563,23,67.22,66.26,2.4506,1.8024,0.6482,0.0,4,7.0
15/9-F-10,325.0,0,NONE,False,325.0,0.061,23,67.22,66.26,0.6482,0.0,0.6482,0.0,1,15.0
15/9-F-10,350.0,0,NONE,False,350.0,0.0657,23,67.22,66.26,0.0,0.0,0.0,0.0,0,40.0
15/9-F-10,375.0,0,NONE,False,375.0,0.0703,23,67.22,66.26,0.0,0.0,0.0,0.0,0,65.0
15/9-F-10,400.0,0,NONE,False,400.0,0.075,23,67.22,66.26,0.0,0.0,0.0,0.0,0,90.0
15/9-F-10,425.0,0,NONE,False,425.0,0.0797,23,67.22,66.26,0.0,0.0,0.0,0.0,0,115.0
15/9-F-10,450.0,0,NONE,False,450.0,0.0844,23,67.22,66.26,0.0,0.0,0.0,0.0,0,128.0
15/9-F-10,475.0,0,NONE,False,475.0,0.0891,23,67.22,66.26,0.0,0.0,0.0,0.0,0,103.0
15/9-F-10,500.0,0,NONE,False,500.0,0.0938,23,67.22,66.26,0.0,0.0,0.0,0.0,0,78.0
15/9-F-10,525.0,0,NONE,False,525.0,0.0985,23,67.22,66.26,0.0,0.0,0.0,0.0,0,53.0
15/9-F-10,550.0,0,NONE,False,550.0,0.1032,23,67.22,66.26,0.0,0.0,0.0,0.0,0,28.0
15/9-F-10,575.0,0,NONE,False,575.0,0.1079,23,67.22,66.26,0.6145,0.6145,0.0,0.0,1,3.0
15/9-F-10,600.0,0,NONE,False,600.0,0.1125,23,67.22,66.26,1.2627,1.2627,0.0,0.0,2,10.0
15/9-F-10,625.0,0,NONE,False,625.0,0.1172,23,67.22,66.26,1.2241,0.6482,0.0,0.5759,2,12.0
15/9-F-10,650.0,0,NONE,False,650.0,0.1219,23,67.22,66.26,0.5759,0.0,0.0,0.5759,1,13.0
15/9-F-10,675.0,0,NONE,False,675.0,0.1266,23,67.22,66.26,0.6145,0.6145,0.0,0.0,1,10.0
15/9-F-10,700.0,0,NONE,False,700.0,0.1313,23,67.22,66.26,0.6145,0.6145,0.0,0.0,1,15.0
15/9-F-10,725.0,0,NONE,False,725.0,0.136,23,67.22,66.26,0.0,0.0,0.0,0.0,0,29.3
15/9-F-10,750.0,0,NONE,False,750.0,0.1407,23,67.22,66.26,0.6482,0.6482,0.0,0.0,1,4.3
15/9-F-10,775.0,0,NONE,False,775.0,0.1454,23,67.22,66.26,1.0464,0.6482,0.0,0.3982,2,18.1
15/9-F-10,800.0,0,NONE,False,800.0,0.1501,23,67.22,66.26,0.3982,0.0,0.0,0.3982,1,6.9
15/9-F-10,825.0,0,NONE,False,825.0,0.1548,23,67.22,66.26,3.2899,3.2899,0.0,0.0,7,4.0
15/9-F-10,850.0,0,NONE,False,850.0,0.1594,23,67.22,66.26,4.6103,4.6103,0.0,0.0,9,2.0
15/9-F-10,875.0,0,NONE,False,875.0,0.1641,23,67.22,66.26,5.5981,5.5981,0.0,0.0,9,3.0
15/9-F-10,900.0,0,NONE,False,900.0,0.1688,23,67.22,66.26,5.5741,5.5741,0.0,0.0,9,0.0
15/9-F-10,925.0,0,NONE,False,925.0,0.1735,23,67.22,66.26,3.9617,3.9617,0.0,0.0,7,5.0
15/9-F-10,950.0,0,NONE,False,950.0,0.1782,23,67.22,66.26,1.3689,1.3689,0.0,0.0,3,20.0
15/9-F-10,975.0,0,NONE,False,975.0,0.1829,23,67.22,66.26,0.6145,0.6145,0.0,0.0,1,25.0
15/9-F-10,1000.0,0,NONE,False,1000.0,0.1876,23,67.22,66.26,0.6145,0.6145,0.0,0.0,1,0.0
15/9-F-10,1025.0,0,NONE,False,1025.0,0.1923,23,67.22,66.26,5.0197,5.0197,0.0,0.0,12,25.0
15/9-F-10,1050.0,0,NONE,False,1050.0,0.197,23,67.22,66.26,4.4052,4.4052,0.0,0.0,11,0.0
15/9-F-10,1075.0,0,NONE,False,1075.0,0.2017,23,67.22,66.26,4.4052,4.4052,0.0,0.0,11,25.0
15/9-F-10,1100.0,0,NONE,False,1100.0,0.2063,23,67.22,66.26,0.4563,0.4563,0.0,0.0,1,20.0
15/9-F-10,1125.0,0,NONE,False,1125.0,0.211,23,67.22,66.26,0.4563,0.4563,0.0,0.0,1,5.0
15/9-F-10,1150.0,0,NONE,False,1150.0,0.2157,23,67.22,66.26,0.0,0.0,0.0,0.0,0,30.0
15/9-F-10,1175.0,0,NONE,False,1175.0,0.2204,23,67.22,66.26,0.0,0.0,0.0,0.0,0,55.0
15/9-F-10,1200.0,0,NONE,False,1200.0,0.2251,23,67.22,66.26,0.0,0.0,0.0,0.0,0,80.0
15/9-F-10,1225.0,1,STUCK_PIPE,False,1225.0,0.2298,23,67.22,66.26,0.0,0.0,0.0,0.0,0,55.6
15/9-F-10,1250.0,0,NONE,False,1250.0,0.2345,23,67.22,66.26,0.0,0.0,0.0,0.0,0,30.6
15/9-F-10,1275.0,0,NONE,False,1275.0,0.2392,23,67.22,66.26,0.5759,0.0,0.0,0.5759,1,5.6
15/9-F-10,1300.0,0,NONE,False,1300.0,0.2439,23,67.22,66.26,1.9111,1.3352,0.0,0.5759,3,13.7
15/9-F-10,1325.0,0,NONE,False,1325.0,0.2485,23,67.22,66.26,1.3352,1.3352,0.0,0.0,2,4.0
15/9-F-10,1350.0,1,MUD_LOSS,False,1350.0,0.2532,23,67.22,66.26,3.7561,3.1168,0.0,0.6393,6,4.0
15/9-F-10,1375.0,0,NONE,False,1375.0,0.2579,23,67.22,66.26,4.3954,3.1168,0.0,1.2786,7,6.0
15/9-F-10,1400.0,0,NONE,False,1400.0,0.2626,23,67.22,66.26,0.6393,0.0,0.0,0.6393,1,19.0
15/9-F-10,1425.0,0,NONE,False,1425.0,0.2673,23,67.22,66.26,0.0,0.0,0.0,0.0,0,35.0
15/9-F-10,1450.0,0,NONE,False,1450.0,0.272,23,67.22,66.26,0.5653,0.5653,0.0,0.0,1,10.0
15/9-F-10,1475.0,0,NONE,False,1475.0,0.2767,23,67.22,66.26,1.1306,0.5653,0.0,0.5653,2,15.0
15/9-F-10,1500.0,0,NONE,False,1500.0,0.2814,23,67.22,66.26,0.5653,0.0,0.0,0.5653,1,7.0
15/9-F-10,1525.0,0,NONE,False,1525.0,0.2861,23,67.22,66.26,0.6588,0.0,0.0,0.6588,1,7.0
15/9-F-10,1550.0,0,NONE,False,1550.0,0.2908,23,67.22,66.26,0.6588,0.0,0.0,0.6588,1,18.0
15/9-F-10,1575.0,0,NONE,False,1575.0,0.2954,23,67.22,66.26,0.0,0.0,0.0,0.0,0,43.0
15/9-F-10,1600.0,0,NONE,False,1600.0,0.3001,23,67.22,66.26,0.0,0.0,0.0,0.0,0,61.0
15/9-F-10,1625.0,0,NONE,False,1625.0,0.3048,23,67.22,66.26,0.0,0.0,0.0,0.0,0,36.0
15/9-F-10,1650.0,0,NONE,False,1650.0,0.3095,23,67.22,66.26,0.6145,0.0,0.0,0.6145,1,11.0
15/9-F-10,1675.0,0,NONE,False,1675.0,0.3142,23,67.22,66.26,0.6145,0.0,0.0,0.6145,1,14.0
15/9-F-10,1700.0,0,NONE,False,1700.0,0.3189,23,67.22,66.26,0.0,0.0,0.0,0.0,0,39.0
15/9-F-10,1725.0,0,NONE,False,1725.0,0.3236,23,67.22,66.26,0.0,0.0,0.0,0.0,0,39.0
15/9-F-10,1750.0,0,NONE,False,1750.0,0.3283,23,67.22,66.26,0.6588,0.6588,0.0,0.0,1,14.0
15/9-F-10,1775.0,0,NONE,False,1775.0,0.333,23,67.22,66.26,0.6588,0.6588,0.0,0.0,1,11.0
15/9-F-10,1800.0,0,NONE,False,1800.0,0.3376,23,67.22,66.26,0.0,0.0,0.0,0.0,0,36.0
15/9-F-10,1825.0,0,NONE,False,1825.0,0.3423,23,67.22,66.26,0.0,0.0,0.0,0.0,0,52.0
15/9-F-10,1850.0,1,MUD_LOSS,False,1850.0,0.347,23,67.22,66.26,0.0,0.0,0.0,0.0,0,27.0
15/9-F-10,1875.0,0,NONE,False,1875.0,0.3517,23,67.22,66.26,0.6145,0.0,0.0,0.6145,1,2.0
15/9-F-10,1900.0,0,NONE,False,1900.0,0.3564,23,67.22,66.26,0.6145,0.0,0.0,0.6145,1,23.0
15/9-F-10,1925.0,0,NONE,False,1925.0,0.3611,23,67.22,66.26,0.0,0.0,0.0,0.0,0,48.0
15/9-F-10,1950.0,0,NONE,False,1950.0,0.3658,23,67.22,66.26,0.0,0.0,0.0,0.0,0,73.0
15/9-F-10,1975.0,0,NONE,False,1975.0,0.3705,23,67.22,66.26,0.0,0.0,0.0,0.0,0,59.0
15/9-F-10,2000.0,0,NONE,False,2000.0,0.3752,23,67.22,66.26,0.0,0.0,0.0,0.0,0,34.0
15/9-F-10,2025.0,0,NONE,False,2025.0,0.3799,23,67.22,66.26,0.6393,0.6393,0.0,0.0,1,9.0
15/9-F-10,2050.0,0,NONE,False,2050.0,0.3845,23,67.22,66.26,0.6393,0.6393,0.0,0.0,1,16.0
15/9-F-10,2075.0,0,NONE,False,2075.0,0.3892,23,67.22,66.26,0.5674,0.5674,0.0,0.0,1,25.0
15/9-F-10,2100.0,0,NONE,False,2100.0,0.3939,23,67.22,66.26,0.5674,0.5674,0.0,0.0,1,0.0
15/9-F-10,2125.0,0,NONE,False,2125.0,0.3986,23,67.22,66.26,0.5674,0.5674,0.0,0.0,1,25.0
15/9-F-10,2150.0,0,NONE,False,2150.0,0.4033,23,67.22,66.26,0.6008,0.6008,0.0,0.0,1,14.0
15/9-F-10,2175.0,0,NONE,False,2175.0,0.408,23,67.22,66.26,1.801,1.2009,0.0,0.6001,3,11.0
15/9-F-10,2200.0,1,MUD_LOSS,False,2200.0,0.4127,23,67.22,66.26,1.8003,0.6001,0.0,1.2002,3,1.0
15/9-F-10,2225.0,0,NONE,False,2225.0,0.4174,23,67.22,66.26,1.1675,0.0,0.0,1.1675,2,6.0
15/9-F-10,2250.0,1,MUD_LOSS,False,2250.0,0.4221,23,67.22,66.26,0.5674,0.0,0.0,0.5674,1,19.0
15/9-F-10,2275.0,0,NONE,False,2275.0,0.4267,23,67.22,66.26,0.0,0.0,0.0,0.0,0,44.0
15/9-F-10,2300.0,0,NONE,False,2300.0,0.4314,23,67.22,66.26,0.0,0.0,0.0,0.0,0,62.0
15/9-F-10,2325.0,1,STUCK_PIPE,False,2325.0,0.4361,23,67.22,66.26,0.0,0.0,0.0,0.0,0,37.0
15/9-F-10,2350.0,0,NONE,False,2350.0,0.4408,23,67.22,66.26,0.6582,0.0,0.0,0.6582,1,12.0
15/9-F-10,2375.0,0,NONE,False,2375.0,0.4455,23,67.22,66.26,0.6582,0.0,0.0,0.6582,1,13.0
15/9-F-10,2400.0,0,NONE,False,2400.0,0.4502,23,67.22,66.26,0.5674,0.5674,0.0,0.0,1,10.0
15/9-F-10,2425.0,0,NONE,False,2425.0,0.4549,23,67.22,66.26,0.5674,0.5674,0.0,0.0,1,15.0
15/9-F-10,2450.0,0,NONE,False,2450.0,0.4596,23,67.22,66.26,0.0,0.0,0.0,0.0,0,39.2
15/9-F-10,2475.0,0,NONE,False,2475.0,0.4643,23,67.22,66.26,0.6582,0.6582,0.0,0.0,1,14.2
15/9-F-10,2500.0,0,NONE,False,2500.0,0.469,23,67.22,66.26,1.8872,1.8872,0.0,0.0,3,10.8
15/9-F-10,2525.0,0,NONE,False,2525.0,0.4736,23,67.22,66.26,2.458,2.458,0.0,0.0,4,4.0
15/9-F-10,2550.0,0,NONE,False,2550.0,0.4783,23,67.22,66.26,4.3901,4.3901,0.0,0.0,7,15.0
15/9-F-10,2575.0,1,MUD_LOSS,False,2575.0,0.483,23,67.22,66.26,4.3593,3.7602,0.0,0.5991,7,2.5
15/9-F-10,2600.0,1,MUD_LOSS,False,2600.0,0.4877,23,67.22,66.26,1.8658,1.2667,0.0,0.5991,3,4.0
15/9-F-10,2625.0,0,NONE,False,2625.0,0.4924,23,67.22,66.26,1.3069,1.3069,0.0,0.0,2,12.7
15/9-F-10,2650.0,0,NONE,False,2650.0,0.4971,23,67.22,66.26,3.7006,3.7006,0.0,0.0,6,0.3
15/9-F-10,2675.0,1,MUD_LOSS,False,2675.0,0.5018,23,67.22,66.26,3.6471,3.6471,0.0,0.0,6,2.3
15/9-F-10,2700.0,0,NONE,False,2700.0,0.5065,23,67.22,66.26,0.5858,0.5858,0.0,0.0,1,22.7
15/9-F-10,2725.0,0,NONE,False,2725.0,0.5112,23,67.22,66.26,0.5674,0.5674,0.0,0.0,1,17.0
15/9-F-10,2750.0,0,NONE,False,2750.0,0.5159,23,67.22,66.26,1.8204,1.8204,0.0,0.0,3,8.0
15/9-F-10,2775.0,0,NONE,False,2775.0,0.5205,23,67.22,66.26,1.9012,1.9012,0.0,0.0,3,0.0
15/9-F-10,2800.0,0,NONE,False,2800.0,0.5252,23,67.22,66.26,1.2875,1.2875,0.0,0.0,2,18.2
15/9-F-10,2825.0,0,NONE,False,2825.0,0.5299,23,67.22,66.26,1.2401,1.2401,0.0,0.0,2,2.0
15/9-F-10,2850.0,1,MUD_LOSS,False,2850.0,0.5346,23,67.22,66.26,1.8794,1.8794,0.0,0.0,3,7.0
15/9-F-10,2875.0,0,NONE,False,2875.0,0.5393,23,67.22,66.26,3.1965,3.1965,0.0,0.0,5,1.0
15/9-F-10,2900.0,0,NONE,False,2900.0,0.544,23,67.22,66.26,3.1965,3.1965,0.0,0.0,5,15.0
15/9-F-10,2925.0,0,NONE,False,2925.0,0.5487,23,67.22,66.26,1.8204,1.2067,0.0,0.6137,3,2.0
15/9-F-10,2950.0,0,NONE,False,2950.0,0.5534,23,67.22,66.26,1.1811,0.5674,0.0,0.6137,2,23.0
15/9-F-10,2975.0,0,NONE,False,2975.0,0.5581,23,67.22,66.26,1.7022,1.7022,0.0,0.0,3,8.0
15/9-F-10,3000.0,0,NONE,False,3000.0,0.5627,23,67.22,66.26,2.2696,2.2696,0.0,0.0,4,17.0
15/9-F-10,3025.0,0,NONE,False,3025.0,0.5674,23,67.22,66.26,2.3604,2.3604,0.0,0.0,4,0.0
15/9-F-10,3050.0,0,NONE,False,3050.0,0.5721,23,67.22,66.26,4.63,4.63,0.0,0.0,8,3.0
15/9-F-10,3075.0,0,NONE,False,3075.0,0.5768,23,67.22,66.26,3.4214,3.4214,0.0,0.0,6,15.0
15/9-F-10,3100.0,0,NONE,False,3100.0,0.5815,23,67.22,66.26,1.1518,1.1518,0.0,0.0,2,10.0
15/9-F-10,3125.0,0,NONE,False,3125.0,0.5862,23,67.22,66.26,0.0,0.0,0.0,0.0,0,35.0
15/9-F-10,3150.0,0,NONE,False,3150.0,0.5909,23,67.22,66.26,0.5674,0.5674,0.0,0.0,1,11.0
15/9-F-10,3175.0,0,NONE,False,3175.0,0.5956,23,67.22,66.26,2.584,2.584,0.0,0.0,4,14.0
15/9-F-10,3200.0,0,NONE,False,3200.0,0.6003,23,67.22,66.26,2.6174,2.6174,0.0,0.0,4,6.0
15/9-F-10,3225.0,1,MUD_LOSS,False,3225.0,0.605,23,67.22,66.26,1.1682,0.6008,0.0,0.5674,2,19.0
15/9-F-10,3250.0,0,NONE,False,3250.0,0.6096,23,67.22,66.26,1.1348,0.5674,0.0,0.5674,2,2.0
15/9-F-10,3275.0,0,NONE,False,3275.0,0.6143,23,67.22,66.26,1.235,1.235,0.0,0.0,2,3.0
15/9-F-10,3300.0,1,MUD_LOSS,False,3300.0,0.619,23,67.22,66.26,0.6676,0.6676,0.0,0.0,1,4.0
15/9-F-10,3325.0,0,NONE,False,3325.0,0.6237,23,67.22,66.26,0.0,0.0,0.0,0.0,0,29.0
15/9-F-10,3350.0,0,NONE,False,3350.0,0.6284,23,67.22,66.26,0.0,0.0,0.0,0.0,0,54.0
15/9-F-10,3375.0,0,NONE,False,3375.0,0.6331,23,67.22,66.26,0.0,0.0,0.0,0.0,0,79.0
15/9-F-10,3400.0,0,NONE,False,3400.0,0.6378,23,67.22,66.26,0.0,0.0,0.0,0.0,0,104.0
15/9-F-10,3425.0,1,MUD_LOSS,False,3425.0,0.6425,23,67.22,66.26,0.0,0.0,0.0,0.0,0,129.0
15/9-F-10,3450.0,0,NONE,False,3450.0,0.6472,23,67.22,66.26,0.0,0.0,0.0,0.0,0,108.0
15/9-F-10,3475.0,0,NONE,False,3475.0,0.6518,23,67.22,66.26,0.0,0.0,0.0,0.0,0,83.0
15/9-F-10,3500.0,0,NONE,False,3500.0,0.6565,23,67.22,66.26,0.0,0.0,0.0,0.0,0,58.0
15/9-F-10,3525.0,0,NONE,False,3525.0,0.6612,23,67.22,66.26,0.0,0.0,0.0,0.0,0,33.0
15/9-F-10,3550.0,0,NONE,False,3550.0,0.6659,23,67.22,66.26,0.6008,0.0,0.0,0.6008,1,8.0
15/9-F-10,3575.0,0,NONE,False,3575.0,0.6706,23,67.22,66.26,1.8409,1.2401,0.0,0.6008,3,6.0
15/9-F-10,3600.0,0,NONE,False,3600.0,0.6753,23,67.22,66.26,1.2401,1.2401,0.0,0.0,2,19.0
15/9-F-10,3625.0,0,NONE,False,3625.0,0.68,23,67.22,66.26,0.6393,0.6393,0.0,0.0,1,7.0
15/9-F-10,3650.0,0,NONE,False,3650.0,0.6847,23,67.22,66.26,5.6797,5.1144,0.0,0.5653,9,10.0
15/9-F-10,3675.0,0,NONE,False,3675.0,0.6894,23,67.22,66.26,5.6797,5.1144,0.0,0.5653,9,7.5
15/9-F-10,3700.0,0,NONE,False,3700.0,0.6941,23,67.22,66.26,1.2786,1.2786,0.0,0.0,2,7.2
15/9-F-10,3725.0,0,NONE,False,3725.0,0.6987,23,67.22,66.26,1.9179,1.9179,0.0,0.0,3,9.0
15/9-F-10,3750.0,0,NONE,False,3750.0,0.7034,23,67.22,66.26,1.9346,1.9346,0.0,0.0,3,4.0
15/9-F-10,3775.0,0,NONE,False,3775.0,0.7081,23,67.22,66.26,2.565,2.565,0.0,0.0,4,7.0
15/9-F-10,3800.0,0,NONE,False,3800.0,0.7128,23,67.22,66.26,2.5098,1.909,0.0,0.6008,4,6.0
15/9-F-10,3825.0,0,NONE,False,3825.0,0.7175,23,67.22,66.26,1.2401,0.6393,0.0,0.6008,2,1.0
15/9-F-10,3850.0,0,NONE,False,3850.0,0.7222,23,67.22,66.26,1.9508,1.3115,0.0,0.6393,3,6.0
15/9-F-10,3875.0,0,NONE,False,3875.0,0.7269,23,67.22,66.26,1.3115,0.6722,0.0,0.6393,2,7.3
15/9-F-10,3900.0,0,NONE,False,3900.0,0.7316,23,67.22,66.26,0.0,0.0,0.0,0.0,0,32.3
15/9-F-10,3925.0,0,NONE,False,3925.0,0.7363,23,67.22,66.26,0.0,0.0,0.0,0.0,0,57.3
15/9-F-10,3950.0,0,NONE,False,3950.0,0.7409,23,67.22,66.26,0.0,0.0,0.0,0.0,0,75.0
15/9-F-10,3975.0,0,NONE,False,3975.0,0.7456,23,67.22,66.26,0.0,0.0,0.0,0.0,0,50.0
15/9-F-10,4000.0,0,NONE,False,4000.0,0.7503,23,67.22,66.26,0.6008,0.0,0.0,0.6008,1,25.0
15/9-F-10,4025.0,0,NONE,False,4025.0,0.755,23,67.22,66.26,2.441,1.2394,0.0,1.2016,4,0.0
15/9-F-10,4050.0,0,NONE,False,4050.0,0.7597,23,67.22,66.26,4.3589,3.1573,0.0,1.2016,7,0.0
15/9-F-10,4075.0,0,NONE,False,4075.0,0.7644,23,67.22,66.26,6.3104,4.508,0.0,1.8024,10,8.0
15/9-F-10,4100.0,0,NONE,False,4100.0,0.7691,23,67.22,66.26,4.3533,1.9508,0.0,2.4025,7,5.0
15/9-F-10,4125.0,0,NONE,False,4125.0,0.7738,23,67.22,66.26,1.2009,0.0,0.0,1.2009,2,2.0
15/9-F-10,4150.0,0,NONE,False,4150.0,0.7785,23,67.22,66.26,0.6008,0.0,0.0,0.6008,1,20.0
15/9-F-10,4175.0,0,NONE,False,4175.0,0.7832,23,67.22,66.26,0.0,0.0,0.0,0.0,0,45.0
15/9-F-10,4200.0,0,NONE,False,4200.0,0.7878,23,67.22,66.26,0.0,0.0,0.0,0.0,0,54.0
15/9-F-10,4225.0,0,NONE,False,4225.0,0.7925,23,67.22,66.26,0.0,0.0,0.0,0.0,0,29.0
15/9-F-10,4250.0,0,NONE,False,4250.0,0.7972,23,67.22,66.26,0.6722,0.6722,0.0,0.0,1,4.0
15/9-F-10,4275.0,0,NONE,False,4275.0,0.8019,23,67.22,66.26,0.6722,0.6722,0.0,0.0,1,21.0
15/9-F-10,4300.0,0,NONE,False,4300.0,0.8066,23,67.22,66.26,0.0,0.0,0.0,0.0,0,46.0
15/9-F-10,4325.0,0,NONE,False,4325.0,0.8113,23,67.22,66.26,0.0,0.0,0.0,0.0,0,71.0
15/9-F-10,4350.0,0,NONE,False,4350.0,0.816,23,67.22,66.26,0.0,0.0,0.0,0.0,0,96.0
15/9-F-10,4375.0,0,NONE,False,4375.0,0.8207,23,67.22,66.26,0.0,0.0,0.0,0.0,0,121.0
15/9-F-10,4400.0,0,NONE,False,4400.0,0.8254,23,67.22,66.26,0.0,0.0,0.0,0.0,0,146.0
15/9-F-10,4425.0,0,NONE,False,4425.0,0.8301,23,67.22,66.26,0.0,0.0,0.0,0.0,0,171.0
15/9-F-10,4450.0,0,NONE,False,4450.0,0.8347,23,67.22,66.26,0.0,0.0,0.0,0.0,0,196.0
15/9-F-10,4475.0,0,NONE,False,4475.0,0.8394,23,67.22,66.26,0.0,0.0,0.0,0.0,0,221.0
15/9-F-10,4500.0,0,NONE,False,4500.0,0.8441,23,67.22,66.26,0.0,0.0,0.0,0.0,0,245.0
15/9-F-10,4525.0,0,NONE,False,4525.0,0.8488,23,67.22,66.26,0.0,0.0,0.0,0.0,0,220.0
15/9-F-10,4550.0,0,NONE,False,4550.0,0.8535,23,67.22,66.26,0.0,0.0,0.0,0.0,0,195.0
15/9-F-10,4575.0,0,NONE,False,4575.0,0.8582,23,67.22,66.26,0.0,0.0,0.0,0.0,0,170.0
15/9-F-10,4600.0,0,NONE,False,4600.0,0.8629,23,67.22,66.26,0.0,0.0,0.0,0.0,0,145.0
15/9-F-10,4625.0,0,NONE,False,4625.0,0.8676,23,67.22,66.26,0.0,0.0,0.0,0.0,0,120.0
15/9-F-10,4650.0,0,NONE,False,4650.0,0.8723,23,67.22,66.26,0.0,0.0,0.0,0.0,0,95.0
15/9-F-10,4675.0,0,NONE,False,4675.0,0.8769,23,67.22,66.26,0.0,0.0,0.0,0.0,0,70.0
15/9-F-10,4700.0,0,NONE,False,4700.0,0.8816,23,67.22,66.26,0.0,0.0,0.0,0.0,0,45.0
15/9-F-10,4725.0,0,NONE,False,4725.0,0.8863,23,67.22,66.26,0.6722,0.6722,0.0,0.0,1,20.0
15/9-F-10,4750.0,0,NONE,False,4750.0,0.891,23,67.22,66.26,0.6722,0.6722,0.0,0.0,1,5.0
15/9-F-10,4775.0,0,NONE,False,4775.0,0.8957,23,67.22,66.26,0.0,0.0,0.0,0.0,0,30.0
15/9-F-10,4800.0,0,NONE,False,4800.0,0.9004,23,67.22,66.26,0.0,0.0,0.0,0.0,0,55.0
15/9-F-10,4825.0,0,NONE,False,4825.0,0.9051,23,67.22,66.26,0.0,0.0,0.0,0.0,0,80.0
15/9-F-10,4850.0,0,NONE,False,4850.0,0.9098,23,67.22,66.26,0.0,0.0,0.0,0.0,0,105.0
15/9-F-10,4875.0,0,NONE,False,4875.0,0.9145,23,67.22,66.26,0.0,0.0,0.0,0.0,0,130.0
15/9-F-10,4900.0,0,NONE,False,4900.0,0.9192,23,67.22,66.26,0.0,0.0,0.0,0.0,0,155.0
15/9-F-10,4925.0,0,NONE,False,4925.0,0.9238,23,67.22,66.26,0.0,0.0,0.0,0.0,0,180.0
15/9-F-10,4950.0,0,NONE,False,4950.0,0.9285,23,67.22,66.26,0.0,0.0,0.0,0.0,0,205.0
15/9-F-10,4975.0,0,NONE,False,4975.0,0.9332,23,67.22,66.26,0.0,0.0,0.0,0.0,0,230.0
15/9-F-10,5000.0,0,NONE,False,5000.0,0.9379,23,67.22,66.26,0.0,0.0,0.0,0.0,0,255.0
15/9-F-10,5025.0,0,NONE,False,5025.0,0.9426,23,67.22,66.26,0.0,0.0,0.0,0.0,0,280.0
15/9-F-10,5050.0,0,NONE,False,5050.0,0.9473,23,67.22,66.26,0.0,0.0,0.0,0.0,0,305.0
15/9-F-10,5075.0,0,NONE,False,5075.0,0.952,23,67.22,66.26,0.0,0.0,0.0,0.0,0,330.0
15/9-F-10,5100.0,0,NONE,False,5100.0,0.9567,23,67.22,66.26,0.0,0.0,0.0,0.0,0,355.0
15/9-F-10,5125.0,0,NONE,False,5125.0,0.9614,23,67.22,66.26,0.0,0.0,0.0,0.0,0,380.0
15/9-F-10,5150.0,0,NONE,False,5150.0,0.966,23,67.22,66.26,0.0,0.0,0.0,0.0,0,405.0
15/9-F-10,5175.0,0,NONE,False,5175.0,0.9707,23,67.22,66.26,0.0,0.0,0.0,0.0,0,430.0
15/9-F-10,5200.0,0,NONE,False,5200.0,0.9754,23,67.22,66.26,0.0,0.0,0.0,0.0,0,455.0
15/9-F-10,5225.0,0,NONE,False,5225.0,0.9801,23,67.22,66.26,0.0,0.0,0.0,0.0,0,480.0
15/9-F-10,5250.0,0,NONE,False,5250.0,0.9848,23,67.22,66.26,0.0,0.0,0.0,0.0,0,505.0
15/9-F-10,5275.0,0,NONE,False,5275.0,0.9895,23,67.22,66.26,0.0,0.0,0.0,0.0,0,530.0
15/9-F-10,5300.0,1,STUCK_PIPE,False,5300.0,0.9942,23,67.22,66.26,0.0,0.0,0.0,0.0,0,555.0
15/9-F-10,5325.0,0,NONE,False,5325.0,0.9989,23,67.22,66.26,0.0,0.0,0.0,0.0,0,580.0
15/9-F-11,50.0,0,NONE,False,50.0,0.1441,0,40.25,37.35,1.9818,0.3286,0.0,1.6532,6,0.0
15/9-F-11,75.0,0,NONE,False,75.0,0.2161,0,40.25,37.35,1.9766,0.9858,0.0,0.9908,6,5.0
15/9-F-11,100.0,0,NONE,False,100.0,0.2882,0,40.25,37.35,1.6471,1.6471,0.0,0.0,5,2.0
15/9-F-11,125.0,0,NONE,False,125.0,0.3602,0,40.25,37.35,2.9775,2.9775,0.0,0.0,9,0.6
15/9-F-11,150.0,0,NONE,False,150.0,0.4323,0,40.25,37.35,2.9786,2.9786,0.0,0.0,9,0.1
15/9-F-11,175.0,0,NONE,False,175.0,0.5043,0,40.25,37.35,1.3238,0.9911,0.0,0.3327,4,3.0
15/9-F-11,200.0,0,NONE,False,200.0,0.5764,0,40.25,37.35,1.3186,0.9859,0.0,0.3327,4,18.0
15/9-F-11,225.0,0,NONE,False,225.0,0.6484,0,40.25,37.35,2.3095,2.3095,0.0,0.0,7,7.0
15/9-F-11,250.0,0,NONE,False,250.0,0.7205,0,40.25,37.35,2.3177,2.3177,0.0,0.0,7,1.0
15/9-F-11,275.0,0,NONE,False,275.0,0.7925,0,40.25,37.35,1.5771,1.5771,0.0,0.0,5,11.6
15/9-F-11,300.0,0,NONE,False,300.0,0.8646,0,40.25,37.35,1.2429,0.9117,0.3312,0.0,4,7.0
15/9-F-11,325.0,0,NONE,False,325.0,0.9366,0,40.25,37.35,0.3312,0.0,0.3312,0.0,1,15.0
15/9-F-11 A,50.0,0,NONE,False,50.0,0.0133,23,69.04,67.82,4.0615,0.663,0.0,3.3985,6,0.0
15/9-F-11 A,75.0,0,NONE,False,75.0,0.0199,23,69.04,67.82,4.0067,1.989,0.0,2.0177,6,5.0
15/9-F-11 A,100.0,0,NONE,False,100.0,0.0266,23,69.04,67.82,3.3558,3.3558,0.0,0.0,5,2.0
15/9-F-11 A,125.0,0,NONE,False,125.0,0.0332,23,69.04,67.82,6.1716,6.1716,0.0,0.0,9,0.6
15/9-F-11 A,150.0,0,NONE,False,150.0,0.0399,23,69.04,67.82,6.1856,6.1856,0.0,0.0,9,0.1
15/9-F-11 A,175.0,0,NONE,False,175.0,0.0465,23,69.04,67.82,2.6869,2.0241,0.0,0.6628,4,3.0
15/9-F-11 A,200.0,0,NONE,False,200.0,0.0532,23,69.04,67.82,2.6321,1.9693,0.0,0.6628,4,18.0
15/9-F-11 A,225.0,0,NONE,False,225.0,0.0598,23,69.04,67.82,4.6956,4.6956,0.0,0.0,7,7.0
15/9-F-11 A,250.0,0,NONE,False,250.0,0.0665,23,69.04,67.82,4.6952,4.6952,0.0,0.0,7,1.0
15/9-F-11 A,275.0,0,NONE,False,275.0,0.0731,23,69.04,67.82,3.2135,3.2135,0.0,0.0,5,11.6
15/9-F-11 A,300.0,0,NONE,False,300.0,0.0797,23,69.04,67.82,2.5783,1.8879,0.6904,0.0,4,7.0
15/9-F-11 A,325.0,0,NONE,False,325.0,0.0864,23,69.04,67.82,0.6904,0.0,0.6904,0.0,1,15.0
15/9-F-11 A,350.0,0,NONE,False,350.0,0.093,23,69.04,67.82,0.0,0.0,0.0,0.0,0,40.0
15/9-F-11 A,375.0,0,NONE,False,375.0,0.0997,23,69.04,67.82,0.0,0.0,0.0,0.0,0,65.0
15/9-F-11 A,400.0,0,NONE,False,400.0,0.1063,23,69.04,67.82,0.0,0.0,0.0,0.0,0,90.0
15/9-F-11 A,425.0,0,NONE,False,425.0,0.113,23,69.04,67.82,0.0,0.0,0.0,0.0,0,115.0
15/9-F-11 A,450.0,0,NONE,False,450.0,0.1196,23,69.04,67.82,0.0,0.0,0.0,0.0,0,128.0
15/9-F-11 A,475.0,0,NONE,False,475.0,0.1263,23,69.04,67.82,0.0,0.0,0.0,0.0,0,103.0
15/9-F-11 A,500.0,0,NONE,False,500.0,0.1329,23,69.04,67.82,0.0,0.0,0.0,0.0,0,78.0
15/9-F-11 A,525.0,0,NONE,False,525.0,0.1396,23,69.04,67.82,0.0,0.0,0.0,0.0,0,53.0
15/9-F-11 A,550.0,0,NONE,False,550.0,0.1462,23,69.04,67.82,0.0,0.0,0.0,0.0,0,28.0
15/9-F-11 A,575.0,0,NONE,False,575.0,0.1528,23,69.04,67.82,0.6628,0.6628,0.0,0.0,1,3.0
15/9-F-11 A,600.0,0,NONE,False,600.0,0.1595,23,69.04,67.82,1.3532,1.3532,0.0,0.0,2,10.0
15/9-F-11 A,625.0,0,NONE,False,625.0,0.1661,23,69.04,67.82,1.3108,0.6904,0.0,0.6204,2,12.0
15/9-F-11 A,650.0,0,NONE,False,650.0,0.1728,23,69.04,67.82,0.6204,0.0,0.0,0.6204,1,13.0
15/9-F-11 A,675.0,0,NONE,False,675.0,0.1794,23,69.04,67.82,0.6628,0.6628,0.0,0.0,1,10.0
15/9-F-11 A,700.0,0,NONE,False,700.0,0.1861,23,69.04,67.82,0.6628,0.6628,0.0,0.0,1,15.0
15/9-F-11 A,725.0,0,NONE,False,725.0,0.1927,23,69.04,67.82,0.0,0.0,0.0,0.0,0,29.3
15/9-F-11 A,750.0,0,NONE,False,750.0,0.1994,23,69.04,67.82,0.6904,0.6904,0.0,0.0,1,4.3
15/9-F-11 A,775.0,0,NONE,False,775.0,0.206,23,69.04,67.82,1.0985,0.6904,0.0,0.4081,2,18.1
15/9-F-11 A,800.0,0,NONE,False,800.0,0.2127,23,69.04,67.82,0.4081,0.0,0.0,0.4081,1,6.9
15/9-F-11 A,825.0,0,NONE,False,825.0,0.2193,23,69.04,67.82,3.4242,3.4242,0.0,0.0,7,4.0
15/9-F-11 A,850.0,0,NONE,False,850.0,0.2259,23,69.04,67.82,4.7651,4.7651,0.0,0.0,9,2.0
15/9-F-11 A,875.0,0,NONE,False,875.0,0.2326,23,69.04,67.82,5.8239,5.8239,0.0,0.0,9,3.0
15/9-F-11 A,900.0,0,NONE,False,900.0,0.2392,23,69.04,67.82,5.8638,5.8638,0.0,0.0,9,0.0
15/9-F-11 A,925.0,0,NONE,False,925.0,0.2459,23,69.04,67.82,4.1938,4.1938,0.0,0.0,7,5.0
15/9-F-11 A,950.0,0,NONE,False,950.0,0.2525,23,69.04,67.82,1.4322,1.4322,0.0,0.0,3,20.0
15/9-F-11 A,975.0,0,NONE,False,975.0,0.2592,23,69.04,67.82,0.6628,0.6628,0.0,0.0,1,25.0
15/9-F-11 A,1000.0,0,NONE,False,1000.0,0.2658,23,69.04,67.82,0.6628,0.6628,0.0,0.0,1,0.0
15/9-F-11 A,1025.0,0,NONE,False,1025.0,0.2725,23,69.04,67.82,5.1809,5.1809,0.0,0.0,12,25.0
15/9-F-11 A,1050.0,0,NONE,False,1050.0,0.2791,23,69.04,67.82,4.5181,4.5181,0.0,0.0,11,0.0
15/9-F-11 A,1075.0,0,NONE,False,1075.0,0.2858,23,69.04,67.82,4.5181,4.5181,0.0,0.0,11,25.0
15/9-F-11 A,1100.0,0,NONE,False,1100.0,0.2924,23,69.04,67.82,0.4774,0.4774,0.0,0.0,1,20.0
15/9-F-11 A,1125.0,0,NONE,False,1125.0,0.299,23,69.04,67.82,0.4774,0.4774,0.0,0.0,1,5.0
15/9-F-11 A,1150.0,0,NONE,False,1150.0,0.3057,23,69.04,67.82,0.0,0.0,0.0,0.0,0,30.0
15/9-F-11 A,1175.0,0,NONE,False,1175.0,0.3123,23,69.04,67.82,0.0,0.0,0.0,0.0,0,55.0
15/9-F-11 A,1200.0,0,NONE,False,1200.0,0.319,23,69.04,67.82,0.0,0.0,0.0,0.0,0,38.0
15/9-F-11 A,1225.0,0,NONE,False,1225.0,0.3256,23,69.04,67.82,0.6433,0.0,0.0,0.6433,1,13.0
15/9-F-11 A,1250.0,0,NONE,False,1250.0,0.3323,23,69.04,67.82,0.6433,0.0,0.0,0.6433,1,12.0
15/9-F-11 A,1275.0,0,NONE,False,1275.0,0.3389,23,69.04,67.82,0.6204,0.0,0.0,0.6204,1,5.6
15/9-F-11 A,1300.0,0,NONE,False,1300.0,0.3456,23,69.04,67.82,1.9464,1.326,0.0,0.6204,3,13.7
15/9-F-11 A,1325.0,0,NONE,False,1325.0,0.3522,23,69.04,67.82,1.326,1.326,0.0,0.0,2,4.0
15/9-F-11 A,1350.0,0,NONE,False,1350.0,0.3589,23,69.04,67.82,4.6444,3.9672,0.0,0.6772,7,4.0
15/9-F-11 A,1375.0,0,NONE,False,1375.0,0.3655,23,69.04,67.82,5.3216,3.9672,0.0,1.3544,8,6.0
15/9-F-11 A,1400.0,0,NONE,False,1400.0,0.3721,23,69.04,67.82,0.6772,0.0,0.0,0.6772,1,19.0
15/9-F-11 A,1425.0,0,NONE,False,1425.0,0.3788,23,69.04,67.82,0.0,0.0,0.0,0.0,0,35.0
15/9-F-11 A,1450.0,0,NONE,False,1450.0,0.3854,23,69.04,67.82,0.6062,0.6062,0.0,0.0,1,10.0
15/9-F-11 A,1475.0,0,NONE,False,1475.0,0.3921,23,69.04,67.82,1.2124,0.6062,0.0,0.6062,2,15.0
15/9-F-11 A,1500.0,0,NONE,False,1500.0,0.3987,23,69.04,67.82,0.6062,0.0,0.0,0.6062,1,7.0
15/9-F-11 A,1525.0,0,NONE,False,1525.0,0.4054,23,69.04,67.82,0.6727,0.0,0.0,0.6727,1,7.0
15/9-F-11 A,1550.0,0,NONE,False,1550.0,0.412,23,69.04,67.82,0.6727,0.0,0.0,0.6727,1,18.0
15/9-F-11 A,1575.0,0,NONE,False,1575.0,0.4187,23,69.04,67.82,0.0,0.0,0.0,0.0,0,43.0
15/9-F-11 A,1600.0,0,NONE,False,1600.0,0.4253,23,69.04,67.82,0.0,0.0,0.0,0.0,0,61.0
15/9-F-11 A,1625.0,0,NONE,False,1625.0,0.432,23,69.04,67.82,0.0,0.0,0.0,0.0,0,36.0
15/9-F-11 A,1650.0,0,NONE,False,1650.0,0.4386,23,69.04,67.82,0.6628,0.0,0.0,0.6628,1,11.0
15/9-F-11 A,1675.0,0,NONE,False,1675.0,0.4452,23,69.04,67.82,0.6628,0.0,0.0,0.6628,1,14.0
15/9-F-11 A,1700.0,0,NONE,False,1700.0,0.4519,23,69.04,67.82,0.0,0.0,0.0,0.0,0,39.0
15/9-F-11 A,1725.0,0,NONE,False,1725.0,0.4585,23,69.04,67.82,0.0,0.0,0.0,0.0,0,39.0
15/9-F-11 A,1750.0,0,NONE,False,1750.0,0.4652,23,69.04,67.82,0.6727,0.6727,0.0,0.0,1,14.0
15/9-F-11 A,1775.0,0,NONE,False,1775.0,0.4718,23,69.04,67.82,0.6727,0.6727,0.0,0.0,1,11.0
15/9-F-11 A,1800.0,0,NONE,False,1800.0,0.4785,23,69.04,67.82,0.0,0.0,0.0,0.0,0,36.0
15/9-F-11 A,1825.0,0,NONE,False,1825.0,0.4851,23,69.04,67.82,0.0,0.0,0.0,0.0,0,42.0
15/9-F-11 A,1850.0,0,NONE,False,1850.0,0.4918,23,69.04,67.82,0.6433,0.6433,0.0,0.0,1,17.0
15/9-F-11 A,1875.0,0,NONE,False,1875.0,0.4984,23,69.04,67.82,1.3061,0.6433,0.0,0.6628,2,2.0
15/9-F-11 A,1900.0,0,NONE,False,1900.0,0.5051,23,69.04,67.82,0.6628,0.0,0.0,0.6628,1,23.0
15/9-F-11 A,1925.0,0,NONE,False,1925.0,0.5117,23,69.04,67.82,0.0,0.0,0.0,0.0,0,48.0
15/9-F-11 A,1950.0,0,NONE,False,1950.0,0.5183,23,69.04,67.82,0.0,0.0,0.0,0.0,0,73.0
15/9-F-11 A,1975.0,0,NONE,False,1975.0,0.525,23,69.04,67.82,0.0,0.0,0.0,0.0,0,59.0
15/9-F-11 A,2000.0,0,NONE,False,2000.0,0.5316,23,69.04,67.82,0.0,0.0,0.0,0.0,0,34.0
15/9-F-11 A,2025.0,0,NONE,False,2025.0,0.5383,23,69.04,67.82,0.6772,0.6772,0.0,0.0,1,9.0
15/9-F-11 A,2050.0,0,NONE,False,2050.0,0.5449,23,69.04,67.82,0.6772,0.6772,0.0,0.0,1,16.0
15/9-F-11 A,2075.0,0,NONE,False,2075.0,0.5516,23,69.04,67.82,0.6052,0.6052,0.0,0.0,1,25.0
15/9-F-11 A,2100.0,0,NONE,False,2100.0,0.5582,23,69.04,67.82,0.6052,0.6052,0.0,0.0,1,0.0
15/9-F-11 A,2125.0,0,NONE,False,2125.0,0.5649,23,69.04,67.82,0.6052,0.6052,0.0,0.0,1,25.0
15/9-F-11 A,2150.0,0,NONE,False,2150.0,0.5715,23,69.04,67.82,0.6293,0.6293,0.0,0.0,1,14.0
15/9-F-11 A,2175.0,0,NONE,False,2175.0,0.5781,23,69.04,67.82,1.8983,1.2638,0.0,0.6345,3,11.0
15/9-F-11 A,2200.0,0,NONE,False,2200.0,0.5848,23,69.04,67.82,2.5468,1.2778,0.0,1.269,4,1.0
15/9-F-11 A,2225.0,0,NONE,False,2225.0,0.5914,23,69.04,67.82,1.883,0.6433,0.0,1.2397,3,6.0
15/9-F-11 A,2250.0,0,NONE,False,2250.0,0.5981,23,69.04,67.82,1.2485,0.6433,0.0,0.6052,2,2.0
15/9-F-11 A,2275.0,0,NONE,False,2275.0,0.6047,23,69.04,67.82,0.6433,0.6433,0.0,0.0,1,23.0
15/9-F-11 A,2300.0,0,NONE,False,2300.0,0.6114,23,69.04,67.82,0.0,0.0,0.0,0.0,0,28.0
15/9-F-11 A,2325.0,0,NONE,False,2325.0,0.618,23,69.04,67.82,0.6433,0.0,0.0,0.6433,1,3.0
15/9-F-11 A,2350.0,0,NONE,False,2350.0,0.6247,23,69.04,67.82,1.3197,0.0,0.0,1.3197,2,12.0
15/9-F-11 A,2375.0,0,NONE,False,2375.0,0.6313,23,69.04,67.82,0.6764,0.0,0.0,0.6764,1,13.0
15/9-F-11 A,2400.0,0,NONE,False,2400.0,0.638,23,69.04,67.82,0.6052,0.6052,0.0,0.0,1,10.0
15/9-F-11 A,2425.0,0,NONE,False,2425.0,0.6446,23,69.04,67.82,0.6052,0.6052,0.0,0.0,1,15.0
15/9-F-11 A,2450.0,0,NONE,False,2450.0,0.6512,23,69.04,67.82,0.0,0.0,0.0,0.0,0,39.2
15/9-F-11 A,2475.0,0,NONE,False,2475.0,0.6579,23,69.04,67.82,0.6764,0.6764,0.0,0.0,1,14.2
15/9-F-11 A,2500.0,0,NONE,False,2500.0,0.6645,23,69.04,67.82,2.002,2.002,0.0,0.0,3,10.8
15/9-F-11 A,2525.0,0,NONE,False,2525.0,0.6712,23,69.04,67.82,2.6512,2.6512,0.0,0.0,4,4.0
15/9-F-11 A,2550.0,0,NONE,False,2550.0,0.6778,23,69.04,67.82,4.6594,4.6594,0.0,0.0,7,15.0
15/9-F-11 A,2575.0,0,NONE,False,2575.0,0.6845,23,69.04,67.82,5.2751,4.6261,0.0,0.649,8,2.5
15/9-F-11 A,2600.0,0,NONE,False,2600.0,0.6911,23,69.04,67.82,4.5342,3.8852,0.0,0.649,7,2.0
15/9-F-11 A,2625.0,0,NONE,False,2625.0,0.6978,23,69.04,67.82,3.2701,3.2701,0.0,0.0,5,9.0
15/9-F-11 A,2650.0,0,NONE,False,2650.0,0.7044,23,69.04,67.82,3.9289,3.9289,0.0,0.0,6,0.3
15/9-F-11 A,2675.0,0,NONE,False,2675.0,0.7111,23,69.04,67.82,4.5147,4.5147,0.0,0.0,7,1.0
15/9-F-11 A,2700.0,0,NONE,False,2700.0,0.7177,23,69.04,67.82,1.263,1.263,0.0,0.0,2,22.7
15/9-F-11 A,2725.0,0,NONE,False,2725.0,0.7243,23,69.04,67.82,0.6052,0.6052,0.0,0.0,1,17.0
15/9-F-11 A,2750.0,0,NONE,False,2750.0,0.731,23,69.04,67.82,1.9467,1.9467,0.0,0.0,3,8.0
15/9-F-11 A,2775.0,0,NONE,False,2775.0,0.7376,23,69.04,67.82,2.0319,2.0319,0.0,0.0,3,0.0
15/9-F-11 A,2800.0,0,NONE,False,2800.0,0.7443,23,69.04,67.82,1.3676,1.3676,0.0,0.0,2,18.2
15/9-F-11 A,2825.0,0,NONE,False,2825.0,0.7509,23,69.04,67.82,2.5931,2.5931,0.0,0.0,4,2.0
15/9-F-11 A,2850.0,0,NONE,False,2850.0,0.7576,23,69.04,67.82,3.2703,3.2703,0.0,0.0,5,0.0
15/9-F-11 A,2875.0,0,NONE,False,2875.0,0.7642,23,69.04,67.82,4.6726,4.6726,0.0,0.0,7,1.0
15/9-F-11 A,2900.0,0,NONE,False,2900.0,0.7709,23,69.04,67.82,3.386,3.386,0.0,0.0,5,15.0
15/9-F-11 A,2925.0,0,NONE,False,2925.0,0.7775,23,69.04,67.82,1.9467,1.2824,0.0,0.6643,3,2.0
15/9-F-11 A,2950.0,0,NONE,False,2950.0,0.7842,23,69.04,67.82,1.2695,0.6052,0.0,0.6643,2,23.0
15/9-F-11 A,2975.0,0,NONE,False,2975.0,0.7908,23,69.04,67.82,1.8156,1.8156,0.0,0.0,3,8.0
15/9-F-11 A,3000.0,0,NONE,False,3000.0,0.7974,23,69.04,67.82,2.4208,2.4208,0.0,0.0,4,17.0
15/9-F-11 A,3025.0,0,NONE,False,3025.0,0.8041,23,69.04,67.82,2.492,2.492,0.0,0.0,4,0.0
15/9-F-11 A,3050.0,0,NONE,False,3050.0,0.8107,23,69.04,67.82,4.9128,4.9128,0.0,0.0,8,3.0
15/9-F-11 A,3075.0,0,NONE,False,3075.0,0.8174,23,69.04,67.82,3.6616,3.6616,0.0,0.0,6,15.0
15/9-F-11 A,3100.0,0,NONE,False,3100.0,0.824,23,69.04,67.82,1.2408,1.2408,0.0,0.0,2,10.0
15/9-F-11 A,3125.0,0,NONE,False,3125.0,0.8307,23,69.04,67.82,0.0,0.0,0.0,0.0,0,35.0
15/9-F-11 A,3150.0,0,NONE,False,3150.0,0.8373,23,69.04,67.82,0.6052,0.6052,0.0,0.0,1,11.0
15/9-F-11 A,3175.0,0,NONE,False,3175.0,0.844,23,69.04,67.82,2.5567,2.5567,0.0,0.0,4,14.0
15/9-F-11 A,3200.0,0,NONE,False,3200.0,0.8506,23,69.04,67.82,2.5808,2.5808,0.0,0.0,4,6.0
15/9-F-11 A,3225.0,0,NONE,False,3225.0,0.8573,23,69.04,67.82,1.8778,1.2726,0.0,0.6052,3,18.0
15/9-F-11 A,3250.0,0,NONE,False,3250.0,0.8639,23,69.04,67.82,1.8537,1.2485,0.0,0.6052,3,2.0
15/9-F-11 A,3275.0,0,NONE,False,3275.0,0.8705,23,69.04,67.82,1.2682,1.2682,0.0,0.0,2,3.0
15/9-F-11 A,3300.0,0,NONE,False,3300.0,0.8772,23,69.04,67.82,1.3063,1.3063,0.0,0.0,2,4.0
15/9-F-11 A,3325.0,0,NONE,False,3325.0,0.8838,23,69.04,67.82,0.6433,0.6433,0.0,0.0,1,6.0
15/9-F-11 A,3350.0,0,NONE,False,3350.0,0.8905,23,69.04,67.82,0.0,0.0,0.0,0.0,0,31.0
15/9-F-11 A,3375.0,0,NONE,False,3375.0,0.8971,23,69.04,67.82,0.0,0.0,0.0,0.0,0,56.0
15/9-F-11 A,3400.0,0,NONE,False,3400.0,0.9038,23,69.04,67.82,0.0,0.0,0.0,0.0,0,39.0
15/9-F-11 A,3425.0,0,NONE,False,3425.0,0.9104,23,69.04,67.82,1.2866,1.2866,0.0,0.0,2,14.0
15/9-F-11 A,3450.0,0,NONE,False,3450.0,0.9171,23,69.04,67.82,1.2866,1.2866,0.0,0.0,2,10.0
15/9-F-11 A,3475.0,0,NONE,False,3475.0,0.9237,23,69.04,67.82,0.0,0.0,0.0,0.0,0,35.0
15/9-F-11 A,3500.0,0,NONE,False,3500.0,0.9304,23,69.04,67.82,0.0,0.0,0.0,0.0,0,58.0
15/9-F-11 A,3525.0,0,NONE,False,3525.0,0.937,23,69.04,67.82,0.0,0.0,0.0,0.0,0,33.0
15/9-F-11 A,3550.0,0,NONE,False,3550.0,0.9436,23,69.04,67.82,0.6293,0.0,0.0,0.6293,1,8.0
15/9-F-11 A,3575.0,0,NONE,False,3575.0,0.9503,23,69.04,67.82,1.9358,1.3065,0.0,0.6293,3,6.0
15/9-F-11 A,3600.0,0,NONE,False,3600.0,0.9569,23,69.04,67.82,1.3065,1.3065,0.0,0.0,2,19.0
15/9-F-11 A,3625.0,0,NONE,False,3625.0,0.9636,23,69.04,67.82,0.6772,0.6772,0.0,0.0,1,7.0
15/9-F-11 A,3650.0,0,NONE,False,3650.0,0.9702,23,69.04,67.82,6.0238,5.4176,0.0,0.6062,9,10.0
15/9-F-11 A,3675.0,0,NONE,False,3675.0,0.9769,23,69.04,67.82,6.0238,5.4176,0.0,0.6062,9,7.5
15/9-F-11 A,3700.0,0,NONE,False,3700.0,0.9835,23,69.04,67.82,1.3544,1.3544,0.0,0.0,2,7.2
15/9-F-11 A,3725.0,0,NONE,False,3725.0,0.9902,23,69.04,67.82,2.0316,2.0316,0.0,0.0,3,9.0
15/9-F-11 A,3750.0,0,NONE,False,3750.0,0.9968,23,69.04,67.82,2.0104,2.0104,0.0,0.0,3,4.0
15/9-F-11 B,50.0,0,NONE,False,50.0,0.0105,23,68.6,67.68,3.9816,0.686,0.0,3.2956,6,0.0
15/9-F-11 B,75.0,0,NONE,False,75.0,0.0157,23,68.6,67.68,4.0366,2.058,0.0,1.9786,6,5.0
15/9-F-11 B,100.0,0,NONE,False,100.0,0.021,23,68.6,67.68,3.3884,3.3884,0.0,0.0,5,2.0
15/9-F-11 B,125.0,0,NONE,False,125.0,0.0262,23,68.6,67.68,5.9667,5.9667,0.0,0.0,9,0.6
15/9-F-11 B,150.0,0,NONE,False,150.0,0.0314,23,68.6,67.68,5.9533,5.9533,0.0,0.0,9,0.1
15/9-F-11 B,175.0,0,NONE,False,175.0,0.0367,23,68.6,67.68,2.6088,1.9892,0.0,0.6196,4,3.0
15/9-F-11 B,200.0,0,NONE,False,200.0,0.0419,23,68.6,67.68,2.6638,2.0442,0.0,0.6196,4,18.0
15/9-F-11 B,225.0,0,NONE,False,225.0,0.0472,23,68.6,67.68,4.6806,4.6806,0.0,0.0,7,7.0
15/9-F-11 B,250.0,0,NONE,False,250.0,0.0524,23,68.6,67.68,4.5478,4.5478,0.0,0.0,7,1.0
15/9-F-11 B,275.0,0,NONE,False,275.0,0.0577,23,68.6,67.68,3.1079,3.1079,0.0,0.0,5,11.6
15/9-F-11 B,300.0,0,NONE,False,300.0,0.0629,23,68.6,67.68,2.5272,1.8687,0.6585,0.0,4,7.0
15/9-F-11 B,325.0,0,NONE,False,325.0,0.0681,23,68.6,67.68,0.6585,0.0,0.6585,0.0,1,15.0
15/9-F-11 B,350.0,0,NONE,False,350.0,0.0734,23,68.6,67.68,0.0,0.0,0.0,0.0,0,40.0
15/9-F-11 B,375.0,0,NONE,False,375.0,0.0786,23,68.6,67.68,0.0,0.0,0.0,0.0,0,65.0
15/9-F-11 B,400.0,0,NONE,False,400.0,0.0839,23,68.6,67.68,0.0,0.0,0.0,0.0,0,90.0
15/9-F-11 B,425.0,0,NONE,False,425.0,0.0891,23,68.6,67.68,0.0,0.0,0.0,0.0,0,115.0
15/9-F-11 B,450.0,0,NONE,False,450.0,0.0943,23,68.6,67.68,0.0,0.0,0.0,0.0,0,128.0
15/9-F-11 B,475.0,0,NONE,False,475.0,0.0996,23,68.6,67.68,0.0,0.0,0.0,0.0,0,103.0
15/9-F-11 B,500.0,0,NONE,False,500.0,0.1048,23,68.6,67.68,0.0,0.0,0.0,0.0,0,78.0
15/9-F-11 B,525.0,0,NONE,False,525.0,0.1101,23,68.6,67.68,0.0,0.0,0.0,0.0,0,53.0
15/9-F-11 B,550.0,0,NONE,False,550.0,0.1153,23,68.6,67.68,0.0,0.0,0.0,0.0,0,28.0
15/9-F-11 B,575.0,0,NONE,False,575.0,0.1205,23,68.6,67.68,0.6196,0.6196,0.0,0.0,1,3.0
15/9-F-11 B,600.0,0,NONE,False,600.0,0.1258,23,68.6,67.68,1.2781,1.2781,0.0,0.0,2,10.0
15/9-F-11 B,625.0,0,NONE,False,625.0,0.131,23,68.6,67.68,1.2558,0.6585,0.0,0.5973,2,12.0
15/9-F-11 B,650.0,0,NONE,False,650.0,0.1363,23,68.6,67.68,0.5973,0.0,0.0,0.5973,1,13.0
15/9-F-11 B,675.0,0,NONE,False,675.0,0.1415,23,68.6,67.68,0.6196,0.6196,0.0,0.0,1,10.0
15/9-F-11 B,700.0,0,NONE,False,700.0,0.1468,23,68.6,67.68,0.6196,0.6196,0.0,0.0,1,15.0
15/9-F-11 B,725.0,0,NONE,False,725.0,0.152,23,68.6,67.68,0.0,0.0,0.0,0.0,0,29.3
15/9-F-11 B,750.0,0,NONE,False,750.0,0.1572,23,68.6,67.68,0.6585,0.6585,0.0,0.0,1,4.3
15/9-F-11 B,775.0,0,NONE,False,775.0,0.1625,23,68.6,67.68,1.0548,0.6585,0.0,0.3963,2,18.1
15/9-F-11 B,800.0,0,NONE,False,800.0,0.1677,23,68.6,67.68,0.3963,0.0,0.0,0.3963,1,6.9
15/9-F-11 B,825.0,0,NONE,False,825.0,0.173,23,68.6,67.68,3.3008,3.3008,0.0,0.0,7,4.0
15/9-F-11 B,850.0,1,MUD_LOSS,True,850.0,0.1782,23,68.6,67.68,3.9593,3.9593,0.0,0.0,8,2.0
15/9-F-11 B,875.0,1,MUD_LOSS,False,875.0,0.1834,23,68.6,67.68,4.3084,4.3084,0.0,0.0,7,3.0
15/9-F-11 B,900.0,0,NONE,False,900.0,0.1887,23,68.6,67.68,4.9669,4.9669,0.0,0.0,8,0.0
15/9-F-11 B,925.0,0,NONE,False,925.0,0.1939,23,68.6,67.68,3.9948,3.9948,0.0,0.0,7,5.0
15/9-F-11 B,950.0,0,NONE,False,950.0,0.1992,23,68.6,67.68,1.3608,1.3608,0.0,0.0,3,20.0
15/9-F-11 B,975.0,0,NONE,False,975.0,0.2044,23,68.6,67.68,0.6196,0.6196,0.0,0.0,1,25.0
15/9-F-11 B,1000.0,0,NONE,False,1000.0,0.2096,23,68.6,67.68,0.6196,0.6196,0.0,0.0,1,0.0
15/9-F-11 B,1025.0,0,NONE,False,1025.0,0.2149,23,68.6,67.68,5.0019,5.0019,0.0,0.0,12,25.0
15/9-F-11 B,1050.0,0,NONE,False,1050.0,0.2201,23,68.6,67.68,4.3823,4.3823,0.0,0.0,11,0.0
15/9-F-11 B,1075.0,0,NONE,False,1075.0,0.2254,23,68.6,67.68,4.3823,4.3823,0.0,0.0,11,25.0
15/9-F-11 B,1100.0,0,NONE,False,1100.0,0.2306,23,68.6,67.68,0.4536,0.4536,0.0,0.0,1,20.0
15/9-F-11 B,1125.0,0,NONE,False,1125.0,0.2358,23,68.6,67.68,0.4536,0.4536,0.0,0.0,1,5.0
15/9-F-11 B,1150.0,0,NONE,False,1150.0,0.2411,23,68.6,67.68,0.0,0.0,0.0,0.0,0,30.0
15/9-F-11 B,1175.0,0,NONE,False,1175.0,0.2463,23,68.6,67.68,0.0,0.0,0.0,0.0,0,55.0
15/9-F-11 B,1200.0,0,NONE,False,1200.0,0.2516,23,68.6,67.68,0.0,0.0,0.0,0.0,0,38.0
15/9-F-11 B,1225.0,0,NONE,False,1225.0,0.2568,23,68.6,67.68,0.6722,0.0,0.0,0.6722,1,13.0
15/9-F-11 B,1250.0,0,NONE,False,1250.0,0.2621,23,68.6,67.68,0.6722,0.0,0.0,0.6722,1,12.0
15/9-F-11 B,1275.0,0,NONE,False,1275.0,0.2673,23,68.6,67.68,0.5973,0.0,0.0,0.5973,1,5.6
15/9-F-11 B,1300.0,0,NONE,False,1300.0,0.2725,23,68.6,67.68,1.9693,1.372,0.0,0.5973,3,13.7
15/9-F-11 B,1325.0,0,NONE,False,1325.0,0.2778,23,68.6,67.68,1.372,1.372,0.0,0.0,2,4.0
15/9-F-11 B,1350.0,0,NONE,False,1350.0,0.283,23,68.6,67.68,4.4782,3.8261,0.0,0.6521,7,4.0
15/9-F-11 B,1375.0,0,NONE,False,1375.0,0.2883,23,68.6,67.68,5.1303,3.8261,0.0,1.3042,8,6.0
15/9-F-11 B,1400.0,0,NONE,False,1400.0,0.2935,23,68.6,67.68,0.6521,0.0,0.0,0.6521,1,19.0
15/9-F-11 B,1425.0,0,NONE,False,1425.0,0.2987,23,68.6,67.68,0.0,0.0,0.0,0.0,0,35.0
15/9-F-11 B,1450.0,0,NONE,False,1450.0,0.304,23,68.6,67.68,0.563,0.563,0.0,0.0,1,10.0
15/9-F-11 B,1475.0,0,NONE,False,1475.0,0.3092,23,68.6,67.68,1.126,0.563,0.0,0.563,2,15.0
15/9-F-11 B,1500.0,0,NONE,False,1500.0,0.3145,23,68.6,67.68,0.563,0.0,0.0,0.563,1,7.0
15/9-F-11 B,1525.0,0,NONE,False,1525.0,0.3197,23,68.6,67.68,0.6755,0.0,0.0,0.6755,1,7.0
15/9-F-11 B,1550.0,0,NONE,False,1550.0,0.3249,23,68.6,67.68,0.6755,0.0,0.0,0.6755,1,18.0
15/9-F-11 B,1575.0,0,NONE,False,1575.0,0.3302,23,68.6,67.68,0.0,0.0,0.0,0.0,0,43.0
15/9-F-11 B,1600.0,0,NONE,False,1600.0,0.3354,23,68.6,67.68,0.0,0.0,0.0,0.0,0,61.0
15/9-F-11 B,1625.0,0,NONE,False,1625.0,0.3407,23,68.6,67.68,0.0,0.0,0.0,0.0,0,36.0
15/9-F-11 B,1650.0,0,NONE,False,1650.0,0.3459,23,68.6,67.68,0.6196,0.0,0.0,0.6196,1,11.0
15/9-F-11 B,1675.0,0,NONE,False,1675.0,0.3512,23,68.6,67.68,0.6196,0.0,0.0,0.6196,1,14.0
15/9-F-11 B,1700.0,0,NONE,False,1700.0,0.3564,23,68.6,67.68,0.0,0.0,0.0,0.0,0,39.0
15/9-F-11 B,1725.0,0,NONE,False,1725.0,0.3616,23,68.6,67.68,0.0,0.0,0.0,0.0,0,39.0
15/9-F-11 B,1750.0,0,NONE,False,1750.0,0.3669,23,68.6,67.68,0.6755,0.6755,0.0,0.0,1,14.0
15/9-F-11 B,1775.0,0,NONE,False,1775.0,0.3721,23,68.6,67.68,0.6755,0.6755,0.0,0.0,1,11.0
15/9-F-11 B,1800.0,0,NONE,False,1800.0,0.3774,23,68.6,67.68,0.0,0.0,0.0,0.0,0,36.0
15/9-F-11 B,1825.0,0,NONE,False,1825.0,0.3826,23,68.6,67.68,0.0,0.0,0.0,0.0,0,42.0
15/9-F-11 B,1850.0,0,NONE,False,1850.0,0.3878,23,68.6,67.68,0.6722,0.6722,0.0,0.0,1,17.0
15/9-F-11 B,1875.0,0,NONE,False,1875.0,0.3931,23,68.6,67.68,1.2918,0.6722,0.0,0.6196,2,2.0
15/9-F-11 B,1900.0,0,NONE,False,1900.0,0.3983,23,68.6,67.68,0.6196,0.0,0.0,0.6196,1,23.0
15/9-F-11 B,1925.0,0,NONE,False,1925.0,0.4036,23,68.6,67.68,0.0,0.0,0.0,0.0,0,48.0
15/9-F-11 B,1950.0,0,NONE,False,1950.0,0.4088,23,68.6,67.68,0.0,0.0,0.0,0.0,0,73.0
15/9-F-11 B,1975.0,0,NONE,False,1975.0,0.414,23,68.6,67.68,0.0,0.0,0.0,0.0,0,59.0
15/9-F-11 B,2000.0,0,NONE,False,2000.0,0.4193,23,68.6,67.68,0.0,0.0,0.0,0.0,0,34.0
15/9-F-11 B,2025.0,0,NONE,False,2025.0,0.4245,23,68.6,67.68,0.6521,0.6521,0.0,0.0,1,9.0
15/9-F-11 B,2050.0,0,NONE,False,2050.0,0.4298,23,68.6,67.68,0.6521,0.6521,0.0,0.0,1,16.0
15/9-F-11 B,2075.0,0,NONE,False,2075.0,0.435,23,68.6,67.68,0.5636,0.5636,0.0,0.0,1,25.0
15/9-F-11 B,2100.0,0,NONE,False,2100.0,0.4403,23,68.6,67.68,0.5636,0.5636,0.0,0.0,1,0.0
15/9-F-11 B,2125.0,0,NONE,False,2125.0,0.4455,23,68.6,67.68,0.5636,0.5636,0.0,0.0,1,25.0
15/9-F-11 B,2150.0,0,NONE,False,2150.0,0.4507,23,68.6,67.68,0.6229,0.6229,0.0,0.0,1,14.0
15/9-F-11 B,2175.0,0,NONE,False,2175.0,0.456,23,68.6,67.68,1.8671,1.245,0.0,0.6221,3,11.0
15/9-F-11 B,2200.0,0,NONE,False,2200.0,0.4612,23,68.6,67.68,2.5385,1.2943,0.0,1.2442,4,1.0
15/9-F-11 B,2225.0,0,NONE,False,2225.0,0.4665,23,68.6,67.68,1.8579,0.6722,0.0,1.1857,3,6.0
15/9-F-11 B,2250.0,0,NONE,False,2250.0,0.4717,23,68.6,67.68,1.2358,0.6722,0.0,0.5636,2,2.0
15/9-F-11 B,2275.0,0,NONE,False,2275.0,0.4769,23,68.6,67.68,0.6722,0.6722,0.0,0.0,1,23.0
15/9-F-11 B,2300.0,0,NONE,False,2300.0,0.4822,23,68.6,67.68,0.0,0.0,0.0,0.0,0,28.0
15/9-F-11 B,2325.0,0,NONE,False,2325.0,0.4874,23,68.6,67.68,0.6722,0.0,0.0,0.6722,1,3.0
15/9-F-11 B,2350.0,0,NONE,False,2350.0,0.4927,23,68.6,67.68,1.3441,0.0,0.0,1.3441,2,12.0
15/9-F-11 B,2375.0,0,NONE,False,2375.0,0.4979,23,68.6,67.68,0.6719,0.0,0.0,0.6719,1,13.0
15/9-F-11 B,2400.0,0,NONE,False,2400.0,0.5031,23,68.6,67.68,0.5636,0.5636,0.0,0.0,1,10.0
15/9-F-11 B,2425.0,0,NONE,False,2425.0,0.5084,23,68.6,67.68,0.5636,0.5636,0.0,0.0,1,15.0
15/9-F-11 B,2450.0,0,NONE,False,2450.0,0.5136,23,68.6,67.68,0.0,0.0,0.0,0.0,0,39.2
15/9-F-11 B,2475.0,0,NONE,False,2475.0,0.5189,23,68.6,67.68,0.6719,0.6719,0.0,0.0,1,14.2
15/9-F-11 B,2500.0,0,NONE,False,2500.0,0.5241,23,68.6,67.68,1.9111,1.9111,0.0,0.0,3,10.8
15/9-F-11 B,2525.0,0,NONE,False,2525.0,0.5294,23,68.6,67.68,2.4784,2.4784,0.0,0.0,4,4.0
15/9-F-11 B,2550.0,0,NONE,False,2550.0,0.5346,23,68.6,67.68,4.449,4.449,0.0,0.0,7,15.0
15/9-F-11 B,2575.0,0,NONE,False,2575.0,0.5398,23,68.6,67.68,5.1224,4.5022,0.0,0.6202,8,2.5
15/9-F-11 B,2600.0,0,NONE,False,2600.0,0.5451,23,68.6,67.68,4.6152,3.995,0.0,0.6202,7,2.0
15/9-F-11 B,2625.0,0,NONE,False,2625.0,0.5503,23,68.6,67.68,3.3547,3.3547,0.0,0.0,5,9.0
15/9-F-11 B,2650.0,0,NONE,False,2650.0,0.5556,23,68.6,67.68,3.7624,3.7624,0.0,0.0,6,0.3
15/9-F-11 B,2675.0,0,NONE,False,2675.0,0.5608,23,68.6,67.68,4.366,4.366,0.0,0.0,7,1.0
15/9-F-11 B,2700.0,0,NONE,False,2700.0,0.566,23,68.6,67.68,1.2557,1.2557,0.0,0.0,2,22.7
15/9-F-11 B,2725.0,0,NONE,False,2725.0,0.5713,23,68.6,67.68,0.5636,0.5636,0.0,0.0,1,17.0
15/9-F-11 B,2750.0,0,NONE,False,2750.0,0.5765,23,68.6,67.68,1.8498,1.8498,0.0,0.0,3,8.0
15/9-F-11 B,2775.0,0,NONE,False,2775.0,0.5818,23,68.6,67.68,1.9447,1.9447,0.0,0.0,3,0.0
15/9-F-11 B,2800.0,0,NONE,False,2800.0,0.587,23,68.6,67.68,1.3106,1.3106,0.0,0.0,2,18.2
15/9-F-11 B,2825.0,0,NONE,False,2825.0,0.5922,23,68.6,67.68,2.6194,2.6194,0.0,0.0,4,2.0
15/9-F-11 B,2850.0,0,NONE,False,2850.0,0.5975,23,68.6,67.68,3.2715,3.2715,0.0,0.0,5,0.0
15/9-F-11 B,2875.0,0,NONE,False,2875.0,0.6027,23,68.6,67.68,4.6049,4.6049,0.0,0.0,7,1.0
15/9-F-11 B,2900.0,0,NONE,False,2900.0,0.608,23,68.6,67.68,3.2605,3.2605,0.0,0.0,5,15.0
15/9-F-11 B,2925.0,0,NONE,False,2925.0,0.6132,23,68.6,67.68,1.8498,1.2157,0.0,0.6341,3,2.0
15/9-F-11 B,2950.0,0,NONE,False,2950.0,0.6184,23,68.6,67.68,1.1977,0.5636,0.0,0.6341,2,23.0
15/9-F-11 B,2975.0,0,NONE,False,2975.0,0.6237,23,68.6,67.68,1.6908,1.6908,0.0,0.0,3,8.0
15/9-F-11 B,3000.0,0,NONE,False,3000.0,0.6289,23,68.6,67.68,2.2544,2.2544,0.0,0.0,4,17.0
15/9-F-11 B,3025.0,0,NONE,False,3025.0,0.6342,23,68.6,67.68,2.3627,2.3627,0.0,0.0,4,0.0
15/9-F-11 B,3050.0,0,NONE,False,3050.0,0.6394,23,68.6,67.68,4.6171,4.6171,0.0,0.0,8,3.0
15/9-F-11 B,3075.0,0,NONE,False,3075.0,0.6447,23,68.6,67.68,3.449,3.449,0.0,0.0,6,15.0
15/9-F-11 B,3100.0,0,NONE,False,3100.0,0.6499,23,68.6,67.68,1.1946,1.1946,0.0,0.0,2,10.0
15/9-F-11 B,3125.0,0,NONE,False,3125.0,0.6551,23,68.6,67.68,0.0,0.0,0.0,0.0,0,35.0
15/9-F-11 B,3150.0,0,NONE,False,3150.0,0.6604,23,68.6,67.68,0.5636,0.5636,0.0,0.0,1,11.0
15/9-F-11 B,3175.0,1,MUD_LOSS,False,3175.0,0.6656,23,68.6,67.68,0.5636,0.5636,0.0,0.0,1,14.0
15/9-F-11 B,3200.0,0,NONE,False,3200.0,0.6709,23,68.6,67.68,0.6229,0.6229,0.0,0.0,1,6.0
15/9-F-11 B,3225.0,0,NONE,False,3225.0,0.6761,23,68.6,67.68,1.8587,1.2951,0.0,0.5636,3,18.0
15/9-F-11 B,3250.0,0,NONE,False,3250.0,0.6813,23,68.6,67.68,1.7994,1.2358,0.0,0.5636,3,2.0
15/9-F-11 B,3275.0,0,NONE,False,3275.0,0.6866,23,68.6,67.68,1.2496,1.2496,0.0,0.0,2,3.0
15/9-F-11 B,3300.0,0,NONE,False,3300.0,0.6918,23,68.6,67.68,1.3582,1.3582,0.0,0.0,2,4.0
15/9-F-11 B,3325.0,0,NONE,False,3325.0,0.6971,23,68.6,67.68,0.6722,0.6722,0.0,0.0,1,6.0
15/9-F-11 B,3350.0,0,NONE,False,3350.0,0.7023,23,68.6,67.68,0.0,0.0,0.0,0.0,0,31.0
15/9-F-11 B,3375.0,0,NONE,False,3375.0,0.7075,23,68.6,67.68,0.0,0.0,0.0,0.0,0,56.0
15/9-F-11 B,3400.0,0,NONE,False,3400.0,0.7128,23,68.6,67.68,0.0,0.0,0.0,0.0,0,39.0
15/9-F-11 B,3425.0,0,NONE,False,3425.0,0.718,23,68.6,67.68,1.3444,1.3444,0.0,0.0,2,14.0
15/9-F-11 B,3450.0,0,NONE,False,3450.0,0.7233,23,68.6,67.68,1.3444,1.3444,0.0,0.0,2,10.0
15/9-F-11 B,3475.0,0,NONE,False,3475.0,0.7285,23,68.6,67.68,0.0,0.0,0.0,0.0,0,35.0
15/9-F-11 B,3500.0,0,NONE,False,3500.0,0.7338,23,68.6,67.68,0.0,0.0,0.0,0.0,0,58.0
15/9-F-11 B,3525.0,0,NONE,False,3525.0,0.739,23,68.6,67.68,0.0,0.0,0.0,0.0,0,33.0
15/9-F-11 B,3550.0,0,NONE,False,3550.0,0.7442,23,68.6,67.68,0.6229,0.0,0.0,0.6229,1,8.0
15/9-F-11 B,3575.0,0,NONE,False,3575.0,0.7495,23,68.6,67.68,1.8979,1.275,0.0,0.6229,3,6.0
15/9-F-11 B,3600.0,0,NONE,False,3600.0,0.7547,23,68.6,67.68,1.275,1.275,0.0,0.0,2,19.0
15/9-F-11 B,3625.0,0,NONE,False,3625.0,0.76,23,68.6,67.68,0.6521,0.6521,0.0,0.0,1,7.0
15/9-F-11 B,3650.0,0,NONE,False,3650.0,0.7652,23,68.6,67.68,5.7798,5.2168,0.0,0.563,9,10.0
15/9-F-11 B,3675.0,0,NONE,False,3675.0,0.7704,23,68.6,67.68,5.7798,5.2168,0.0,0.563,9,7.5
15/9-F-11 B,3700.0,0,NONE,False,3700.0,0.7757,23,68.6,67.68,1.3042,1.3042,0.0,0.0,2,7.2
15/9-F-11 B,3725.0,0,NONE,False,3725.0,0.7809,23,68.6,67.68,1.9563,1.9563,0.0,0.0,3,9.0
15/9-F-11 B,3750.0,0,NONE,False,3750.0,0.7862,23,68.6,67.68,1.9826,1.9826,0.0,0.0,3,4.0
15/9-F-11 B,3775.0,0,NONE,False,3775.0,0.7914,23,68.6,67.68,2.643,2.643,0.0,0.0,4,7.0
15/9-F-11 B,3800.0,0,NONE,False,3800.0,0.7966,23,68.6,67.68,2.5875,1.9646,0.0,0.6229,4,6.0
15/9-F-11 B,3825.0,0,NONE,False,3825.0,0.8019,23,68.6,67.68,1.275,0.6521,0.0,0.6229,2,1.0
15/9-F-11 B,3850.0,1,MUD_LOSS,False,3850.0,0.8071,23,68.6,67.68,1.3042,0.6521,0.0,0.6521,2,16.0
15/9-F-11 B,3875.0,0,NONE,False,3875.0,0.8124,23,68.6,67.68,0.6521,0.0,0.0,0.6521,1,7.3
15/9-F-11 B,3900.0,0,NONE,False,3900.0,0.8176,23,68.6,67.68,0.0,0.0,0.0,0.0,0,32.3
15/9-F-11 B,3925.0,0,NONE,False,3925.0,0.8229,23,68.6,67.68,0.0,0.0,0.0,0.0,0,57.3
15/9-F-11 B,3950.0,0,NONE,False,3950.0,0.8281,23,68.6,67.68,0.0,0.0,0.0,0.0,0,75.0
15/9-F-11 B,3975.0,0,NONE,False,3975.0,0.8333,23,68.6,67.68,0.0,0.0,0.0,0.0,0,50.0
15/9-F-11 B,4000.0,0,NONE,False,4000.0,0.8386,23,68.6,67.68,0.6229,0.0,0.0,0.6229,1,25.0
15/9-F-11 B,4025.0,0,NONE,False,4025.0,0.8438,23,68.6,67.68,2.52,1.2742,0.0,1.2458,4,0.0
15/9-F-11 B,4050.0,0,NONE,False,4050.0,0.8491,23,68.6,67.68,4.4763,3.2305,0.0,1.2458,7,0.0
15/9-F-11 B,4075.0,1,MUD_LOSS,False,4075.0,0.8543,23,68.6,67.68,5.7813,3.9126,0.0,1.8687,9,8.0
15/9-F-11 B,4100.0,0,NONE,False,4100.0,0.8595,23,68.6,67.68,3.795,1.3042,0.0,2.4908,6,6.0
15/9-F-11 B,4125.0,0,NONE,False,4125.0,0.8648,23,68.6,67.68,1.245,0.0,0.0,1.245,2,2.0
15/9-F-11 B,4150.0,0,NONE,False,4150.0,0.87,23,68.6,67.68,0.6229,0.0,0.0,0.6229,1,20.0
15/9-F-11 B,4175.0,0,NONE,False,4175.0,0.8753,23,68.6,67.68,0.0,0.0,0.0,0.0,0,45.0
15/9-F-11 B,4200.0,0,NONE,False,4200.0,0.8805,23,68.6,67.68,0.0,0.0,0.0,0.0,0,70.0
15/9-F-11 B,4225.0,0,NONE,False,4225.0,0.8857,23,68.6,67.68,0.0,0.0,0.0,0.0,0,95.0
15/9-F-11 B,4250.0,1,MUD_LOSS,False,4250.0,0.891,23,68.6,67.68,0.0,0.0,0.0,0.0,0,120.0
15/9-F-11 B,4275.0,0,NONE,False,4275.0,0.8962,23,68.6,67.68,0.0,0.0,0.0,0.0,0,145.0
15/9-F-11 B,4300.0,0,NONE,False,4300.0,0.9015,23,68.6,67.68,0.0,0.0,0.0,0.0,0,170.0
15/9-F-11 B,4325.0,0,NONE,False,4325.0,0.9067,23,68.6,67.68,0.0,0.0,0.0,0.0,0,195.0
15/9-F-11 B,4350.0,0,NONE,False,4350.0,0.9119,23,68.6,67.68,0.0,0.0,0.0,0.0,0,220.0
15/9-F-11 B,4375.0,0,NONE,False,4375.0,0.9172,23,68.6,67.68,0.0,0.0,0.0,0.0,0,245.0
15/9-F-11 B,4400.0,0,NONE,False,4400.0,0.9224,23,68.6,67.68,0.0,0.0,0.0,0.0,0,270.0
15/9-F-11 B,4425.0,0,NONE,False,4425.0,0.9277,23,68.6,67.68,0.0,0.0,0.0,0.0,0,295.0
15/9-F-11 B,4450.0,0,NONE,False,4450.0,0.9329,23,68.6,67.68,0.0,0.0,0.0,0.0,0,320.0
15/9-F-11 B,4475.0,0,NONE,False,4475.0,0.9382,23,68.6,67.68,0.0,0.0,0.0,0.0,0,345.0
15/9-F-11 B,4500.0,0,NONE,False,4500.0,0.9434,23,68.6,67.68,0.0,0.0,0.0,0.0,0,370.0
15/9-F-11 B,4525.0,0,NONE,False,4525.0,0.9486,23,68.6,67.68,0.0,0.0,0.0,0.0,0,395.0
15/9-F-11 B,4550.0,0,NONE,False,4550.0,0.9539,23,68.6,67.68,0.0,0.0,0.0,0.0,0,420.0
15/9-F-11 B,4575.0,0,NONE,False,4575.0,0.9591,23,68.6,67.68,0.0,0.0,0.0,0.0,0,445.0
15/9-F-11 B,4600.0,0,NONE,False,4600.0,0.9644,23,68.6,67.68,0.0,0.0,0.0,0.0,0,470.0
15/9-F-11 B,4625.0,0,NONE,False,4625.0,0.9696,23,68.6,67.68,0.0,0.0,0.0,0.0,0,495.0
15/9-F-11 B,4650.0,0,NONE,False,4650.0,0.9748,23,68.6,67.68,0.0,0.0,0.0,0.0,0,520.0
15/9-F-11 B,4675.0,0,NONE,False,4675.0,0.9801,23,68.6,67.68,0.0,0.0,0.0,0.0,0,545.0
15/9-F-11 B,4700.0,0,NONE,False,4700.0,0.9853,23,68.6,67.68,0.0,0.0,0.0,0.0,0,570.0
15/9-F-11 B,4725.0,1,MUD_LOSS,False,4725.0,0.9906,23,68.6,67.68,0.0,0.0,0.0,0.0,0,575.0
15/9-F-11 B,4750.0,0,NONE,False,4750.0,0.9958,23,68.6,67.68,0.0,0.0,0.0,0.0,0,550.0
15/9-F-11 T2,50.0,0,NONE,False,50.0,0.011,23,68.67,67.55,4.0043,0.6867,0.0,3.3176,6,0.0
15/9-F-11 T2,75.0,0,NONE,False,75.0,0.0164,23,68.67,67.55,4.0485,2.0601,0.0,1.9884,6,5.0
15/9-F-11 T2,100.0,0,NONE,False,100.0,0.0219,23,68.67,67.55,3.3988,3.3988,0.0,0.0,5,2.0
15/9-F-11 T2,125.0,0,NONE,False,125.0,0.0274,23,68.67,67.55,6.0099,6.0099,0.0,0.0,9,0.6
15/9-F-11 T2,150.0,0,NONE,False,150.0,0.0329,23,68.67,67.55,6.0004,6.0004,0.0,0.0,9,0.1
15/9-F-11 T2,175.0,0,NONE,False,175.0,0.0384,23,68.67,67.55,2.6079,1.9852,0.0,0.6227,4,3.0
15/9-F-11 T2,200.0,0,NONE,False,200.0,0.0438,23,68.67,67.55,2.6521,2.0294,0.0,0.6227,4,18.0
15/9-F-11 T2,225.0,0,NONE,False,225.0,0.0493,23,68.67,67.55,4.6987,4.6987,0.0,0.0,7,7.0
15/9-F-11 T2,250.0,0,NONE,False,250.0,0.0548,23,68.67,67.55,4.5707,4.5707,0.0,0.0,7,1.0
15/9-F-11 T2,275.0,0,NONE,False,275.0,0.0603,23,68.67,67.55,3.1591,3.1591,0.0,0.0,5,11.6
15/9-F-11 T2,300.0,0,NONE,False,300.0,0.0658,23,68.67,67.55,2.5783,1.9137,0.6646,0.0,4,7.0
15/9-F-11 T2,325.0,0,NONE,False,325.0,0.0712,23,68.67,67.55,0.6646,0.0,0.6646,0.0,1,15.0
15/9-F-11 T2,350.0,0,NONE,False,350.0,0.0767,23,68.67,67.55,0.0,0.0,0.0,0.0,0,40.0
15/9-F-11 T2,375.0,0,NONE,False,375.0,0.0822,23,68.67,67.55,0.0,0.0,0.0,0.0,0,65.0
15/9-F-11 T2,400.0,0,NONE,False,400.0,0.0877,23,68.67,67.55,0.0,0.0,0.0,0.0,0,90.0
15/9-F-11 T2,425.0,0,NONE,False,425.0,0.0932,23,68.67,67.55,0.0,0.0,0.0,0.0,0,115.0
15/9-F-11 T2,450.0,0,NONE,False,450.0,0.0986,23,68.67,67.55,0.0,0.0,0.0,0.0,0,128.0
15/9-F-11 T2,475.0,0,NONE,False,475.0,0.1041,23,68.67,67.55,0.0,0.0,0.0,0.0,0,103.0
15/9-F-11 T2,500.0,0,NONE,False,500.0,0.1096,23,68.67,67.55,0.0,0.0,0.0,0.0,0,78.0
15/9-F-11 T2,525.0,0,NONE,False,525.0,0.1151,23,68.67,67.55,0.0,0.0,0.0,0.0,0,53.0
15/9-F-11 T2,550.0,0,NONE,False,550.0,0.1206,23,68.67,67.55,0.0,0.0,0.0,0.0,0,28.0
15/9-F-11 T2,575.0,0,NONE,False,575.0,0.126,23,68.67,67.55,0.6227,0.6227,0.0,0.0,1,3.0
15/9-F-11 T2,600.0,0,NONE,False,600.0,0.1315,23,68.67,67.55,1.2873,1.2873,0.0,0.0,2,10.0
15/9-F-11 T2,625.0,0,NONE,False,625.0,0.137,23,68.67,67.55,1.2621,0.6646,0.0,0.5975,2,12.0
15/9-F-11 T2,650.0,0,NONE,False,650.0,0.1425,23,68.67,67.55,0.5975,0.0,0.0,0.5975,1,13.0
15/9-F-11 T2,675.0,0,NONE,False,675.0,0.148,23,68.67,67.55,0.6227,0.6227,0.0,0.0,1,10.0
15/9-F-11 T2,700.0,0,NONE,False,700.0,0.1534,23,68.67,67.55,0.6227,0.6227,0.0,0.0,1,15.0
15/9-F-11 T2,725.0,0,NONE,False,725.0,0.1589,23,68.67,67.55,0.0,0.0,0.0,0.0,0,29.3
15/9-F-11 T2,750.0,0,NONE,False,750.0,0.1644,23,68.67,67.55,0.6646,0.6646,0.0,0.0,1,4.3
15/9-F-11 T2,775.0,0,NONE,False,775.0,0.1699,23,68.67,67.55,1.0607,0.6646,0.0,0.3961,2,18.1
15/9-F-11 T2,800.0,0,NONE,False,800.0,0.1754,23,68.67,67.55,0.3961,0.0,0.0,0.3961,1,6.9
15/9-F-11 T2,825.0,0,NONE,False,825.0,0.1808,23,68.67,67.55,3.3123,3.3123,0.0,0.0,7,4.0
15/9-F-11 T2,850.0,0,NONE,False,850.0,0.1863,23,68.67,67.55,4.6553,4.6553,0.0,0.0,9,2.0
15/9-F-11 T2,875.0,0,NONE,False,875.0,0.1918,23,68.67,67.55,5.6986,5.6986,0.0,0.0,9,3.0
15/9-F-11 T2,900.0,0,NONE,False,900.0,0.1973,23,68.67,67.55,5.6848,5.6848,0.0,0.0,9,0.0
15/9-F-11 T2,925.0,0,NONE,False,925.0,0.2028,23,68.67,67.55,4.036,4.036,0.0,0.0,7,5.0
15/9-F-11 T2,950.0,0,NONE,False,950.0,0.2082,23,68.67,67.55,1.3776,1.3776,0.0,0.0,3,20.0
15/9-F-11 T2,975.0,0,NONE,False,975.0,0.2137,23,68.67,67.55,0.6227,0.6227,0.0,0.0,1,25.0
15/9-F-11 T2,1000.0,0,NONE,False,1000.0,0.2192,23,68.67,67.55,0.6227,0.6227,0.0,0.0,1,0.0
15/9-F-11 T2,1025.0,0,NONE,False,1025.0,0.2247,23,68.67,67.55,5.0058,5.0058,0.0,0.0,12,25.0
15/9-F-11 T2,1050.0,0,NONE,False,1050.0,0.2302,23,68.67,67.55,4.3831,4.3831,0.0,0.0,11,0.0
15/9-F-11 T2,1075.0,0,NONE,False,1075.0,0.2356,23,68.67,67.55,4.3831,4.3831,0.0,0.0,11,25.0
15/9-F-11 T2,1100.0,0,NONE,False,1100.0,0.2411,23,68.67,67.55,0.4592,0.4592,0.0,0.0,1,20.0
15/9-F-11 T2,1125.0,0,NONE,False,1125.0,0.2466,23,68.67,67.55,0.4592,0.4592,0.0,0.0,1,5.0
15/9-F-11 T2,1150.0,0,NONE,False,1150.0,0.2521,23,68.67,67.55,0.0,0.0,0.0,0.0,0,30.0
15/9-F-11 T2,1175.0,0,NONE,False,1175.0,0.2576,23,68.67,67.55,0.0,0.0,0.0,0.0,0,55.0
15/9-F-11 T2,1200.0,0,NONE,False,1200.0,0.263,23,68.67,67.55,0.0,0.0,0.0,0.0,0,38.0
15/9-F-11 T2,1225.0,0,NONE,False,1225.0,0.2685,23,68.67,67.55,0.656,0.0,0.0,0.656,1,13.0
15/9-F-11 T2,1250.0,0,NONE,False,1250.0,0.274,23,68.67,67.55,0.656,0.0,0.0,0.656,1,12.0
15/9-F-11 T2,1275.0,0,NONE,False,1275.0,0.2795,23,68.67,67.55,0.5975,0.0,0.0,0.5975,1,5.6
15/9-F-11 T2,1300.0,0,NONE,False,1300.0,0.285,23,68.67,67.55,1.9709,1.3734,0.0,0.5975,3,13.7
15/9-F-11 T2,1325.0,0,NONE,False,1325.0,0.2904,23,68.67,67.55,1.3734,1.3734,0.0,0.0,2,4.0
15/9-F-11 T2,1350.0,0,NONE,False,1350.0,0.2959,23,68.67,67.55,4.4774,3.8204,0.0,0.657,7,4.0
15/9-F-11 T2,1375.0,0,NONE,False,1375.0,0.3014,23,68.67,67.55,5.1344,3.8204,0.0,1.314,8,6.0
15/9-F-11 T2,1400.0,0,NONE,False,1400.0,0.3069,23,68.67,67.55,0.657,0.0,0.0,0.657,1,19.0
15/9-F-11 T2,1425.0,0,NONE,False,1425.0,0.3124,23,68.67,67.55,0.0,0.0,0.0,0.0,0,35.0
15/9-F-11 T2,1450.0,0,NONE,False,1450.0,0.3178,23,68.67,67.55,0.5684,0.5684,0.0,0.0,1,10.0
15/9-F-11 T2,1475.0,0,NONE,False,1475.0,0.3233,23,68.67,67.55,1.1368,0.5684,0.0,0.5684,2,15.0
15/9-F-11 T2,1500.0,0,NONE,False,1500.0,0.3288,23,68.67,67.55,0.5684,0.0,0.0,0.5684,1,7.0
15/9-F-11 T2,1525.0,0,NONE,False,1525.0,0.3343,23,68.67,67.55,0.6736,0.0,0.0,0.6736,1,7.0
15/9-F-11 T2,1550.0,0,NONE,False,1550.0,0.3398,23,68.67,67.55,0.6736,0.0,0.0,0.6736,1,18.0
15/9-F-11 T2,1575.0,0,NONE,False,1575.0,0.3452,23,68.67,67.55,0.0,0.0,0.0,0.0,0,43.0
15/9-F-11 T2,1600.0,0,NONE,False,1600.0,0.3507,23,68.67,67.55,0.0,0.0,0.0,0.0,0,61.0
15/9-F-11 T2,1625.0,0,NONE,False,1625.0,0.3562,23,68.67,67.55,0.0,0.0,0.0,0.0,0,36.0
15/9-F-11 T2,1650.0,0,NONE,False,1650.0,0.3617,23,68.67,67.55,0.6227,0.0,0.0,0.6227,1,11.0
15/9-F-11 T2,1675.0,0,NONE,False,1675.0,0.3672,23,68.67,67.55,0.6227,0.0,0.0,0.6227,1,14.0
15/9-F-11 T2,1700.0,0,NONE,False,1700.0,0.3726,23,68.67,67.55,0.0,0.0,0.0,0.0,0,39.0
15/9-F-11 T2,1725.0,0,NONE,False,1725.0,0.3781,23,68.67,67.55,0.0,0.0,0.0,0.0,0,39.0
15/9-F-11 T2,1750.0,0,NONE,False,1750.0,0.3836,23,68.67,67.55,0.6736,0.6736,0.0,0.0,1,14.0
15/9-F-11 T2,1775.0,0,NONE,False,1775.0,0.3891,23,68.67,67.55,0.6736,0.6736,0.0,0.0,1,11.0
15/9-F-11 T2,1800.0,0,NONE,False,1800.0,0.3946,23,68.67,67.55,0.0,0.0,0.0,0.0,0,36.0
15/9-F-11 T2,1825.0,0,NONE,False,1825.0,0.4,23,68.67,67.55,0.0,0.0,0.0,0.0,0,42.0
15/9-F-11 T2,1850.0,0,NONE,False,1850.0,0.4055,23,68.67,67.55,0.656,0.656,0.0,0.0,1,17.0
15/9-F-11 T2,1875.0,0,NONE,False,1875.0,0.411,23,68.67,67.55,1.2787,0.656,0.0,0.6227,2,2.0
15/9-F-11 T2,1900.0,0,NONE,False,1900.0,0.4165,23,68.67,67.55,0.6227,0.0,0.0,0.6227,1,23.0
15/9-F-11 T2,1925.0,0,NONE,False,1925.0,0.422,23,68.67,67.55,0.0,0.0,0.0,0.0,0,48.0
15/9-F-11 T2,1950.0,0,NONE,False,1950.0,0.4274,23,68.67,67.55,0.0,0.0,0.0,0.0,0,73.0
15/9-F-11 T2,1975.0,0,NONE,False,1975.0,0.4329,23,68.67,67.55,0.0,0.0,0.0,0.0,0,59.0
15/9-F-11 T2,2000.0,0,NONE,False,2000.0,0.4384,23,68.67,67.55,0.0,0.0,0.0,0.0,0,34.0
15/9-F-11 T2,2025.0,0,NONE,False,2025.0,0.4439,23,68.67,67.55,0.657,0.657,0.0,0.0,1,9.0
15/9-F-11 T2,2050.0,0,NONE,False,2050.0,0.4494,23,68.67,67.55,0.657,0.657,0.0,0.0,1,16.0
15/9-F-11 T2,2075.0,0,NONE,False,2075.0,0.4548,23,68.67,67.55,0.5684,0.5684,0.0,0.0,1,25.0
15/9-F-11 T2,2100.0,0,NONE,False,2100.0,0.4603,23,68.67,67.55,0.5684,0.5684,0.0,0.0,1,0.0
15/9-F-11 T2,2125.0,0,NONE,False,2125.0,0.4658,23,68.67,67.55,0.5684,0.5684,0.0,0.0,1,25.0
15/9-F-11 T2,2150.0,0,NONE,False,2150.0,0.4713,23,68.67,67.55,0.6379,0.6379,0.0,0.0,1,14.0
15/9-F-11 T2,2175.0,0,NONE,False,2175.0,0.4768,23,68.67,67.55,1.9031,1.2705,0.0,0.6326,3,11.0
15/9-F-11 T2,2200.0,0,NONE,False,2200.0,0.4822,23,68.67,67.55,2.5538,1.2886,0.0,1.2652,4,1.0
15/9-F-11 T2,2225.0,0,NONE,False,2225.0,0.4877,23,68.67,67.55,1.857,0.656,0.0,1.201,3,6.0
15/9-F-11 T2,2250.0,0,NONE,False,2250.0,0.4932,23,68.67,67.55,1.2244,0.656,0.0,0.5684,2,2.0
15/9-F-11 T2,2275.0,0,NONE,False,2275.0,0.4987,23,68.67,67.55,0.656,0.656,0.0,0.0,1,23.0
15/9-F-11 T2,2300.0,0,NONE,False,2300.0,0.5042,23,68.67,67.55,0.0,0.0,0.0,0.0,0,28.0
15/9-F-11 T2,2325.0,0,NONE,False,2325.0,0.5096,23,68.67,67.55,0.656,0.0,0.0,0.656,1,3.0
15/9-F-11 T2,2350.0,0,NONE,False,2350.0,0.5151,23,68.67,67.55,1.3301,0.0,0.0,1.3301,2,12.0
15/9-F-11 T2,2375.0,0,NONE,False,2375.0,0.5206,23,68.67,67.55,0.6741,0.0,0.0,0.6741,1,13.0
15/9-F-11 T2,2400.0,0,NONE,False,2400.0,0.5261,23,68.67,67.55,0.5684,0.5684,0.0,0.0,1,10.0
15/9-F-11 T2,2425.0,0,NONE,False,2425.0,0.5316,23,68.67,67.55,0.5684,0.5684,0.0,0.0,1,15.0
15/9-F-11 T2,2450.0,0,NONE,False,2450.0,0.537,23,68.67,67.55,0.0,0.0,0.0,0.0,0,39.2
15/9-F-11 T2,2475.0,0,NONE,False,2475.0,0.5425,23,68.67,67.55,0.6741,0.6741,0.0,0.0,1,14.2
15/9-F-11 T2,2500.0,0,NONE,False,2500.0,0.548,23,68.67,67.55,1.9195,1.9195,0.0,0.0,3,10.8
15/9-F-11 T2,2525.0,0,NONE,False,2525.0,0.5535,23,68.67,67.55,2.4908,2.4908,0.0,0.0,4,4.0
15/9-F-11 T2,2550.0,0,NONE,False,2550.0,0.559,23,68.67,67.55,4.4607,4.4607,0.0,0.0,7,15.0
15/9-F-11 T2,2575.0,0,NONE,False,2575.0,0.5644,23,68.67,67.55,5.1315,4.5014,0.0,0.6301,8,2.5
15/9-F-11 T2,2600.0,0,NONE,False,2600.0,0.5699,23,68.67,67.55,4.5709,3.9408,0.0,0.6301,7,2.0
15/9-F-11 T2,2625.0,0,NONE,False,2625.0,0.5754,23,68.67,67.55,3.3117,3.3117,0.0,0.0,5,9.0
15/9-F-11 T2,2650.0,0,NONE,False,2650.0,0.5809,23,68.67,67.55,3.8,3.8,0.0,0.0,6,0.3
15/9-F-11 T2,2675.0,0,NONE,False,2675.0,0.5864,23,68.67,67.55,4.383,4.383,0.0,0.0,7,1.0
15/9-F-11 T2,2700.0,0,NONE,False,2700.0,0.5918,23,68.67,67.55,1.24,1.24,0.0,0.0,2,22.7
15/9-F-11 T2,2725.0,0,NONE,False,2725.0,0.5973,23,68.67,67.55,0.5684,0.5684,0.0,0.0,1,17.0
15/9-F-11 T2,2750.0,0,NONE,False,2750.0,0.6028,23,68.67,67.55,1.8625,1.8625,0.0,0.0,3,8.0
15/9-F-11 T2,2775.0,0,NONE,False,2775.0,0.6083,23,68.67,67.55,1.9587,1.9587,0.0,0.0,3,0.0
15/9-F-11 T2,2800.0,0,NONE,False,2800.0,0.6138,23,68.67,67.55,1.3216,1.3216,0.0,0.0,2,18.2
15/9-F-11 T2,2825.0,0,NONE,False,2825.0,0.6192,23,68.67,67.55,2.6069,2.6069,0.0,0.0,4,2.0
15/9-F-11 T2,2850.0,0,NONE,False,2850.0,0.6247,23,68.67,67.55,3.2639,3.2639,0.0,0.0,5,0.0
15/9-F-11 T2,2875.0,0,NONE,False,2875.0,0.6302,23,68.67,67.55,4.597,4.597,0.0,0.0,7,1.0
15/9-F-11 T2,2900.0,0,NONE,False,2900.0,0.6357,23,68.67,67.55,3.285,3.285,0.0,0.0,5,15.0
15/9-F-11 T2,2925.0,0,NONE,False,2925.0,0.6412,23,68.67,67.55,1.8625,1.2254,0.0,0.6371,3,2.0
15/9-F-11 T2,2950.0,0,NONE,False,2950.0,0.6466,23,68.67,67.55,1.2055,0.5684,0.0,0.6371,2,23.0
15/9-F-11 T2,2975.0,0,NONE,False,2975.0,0.6521,23,68.67,67.55,1.7052,1.7052,0.0,0.0,3,8.0
15/9-F-11 T2,3000.0,0,NONE,False,3000.0,0.6576,23,68.67,67.55,2.2736,2.2736,0.0,0.0,4,17.0
15/9-F-11 T2,3025.0,0,NONE,False,3025.0,0.6631,23,68.67,67.55,2.3793,2.3793,0.0,0.0,4,0.0
15/9-F-11 T2,3050.0,0,NONE,False,3050.0,0.6686,23,68.67,67.55,4.6529,4.6529,0.0,0.0,8,3.0
15/9-F-11 T2,3075.0,0,NONE,False,3075.0,0.674,23,68.67,67.55,3.4686,3.4686,0.0,0.0,6,15.0
15/9-F-11 T2,3100.0,0,NONE,False,3100.0,0.6795,23,68.67,67.55,1.195,1.195,0.0,0.0,2,10.0
15/9-F-11 T2,3125.0,0,NONE,False,3125.0,0.685,23,68.67,67.55,0.0,0.0,0.0,0.0,0,35.0
15/9-F-11 T2,3150.0,0,NONE,False,3150.0,0.6905,23,68.67,67.55,0.5684,0.5684,0.0,0.0,1,11.0
15/9-F-11 T2,3175.0,0,NONE,False,3175.0,0.696,23,68.67,67.55,2.6036,2.6036,0.0,0.0,4,14.0
15/9-F-11 T2,3200.0,0,NONE,False,3200.0,0.7014,23,68.67,67.55,2.6731,2.6731,0.0,0.0,4,6.0
15/9-F-11 T2,3225.0,0,NONE,False,3225.0,0.7069,23,68.67,67.55,1.8623,1.2939,0.0,0.5684,3,18.0
15/9-F-11 T2,3250.0,0,NONE,False,3250.0,0.7124,23,68.67,67.55,1.7928,1.2244,0.0,0.5684,3,2.0
15/9-F-11 T2,3275.0,0,NONE,False,3275.0,0.7179,23,68.67,67.55,1.2551,1.2551,0.0,0.0,2,3.0
15/9-F-11 T2,3300.0,0,NONE,False,3300.0,0.7234,23,68.67,67.55,1.3427,1.3427,0.0,0.0,2,4.0
15/9-F-11 T2,3325.0,0,NONE,False,3325.0,0.7288,23,68.67,67.55,0.656,0.656,0.0,0.0,1,6.0
15/9-F-11 T2,3350.0,0,NONE,False,3350.0,0.7343,23,68.67,67.55,0.0,0.0,0.0,0.0,0,31.0
15/9-F-11 T2,3375.0,0,NONE,False,3375.0,0.7398,23,68.67,67.55,0.0,0.0,0.0,0.0,0,56.0
15/9-F-11 T2,3400.0,0,NONE,False,3400.0,0.7453,23,68.67,67.55,0.0,0.0,0.0,0.0,0,39.0
15/9-F-11 T2,3425.0,0,NONE,False,3425.0,0.7508,23,68.67,67.55,1.312,1.312,0.0,0.0,2,14.0
15/9-F-11 T2,3450.0,0,NONE,False,3450.0,0.7562,23,68.67,67.55,1.312,1.312,0.0,0.0,2,10.0
15/9-F-11 T2,3475.0,0,NONE,False,3475.0,0.7617,23,68.67,67.55,0.0,0.0,0.0,0.0,0,35.0
15/9-F-11 T2,3500.0,0,NONE,False,3500.0,0.7672,23,68.67,67.55,0.0,0.0,0.0,0.0,0,58.0
15/9-F-11 T2,3525.0,0,NONE,False,3525.0,0.7727,23,68.67,67.55,0.0,0.0,0.0,0.0,0,33.0
15/9-F-11 T2,3550.0,0,NONE,False,3550.0,0.7782,23,68.67,67.55,0.6379,0.0,0.0,0.6379,1,8.0
15/9-F-11 T2,3575.0,0,NONE,False,3575.0,0.7836,23,68.67,67.55,1.9328,1.2949,0.0,0.6379,3,6.0
15/9-F-11 T2,3600.0,0,NONE,False,3600.0,0.7891,23,68.67,67.55,1.2949,1.2949,0.0,0.0,2,19.0
15/9-F-11 T2,3625.0,0,NONE,False,3625.0,0.7946,23,68.67,67.55,0.657,0.657,0.0,0.0,1,7.0
15/9-F-11 T2,3650.0,0,NONE,False,3650.0,0.8001,23,68.67,67.55,5.8244,5.256,0.0,0.5684,9,10.0
15/9-F-11 T2,3675.0,0,NONE,False,3675.0,0.8056,23,68.67,67.55,5.8244,5.256,0.0,0.5684,9,7.5
15/9-F-11 T2,3700.0,0,NONE,False,3700.0,0.811,23,68.67,67.55,1.314,1.314,0.0,0.0,2,7.2
15/9-F-11 T2,3725.0,0,NONE,False,3725.0,0.8165,23,68.67,67.55,1.971,1.971,0.0,0.0,3,9.0
15/9-F-11 T2,3750.0,1,MUD_LOSS,False,3750.0,0.822,23,68.67,67.55,1.314,1.314,0.0,0.0,2,16.0
15/9-F-11 T2,3775.0,1,MUD_LOSS,False,3775.0,0.8275,23,68.67,67.55,1.2941,1.2941,0.0,0.0,2,7.0
15/9-F-11 T2,3800.0,0,NONE,False,3800.0,0.833,23,68.67,67.55,1.932,1.2941,0.0,0.6379,3,15.0
15/9-F-11 T2,3825.0,0,NONE,False,3825.0,0.8384,23,68.67,67.55,1.2949,0.657,0.0,0.6379,2,1.0
15/9-F-11 T2,3850.0,0,NONE,False,3850.0,0.8439,23,68.67,67.55,1.9924,1.3354,0.0,0.657,3,6.0
15/9-F-11 T2,3875.0,0,NONE,False,3875.0,0.8494,23,68.67,67.55,1.3354,0.6784,0.0,0.657,2,7.3
15/9-F-11 T2,3900.0,0,NONE,False,3900.0,0.8549,23,68.67,67.55,0.0,0.0,0.0,0.0,0,32.3
15/9-F-11 T2,3925.0,0,NONE,False,3925.0,0.8604,23,68.67,67.55,0.0,0.0,0.0,0.0,0,57.3
15/9-F-11 T2,3950.0,0,NONE,False,3950.0,0.8658,23,68.67,67.55,0.0,0.0,0.0,0.0,0,75.0
15/9-F-11 T2,3975.0,0,NONE,False,3975.0,0.8713,23,68.67,67.55,0.0,0.0,0.0,0.0,0,50.0
15/9-F-11 T2,4000.0,0,NONE,False,4000.0,0.8768,23,68.67,67.55,0.6379,0.0,0.0,0.6379,1,25.0
15/9-F-11 T2,4025.0,0,NONE,False,4025.0,0.8823,23,68.67,67.55,2.5654,1.2896,0.0,1.2758,4,0.0
15/9-F-11 T2,4050.0,0,NONE,False,4050.0,0.8878,23,68.67,67.55,4.5364,3.2606,0.0,1.2758,7,0.0
15/9-F-11 T2,4075.0,0,NONE,False,4075.0,0.8932,23,68.67,67.55,6.5341,4.6204,0.0,1.9137,10,8.0
15/9-F-11 T2,4100.0,0,NONE,False,4100.0,0.8987,23,68.67,67.55,4.5387,1.9924,0.0,2.5463,7,5.0
15/9-F-11 T2,4125.0,0,NONE,False,4125.0,0.9042,23,68.67,67.55,1.2705,0.0,0.0,1.2705,2,2.0
15/9-F-11 T2,4150.0,0,NONE,False,4150.0,0.9097,23,68.67,67.55,0.6379,0.0,0.0,0.6379,1,20.0
15/9-F-11 T2,4175.0,0,NONE,False,4175.0,0.9152,23,68.67,67.55,0.0,0.0,0.0,0.0,0,45.0
15/9-F-11 T2,4200.0,0,NONE,False,4200.0,0.9206,23,68.67,67.55,0.0,0.0,0.0,0.0,0,54.0
15/9-F-11 T2,4225.0,0,NONE,False,4225.0,0.9261,23,68.67,67.55,0.0,0.0,0.0,0.0,0,29.0
15/9-F-11 T2,4250.0,0,NONE,False,4250.0,0.9316,23,68.67,67.55,0.6784,0.6784,0.0,0.0,1,4.0
15/9-F-11 T2,4275.0,0,NONE,False,4275.0,0.9371,23,68.67,67.55,0.6784,0.6784,0.0,0.0,1,21.0
15/9-F-11 T2,4300.0,0,NONE,False,4300.0,0.9426,23,68.67,67.55,0.0,0.0,0.0,0.0,0,46.0
15/9-F-11 T2,4325.0,0,NONE,False,4325.0,0.948,23,68.67,67.55,0.0,0.0,0.0,0.0,0,71.0
15/9-F-11 T2,4350.0,0,NONE,False,4350.0,0.9535,23,68.67,67.55,0.0,0.0,0.0,0.0,0,96.0
15/9-F-11 T2,4375.0,0,NONE,False,4375.0,0.959,23,68.67,67.55,0.0,0.0,0.0,0.0,0,121.0
15/9-F-11 T2,4400.0,0,NONE,False,4400.0,0.9645,23,68.67,67.55,0.0,0.0,0.0,0.0,0,146.0
15/9-F-11 T2,4425.0,0,NONE,False,4425.0,0.97,23,68.67,67.55,0.0,0.0,0.0,0.0,0,171.0
15/9-F-11 T2,4450.0,0,NONE,False,4450.0,0.9754,23,68.67,67.55,0.0,0.0,0.0,0.0,0,196.0
15/9-F-11 T2,4475.0,0,NONE,False,4475.0,0.9809,23,68.67,67.55,0.0,0.0,0.0,0.0,0,221.0
15/9-F-11 T2,4500.0,0,NONE,False,4500.0,0.9864,23,68.67,67.55,0.0,0.0,0.0,0.0,0,245.0
15/9-F-11 T2,4525.0,0,NONE,False,4525.0,0.9919,23,68.67,67.55,0.0,0.0,0.0,0.0,0,220.0
15/9-F-11 T2,4550.0,0,NONE,False,4550.0,0.9974,23,68.67,67.55,0.0,0.0,0.0,0.0,0,195.0
15/9-F-12,50.0,0,NONE,False,50.0,0.0142,23,69.75,68.28,3.911,0.6297,0.0,3.2813,6,0.0
15/9-F-12,75.0,0,NONE,False,75.0,0.0213,23,69.75,68.28,3.8584,1.8891,0.0,1.9693,6,5.0
15/9-F-12,100.0,0,NONE,False,100.0,0.0284,23,69.75,68.28,3.1879,3.1879,0.0,0.0,5,2.0
15/9-F-12,125.0,0,NONE,False,125.0,0.0355,23,69.75,68.28,5.8644,5.8644,0.0,0.0,9,0.6
15/9-F-12,150.0,0,NONE,False,150.0,0.0426,23,69.75,68.28,5.8776,5.8776,0.0,0.0,9,0.1
15/9-F-12,175.0,1,STUCK_PIPE,False,175.0,0.0497,23,69.75,68.28,1.9265,1.9265,0.0,0.0,3,3.0
15/9-F-12,200.0,0,NONE,False,200.0,0.0568,23,69.75,68.28,1.8739,1.8739,0.0,0.0,3,18.0
15/9-F-12,225.0,1,MUD_LOSS,True,225.0,0.0639,23,69.75,68.28,3.8308,3.8308,0.0,0.0,6,7.0
15/9-F-12,250.0,1,MUD_LOSS,False,250.0,0.071,23,69.75,68.28,2.5714,2.5714,0.0,0.0,4,4.0
15/9-F-12,275.0,0,NONE,False,275.0,0.0781,23,69.75,68.28,1.8903,1.8903,0.0,0.0,3,11.6
15/9-F-12,300.0,0,NONE,False,300.0,0.0852,23,69.75,68.28,2.5463,1.8903,0.656,0.0,4,7.0
15/9-F-12,325.0,0,NONE,False,325.0,0.0923,23,69.75,68.28,0.656,0.0,0.656,0.0,1,15.0
15/9-F-12,350.0,0,NONE,False,350.0,0.0994,23,69.75,68.28,0.0,0.0,0.0,0.0,0,40.0
15/9-F-12,375.0,0,NONE,False,375.0,0.1065,23,69.75,68.28,0.0,0.0,0.0,0.0,0,65.0
15/9-F-12,400.0,0,NONE,False,400.0,0.1136,23,69.75,68.28,0.0,0.0,0.0,0.0,0,90.0
15/9-F-12,425.0,0,NONE,False,425.0,0.1207,23,69.75,68.28,0.0,0.0,0.0,0.0,0,115.0
15/9-F-12,450.0,0,NONE,False,450.0,0.1278,23,69.75,68.28,0.0,0.0,0.0,0.0,0,140.0
15/9-F-12,475.0,0,NONE,False,475.0,0.1349,23,69.75,68.28,0.0,0.0,0.0,0.0,0,135.0
15/9-F-12,500.0,0,NONE,False,500.0,0.142,23,69.75,68.28,0.0,0.0,0.0,0.0,0,110.0
15/9-F-12,525.0,0,NONE,False,525.0,0.1491,23,69.75,68.28,0.0,0.0,0.0,0.0,0,85.0
15/9-F-12,550.0,0,NONE,False,550.0,0.1562,23,69.75,68.28,0.0,0.0,0.0,0.0,0,60.0
15/9-F-12,575.0,1,MUD_LOSS,False,575.0,0.1634,23,69.75,68.28,0.0,0.0,0.0,0.0,0,35.0
15/9-F-12,600.0,0,NONE,False,600.0,0.1705,23,69.75,68.28,0.656,0.656,0.0,0.0,1,10.0
15/9-F-12,625.0,0,NONE,False,625.0,0.1776,23,69.75,68.28,1.2987,0.656,0.0,0.6427,2,12.0
15/9-F-12,650.0,0,NONE,False,650.0,0.1847,23,69.75,68.28,0.6427,0.0,0.0,0.6427,1,13.0
15/9-F-12,675.0,1,MUD_LOSS,False,675.0,0.1918,23,69.75,68.28,0.0,0.0,0.0,0.0,0,38.0
15/9-F-12,700.0,0,NONE,False,700.0,0.1989,23,69.75,68.28,0.0,0.0,0.0,0.0,0,54.3
15/9-F-12,725.0,0,NONE,False,725.0,0.206,23,69.75,68.28,0.0,0.0,0.0,0.0,0,29.3
15/9-F-12,750.0,0,NONE,False,750.0,0.2131,23,69.75,68.28,0.656,0.656,0.0,0.0,1,4.3
15/9-F-12,775.0,0,NONE,False,775.0,0.2202,23,69.75,68.28,1.0718,0.656,0.0,0.4158,2,18.1
15/9-F-12,800.0,0,NONE,False,800.0,0.2273,23,69.75,68.28,0.4158,0.0,0.0,0.4158,1,6.9
15/9-F-12,825.0,0,NONE,False,825.0,0.2344,23,69.75,68.28,3.395,3.395,0.0,0.0,7,4.0
15/9-F-12,850.0,0,NONE,False,850.0,0.2415,23,69.75,68.28,4.6706,4.6706,0.0,0.0,9,2.0
15/9-F-12,875.0,1,MUD_LOSS,False,875.0,0.2486,23,69.75,68.28,4.935,4.935,0.0,0.0,8,3.0
15/9-F-12,900.0,0,NONE,False,900.0,0.2557,23,69.75,68.28,4.9714,4.9714,0.0,0.0,8,0.0
15/9-F-12,925.0,0,NONE,False,925.0,0.2628,23,69.75,68.28,4.1114,4.1114,0.0,0.0,7,5.0
15/9-F-12,950.0,0,NONE,False,950.0,0.2699,23,69.75,68.28,1.4874,1.4874,0.0,0.0,3,20.0
15/9-F-12,975.0,0,NONE,False,975.0,0.277,23,69.75,68.28,0.0,0.0,0.0,0.0,0,45.0
15/9-F-12,1000.0,1,MUD_LOSS,False,1000.0,0.2841,23,69.75,68.28,0.0,0.0,0.0,0.0,0,50.0
15/9-F-12,1025.0,0,NONE,False,1025.0,0.2912,23,69.75,68.28,4.6138,4.6138,0.0,0.0,11,25.0
15/9-F-12,1050.0,0,NONE,False,1050.0,0.2983,23,69.75,68.28,4.6138,4.6138,0.0,0.0,11,0.0
15/9-F-12,1075.0,0,NONE,False,1075.0,0.3054,23,69.75,68.28,4.6138,4.6138,0.0,0.0,11,25.0
15/9-F-12,1100.0,0,NONE,False,1100.0,0.3125,23,69.75,68.28,0.4958,0.4958,0.0,0.0,1,20.0
15/9-F-12,1125.0,0,NONE,False,1125.0,0.3196,23,69.75,68.28,0.4958,0.4958,0.0,0.0,1,5.0
15/9-F-12,1150.0,0,NONE,False,1150.0,0.3267,23,69.75,68.28,0.0,0.0,0.0,0.0,0,30.0
15/9-F-12,1175.0,0,NONE,False,1175.0,0.3338,23,69.75,68.28,0.0,0.0,0.0,0.0,0,55.0
15/9-F-12,1200.0,0,NONE,False,1200.0,0.3409,23,69.75,68.28,0.0,0.0,0.0,0.0,0,38.0
15/9-F-12,1225.0,0,NONE,False,1225.0,0.348,23,69.75,68.28,0.6145,0.0,0.0,0.6145,1,13.0
15/9-F-12,1250.0,0,NONE,False,1250.0,0.3551,23,69.75,68.28,0.6145,0.0,0.0,0.6145,1,12.0
15/9-F-12,1275.0,0,NONE,False,1275.0,0.3622,23,69.75,68.28,0.6427,0.0,0.0,0.6427,1,5.6
15/9-F-12,1300.0,0,NONE,False,1300.0,0.3693,23,69.75,68.28,1.9021,1.2594,0.0,0.6427,3,13.7
15/9-F-12,1325.0,0,NONE,False,1325.0,0.3764,23,69.75,68.28,1.2594,1.2594,0.0,0.0,2,4.0
15/9-F-12,1350.0,1,MUD_LOSS,True,1350.0,0.3835,23,69.75,68.28,1.9142,1.2542,0.0,0.66,3,7.0
15/9-F-12,1375.0,0,NONE,False,1375.0,0.3906,23,69.75,68.28,2.5742,1.2542,0.0,1.32,4,6.0
15/9-F-12,1400.0,0,NONE,False,1400.0,0.3977,23,69.75,68.28,0.66,0.0,0.0,0.66,1,19.0
15/9-F-12,1425.0,0,NONE,False,1425.0,0.4048,23,69.75,68.28,0.0,0.0,0.0,0.0,0,35.0
15/9-F-12,1450.0,0,NONE,False,1450.0,0.4119,23,69.75,68.28,0.6219,0.6219,0.0,0.0,1,10.0
15/9-F-12,1475.0,0,NONE,False,1475.0,0.419,23,69.75,68.28,1.2438,0.6219,0.0,0.6219,2,15.0
15/9-F-12,1500.0,0,NONE,False,1500.0,0.4261,23,69.75,68.28,0.6219,0.0,0.0,0.6219,1,7.0
15/9-F-12,1525.0,0,NONE,False,1525.0,0.4332,23,69.75,68.28,0.6397,0.0,0.0,0.6397,1,7.0
15/9-F-12,1550.0,0,NONE,False,1550.0,0.4403,23,69.75,68.28,0.6397,0.0,0.0,0.6397,1,18.0
15/9-F-12,1575.0,0,NONE,False,1575.0,0.4474,23,69.75,68.28,0.0,0.0,0.0,0.0,0,43.0
15/9-F-12,1600.0,0,NONE,False,1600.0,0.4545,23,69.75,68.28,0.0,0.0,0.0,0.0,0,68.0
15/9-F-12,1625.0,0,NONE,False,1625.0,0.4616,23,69.75,68.28,0.0,0.0,0.0,0.0,0,93.0
15/9-F-12,1650.0,1,STUCK_PIPE,False,1650.0,0.4688,23,69.75,68.28,0.0,0.0,0.0,0.0,0,114.0
15/9-F-12,1675.0,0,NONE,False,1675.0,0.4759,23,69.75,68.28,0.0,0.0,0.0,0.0,0,89.0
15/9-F-12,1700.0,0,NONE,False,1700.0,0.483,23,69.75,68.28,0.0,0.0,0.0,0.0,0,64.0
15/9-F-12,1725.0,0,NONE,False,1725.0,0.4901,23,69.75,68.28,0.0,0.0,0.0,0.0,0,39.0
15/9-F-12,1750.0,0,NONE,False,1750.0,0.4972,23,69.75,68.28,0.6397,0.6397,0.0,0.0,1,14.0
15/9-F-12,1775.0,0,NONE,False,1775.0,0.5043,23,69.75,68.28,0.6397,0.6397,0.0,0.0,1,11.0
15/9-F-12,1800.0,0,NONE,False,1800.0,0.5114,23,69.75,68.28,0.0,0.0,0.0,0.0,0,36.0
15/9-F-12,1825.0,0,NONE,False,1825.0,0.5185,23,69.75,68.28,0.0,0.0,0.0,0.0,0,42.0
15/9-F-12,1850.0,0,NONE,False,1850.0,0.5256,23,69.75,68.28,0.6145,0.6145,0.0,0.0,1,17.0
15/9-F-12,1875.0,1,STUCK_PIPE,False,1875.0,0.5327,23,69.75,68.28,0.6145,0.6145,0.0,0.0,1,8.0
15/9-F-12,1900.0,0,NONE,False,1900.0,0.5398,23,69.75,68.28,0.0,0.0,0.0,0.0,0,33.0
15/9-F-12,1925.0,0,NONE,False,1925.0,0.5469,23,69.75,68.28,0.0,0.0,0.0,0.0,0,58.0
15/9-F-12,1950.0,0,NONE,False,1950.0,0.554,23,69.75,68.28,0.0,0.0,0.0,0.0,0,83.0
15/9-F-12,1975.0,0,NONE,False,1975.0,0.5611,23,69.75,68.28,0.0,0.0,0.0,0.0,0,59.0
15/9-F-12,2000.0,0,NONE,False,2000.0,0.5682,23,69.75,68.28,0.0,0.0,0.0,0.0,0,34.0
15/9-F-12,2025.0,0,NONE,False,2025.0,0.5753,23,69.75,68.28,0.66,0.66,0.0,0.0,1,9.0
15/9-F-12,2050.0,0,NONE,False,2050.0,0.5824,23,69.75,68.28,0.66,0.66,0.0,0.0,1,16.0
15/9-F-12,2075.0,0,NONE,False,2075.0,0.5895,23,69.75,68.28,0.6218,0.6218,0.0,0.0,1,25.0
15/9-F-12,2100.0,0,NONE,False,2100.0,0.5966,23,69.75,68.28,0.6218,0.6218,0.0,0.0,1,0.0
15/9-F-12,2125.0,0,NONE,False,2125.0,0.6037,23,69.75,68.28,0.6218,0.6218,0.0,0.0,1,25.0
15/9-F-12,2150.0,0,NONE,False,2150.0,0.6108,23,69.75,68.28,0.6301,0.6301,0.0,0.0,1,14.0
15/9-F-12,2175.0,0,NONE,False,2175.0,0.6179,23,69.75,68.28,1.9001,1.2651,0.0,0.635,3,11.0
15/9-F-12,2200.0,0,NONE,False,2200.0,0.625,23,69.75,68.28,2.5195,1.2495,0.0,1.27,4,1.0
15/9-F-12,2225.0,0,NONE,False,2225.0,0.6321,23,69.75,68.28,1.8713,0.6145,0.0,1.2568,3,6.0
15/9-F-12,2250.0,0,NONE,False,2250.0,0.6392,23,69.75,68.28,1.2363,0.6145,0.0,0.6218,2,2.0
15/9-F-12,2275.0,0,NONE,False,2275.0,0.6463,23,69.75,68.28,0.6145,0.6145,0.0,0.0,1,23.0
15/9-F-12,2300.0,0,NONE,False,2300.0,0.6534,23,69.75,68.28,0.0,0.0,0.0,0.0,0,28.0
15/9-F-12,2325.0,0,NONE,False,2325.0,0.6605,23,69.75,68.28,0.6145,0.0,0.0,0.6145,1,3.0
15/9-F-12,2350.0,0,NONE,False,2350.0,0.6676,23,69.75,68.28,1.2573,0.0,0.0,1.2573,2,12.0
15/9-F-12,2375.0,0,NONE,False,2375.0,0.6747,23,69.75,68.28,0.6428,0.0,0.0,0.6428,1,13.0
15/9-F-12,2400.0,0,NONE,False,2400.0,0.6818,23,69.75,68.28,0.6218,0.6218,0.0,0.0,1,10.0
15/9-F-12,2425.0,0,NONE,False,2425.0,0.6889,23,69.75,68.28,0.6218,0.6218,0.0,0.0,1,15.0
15/9-F-12,2450.0,0,NONE,False,2450.0,0.696,23,69.75,68.28,0.0,0.0,0.0,0.0,0,39.2
15/9-F-12,2475.0,0,NONE,False,2475.0,0.7031,23,69.75,68.28,0.6428,0.6428,0.0,0.0,1,14.2
15/9-F-12,2500.0,1,MUD_LOSS,True,2500.0,0.7102,23,69.75,68.28,0.6428,0.6428,0.0,0.0,1,10.8
15/9-F-12,2525.0,1,MUD_LOSS,False,2525.0,0.7173,23,69.75,68.28,0.0,0.0,0.0,0.0,0,35.8
15/9-F-12,2550.0,1,MUD_LOSS,False,2550.0,0.7244,23,69.75,68.28,1.2794,1.2794,0.0,0.0,2,15.0
15/9-F-12,2575.0,0,NONE,False,2575.0,0.7315,23,69.75,68.28,3.2421,2.568,0.0,0.6741,5,7.0
15/9-F-12,2600.0,0,NONE,False,2600.0,0.7386,23,69.75,68.28,4.4359,3.7618,0.0,0.6741,7,2.0
15/9-F-12,2625.0,0,NONE,False,2625.0,0.7457,23,69.75,68.28,3.1332,3.1332,0.0,0.0,5,9.0
15/9-F-12,2650.0,1,MUD_LOSS,True,2650.0,0.7528,23,69.75,68.28,3.2319,3.2319,0.0,0.0,5,0.3
15/9-F-12,2675.0,0,NONE,False,2675.0,0.7599,23,69.75,68.28,3.8314,3.8314,0.0,0.0,6,1.0
15/9-F-12,2700.0,0,NONE,False,2700.0,0.767,23,69.75,68.28,1.2595,1.2595,0.0,0.0,2,22.7
15/9-F-12,2725.0,0,NONE,False,2725.0,0.7741,23,69.75,68.28,0.6218,0.6218,0.0,0.0,1,17.0
15/9-F-12,2750.0,0,NONE,False,2750.0,0.7812,23,69.75,68.28,1.9654,1.9654,0.0,0.0,3,8.0
15/9-F-12,2775.0,0,NONE,False,2775.0,0.7884,23,69.75,68.28,1.9996,1.9996,0.0,0.0,3,0.0
15/9-F-12,2800.0,0,NONE,False,2800.0,0.7955,23,69.75,68.28,1.316,1.316,0.0,0.0,2,18.2
15/9-F-12,2825.0,0,NONE,False,2825.0,0.8026,23,69.75,68.28,2.5191,2.5191,0.0,0.0,4,2.0
15/9-F-12,2850.0,0,NONE,False,2850.0,0.8097,23,69.75,68.28,3.1791,3.1791,0.0,0.0,5,0.0
15/9-F-12,2875.0,0,NONE,False,2875.0,0.8168,23,69.75,68.28,4.529,4.529,0.0,0.0,7,1.0
15/9-F-12,2900.0,0,NONE,False,2900.0,0.8239,23,69.75,68.28,3.3,3.3,0.0,0.0,5,15.0
15/9-F-12,2925.0,0,NONE,False,2925.0,0.831,23,69.75,68.28,1.9654,1.2818,0.0,0.6836,3,2.0
15/9-F-12,2950.0,0,NONE,False,2950.0,0.8381,23,69.75,68.28,1.3054,0.6218,0.0,0.6836,2,23.0
15/9-F-12,2975.0,0,NONE,False,2975.0,0.8452,23,69.75,68.28,1.8654,1.8654,0.0,0.0,3,8.0
15/9-F-12,3000.0,0,NONE,False,3000.0,0.8523,23,69.75,68.28,2.4872,2.4872,0.0,0.0,4,17.0
15/9-F-12,3025.0,0,NONE,False,3025.0,0.8594,23,69.75,68.28,2.5082,2.5082,0.0,0.0,4,0.0
15/9-F-12,3050.0,0,NONE,False,3050.0,0.8665,23,69.75,68.28,4.9954,4.9954,0.0,0.0,8,3.0
15/9-F-12,3075.0,0,NONE,False,3075.0,0.8736,23,69.75,68.28,3.7726,3.7726,0.0,0.0,6,15.0
15/9-F-12,3100.0,0,NONE,False,3100.0,0.8807,23,69.75,68.28,1.2854,1.2854,0.0,0.0,2,10.0
15/9-F-12,3125.0,0,NONE,False,3125.0,0.8878,23,69.75,68.28,0.0,0.0,0.0,0.0,0,35.0
15/9-F-12,3150.0,0,NONE,False,3150.0,0.8949,23,69.75,68.28,0.6218,0.6218,0.0,0.0,1,11.0
15/9-F-12,3175.0,0,NONE,False,3175.0,0.902,23,69.75,68.28,2.4806,2.4806,0.0,0.0,4,14.0
15/9-F-12,3200.0,0,NONE,False,3200.0,0.9091,23,69.75,68.28,2.4889,2.4889,0.0,0.0,4,6.0
15/9-F-12,3225.0,0,NONE,False,3225.0,0.9162,23,69.75,68.28,1.8664,1.2446,0.0,0.6218,3,18.0
15/9-F-12,3250.0,0,NONE,False,3250.0,0.9233,23,69.75,68.28,1.8581,1.2363,0.0,0.6218,3,2.0
15/9-F-12,3275.0,0,NONE,False,3275.0,0.9304,23,69.75,68.28,1.2515,1.2515,0.0,0.0,2,3.0
15/9-F-12,3300.0,0,NONE,False,3300.0,0.9375,23,69.75,68.28,1.2442,1.2442,0.0,0.0,2,4.0
15/9-F-12,3325.0,0,NONE,False,3325.0,0.9446,23,69.75,68.28,0.6145,0.6145,0.0,0.0,1,6.0
15/9-F-12,3350.0,0,NONE,False,3350.0,0.9517,23,69.75,68.28,0.0,0.0,0.0,0.0,0,31.0
15/9-F-12,3375.0,0,NONE,False,3375.0,0.9588,23,69.75,68.28,0.0,0.0,0.0,0.0,0,56.0
15/9-F-12,3400.0,0,NONE,False,3400.0,0.9659,23,69.75,68.28,0.0,0.0,0.0,0.0,0,39.0
15/9-F-12,3425.0,0,NONE,False,3425.0,0.973,23,69.75,68.28,1.229,1.229,0.0,0.0,2,14.0
15/9-F-12,3450.0,0,NONE,False,3450.0,0.9801,23,69.75,68.28,1.229,1.229,0.0,0.0,2,10.0
15/9-F-12,3475.0,0,NONE,False,3475.0,0.9872,23,69.75,68.28,0.0,0.0,0.0,0.0,0,35.0
15/9-F-12,3500.0,0,NONE,False,3500.0,0.9943,23,69.75,68.28,0.0,0.0,0.0,0.0,0,58.0
15/9-F-14,50.0,1,STUCK_PIPE,True,50.0,0.0133,23,69.04,68.01,2.0041,0.6719,0.0,1.3322,3,0.0
15/9-F-14,75.0,0,NONE,False,75.0,0.02,23,69.04,68.01,3.3479,2.0157,0.0,1.3322,5,5.0
15/9-F-14,100.0,1,MUD_LOSS,True,100.0,0.0267,23,69.04,68.01,2.7005,2.7005,0.0,0.0,4,2.0
15/9-F-14,125.0,1,MUD_LOSS,True,125.0,0.0333,23,69.04,68.01,2.0544,2.0544,0.0,0.0,3,0.6
15/9-F-14,150.0,1,MUD_LOSS,True,150.0,0.04,23,69.04,68.01,1.3696,1.3696,0.0,0.0,2,10.0
15/9-F-14,175.0,0,NONE,False,175.0,0.0467,23,69.04,68.01,1.3042,0.6482,0.0,0.656,2,3.0
15/9-F-14,200.0,0,NONE,False,200.0,0.0533,23,69.04,68.01,2.648,1.992,0.0,0.656,4,18.0
15/9-F-14,225.0,1,MUD_LOSS,True,225.0,0.06,23,69.04,68.01,3.3436,3.3436,0.0,0.0,5,7.0
15/9-F-14,250.0,0,NONE,False,250.0,0.0667,23,69.04,68.01,3.3118,3.3118,0.0,0.0,5,1.0
15/9-F-14,275.0,0,NONE,False,275.0,0.0733,23,69.04,68.01,3.1861,3.1861,0.0,0.0,5,11.6
15/9-F-14,300.0,1,KICK,False,300.0,0.08,23,69.04,68.01,1.8741,1.8741,0.0,0.0,3,7.0
15/9-F-14,325.0,0,NONE,False,325.0,0.0867,23,69.04,68.01,0.0,0.0,0.0,0.0,0,32.0
15/9-F-14,350.0,0,NONE,False,350.0,0.0933,23,69.04,68.01,0.0,0.0,0.0,0.0,0,57.0
15/9-F-14,375.0,0,NONE,False,375.0,0.1,23,69.04,68.01,0.0,0.0,0.0,0.0,0,82.0
15/9-F-14,400.0,0,NONE,False,400.0,0.1067,23,69.04,68.01,0.0,0.0,0.0,0.0,0,107.0
15/9-F-14,425.0,0,NONE,False,425.0,0.1133,23,69.04,68.01,0.0,0.0,0.0,0.0,0,132.0
15/9-F-14,450.0,0,NONE,False,450.0,0.12,23,69.04,68.01,0.0,0.0,0.0,0.0,0,128.0
15/9-F-14,475.0,0,NONE,False,475.0,0.1267,23,69.04,68.01,0.0,0.0,0.0,0.0,0,103.0
15/9-F-14,500.0,0,NONE,False,500.0,0.1333,23,69.04,68.01,0.0,0.0,0.0,0.0,0,78.0
15/9-F-14,525.0,0,NONE,False,525.0,0.14,23,69.04,68.01,0.0,0.0,0.0,0.0,0,53.0
15/9-F-14,550.0,0,NONE,False,550.0,0.1467,23,69.04,68.01,0.0,0.0,0.0,0.0,0,28.0
15/9-F-14,575.0,0,NONE,False,575.0,0.1533,23,69.04,68.01,0.656,0.656,0.0,0.0,1,3.0
15/9-F-14,600.0,1,MUD_LOSS,False,600.0,0.16,23,69.04,68.01,0.656,0.656,0.0,0.0,1,22.0
15/9-F-14,625.0,0,NONE,False,625.0,0.1667,23,69.04,68.01,0.6195,0.0,0.0,0.6195,1,12.0
15/9-F-14,650.0,0,NONE,False,650.0,0.1733,23,69.04,68.01,0.6195,0.0,0.0,0.6195,1,13.0
15/9-F-14,675.0,0,NONE,False,675.0,0.18,23,69.04,68.01,0.656,0.656,0.0,0.0,1,10.0
15/9-F-14,700.0,0,NONE,False,700.0,0.1867,23,69.04,68.01,0.656,0.656,0.0,0.0,1,15.0
15/9-F-14,725.0,0,NONE,False,725.0,0.1933,23,69.04,68.01,0.0,0.0,0.0,0.0,0,40.0
15/9-F-14,750.0,1,MUD_LOSS,False,750.0,0.2,23,69.04,68.01,0.0,0.0,0.0,0.0,0,43.1
15/9-F-14,775.0,0,NONE,False,775.0,0.2067,23,69.04,68.01,0.4066,0.0,0.0,0.4066,1,18.1
15/9-F-14,800.0,0,NONE,False,800.0,0.2133,23,69.04,68.01,0.4066,0.0,0.0,0.4066,1,6.9
15/9-F-14,825.0,1,MUD_LOSS,True,825.0,0.22,23,69.04,68.01,2.0358,2.0358,0.0,0.0,5,4.0
15/9-F-14,850.0,1,MUD_LOSS,False,850.0,0.2267,23,69.04,68.01,2.6943,2.6943,0.0,0.0,6,2.0
15/9-F-14,875.0,1,MUD_LOSS,True,875.0,0.2333,23,69.04,68.01,2.3796,2.3796,0.0,0.0,4,4.9
15/9-F-14,900.0,1,MUD_LOSS,True,900.0,0.24,23,69.04,68.01,1.7211,1.7211,0.0,0.0,3,10.0
15/9-F-14,925.0,0,NONE,False,925.0,0.2467,23,69.04,68.01,1.4136,1.4136,0.0,0.0,3,5.0
15/9-F-14,950.0,0,NONE,False,950.0,0.2533,23,69.04,68.01,1.4136,1.4136,0.0,0.0,3,20.0
15/9-F-14,975.0,0,NONE,False,975.0,0.26,23,69.04,68.01,0.656,0.656,0.0,0.0,1,25.0
15/9-F-14,1000.0,0,NONE,False,1000.0,0.2667,23,69.04,68.01,0.656,0.656,0.0,0.0,1,0.0
15/9-F-14,1025.0,0,NONE,False,1025.0,0.2733,23,69.04,68.01,5.1566,5.1566,0.0,0.0,12,25.0
15/9-F-14,1050.0,0,NONE,False,1050.0,0.28,23,69.04,68.01,4.5006,4.5006,0.0,0.0,11,0.0
15/9-F-14,1075.0,0,NONE,False,1075.0,0.2867,23,69.04,68.01,4.5006,4.5006,0.0,0.0,11,25.0
15/9-F-14,1100.0,0,NONE,False,1100.0,0.2933,23,69.04,68.01,0.4712,0.4712,0.0,0.0,1,20.0
15/9-F-14,1125.0,0,NONE,False,1125.0,0.3,23,69.04,68.01,0.4712,0.4712,0.0,0.0,1,5.0
15/9-F-14,1150.0,0,NONE,False,1150.0,0.3067,23,69.04,68.01,0.0,0.0,0.0,0.0,0,30.0
15/9-F-14,1175.0,0,NONE,False,1175.0,0.3133,23,69.04,68.01,0.0,0.0,0.0,0.0,0,55.0
15/9-F-14,1200.0,0,NONE,False,1200.0,0.32,23,69.04,68.01,0.0,0.0,0.0,0.0,0,38.0
15/9-F-14,1225.0,0,NONE,False,1225.0,0.3267,23,69.04,68.01,0.6482,0.0,0.0,0.6482,1,13.0
15/9-F-14,1250.0,0,NONE,False,1250.0,0.3333,23,69.04,68.01,0.6482,0.0,0.0,0.6482,1,12.0
15/9-F-14,1275.0,0,NONE,False,1275.0,0.34,23,69.04,68.01,0.6195,0.0,0.0,0.6195,1,5.6
15/9-F-14,1300.0,0,NONE,False,1300.0,0.3467,23,69.04,68.01,1.9633,1.3438,0.0,0.6195,3,13.7
15/9-F-14,1325.0,0,NONE,False,1325.0,0.3533,23,69.04,68.01,1.3438,1.3438,0.0,0.0,2,4.0
15/9-F-14,1350.0,0,NONE,False,1350.0,0.36,23,69.04,68.01,4.6254,3.9534,0.0,0.672,7,4.0
15/9-F-14,1375.0,0,NONE,False,1375.0,0.3667,23,69.04,68.01,5.2974,3.9534,0.0,1.344,8,6.0
15/9-F-14,1400.0,0,NONE,False,1400.0,0.3733,23,69.04,68.01,0.672,0.0,0.0,0.672,1,19.0
15/9-F-14,1425.0,0,NONE,False,1425.0,0.38,23,69.04,68.01,0.0,0.0,0.0,0.0,0,35.0
15/9-F-14,1450.0,0,NONE,False,1450.0,0.3867,23,69.04,68.01,0.5994,0.5994,0.0,0.0,1,10.0
15/9-F-14,1475.0,0,NONE,False,1475.0,0.3933,23,69.04,68.01,1.1988,0.5994,0.0,0.5994,2,15.0
15/9-F-14,1500.0,0,NONE,False,1500.0,0.4,23,69.04,68.01,0.5994,0.0,0.0,0.5994,1,7.0
15/9-F-14,1525.0,0,NONE,False,1525.0,0.4067,23,69.04,68.01,0.6812,0.0,0.0,0.6812,1,7.0
15/9-F-14,1550.0,0,NONE,False,1550.0,0.4133,23,69.04,68.01,0.6812,0.0,0.0,0.6812,1,18.0
15/9-F-14,1575.0,0,NONE,False,1575.0,0.42,23,69.04,68.01,0.0,0.0,0.0,0.0,0,43.0
15/9-F-14,1600.0,0,NONE,False,1600.0,0.4267,23,69.04,68.01,0.0,0.0,0.0,0.0,0,61.0
15/9-F-14,1625.0,0,NONE,False,1625.0,0.4333,23,69.04,68.01,0.0,0.0,0.0,0.0,0,36.0
15/9-F-14,1650.0,0,NONE,False,1650.0,0.44,23,69.04,68.01,0.656,0.0,0.0,0.656,1,11.0
15/9-F-14,1675.0,0,NONE,False,1675.0,0.4467,23,69.04,68.01,0.656,0.0,0.0,0.656,1,14.0
15/9-F-14,1700.0,0,NONE,False,1700.0,0.4533,23,69.04,68.01,0.0,0.0,0.0,0.0,0,39.0
15/9-F-14,1725.0,0,NONE,False,1725.0,0.46,23,69.04,68.01,0.0,0.0,0.0,0.0,0,39.0
15/9-F-14,1750.0,0,NONE,False,1750.0,0.4667,23,69.04,68.01,0.6812,0.6812,0.0,0.0,1,14.0
15/9-F-14,1775.0,0,NONE,False,1775.0,0.4733,23,69.04,68.01,0.6812,0.6812,0.0,0.0,1,11.0
15/9-F-14,1800.0,0,NONE,False,1800.0,0.48,23,69.04,68.01,0.0,0.0,0.0,0.0,0,36.0
15/9-F-14,1825.0,0,NONE,False,1825.0,0.4867,23,69.04,68.01,0.0,0.0,0.0,0.0,0,42.0
15/9-F-14,1850.0,0,NONE,False,1850.0,0.4933,23,69.04,68.01,0.6482,0.6482,0.0,0.0,1,17.0
15/9-F-14,1875.0,0,NONE,False,1875.0,0.5,23,69.04,68.01,1.3042,0.6482,0.0,0.656,2,2.0
15/9-F-14,1900.0,0,NONE,False,1900.0,0.5067,23,69.04,68.01,0.656,0.0,0.0,0.656,1,23.0
15/9-F-14,1925.0,0,NONE,False,1925.0,0.5133,23,69.04,68.01,0.0,0.0,0.0,0.0,0,48.0
15/9-F-14,1950.0,0,NONE,False,1950.0,0.52,23,69.04,68.01,0.0,0.0,0.0,0.0,0,73.0
15/9-F-14,1975.0,0,NONE,False,1975.0,0.5267,23,69.04,68.01,0.0,0.0,0.0,0.0,0,59.0
15/9-F-14,2000.0,0,NONE,False,2000.0,0.5333,23,69.04,68.01,0.0,0.0,0.0,0.0,0,34.0
15/9-F-14,2025.0,0,NONE,False,2025.0,0.54,23,69.04,68.01,0.672,0.672,0.0,0.0,1,9.0
15/9-F-14,2050.0,0,NONE,False,2050.0,0.5467,23,69.04,68.01,0.672,0.672,0.0,0.0,1,16.0
15/9-F-14,2075.0,0,NONE,False,2075.0,0.5533,23,69.04,68.01,0.5982,0.5982,0.0,0.0,1,25.0
15/9-F-14,2100.0,0,NONE,False,2100.0,0.56,23,69.04,68.01,0.5982,0.5982,0.0,0.0,1,0.0
15/9-F-14,2125.0,0,NONE,False,2125.0,0.5667,23,69.04,68.01,0.5982,0.5982,0.0,0.0,1,25.0
15/9-F-14,2150.0,0,NONE,False,2150.0,0.5733,23,69.04,68.01,0.6247,0.6247,0.0,0.0,1,14.0
15/9-F-14,2175.0,0,NONE,False,2175.0,0.58,23,69.04,68.01,1.8845,1.2546,0.0,0.6299,3,11.0
15/9-F-14,2200.0,0,NONE,False,2200.0,0.5867,23,69.04,68.01,2.5379,1.2781,0.0,1.2598,4,1.0
15/9-F-14,2225.0,0,NONE,False,2225.0,0.5933,23,69.04,68.01,1.8763,0.6482,0.0,1.2281,3,6.0
15/9-F-14,2250.0,0,NONE,False,2250.0,0.6,23,69.04,68.01,1.2464,0.6482,0.0,0.5982,2,2.0
15/9-F-14,2275.0,0,NONE,False,2275.0,0.6067,23,69.04,68.01,0.6482,0.6482,0.0,0.0,1,23.0
15/9-F-14,2300.0,0,NONE,False,2300.0,0.6133,23,69.04,68.01,0.0,0.0,0.0,0.0,0,28.0
15/9-F-14,2325.0,0,NONE,False,2325.0,0.62,23,69.04,68.01,0.6482,0.0,0.0,0.6482,1,3.0
15/9-F-14,2350.0,0,NONE,False,2350.0,0.6267,23,69.04,68.01,1.333,0.0,0.0,1.333,2,12.0
15/9-F-14,2375.0,0,NONE,False,2375.0,0.6333,23,69.04,68.01,0.6848,0.0,0.0,0.6848,1,13.0
15/9-F-14,2400.0,0,NONE,False,2400.0,0.64,23,69.04,68.01,0.5982,0.5982,0.0,0.0,1,10.0
15/9-F-14,2425.0,0,NONE,False,2425.0,0.6467,23,69.04,68.01,0.5982,0.5982,0.0,0.0,1,15.0
15/9-F-14,2450.0,0,NONE,False,2450.0,0.6533,23,69.04,68.01,0.0,0.0,0.0,0.0,0,39.2
15/9-F-14,2475.0,0,NONE,False,2475.0,0.66,23,69.04,68.01,0.6848,0.6848,0.0,0.0,1,14.2
15/9-F-14,2500.0,0,NONE,False,2500.0,0.6667,23,69.04,68.01,1.9968,1.9968,0.0,0.0,3,10.8
15/9-F-14,2525.0,0,NONE,False,2525.0,0.6733,23,69.04,68.01,2.624,2.624,0.0,0.0,4,4.0
15/9-F-14,2550.0,0,NONE,False,2550.0,0.68,23,69.04,68.01,4.6424,4.6424,0.0,0.0,7,15.0
15/9-F-14,2575.0,0,NONE,False,2575.0,0.6867,23,69.04,68.01,5.271,4.6248,0.0,0.6462,8,2.5
15/9-F-14,2600.0,0,NONE,False,2600.0,0.6933,23,69.04,68.01,4.5571,3.9109,0.0,0.6462,7,2.0
15/9-F-14,2625.0,0,NONE,False,2625.0,0.7,23,69.04,68.01,3.2885,3.2885,0.0,0.0,5,9.0
15/9-F-14,2650.0,0,NONE,False,2650.0,0.7067,23,69.04,68.01,3.8949,3.8949,0.0,0.0,6,0.3
15/9-F-14,2675.0,0,NONE,False,2675.0,0.7133,23,69.04,68.01,4.4862,4.4862,0.0,0.0,7,1.0
15/9-F-14,2700.0,0,NONE,False,2700.0,0.72,23,69.04,68.01,1.2633,1.2633,0.0,0.0,2,22.7
15/9-F-14,2725.0,0,NONE,False,2725.0,0.7267,23,69.04,68.01,0.5982,0.5982,0.0,0.0,1,17.0
15/9-F-14,2750.0,0,NONE,False,2750.0,0.7333,23,69.04,68.01,1.9305,1.9305,0.0,0.0,3,8.0
15/9-F-14,2775.0,1,MUD_LOSS,True,2775.0,0.74,23,69.04,68.01,1.3323,1.3323,0.0,0.0,2,0.0
15/9-F-14,2800.0,0,NONE,False,2800.0,0.7467,23,69.04,68.01,0.672,0.672,0.0,0.0,1,25.0
15/9-F-14,2825.0,0,NONE,False,2825.0,0.7533,23,69.04,68.01,2.5931,2.5931,0.0,0.0,4,2.0
15/9-F-14,2850.0,0,NONE,False,2850.0,0.76,23,69.04,68.01,3.2651,3.2651,0.0,0.0,5,0.0
15/9-F-14,2875.0,0,NONE,False,2875.0,0.7667,23,69.04,68.01,4.6564,4.6564,0.0,0.0,7,1.0
15/9-F-14,2900.0,0,NONE,False,2900.0,0.7733,23,69.04,68.01,3.36,3.36,0.0,0.0,5,15.0
15/9-F-14,2925.0,0,NONE,False,2925.0,0.78,23,69.04,68.01,1.9305,1.2702,0.0,0.6603,3,2.0
15/9-F-14,2950.0,0,NONE,False,2950.0,0.7867,23,69.04,68.01,1.2585,0.5982,0.0,0.6603,2,23.0
15/9-F-14,2975.0,0,NONE,False,2975.0,0.7933,23,69.04,68.01,1.7946,1.7946,0.0,0.0,3,8.0
15/9-F-14,3000.0,0,NONE,False,3000.0,0.8,23,69.04,68.01,2.3928,2.3928,0.0,0.0,4,17.0
15/9-F-14,3025.0,0,NONE,False,3025.0,0.8067,23,69.04,68.01,2.4794,2.4794,0.0,0.0,4,0.0
15/9-F-14,3050.0,0,NONE,False,3050.0,0.8133,23,69.04,68.01,4.8722,4.8722,0.0,0.0,8,3.0
15/9-F-14,3075.0,0,NONE,False,3075.0,0.82,23,69.04,68.01,3.6318,3.6318,0.0,0.0,6,15.0
15/9-F-14,3100.0,0,NONE,False,3100.0,0.8267,23,69.04,68.01,1.239,1.239,0.0,0.0,2,10.0
15/9-F-14,3125.0,0,NONE,False,3125.0,0.8333,23,69.04,68.01,0.0,0.0,0.0,0.0,0,35.0
15/9-F-14,3150.0,0,NONE,False,3150.0,0.84,23,69.04,68.01,0.5982,0.5982,0.0,0.0,1,11.0
15/9-F-14,3175.0,0,NONE,False,3175.0,0.8467,23,69.04,68.01,2.5737,2.5737,0.0,0.0,4,14.0
15/9-F-14,3200.0,0,NONE,False,3200.0,0.8533,23,69.04,68.01,2.6002,2.6002,0.0,0.0,4,6.0
15/9-F-14,3225.0,0,NONE,False,3225.0,0.86,23,69.04,68.01,1.8711,1.2729,0.0,0.5982,3,18.0
15/9-F-14,3250.0,0,NONE,False,3250.0,0.8667,23,69.04,68.01,1.8446,1.2464,0.0,0.5982,3,2.0
15/9-F-14,3275.0,0,NONE,False,3275.0,0.8733,23,69.04,68.01,1.2701,1.2701,0.0,0.0,2,3.0
15/9-F-14,3300.0,0,NONE,False,3300.0,0.88,23,69.04,68.01,1.3201,1.3201,0.0,0.0,2,4.0
15/9-F-14,3325.0,0,NONE,False,3325.0,0.8867,23,69.04,68.01,0.6482,0.6482,0.0,0.0,1,6.0
15/9-F-14,3350.0,0,NONE,False,3350.0,0.8933,23,69.04,68.01,0.0,0.0,0.0,0.0,0,31.0
15/9-F-14,3375.0,0,NONE,False,3375.0,0.9,23,69.04,68.01,0.0,0.0,0.0,0.0,0,56.0
15/9-F-14,3400.0,0,NONE,False,3400.0,0.9067,23,69.04,68.01,0.0,0.0,0.0,0.0,0,39.0
15/9-F-14,3425.0,0,NONE,False,3425.0,0.9133,23,69.04,68.01,1.2964,1.2964,0.0,0.0,2,14.0
15/9-F-14,3450.0,0,NONE,False,3450.0,0.92,23,69.04,68.01,1.2964,1.2964,0.0,0.0,2,10.0
15/9-F-14,3475.0,0,NONE,False,3475.0,0.9267,23,69.04,68.01,0.0,0.0,0.0,0.0,0,35.0
15/9-F-14,3500.0,0,NONE,False,3500.0,0.9333,23,69.04,68.01,0.0,0.0,0.0,0.0,0,58.0
15/9-F-14,3525.0,0,NONE,False,3525.0,0.94,23,69.04,68.01,0.0,0.0,0.0,0.0,0,33.0
15/9-F-14,3550.0,0,NONE,False,3550.0,0.9467,23,69.04,68.01,0.6247,0.0,0.0,0.6247,1,8.0
15/9-F-14,3575.0,0,NONE,False,3575.0,0.9533,23,69.04,68.01,1.9214,1.2967,0.0,0.6247,3,6.0
15/9-F-14,3600.0,0,NONE,False,3600.0,0.96,23,69.04,68.01,1.2967,1.2967,0.0,0.0,2,19.0
15/9-F-14,3625.0,0,NONE,False,3625.0,0.9667,23,69.04,68.01,0.672,0.672,0.0,0.0,1,7.0
15/9-F-14,3650.0,0,NONE,False,3650.0,0.9733,23,69.04,68.01,5.9754,5.376,0.0,0.5994,9,10.0
15/9-F-14,3675.0,0,NONE,False,3675.0,0.98,23,69.04,68.01,5.9754,5.376,0.0,0.5994,9,7.5
15/9-F-14,3700.0,0,NONE,False,3700.0,0.9867,23,69.04,68.01,1.344,1.344,0.0,0.0,2,7.2
15/9-F-14,3725.0,0,NONE,False,3725.0,0.9933,23,69.04,68.01,2.016,2.016,0.0,0.0,3,9.0
15/9-F-14,3750.0,0,NONE,False,3750.0,1.0,23,69.04,68.01,2.0086,2.0086,0.0,0.0,3,4.0
15/9-F-15,50.0,0,NONE,False,50.0,0.0122,23,67.87,67.61,4.0118,0.6641,0.0,3.3477,6,0.0
15/9-F-15,75.0,0,NONE,False,75.0,0.0183,23,67.87,67.61,3.996,1.9923,0.0,2.0037,6,5.0
15/9-F-15,100.0,0,NONE,False,100.0,0.0244,23,67.87,67.61,3.343,3.343,0.0,0.0,5,2.0
15/9-F-15,125.0,0,NONE,False,125.0,0.0306,23,67.87,67.61,6.0681,6.0681,0.0,0.0,9,0.6
15/9-F-15,150.0,0,NONE,False,150.0,0.0367,23,67.87,67.61,6.0614,6.0614,0.0,0.0,9,0.1
15/9-F-15,175.0,0,NONE,False,175.0,0.0428,23,67.87,67.61,2.6433,1.9833,0.0,0.66,4,3.0
15/9-F-15,200.0,0,NONE,False,200.0,0.0489,23,67.87,67.61,2.6275,1.9675,0.0,0.66,4,18.0
15/9-F-15,225.0,0,NONE,False,225.0,0.055,23,67.87,67.61,4.6604,4.6604,0.0,0.0,7,7.0
15/9-F-15,250.0,0,NONE,False,250.0,0.0611,23,67.87,67.61,4.6522,4.6522,0.0,0.0,7,1.0
15/9-F-15,275.0,0,NONE,False,275.0,0.0672,23,67.87,67.61,3.2721,3.2721,0.0,0.0,5,11.6
15/9-F-15,300.0,0,NONE,False,300.0,0.0733,23,67.87,67.61,2.6241,1.9521,0.672,0.0,4,7.0
15/9-F-15,325.0,0,NONE,False,325.0,0.0795,23,67.87,67.61,0.672,0.0,0.672,0.0,1,15.0
15/9-F-15,350.0,0,NONE,False,350.0,0.0856,23,67.87,67.61,0.0,0.0,0.0,0.0,0,40.0
15/9-F-15,375.0,0,NONE,False,375.0,0.0917,23,67.87,67.61,0.0,0.0,0.0,0.0,0,65.0
15/9-F-15,400.0,0,NONE,False,400.0,0.0978,23,67.87,67.61,0.0,0.0,0.0,0.0,0,90.0
15/9-F-15,425.0,0,NONE,False,425.0,0.1039,23,67.87,67.61,0.0,0.0,0.0,0.0,0,115.0
15/9-F-15,450.0,0,NONE,False,450.0,0.11,23,67.87,67.61,0.0,0.0,0.0,0.0,0,128.0
15/9-F-15,475.0,0,NONE,False,475.0,0.1161,23,67.87,67.61,0.0,0.0,0.0,0.0,0,103.0
15/9-F-15,500.0,0,NONE,False,500.0,0.1222,23,67.87,67.61,0.0,0.0,0.0,0.0,0,78.0
15/9-F-15,525.0,0,NONE,False,525.0,0.1284,23,67.87,67.61,0.0,0.0,0.0,0.0,0,53.0
15/9-F-15,550.0,0,NONE,False,550.0,0.1345,23,67.87,67.61,0.0,0.0,0.0,0.0,0,28.0
15/9-F-15,575.0,0,NONE,False,575.0,0.1406,23,67.87,67.61,0.66,0.66,0.0,0.0,1,3.0
15/9-F-15,600.0,0,NONE,False,600.0,0.1467,23,67.87,67.61,1.332,1.332,0.0,0.0,2,10.0
15/9-F-15,625.0,0,NONE,False,625.0,0.1528,23,67.87,67.61,1.2906,0.672,0.0,0.6186,2,12.0
15/9-F-15,650.0,0,NONE,False,650.0,0.1589,23,67.87,67.61,0.6186,0.0,0.0,0.6186,1,13.0
15/9-F-15,675.0,0,NONE,False,675.0,0.165,23,67.87,67.61,0.66,0.66,0.0,0.0,1,10.0
15/9-F-15,700.0,0,NONE,False,700.0,0.1711,23,67.87,67.61,0.66,0.66,0.0,0.0,1,15.0
15/9-F-15,725.0,0,NONE,False,725.0,0.1773,23,67.87,67.61,0.0,0.0,0.0,0.0,0,29.3
15/9-F-15,750.0,0,NONE,False,750.0,0.1834,23,67.87,67.61,0.672,0.672,0.0,0.0,1,4.3
15/9-F-15,775.0,0,NONE,False,775.0,0.1895,23,67.87,67.61,1.0779,0.672,0.0,0.4059,2,18.1
15/9-F-15,800.0,0,NONE,False,800.0,0.1956,23,67.87,67.61,0.4059,0.0,0.0,0.4059,1,6.9
15/9-F-15,825.0,0,NONE,False,825.0,0.2017,23,67.87,67.61,3.3769,3.3769,0.0,0.0,7,4.0
15/9-F-15,850.0,0,NONE,False,850.0,0.2078,23,67.87,67.61,4.701,4.701,0.0,0.0,9,2.0
15/9-F-15,875.0,0,NONE,False,875.0,0.2139,23,67.87,67.61,5.7301,5.7301,0.0,0.0,9,3.0
15/9-F-15,900.0,0,NONE,False,900.0,0.22,23,67.87,67.61,5.75,5.75,0.0,0.0,9,0.0
15/9-F-15,925.0,0,NONE,False,925.0,0.2262,23,67.87,67.61,4.1367,4.1367,0.0,0.0,7,5.0
15/9-F-15,950.0,0,NONE,False,950.0,0.2323,23,67.87,67.61,1.4487,1.4487,0.0,0.0,3,20.0
15/9-F-15,975.0,0,NONE,False,975.0,0.2384,23,67.87,67.61,0.66,0.66,0.0,0.0,1,25.0
15/9-F-15,1000.0,0,NONE,False,1000.0,0.2445,23,67.87,67.61,0.66,0.66,0.0,0.0,1,0.0
15/9-F-15,1025.0,0,NONE,False,1025.0,0.2506,23,67.87,67.61,5.1589,5.1589,0.0,0.0,12,25.0
15/9-F-15,1050.0,0,NONE,False,1050.0,0.2567,23,67.87,67.61,4.4989,4.4989,0.0,0.0,11,0.0
15/9-F-15,1075.0,0,NONE,False,1075.0,0.2628,23,67.87,67.61,4.4989,4.4989,0.0,0.0,11,25.0
15/9-F-15,1100.0,0,NONE,False,1100.0,0.2689,23,67.87,67.61,0.4829,0.4829,0.0,0.0,1,20.0
15/9-F-15,1125.0,0,NONE,False,1125.0,0.2751,23,67.87,67.61,0.4829,0.4829,0.0,0.0,1,5.0
15/9-F-15,1150.0,0,NONE,False,1150.0,0.2812,23,67.87,67.61,0.0,0.0,0.0,0.0,0,30.0
15/9-F-15,1175.0,0,NONE,False,1175.0,0.2873,23,67.87,67.61,0.0,0.0,0.0,0.0,0,55.0
15/9-F-15,1200.0,0,NONE,False,1200.0,0.2934,23,67.87,67.61,0.0,0.0,0.0,0.0,0,38.0
15/9-F-15,1225.0,0,NONE,False,1225.0,0.2995,23,67.87,67.61,0.6393,0.0,0.0,0.6393,1,13.0
15/9-F-15,1250.0,0,NONE,False,1250.0,0.3056,23,67.87,67.61,0.6393,0.0,0.0,0.6393,1,12.0
15/9-F-15,1275.0,0,NONE,False,1275.0,0.3117,23,67.87,67.61,0.6186,0.0,0.0,0.6186,1,5.6
15/9-F-15,1300.0,0,NONE,False,1300.0,0.3178,23,67.87,67.61,1.9468,1.3282,0.0,0.6186,3,13.7
15/9-F-15,1325.0,0,NONE,False,1325.0,0.324,23,67.87,67.61,1.3282,1.3282,0.0,0.0,2,4.0
15/9-F-15,1350.0,1,STUCK_PIPE,False,1350.0,0.3301,23,67.87,67.61,3.9547,3.9547,0.0,0.0,6,4.0
15/9-F-15,1375.0,1,STUCK_PIPE,False,1375.0,0.3362,23,67.87,67.61,3.9547,3.9547,0.0,0.0,6,7.4
15/9-F-15,1400.0,0,NONE,False,1400.0,0.3423,23,67.87,67.61,0.0,0.0,0.0,0.0,0,32.4
15/9-F-15,1425.0,0,NONE,False,1425.0,0.3484,23,67.87,67.61,0.0,0.0,0.0,0.0,0,35.0
15/9-F-15,1450.0,0,NONE,False,1450.0,0.3545,23,67.87,67.61,0.6049,0.6049,0.0,0.0,1,10.0
15/9-F-15,1475.0,0,NONE,False,1475.0,0.3606,23,67.87,67.61,1.2098,0.6049,0.0,0.6049,2,15.0
15/9-F-15,1500.0,0,NONE,False,1500.0,0.3667,23,67.87,67.61,0.6049,0.0,0.0,0.6049,1,7.0
15/9-F-15,1525.0,0,NONE,False,1525.0,0.3729,23,67.87,67.61,0.6754,0.0,0.0,0.6754,1,7.0
15/9-F-15,1550.0,0,NONE,False,1550.0,0.379,23,67.87,67.61,0.6754,0.0,0.0,0.6754,1,18.0
15/9-F-15,1575.0,0,NONE,False,1575.0,0.3851,23,67.87,67.61,0.0,0.0,0.0,0.0,0,43.0
15/9-F-15,1600.0,0,NONE,False,1600.0,0.3912,23,67.87,67.61,0.0,0.0,0.0,0.0,0,61.0
15/9-F-15,1625.0,0,NONE,False,1625.0,0.3973,23,67.87,67.61,0.0,0.0,0.0,0.0,0,36.0
15/9-F-15,1650.0,0,NONE,False,1650.0,0.4034,23,67.87,67.61,0.66,0.0,0.0,0.66,1,11.0
15/9-F-15,1675.0,0,NONE,False,1675.0,0.4095,23,67.87,67.61,0.66,0.0,0.0,0.66,1,14.0
15/9-F-15,1700.0,0,NONE,False,1700.0,0.4156,23,67.87,67.61,0.0,0.0,0.0,0.0,0,39.0
15/9-F-15,1725.0,0,NONE,False,1725.0,0.4218,23,67.87,67.61,0.0,0.0,0.0,0.0,0,39.0
15/9-F-15,1750.0,0,NONE,False,1750.0,0.4279,23,67.87,67.61,0.6754,0.6754,0.0,0.0,1,14.0
15/9-F-15,1775.0,0,NONE,False,1775.0,0.434,23,67.87,67.61,0.6754,0.6754,0.0,0.0,1,11.0
15/9-F-15,1800.0,0,NONE,False,1800.0,0.4401,23,67.87,67.61,0.0,0.0,0.0,0.0,0,36.0
15/9-F-15,1825.0,0,NONE,False,1825.0,0.4462,23,67.87,67.61,0.0,0.0,0.0,0.0,0,42.0
15/9-F-15,1850.0,0,NONE,False,1850.0,0.4523,23,67.87,67.61,0.6393,0.6393,0.0,0.0,1,17.0
15/9-F-15,1875.0,0,NONE,False,1875.0,0.4584,23,67.87,67.61,1.2993,0.6393,0.0,0.66,2,2.0
15/9-F-15,1900.0,0,NONE,False,1900.0,0.4645,23,67.87,67.61,0.66,0.0,0.0,0.66,1,23.0
15/9-F-15,1925.0,0,NONE,False,1925.0,0.4707,23,67.87,67.61,0.0,0.0,0.0,0.0,0,48.0
15/9-F-15,1950.0,0,NONE,False,1950.0,0.4768,23,67.87,67.61,0.0,0.0,0.0,0.0,0,73.0
15/9-F-15,1975.0,0,NONE,False,1975.0,0.4829,23,67.87,67.61,0.0,0.0,0.0,0.0,0,98.0
15/9-F-15,2000.0,0,NONE,False,2000.0,0.489,23,67.87,67.61,0.0,0.0,0.0,0.0,0,100.0
15/9-F-15,2025.0,1,MUD_LOSS,False,2025.0,0.4951,23,67.87,67.61,0.0,0.0,0.0,0.0,0,75.0
15/9-F-15,2050.0,0,NONE,False,2050.0,0.5012,23,67.87,67.61,0.0,0.0,0.0,0.0,0,50.0
15/9-F-15,2075.0,0,NONE,False,2075.0,0.5073,23,67.87,67.61,0.6048,0.6048,0.0,0.0,1,25.0
15/9-F-15,2100.0,0,NONE,False,2100.0,0.5134,23,67.87,67.61,0.6048,0.6048,0.0,0.0,1,0.0
15/9-F-15,2125.0,0,NONE,False,2125.0,0.5196,23,67.87,67.61,0.6048,0.6048,0.0,0.0,1,25.0
15/9-F-15,2150.0,0,NONE,False,2150.0,0.5257,23,67.87,67.61,0.6507,0.6507,0.0,0.0,1,14.0
15/9-F-15,2175.0,0,NONE,False,2175.0,0.5318,23,67.87,67.61,1.9629,1.3068,0.0,0.6561,3,11.0
15/9-F-15,2200.0,0,NONE,False,2200.0,0.5379,23,67.87,67.61,2.6076,1.2954,0.0,1.3122,4,1.0
15/9-F-15,2225.0,0,NONE,False,2225.0,0.544,23,67.87,67.61,1.9002,0.6393,0.0,1.2609,3,6.0
15/9-F-15,2250.0,0,NONE,False,2250.0,0.5501,23,67.87,67.61,1.2441,0.6393,0.0,0.6048,2,2.0
15/9-F-15,2275.0,0,NONE,False,2275.0,0.5562,23,67.87,67.61,0.6393,0.6393,0.0,0.0,1,23.0
15/9-F-15,2300.0,0,NONE,False,2300.0,0.5623,23,67.87,67.61,0.0,0.0,0.0,0.0,0,28.0
15/9-F-15,2325.0,0,NONE,False,2325.0,0.5685,23,67.87,67.61,0.6393,0.0,0.0,0.6393,1,3.0
15/9-F-15,2350.0,0,NONE,False,2350.0,0.5746,23,67.87,67.61,1.318,0.0,0.0,1.318,2,12.0
15/9-F-15,2375.0,0,NONE,False,2375.0,0.5807,23,67.87,67.61,0.6787,0.0,0.0,0.6787,1,13.0
15/9-F-15,2400.0,0,NONE,False,2400.0,0.5868,23,67.87,67.61,0.6048,0.6048,0.0,0.0,1,10.0
15/9-F-15,2425.0,0,NONE,False,2425.0,0.5929,23,67.87,67.61,0.6048,0.6048,0.0,0.0,1,15.0
15/9-F-15,2450.0,0,NONE,False,2450.0,0.599,23,67.87,67.61,0.0,0.0,0.0,0.0,0,39.2
15/9-F-15,2475.0,0,NONE,False,2475.0,0.6051,23,67.87,67.61,0.6787,0.6787,0.0,0.0,1,14.2
15/9-F-15,2500.0,0,NONE,False,2500.0,0.6112,23,67.87,67.61,1.9987,1.9987,0.0,0.0,3,10.8
15/9-F-15,2525.0,0,NONE,False,2525.0,0.6174,23,67.87,67.61,2.64,2.64,0.0,0.0,4,4.0
15/9-F-15,2550.0,0,NONE,False,2550.0,0.6235,23,67.87,67.61,4.6508,4.6508,0.0,0.0,7,15.0
15/9-F-15,2575.0,0,NONE,False,2575.0,0.6296,23,67.87,67.61,5.2695,4.6198,0.0,0.6497,8,2.5
15/9-F-15,2600.0,0,NONE,False,2600.0,0.6357,23,67.87,67.61,4.5207,3.871,0.0,0.6497,7,2.0
15/9-F-15,2625.0,1,MUD_LOSS,False,2625.0,0.6418,23,67.87,67.61,2.582,2.582,0.0,0.0,4,9.0
15/9-F-15,2650.0,1,MUD_LOSS,False,2650.0,0.6479,23,67.87,67.61,1.9155,1.9155,0.0,0.0,3,0.3
15/9-F-15,2675.0,0,NONE,False,2675.0,0.654,23,67.87,67.61,3.1693,3.1693,0.0,0.0,5,1.0
15/9-F-15,2700.0,0,NONE,False,2700.0,0.6601,23,67.87,67.61,1.2538,1.2538,0.0,0.0,2,22.7
15/9-F-15,2725.0,0,NONE,False,2725.0,0.6663,23,67.87,67.61,0.6048,0.6048,0.0,0.0,1,17.0
15/9-F-15,2750.0,0,NONE,False,2750.0,0.6724,23,67.87,67.61,1.2724,1.2724,0.0,0.0,2,8.0
15/9-F-15,2775.0,1,MUD_LOSS,False,2775.0,0.6785,23,67.87,67.61,1.3396,1.3396,0.0,0.0,2,5.0
15/9-F-15,2800.0,0,NONE,False,2800.0,0.6846,23,67.87,67.61,0.672,0.672,0.0,0.0,1,18.2
15/9-F-15,2825.0,1,MUD_LOSS,False,2825.0,0.6907,23,67.87,67.61,1.9293,1.9293,0.0,0.0,3,2.0
15/9-F-15,2850.0,1,MUD_LOSS,False,2850.0,0.6968,23,67.87,67.61,1.9293,1.9293,0.0,0.0,3,0.0
15/9-F-15,2875.0,1,MUD_LOSS,False,2875.0,0.7029,23,67.87,67.61,1.2786,1.2786,0.0,0.0,2,25.0
15/9-F-15,2900.0,1,MUD_LOSS,False,2900.0,0.709,23,67.87,67.61,0.0,0.0,0.0,0.0,0,27.0
15/9-F-15,2925.0,0,NONE,False,2925.0,0.7152,23,67.87,67.61,1.2724,0.6048,0.0,0.6676,2,2.0
15/9-F-15,2950.0,0,NONE,False,2950.0,0.7213,23,67.87,67.61,1.2724,0.6048,0.0,0.6676,2,23.0
15/9-F-15,2975.0,0,NONE,False,2975.0,0.7274,23,67.87,67.61,1.8144,1.8144,0.0,0.0,3,8.0
15/9-F-15,3000.0,0,NONE,False,3000.0,0.7335,23,67.87,67.61,2.4192,2.4192,0.0,0.0,4,17.0
15/9-F-15,3025.0,0,NONE,False,3025.0,0.7396,23,67.87,67.61,2.4931,2.4931,0.0,0.0,4,0.0
15/9-F-15,3050.0,0,NONE,False,3050.0,0.7457,23,67.87,67.61,4.9123,4.9123,0.0,0.0,8,3.0
15/9-F-15,3075.0,0,NONE,False,3075.0,0.7518,23,67.87,67.61,3.6564,3.6564,0.0,0.0,6,15.0
15/9-F-15,3100.0,0,NONE,False,3100.0,0.7579,23,67.87,67.61,1.2372,1.2372,0.0,0.0,2,10.0
15/9-F-15,3125.0,0,NONE,False,3125.0,0.7641,23,67.87,67.61,0.0,0.0,0.0,0.0,0,35.0
15/9-F-15,3150.0,0,NONE,False,3150.0,0.7702,23,67.87,67.61,0.6048,0.6048,0.0,0.0,1,11.0
15/9-F-15,3175.0,0,NONE,False,3175.0,0.7763,23,67.87,67.61,2.5611,2.5611,0.0,0.0,4,14.0
15/9-F-15,3200.0,0,NONE,False,3200.0,0.7824,23,67.87,67.61,2.607,2.607,0.0,0.0,4,6.0
15/9-F-15,3225.0,0,NONE,False,3225.0,0.7885,23,67.87,67.61,1.8948,1.29,0.0,0.6048,3,18.0
15/9-F-15,3250.0,0,NONE,False,3250.0,0.7946,23,67.87,67.61,1.8489,1.2441,0.0,0.6048,3,2.0
15/9-F-15,3275.0,0,NONE,False,3275.0,0.8007,23,67.87,67.61,1.2689,1.2689,0.0,0.0,2,3.0
15/9-F-15,3300.0,0,NONE,False,3300.0,0.8068,23,67.87,67.61,1.3034,1.3034,0.0,0.0,2,4.0
15/9-F-15,3325.0,0,NONE,False,3325.0,0.813,23,67.87,67.61,0.6393,0.6393,0.0,0.0,1,6.0
15/9-F-15,3350.0,0,NONE,False,3350.0,0.8191,23,67.87,67.61,0.0,0.0,0.0,0.0,0,31.0
15/9-F-15,3375.0,0,NONE,False,3375.0,0.8252,23,67.87,67.61,0.0,0.0,0.0,0.0,0,56.0
15/9-F-15,3400.0,0,NONE,False,3400.0,0.8313,23,67.87,67.61,0.0,0.0,0.0,0.0,0,39.0
15/9-F-15,3425.0,0,NONE,False,3425.0,0.8374,23,67.87,67.61,1.2786,1.2786,0.0,0.0,2,14.0
15/9-F-15,3450.0,0,NONE,False,3450.0,0.8435,23,67.87,67.61,1.2786,1.2786,0.0,0.0,2,10.0
15/9-F-15,3475.0,0,NONE,False,3475.0,0.8496,23,67.87,67.61,0.0,0.0,0.0,0.0,0,35.0
15/9-F-15,3500.0,0,NONE,False,3500.0,0.8557,23,67.87,67.61,0.0,0.0,0.0,0.0,0,58.0
15/9-F-15,3525.0,0,NONE,False,3525.0,0.8619,23,67.87,67.61,0.0,0.0,0.0,0.0,0,33.0
15/9-F-15,3550.0,0,NONE,False,3550.0,0.868,23,67.87,67.61,0.6507,0.0,0.0,0.6507,1,8.0
15/9-F-15,3575.0,1,MUD_LOSS,False,3575.0,0.8741,23,67.87,67.61,1.3014,0.6507,0.0,0.6507,2,6.0
15/9-F-15,3600.0,0,NONE,False,3600.0,0.8802,23,67.87,67.61,0.6507,0.6507,0.0,0.0,1,19.0
15/9-F-15,3625.0,1,MUD_LOSS,False,3625.0,0.8863,23,67.87,67.61,0.0,0.0,0.0,0.0,0,39.5
15/9-F-15,3650.0,1,MUD_LOSS,False,3650.0,0.8924,23,67.87,67.61,0.6049,0.0,0.0,0.6049,1,14.5
15/9-F-15,3675.0,1,MUD_LOSS,False,3675.0,0.8985,23,67.87,67.61,0.6049,0.0,0.0,0.6049,1,10.5
15/9-F-15,3700.0,1,MUD_LOSS,True,3700.0,0.9046,23,67.87,67.61,0.0,0.0,0.0,0.0,0,35.5
15/9-F-15,3725.0,1,MUD_LOSS,False,3725.0,0.9108,23,67.87,67.61,0.0,0.0,0.0,0.0,0,29.0
15/9-F-15,3750.0,0,NONE,False,3750.0,0.9169,23,67.87,67.61,0.657,0.657,0.0,0.0,1,4.0
15/9-F-15,3775.0,1,MUD_LOSS,False,3775.0,0.923,23,67.87,67.61,1.9816,1.9816,0.0,0.0,3,7.0
15/9-F-15,3800.0,0,NONE,False,3800.0,0.9291,23,67.87,67.61,1.9753,1.3246,0.0,0.6507,3,6.0
15/9-F-15,3825.0,1,MUD_LOSS,False,3825.0,0.9352,23,67.87,67.61,0.6507,0.0,0.0,0.6507,1,1.0
15/9-F-15,3850.0,1,STUCK_PIPE,True,3850.0,0.9413,23,67.87,67.61,0.6521,0.6521,0.0,0.0,1,6.0
15/9-F-15,3875.0,0,NONE,False,3875.0,0.9474,23,67.87,67.61,0.6521,0.6521,0.0,0.0,1,19.0
15/9-F-15,3900.0,0,NONE,False,3900.0,0.9535,23,67.87,67.61,0.0,0.0,0.0,0.0,0,44.0
15/9-F-15,3925.0,0,NONE,False,3925.0,0.9597,23,67.87,67.61,0.0,0.0,0.0,0.0,0,69.0
15/9-F-15,3950.0,0,NONE,False,3950.0,0.9658,23,67.87,67.61,0.0,0.0,0.0,0.0,0,75.0
15/9-F-15,3975.0,0,NONE,False,3975.0,0.9719,23,67.87,67.61,0.0,0.0,0.0,0.0,0,50.0
15/9-F-15,4000.0,0,NONE,False,4000.0,0.978,23,67.87,67.61,0.6507,0.0,0.0,0.6507,1,25.0
15/9-F-15,4025.0,0,NONE,False,4025.0,0.9841,23,67.87,67.61,1.9575,0.6561,0.0,1.3014,3,0.0
15/9-F-15,4050.0,1,MUD_LOSS,False,4050.0,0.9902,23,67.87,67.61,1.9575,0.6561,0.0,1.3014,3,6.0
15/9-F-15,4075.0,1,MUD_LOSS,False,4075.0,0.9963,23,67.87,67.61,2.6042,0.6521,0.0,1.9521,4,19.0
15/9-F-15 A,50.0,0,NONE,False,50.0,0.0122,23,69.6,68.17,4.0559,0.6803,0.0,3.3756,6,0.0
15/9-F-15 A,75.0,0,NONE,False,75.0,0.0183,23,69.6,68.17,4.0541,2.0409,0.0,2.0132,6,5.0
15/9-F-15 A,100.0,0,NONE,False,100.0,0.0244,23,69.6,68.17,3.4181,3.4181,0.0,0.0,5,2.0
15/9-F-15 A,125.0,0,NONE,False,125.0,0.0305,23,69.6,68.17,6.1752,6.1752,0.0,0.0,9,0.6
15/9-F-15 A,150.0,0,NONE,False,150.0,0.0366,23,69.6,68.17,6.1604,6.1604,0.0,0.0,9,0.1
15/9-F-15 A,175.0,0,NONE,False,175.0,0.0427,23,69.6,68.17,2.6609,2.0212,0.0,0.6397,4,3.0
15/9-F-15 A,200.0,0,NONE,False,200.0,0.0488,23,69.6,68.17,2.6591,2.0194,0.0,0.6397,4,18.0
15/9-F-15 A,225.0,0,NONE,False,225.0,0.0549,23,69.6,68.17,4.7233,4.7233,0.0,0.0,7,7.0
15/9-F-15 A,250.0,0,NONE,False,250.0,0.0611,23,69.6,68.17,4.6421,4.6421,0.0,0.0,7,1.0
15/9-F-15 A,275.0,0,NONE,False,275.0,0.0672,23,69.6,68.17,3.1781,3.1781,0.0,0.0,5,11.6
15/9-F-15 A,300.0,0,NONE,False,300.0,0.0733,23,69.6,68.17,2.5799,1.8987,0.6812,0.0,4,7.0
15/9-F-15 A,325.0,0,NONE,False,325.0,0.0794,23,69.6,68.17,0.6812,0.0,0.6812,0.0,1,15.0
15/9-F-15 A,350.0,0,NONE,False,350.0,0.0855,23,69.6,68.17,0.0,0.0,0.0,0.0,0,40.0
15/9-F-15 A,375.0,0,NONE,False,375.0,0.0916,23,69.6,68.17,0.0,0.0,0.0,0.0,0,65.0
15/9-F-15 A,400.0,0,NONE,False,400.0,0.0977,23,69.6,68.17,0.0,0.0,0.0,0.0,0,90.0
15/9-F-15 A,425.0,0,NONE,False,425.0,0.1038,23,69.6,68.17,0.0,0.0,0.0,0.0,0,115.0
15/9-F-15 A,450.0,0,NONE,False,450.0,0.1099,23,69.6,68.17,0.0,0.0,0.0,0.0,0,128.0
15/9-F-15 A,475.0,0,NONE,False,475.0,0.116,23,69.6,68.17,0.0,0.0,0.0,0.0,0,103.0
15/9-F-15 A,500.0,0,NONE,False,500.0,0.1221,23,69.6,68.17,0.0,0.0,0.0,0.0,0,78.0
15/9-F-15 A,525.0,0,NONE,False,525.0,0.1282,23,69.6,68.17,0.0,0.0,0.0,0.0,0,53.0
15/9-F-15 A,550.0,0,NONE,False,550.0,0.1343,23,69.6,68.17,0.0,0.0,0.0,0.0,0,28.0
15/9-F-15 A,575.0,0,NONE,False,575.0,0.1404,23,69.6,68.17,0.6397,0.6397,0.0,0.0,1,3.0
15/9-F-15 A,600.0,0,NONE,False,600.0,0.1465,23,69.6,68.17,1.3209,1.3209,0.0,0.0,2,10.0
15/9-F-15 A,625.0,0,NONE,False,625.0,0.1526,23,69.6,68.17,1.292,0.6812,0.0,0.6108,2,12.0
15/9-F-15 A,650.0,0,NONE,False,650.0,0.1587,23,69.6,68.17,0.6108,0.0,0.0,0.6108,1,13.0
15/9-F-15 A,675.0,0,NONE,False,675.0,0.1648,23,69.6,68.17,0.6397,0.6397,0.0,0.0,1,10.0
15/9-F-15 A,700.0,0,NONE,False,700.0,0.1709,23,69.6,68.17,0.6397,0.6397,0.0,0.0,1,15.0
15/9-F-15 A,725.0,0,NONE,False,725.0,0.177,23,69.6,68.17,0.0,0.0,0.0,0.0,0,29.3
15/9-F-15 A,750.0,0,NONE,False,750.0,0.1832,23,69.6,68.17,0.6812,0.6812,0.0,0.0,1,4.3
15/9-F-15 A,775.0,0,NONE,False,775.0,0.1893,23,69.6,68.17,1.0832,0.6812,0.0,0.402,2,18.1
15/9-F-15 A,800.0,0,NONE,False,800.0,0.1954,23,69.6,68.17,0.402,0.0,0.0,0.402,1,6.9
15/9-F-15 A,825.0,0,NONE,False,825.0,0.2015,23,69.6,68.17,3.375,3.375,0.0,0.0,7,4.0
15/9-F-15 A,850.0,0,NONE,False,850.0,0.2076,23,69.6,68.17,4.7317,4.7317,0.0,0.0,9,2.0
15/9-F-15 A,875.0,0,NONE,False,875.0,0.2137,23,69.6,68.17,5.7987,5.7987,0.0,0.0,9,3.0
15/9-F-15 A,900.0,0,NONE,False,900.0,0.2198,23,69.6,68.17,5.8044,5.8044,0.0,0.0,9,0.0
15/9-F-15 A,925.0,0,NONE,False,925.0,0.2259,23,69.6,68.17,4.1132,4.1132,0.0,0.0,7,5.0
15/9-F-15 A,950.0,0,NONE,False,950.0,0.232,23,69.6,68.17,1.3884,1.3884,0.0,0.0,3,20.0
15/9-F-15 A,975.0,0,NONE,False,975.0,0.2381,23,69.6,68.17,0.6397,0.6397,0.0,0.0,1,25.0
15/9-F-15 A,1000.0,0,NONE,False,1000.0,0.2442,23,69.6,68.17,0.6397,0.6397,0.0,0.0,1,0.0
15/9-F-15 A,1025.0,0,NONE,False,1025.0,0.2503,23,69.6,68.17,5.0877,5.0877,0.0,0.0,12,25.0
15/9-F-15 A,1050.0,0,NONE,False,1050.0,0.2564,23,69.6,68.17,4.448,4.448,0.0,0.0,11,0.0
15/9-F-15 A,1075.0,0,NONE,False,1075.0,0.2625,23,69.6,68.17,4.448,4.448,0.0,0.0,11,25.0
15/9-F-15 A,1100.0,0,NONE,False,1100.0,0.2686,23,69.6,68.17,0.4628,0.4628,0.0,0.0,1,20.0
15/9-F-15 A,1125.0,0,NONE,False,1125.0,0.2747,23,69.6,68.17,0.4628,0.4628,0.0,0.0,1,5.0
15/9-F-15 A,1150.0,0,NONE,False,1150.0,0.2808,23,69.6,68.17,0.0,0.0,0.0,0.0,0,30.0
15/9-F-15 A,1175.0,0,NONE,False,1175.0,0.2869,23,69.6,68.17,0.0,0.0,0.0,0.0,0,55.0
15/9-F-15 A,1200.0,0,NONE,False,1200.0,0.293,23,69.6,68.17,0.0,0.0,0.0,0.0,0,38.0
15/9-F-15 A,1225.0,0,NONE,False,1225.0,0.2991,23,69.6,68.17,0.6588,0.0,0.0,0.6588,1,13.0
15/9-F-15 A,1250.0,0,NONE,False,1250.0,0.3053,23,69.6,68.17,0.6588,0.0,0.0,0.6588,1,12.0
15/9-F-15 A,1275.0,0,NONE,False,1275.0,0.3114,23,69.6,68.17,0.6108,0.0,0.0,0.6108,1,5.6
15/9-F-15 A,1300.0,0,NONE,False,1300.0,0.3175,23,69.6,68.17,1.9714,1.3606,0.0,0.6108,3,13.7
15/9-F-15 A,1325.0,0,NONE,False,1325.0,0.3236,23,69.6,68.17,1.3606,1.3606,0.0,0.0,2,4.0
15/9-F-15 A,1350.0,1,MUD_LOSS,False,1350.0,0.3297,23,69.6,68.17,3.893,3.2176,0.0,0.6754,6,4.0
15/9-F-15 A,1375.0,0,NONE,False,1375.0,0.3358,23,69.6,68.17,4.5684,3.2176,0.0,1.3508,7,6.0
15/9-F-15 A,1400.0,0,NONE,False,1400.0,0.3419,23,69.6,68.17,0.6754,0.0,0.0,0.6754,1,19.0
15/9-F-15 A,1425.0,0,NONE,False,1425.0,0.348,23,69.6,68.17,0.0,0.0,0.0,0.0,0,35.0
15/9-F-15 A,1450.0,0,NONE,False,1450.0,0.3541,23,69.6,68.17,0.5832,0.5832,0.0,0.0,1,10.0
15/9-F-15 A,1475.0,0,NONE,False,1475.0,0.3602,23,69.6,68.17,1.1664,0.5832,0.0,0.5832,2,15.0
15/9-F-15 A,1500.0,0,NONE,False,1500.0,0.3663,23,69.6,68.17,0.5832,0.0,0.0,0.5832,1,7.0
15/9-F-15 A,1525.0,1,STUCK_PIPE,False,1525.0,0.3724,23,69.6,68.17,0.0,0.0,0.0,0.0,0,32.0
15/9-F-15 A,1550.0,0,NONE,False,1550.0,0.3785,23,69.6,68.17,0.0,0.0,0.0,0.0,0,57.0
15/9-F-15 A,1575.0,0,NONE,False,1575.0,0.3846,23,69.6,68.17,0.0,0.0,0.0,0.0,0,82.0
15/9-F-15 A,1600.0,0,NONE,False,1600.0,0.3907,23,69.6,68.17,0.0,0.0,0.0,0.0,0,61.0
15/9-F-15 A,1625.0,0,NONE,False,1625.0,0.3968,23,69.6,68.17,0.0,0.0,0.0,0.0,0,36.0
15/9-F-15 A,1650.0,0,NONE,False,1650.0,0.4029,23,69.6,68.17,0.6397,0.0,0.0,0.6397,1,11.0
15/9-F-15 A,1675.0,0,NONE,False,1675.0,0.409,23,69.6,68.17,0.6397,0.0,0.0,0.6397,1,14.0
15/9-F-15 A,1700.0,0,NONE,False,1700.0,0.4151,23,69.6,68.17,0.0,0.0,0.0,0.0,0,39.0
15/9-F-15 A,1725.0,0,NONE,False,1725.0,0.4212,23,69.6,68.17,0.0,0.0,0.0,0.0,0,64.0
15/9-F-15 A,1750.0,1,MUD_LOSS,False,1750.0,0.4274,23,69.6,68.17,0.0,0.0,0.0,0.0,0,89.0
15/9-F-15 A,1775.0,0,NONE,False,1775.0,0.4335,23,69.6,68.17,0.0,0.0,0.0,0.0,0,92.0
15/9-F-15 A,1800.0,0,NONE,False,1800.0,0.4396,23,69.6,68.17,0.0,0.0,0.0,0.0,0,67.0
15/9-F-15 A,1825.0,0,NONE,False,1825.0,0.4457,23,69.6,68.17,0.0,0.0,0.0,0.0,0,42.0
15/9-F-15 A,1850.0,0,NONE,False,1850.0,0.4518,23,69.6,68.17,0.6588,0.6588,0.0,0.0,1,17.0
15/9-F-15 A,1875.0,0,NONE,False,1875.0,0.4579,23,69.6,68.17,1.2985,0.6588,0.0,0.6397,2,2.0
15/9-F-15 A,1900.0,0,NONE,False,1900.0,0.464,23,69.6,68.17,0.6397,0.0,0.0,0.6397,1,23.0
15/9-F-15 A,1925.0,0,NONE,False,1925.0,0.4701,23,69.6,68.17,0.0,0.0,0.0,0.0,0,48.0
15/9-F-15 A,1950.0,0,NONE,False,1950.0,0.4762,23,69.6,68.17,0.0,0.0,0.0,0.0,0,73.0
15/9-F-15 A,1975.0,0,NONE,False,1975.0,0.4823,23,69.6,68.17,0.0,0.0,0.0,0.0,0,59.0
15/9-F-15 A,2000.0,0,NONE,False,2000.0,0.4884,23,69.6,68.17,0.0,0.0,0.0,0.0,0,34.0
15/9-F-15 A,2025.0,0,NONE,False,2025.0,0.4945,23,69.6,68.17,0.6754,0.6754,0.0,0.0,1,9.0
15/9-F-15 A,2050.0,0,NONE,False,2050.0,0.5006,23,69.6,68.17,0.6754,0.6754,0.0,0.0,1,16.0
15/9-F-15 A,2075.0,0,NONE,False,2075.0,0.5067,23,69.6,68.17,0.5828,0.5828,0.0,0.0,1,25.0
15/9-F-15 A,2100.0,0,NONE,False,2100.0,0.5128,23,69.6,68.17,0.5828,0.5828,0.0,0.0,1,0.0
15/9-F-15 A,2125.0,0,NONE,False,2125.0,0.5189,23,69.6,68.17,0.5828,0.5828,0.0,0.0,1,25.0
15/9-F-15 A,2150.0,0,NONE,False,2150.0,0.525,23,69.6,68.17,0.6329,0.6329,0.0,0.0,1,14.0
15/9-F-15 A,2175.0,0,NONE,False,2175.0,0.5311,23,69.6,68.17,1.9097,1.2713,0.0,0.6384,3,11.0
15/9-F-15 A,2200.0,0,NONE,False,2200.0,0.5372,23,69.6,68.17,2.574,1.2972,0.0,1.2768,4,1.0
15/9-F-15 A,2225.0,0,NONE,False,2225.0,0.5433,23,69.6,68.17,1.88,0.6588,0.0,1.2212,3,6.0
15/9-F-15 A,2250.0,0,NONE,False,2250.0,0.5495,23,69.6,68.17,1.2416,0.6588,0.0,0.5828,2,2.0
15/9-F-15 A,2275.0,0,NONE,False,2275.0,0.5556,23,69.6,68.17,0.6588,0.6588,0.0,0.0,1,23.0
15/9-F-15 A,2300.0,0,NONE,False,2300.0,0.5617,23,69.6,68.17,0.0,0.0,0.0,0.0,0,28.0
15/9-F-15 A,2325.0,0,NONE,False,2325.0,0.5678,23,69.6,68.17,0.6588,0.0,0.0,0.6588,1,3.0
15/9-F-15 A,2350.0,0,NONE,False,2350.0,0.5739,23,69.6,68.17,1.3548,0.0,0.0,1.3548,2,12.0
15/9-F-15 A,2375.0,0,NONE,False,2375.0,0.58,23,69.6,68.17,0.696,0.0,0.0,0.696,1,13.0
15/9-F-15 A,2400.0,0,NONE,False,2400.0,0.5861,23,69.6,68.17,0.5828,0.5828,0.0,0.0,1,10.0
15/9-F-15 A,2425.0,0,NONE,False,2425.0,0.5922,23,69.6,68.17,0.5828,0.5828,0.0,0.0,1,15.0
15/9-F-15 A,2450.0,0,NONE,False,2450.0,0.5983,23,69.6,68.17,0.0,0.0,0.0,0.0,0,39.2
15/9-F-15 A,2475.0,0,NONE,False,2475.0,0.6044,23,69.6,68.17,0.696,0.696,0.0,0.0,1,14.2
15/9-F-15 A,2500.0,0,NONE,False,2500.0,0.6105,23,69.6,68.17,1.9754,1.9754,0.0,0.0,3,10.8
15/9-F-15 A,2525.0,0,NONE,False,2525.0,0.6166,23,69.6,68.17,2.5588,2.5588,0.0,0.0,4,4.0
15/9-F-15 A,2550.0,1,MUD_LOSS,False,2550.0,0.6227,23,69.6,68.17,3.1985,3.1985,0.0,0.0,5,19.0
15/9-F-15 A,2575.0,0,NONE,False,2575.0,0.6288,23,69.6,68.17,3.8491,3.2135,0.0,0.6356,6,2.5
15/9-F-15 A,2600.0,0,NONE,False,2600.0,0.6349,23,69.6,68.17,4.5867,3.9511,0.0,0.6356,7,2.0
15/9-F-15 A,2625.0,0,NONE,False,2625.0,0.641,23,69.6,68.17,3.3321,3.3321,0.0,0.0,5,9.0
15/9-F-15 A,2650.0,0,NONE,False,2650.0,0.6471,23,69.6,68.17,3.8816,3.8816,0.0,0.0,6,0.3
15/9-F-15 A,2675.0,0,NONE,False,2675.0,0.6532,23,69.6,68.17,4.4663,4.4663,0.0,0.0,7,1.0
15/9-F-15 A,2700.0,0,NONE,False,2700.0,0.6593,23,69.6,68.17,1.2601,1.2601,0.0,0.0,2,22.7
15/9-F-15 A,2725.0,0,NONE,False,2725.0,0.6654,23,69.6,68.17,0.5828,0.5828,0.0,0.0,1,17.0
15/9-F-15 A,2750.0,0,NONE,False,2750.0,0.6716,23,69.6,68.17,1.9099,1.9099,0.0,0.0,3,8.0
15/9-F-15 A,2775.0,0,NONE,False,2775.0,0.6777,23,69.6,68.17,2.0083,2.0083,0.0,0.0,3,0.0
15/9-F-15 A,2800.0,0,NONE,False,2800.0,0.6838,23,69.6,68.17,1.3566,1.3566,0.0,0.0,2,18.2
15/9-F-15 A,2825.0,0,NONE,False,2825.0,0.6899,23,69.6,68.17,2.6259,2.6259,0.0,0.0,4,2.0
15/9-F-15 A,2850.0,0,NONE,False,2850.0,0.696,23,69.6,68.17,3.3013,3.3013,0.0,0.0,5,0.0
15/9-F-15 A,2875.0,0,NONE,False,2875.0,0.7021,23,69.6,68.17,4.6946,4.6946,0.0,0.0,7,1.0
15/9-F-15 A,2900.0,0,NONE,False,2900.0,0.7082,23,69.6,68.17,3.377,3.377,0.0,0.0,5,15.0
15/9-F-15 A,2925.0,0,NONE,False,2925.0,0.7143,23,69.6,68.17,1.9099,1.2582,0.0,0.6517,3,2.0
15/9-F-15 A,2950.0,0,NONE,False,2950.0,0.7204,23,69.6,68.17,1.2345,0.5828,0.0,0.6517,2,23.0
15/9-F-15 A,2975.0,0,NONE,False,2975.0,0.7265,23,69.6,68.17,1.7484,1.7484,0.0,0.0,3,8.0
15/9-F-15 A,3000.0,0,NONE,False,3000.0,0.7326,23,69.6,68.17,2.3312,2.3312,0.0,0.0,4,17.0
15/9-F-15 A,3025.0,0,NONE,False,3025.0,0.7387,23,69.6,68.17,2.4444,2.4444,0.0,0.0,4,0.0
15/9-F-15 A,3050.0,0,NONE,False,3050.0,0.7448,23,69.6,68.17,4.7756,4.7756,0.0,0.0,8,3.0
15/9-F-15 A,3075.0,0,NONE,False,3075.0,0.7509,23,69.6,68.17,3.5528,3.5528,0.0,0.0,6,15.0
15/9-F-15 A,3100.0,0,NONE,False,3100.0,0.757,23,69.6,68.17,1.2216,1.2216,0.0,0.0,2,10.0
15/9-F-15 A,3125.0,0,NONE,False,3125.0,0.7631,23,69.6,68.17,0.0,0.0,0.0,0.0,0,35.0
15/9-F-15 A,3150.0,0,NONE,False,3150.0,0.7692,23,69.6,68.17,0.5828,0.5828,0.0,0.0,1,11.0
15/9-F-15 A,3175.0,0,NONE,False,3175.0,0.7753,23,69.6,68.17,2.6093,2.6093,0.0,0.0,4,14.0
15/9-F-15 A,3200.0,0,NONE,False,3200.0,0.7814,23,69.6,68.17,2.6594,2.6594,0.0,0.0,4,6.0
15/9-F-15 A,3225.0,0,NONE,False,3225.0,0.7875,23,69.6,68.17,1.8745,1.2917,0.0,0.5828,3,18.0
15/9-F-15 A,3250.0,0,NONE,False,3250.0,0.7937,23,69.6,68.17,1.8244,1.2416,0.0,0.5828,3,2.0
15/9-F-15 A,3275.0,0,NONE,False,3275.0,0.7998,23,69.6,68.17,1.2631,1.2631,0.0,0.0,2,3.0
15/9-F-15 A,3300.0,0,NONE,False,3300.0,0.8059,23,69.6,68.17,1.3391,1.3391,0.0,0.0,2,4.0
15/9-F-15 A,3325.0,0,NONE,False,3325.0,0.812,23,69.6,68.17,0.6588,0.6588,0.0,0.0,1,6.0
15/9-F-15 A,3350.0,0,NONE,False,3350.0,0.8181,23,69.6,68.17,0.0,0.0,0.0,0.0,0,31.0
15/9-F-15 A,3375.0,0,NONE,False,3375.0,0.8242,23,69.6,68.17,0.0,0.0,0.0,0.0,0,56.0
15/9-F-15 A,3400.0,0,NONE,False,3400.0,0.8303,23,69.6,68.17,0.0,0.0,0.0,0.0,0,39.0
15/9-F-15 A,3425.0,0,NONE,False,3425.0,0.8364,23,69.6,68.17,1.3176,1.3176,0.0,0.0,2,14.0
15/9-F-15 A,3450.0,0,NONE,False,3450.0,0.8425,23,69.6,68.17,1.3176,1.3176,0.0,0.0,2,10.0
15/9-F-15 A,3475.0,0,NONE,False,3475.0,0.8486,23,69.6,68.17,0.0,0.0,0.0,0.0,0,35.0
15/9-F-15 A,3500.0,0,NONE,False,3500.0,0.8547,23,69.6,68.17,0.0,0.0,0.0,0.0,0,58.0
15/9-F-15 A,3525.0,0,NONE,False,3525.0,0.8608,23,69.6,68.17,0.0,0.0,0.0,0.0,0,33.0
15/9-F-15 A,3550.0,0,NONE,False,3550.0,0.8669,23,69.6,68.17,0.6329,0.0,0.0,0.6329,1,8.0
15/9-F-15 A,3575.0,0,NONE,False,3575.0,0.873,23,69.6,68.17,1.9412,1.3083,0.0,0.6329,3,6.0
15/9-F-15 A,3600.0,0,NONE,False,3600.0,0.8791,23,69.6,68.17,1.3083,1.3083,0.0,0.0,2,19.0
15/9-F-15 A,3625.0,0,NONE,False,3625.0,0.8852,23,69.6,68.17,0.6754,0.6754,0.0,0.0,1,7.0
15/9-F-15 A,3650.0,0,NONE,False,3650.0,0.8913,23,69.6,68.17,5.9864,5.4032,0.0,0.5832,9,10.0
15/9-F-15 A,3675.0,0,NONE,False,3675.0,0.8974,23,69.6,68.17,5.9864,5.4032,0.0,0.5832,9,7.5
15/9-F-15 A,3700.0,0,NONE,False,3700.0,0.9035,23,69.6,68.17,1.3508,1.3508,0.0,0.0,2,7.2
15/9-F-15 A,3725.0,0,NONE,False,3725.0,0.9096,23,69.6,68.17,2.0262,2.0262,0.0,0.0,3,9.0
15/9-F-15 A,3750.0,0,NONE,False,3750.0,0.9158,23,69.6,68.17,2.0244,2.0244,0.0,0.0,3,4.0
15/9-F-15 A,3775.0,0,NONE,False,3775.0,0.9219,23,69.6,68.17,2.6743,2.6743,0.0,0.0,4,7.0
15/9-F-15 A,3800.0,0,NONE,False,3800.0,0.928,23,69.6,68.17,2.6336,2.0007,0.0,0.6329,4,6.0
15/9-F-15 A,3825.0,0,NONE,False,3825.0,0.9341,23,69.6,68.17,1.3083,0.6754,0.0,0.6329,2,1.0
15/9-F-15 A,3850.0,0,NONE,False,3850.0,0.9402,23,69.6,68.17,2.0263,1.3509,0.0,0.6754,3,6.0
15/9-F-15 A,3875.0,0,NONE,False,3875.0,0.9463,23,69.6,68.17,1.3509,0.6755,0.0,0.6754,2,7.3
15/9-F-15 A,3900.0,0,NONE,False,3900.0,0.9524,23,69.6,68.17,0.0,0.0,0.0,0.0,0,32.3
15/9-F-15 A,3925.0,0,NONE,False,3925.0,0.9585,23,69.6,68.17,0.0,0.0,0.0,0.0,0,57.3
15/9-F-15 A,3950.0,0,NONE,False,3950.0,0.9646,23,69.6,68.17,0.0,0.0,0.0,0.0,0,75.0
15/9-F-15 A,3975.0,0,NONE,False,3975.0,0.9707,23,69.6,68.17,0.0,0.0,0.0,0.0,0,50.0
15/9-F-15 A,4000.0,0,NONE,False,4000.0,0.9768,23,69.6,68.17,0.6329,0.0,0.0,0.6329,1,25.0
15/9-F-15 A,4025.0,0,NONE,False,4025.0,0.9829,23,69.6,68.17,2.5796,1.3138,0.0,1.2658,4,0.0
15/9-F-15 A,4050.0,0,NONE,False,4050.0,0.989,23,69.6,68.17,4.6058,3.34,0.0,1.2658,7,0.0
15/9-F-15 A,4075.0,0,NONE,False,4075.0,0.9951,23,69.6,68.17,6.6266,4.7279,0.0,1.8987,10,8.0
15/9-F-15 B,50.0,0,NONE,False,50.0,0.0143,24,68.48,67.58,3.9023,0.631,0.0,3.2713,6,0.0
15/9-F-15 B,75.0,0,NONE,False,75.0,0.0214,24,68.48,67.58,3.8503,1.893,0.0,1.9573,6,5.0
15/9-F-15 B,100.0,0,NONE,False,100.0,0.0286,24,68.48,67.58,3.1935,3.1935,0.0,0.0,5,2.0
15/9-F-15 B,125.0,0,NONE,False,125.0,0.0357,24,68.48,67.58,5.8725,5.8725,0.0,0.0,9,0.6
15/9-F-15 B,150.0,0,NONE,False,150.0,0.0429,24,68.48,67.58,5.886,5.886,0.0,0.0,9,0.1
15/9-F-15 B,175.0,0,NONE,False,175.0,0.05,24,68.48,67.58,2.6242,1.9394,0.0,0.6848,4,3.0
15/9-F-15 B,200.0,0,NONE,False,200.0,0.0572,24,68.48,67.58,2.5722,1.8874,0.0,0.6848,4,18.0
15/9-F-15 B,225.0,0,NONE,False,225.0,0.0643,24,68.48,67.58,4.5228,4.5228,0.0,0.0,7,7.0
15/9-F-15 B,250.0,0,NONE,False,250.0,0.0715,24,68.48,67.58,4.6304,4.6304,0.0,0.0,7,1.0
15/9-F-15 B,275.0,0,NONE,False,275.0,0.0786,24,68.48,67.58,3.271,3.271,0.0,0.0,5,11.6
15/9-F-15 B,300.0,0,NONE,False,300.0,0.0858,24,68.48,67.58,2.5584,1.9014,0.657,0.0,4,7.0
15/9-F-15 B,325.0,0,NONE,False,325.0,0.0929,24,68.48,67.58,0.657,0.0,0.657,0.0,1,15.0
15/9-F-15 B,350.0,0,NONE,False,350.0,0.1001,24,68.48,67.58,0.0,0.0,0.0,0.0,0,40.0
15/9-F-15 B,375.0,0,NONE,False,375.0,0.1072,24,68.48,67.58,0.0,0.0,0.0,0.0,0,65.0
15/9-F-15 B,400.0,0,NONE,False,400.0,0.1144,24,68.48,67.58,0.0,0.0,0.0,0.0,0,90.0
15/9-F-15 B,425.0,0,NONE,False,425.0,0.1215,24,68.48,67.58,0.0,0.0,0.0,0.0,0,115.0
15/9-F-15 B,450.0,0,NONE,False,450.0,0.1287,24,68.48,67.58,0.0,0.0,0.0,0.0,0,128.0
15/9-F-15 B,475.0,0,NONE,False,475.0,0.1358,24,68.48,67.58,0.0,0.0,0.0,0.0,0,103.0
15/9-F-15 B,500.0,0,NONE,False,500.0,0.143,24,68.48,67.58,0.0,0.0,0.0,0.0,0,78.0
15/9-F-15 B,525.0,0,NONE,False,525.0,0.1501,24,68.48,67.58,0.0,0.0,0.0,0.0,0,53.0
15/9-F-15 B,550.0,0,NONE,False,550.0,0.1573,24,68.48,67.58,0.0,0.0,0.0,0.0,0,28.0
15/9-F-15 B,575.0,0,NONE,False,575.0,0.1644,24,68.48,67.58,0.6848,0.6848,0.0,0.0,1,3.0
15/9-F-15 B,600.0,0,NONE,False,600.0,0.1716,24,68.48,67.58,1.3418,1.3418,0.0,0.0,2,10.0
15/9-F-15 B,625.0,0,NONE,False,625.0,0.1787,24,68.48,67.58,1.2904,0.657,0.0,0.6334,2,12.0
15/9-F-15 B,650.0,0,NONE,False,650.0,0.1859,24,68.48,67.58,0.6334,0.0,0.0,0.6334,1,13.0
15/9-F-15 B,675.0,0,NONE,False,675.0,0.193,24,68.48,67.58,0.6848,0.6848,0.0,0.0,1,10.0
15/9-F-15 B,700.0,0,NONE,False,700.0,0.2002,24,68.48,67.58,0.6848,0.6848,0.0,0.0,1,15.0
15/9-F-15 B,725.0,0,NONE,False,725.0,0.2073,24,68.48,67.58,0.0,0.0,0.0,0.0,0,29.3
15/9-F-15 B,750.0,0,NONE,False,750.0,0.2145,24,68.48,67.58,0.657,0.657,0.0,0.0,1,4.3
15/9-F-15 B,775.0,0,NONE,False,775.0,0.2216,24,68.48,67.58,1.0732,0.657,0.0,0.4162,2,18.1
15/9-F-15 B,800.0,0,NONE,False,800.0,0.2288,24,68.48,67.58,0.4162,0.0,0.0,0.4162,1,6.9
15/9-F-15 B,825.0,0,NONE,False,825.0,0.2359,24,68.48,67.58,3.3987,3.3987,0.0,0.0,7,4.0
15/9-F-15 B,850.0,0,NONE,False,850.0,0.2431,24,68.48,67.58,4.6759,4.6759,0.0,0.0,9,2.0
15/9-F-15 B,875.0,0,NONE,False,875.0,0.2502,24,68.48,67.58,5.6264,5.6264,0.0,0.0,9,3.0
15/9-F-15 B,900.0,0,NONE,False,900.0,0.2574,24,68.48,67.58,5.6632,5.6632,0.0,0.0,9,0.0
15/9-F-15 B,925.0,0,NONE,False,925.0,0.2645,24,68.48,67.58,4.1373,4.1373,0.0,0.0,7,5.0
15/9-F-15 B,950.0,0,NONE,False,950.0,0.2717,24,68.48,67.58,1.5093,1.5093,0.0,0.0,3,20.0
15/9-F-15 B,975.0,0,NONE,False,975.0,0.2788,24,68.48,67.58,0.6848,0.6848,0.0,0.0,1,25.0
15/9-F-15 B,1000.0,0,NONE,False,1000.0,0.286,24,68.48,67.58,0.6848,0.6848,0.0,0.0,1,0.0
15/9-F-15 B,1025.0,0,NONE,False,1025.0,0.2931,24,68.48,67.58,5.3,5.3,0.0,0.0,12,25.0
15/9-F-15 B,1050.0,0,NONE,False,1050.0,0.3003,24,68.48,67.58,4.6152,4.6152,0.0,0.0,11,0.0
15/9-F-15 B,1075.0,0,NONE,False,1075.0,0.3074,24,68.48,67.58,4.6152,4.6152,0.0,0.0,11,25.0
15/9-F-15 B,1100.0,0,NONE,False,1100.0,0.3146,24,68.48,67.58,0.5031,0.5031,0.0,0.0,1,20.0
15/9-F-15 B,1125.0,0,NONE,False,1125.0,0.3217,24,68.48,67.58,0.5031,0.5031,0.0,0.0,1,5.0
15/9-F-15 B,1150.0,0,NONE,False,1150.0,0.3289,24,68.48,67.58,0.0,0.0,0.0,0.0,0,30.0
15/9-F-15 B,1175.0,0,NONE,False,1175.0,0.336,24,68.48,67.58,0.0,0.0,0.0,0.0,0,55.0
15/9-F-15 B,1200.0,0,NONE,False,1200.0,0.3432,24,68.48,67.58,0.0,0.0,0.0,0.0,0,38.0
15/9-F-15 B,1225.0,0,NONE,False,1225.0,0.3503,24,68.48,67.58,0.6254,0.0,0.0,0.6254,1,13.0
15/9-F-15 B,1250.0,0,NONE,False,1250.0,0.3574,24,68.48,67.58,0.6254,0.0,0.0,0.6254,1,12.0
15/9-F-15 B,1275.0,0,NONE,False,1275.0,0.3646,24,68.48,67.58,0.6334,0.0,0.0,0.6334,1,5.6
15/9-F-15 B,1300.0,0,NONE,False,1300.0,0.3717,24,68.48,67.58,1.8954,1.262,0.0,0.6334,3,13.7
15/9-F-15 B,1325.0,0,NONE,False,1325.0,0.3789,24,68.48,67.58,1.262,1.262,0.0,0.0,2,4.0
15/9-F-15 B,1350.0,0,NONE,False,1350.0,0.386,24,68.48,67.58,4.6676,4.0051,0.0,0.6625,7,4.0
15/9-F-15 B,1375.0,0,NONE,False,1375.0,0.3932,24,68.48,67.58,5.3301,4.0051,0.0,1.325,8,6.0
15/9-F-15 B,1400.0,0,NONE,False,1400.0,0.4003,24,68.48,67.58,0.6625,0.0,0.0,0.6625,1,19.0
15/9-F-15 B,1425.0,0,NONE,False,1425.0,0.4075,24,68.48,67.58,0.0,0.0,0.0,0.0,0,35.0
15/9-F-15 B,1450.0,0,NONE,False,1450.0,0.4146,24,68.48,67.58,0.6344,0.6344,0.0,0.0,1,10.0
15/9-F-15 B,1475.0,0,NONE,False,1475.0,0.4218,24,68.48,67.58,1.2688,0.6344,0.0,0.6344,2,15.0
15/9-F-15 B,1500.0,0,NONE,False,1500.0,0.4289,24,68.48,67.58,0.6344,0.0,0.0,0.6344,1,7.0
15/9-F-15 B,1525.0,0,NONE,False,1525.0,0.4361,24,68.48,67.58,0.6405,0.0,0.0,0.6405,1,7.0
15/9-F-15 B,1550.0,0,NONE,False,1550.0,0.4432,24,68.48,67.58,0.6405,0.0,0.0,0.6405,1,18.0
15/9-F-15 B,1575.0,0,NONE,False,1575.0,0.4504,24,68.48,67.58,0.0,0.0,0.0,0.0,0,43.0
15/9-F-15 B,1600.0,0,NONE,False,1600.0,0.4575,24,68.48,67.58,0.0,0.0,0.0,0.0,0,61.0
15/9-F-15 B,1625.0,0,NONE,False,1625.0,0.4647,24,68.48,67.58,0.0,0.0,0.0,0.0,0,36.0
15/9-F-15 B,1650.0,0,NONE,False,1650.0,0.4718,24,68.48,67.58,0.6848,0.0,0.0,0.6848,1,11.0
15/9-F-15 B,1675.0,0,NONE,False,1675.0,0.479,24,68.48,67.58,0.6848,0.0,0.0,0.6848,1,14.0
15/9-F-15 B,1700.0,0,NONE,False,1700.0,0.4861,24,68.48,67.58,0.0,0.0,0.0,0.0,0,39.0
15/9-F-15 B,1725.0,0,NONE,False,1725.0,0.4933,24,68.48,67.58,0.0,0.0,0.0,0.0,0,39.0
15/9-F-15 B,1750.0,0,NONE,False,1750.0,0.5004,24,68.48,67.58,0.6405,0.6405,0.0,0.0,1,14.0
15/9-F-15 B,1775.0,0,NONE,False,1775.0,0.5076,24,68.48,67.58,0.6405,0.6405,0.0,0.0,1,11.0
15/9-F-15 B,1800.0,0,NONE,False,1800.0,0.5147,24,68.48,67.58,0.0,0.0,0.0,0.0,0,36.0
15/9-F-15 B,1825.0,0,NONE,False,1825.0,0.5219,24,68.48,67.58,0.0,0.0,0.0,0.0,0,42.0
15/9-F-15 B,1850.0,0,NONE,False,1850.0,0.529,24,68.48,67.58,0.6254,0.6254,0.0,0.0,1,17.0
15/9-F-15 B,1875.0,0,NONE,False,1875.0,0.5362,24,68.48,67.58,1.3102,0.6254,0.0,0.6848,2,2.0
15/9-F-15 B,1900.0,0,NONE,False,1900.0,0.5433,24,68.48,67.58,0.6848,0.0,0.0,0.6848,1,23.0
15/9-F-15 B,1925.0,0,NONE,False,1925.0,0.5505,24,68.48,67.58,0.0,0.0,0.0,0.0,0,48.0
15/9-F-15 B,1950.0,0,NONE,False,1950.0,0.5576,24,68.48,67.58,0.0,0.0,0.0,0.0,0,73.0
15/9-F-15 B,1975.0,0,NONE,False,1975.0,0.5648,24,68.48,67.58,0.0,0.0,0.0,0.0,0,59.0
15/9-F-15 B,2000.0,0,NONE,False,2000.0,0.5719,24,68.48,67.58,0.0,0.0,0.0,0.0,0,34.0
15/9-F-15 B,2025.0,0,NONE,False,2025.0,0.5791,24,68.48,67.58,0.6625,0.6625,0.0,0.0,1,9.0
15/9-F-15 B,2050.0,0,NONE,False,2050.0,0.5862,24,68.48,67.58,0.6625,0.6625,0.0,0.0,1,16.0
15/9-F-15 B,2075.0,0,NONE,False,2075.0,0.5934,24,68.48,67.58,0.6359,0.6359,0.0,0.0,1,25.0
15/9-F-15 B,2100.0,0,NONE,False,2100.0,0.6005,24,68.48,67.58,0.6359,0.6359,0.0,0.0,1,0.0
15/9-F-15 B,2125.0,0,NONE,False,2125.0,0.6077,24,68.48,67.58,0.6359,0.6359,0.0,0.0,1,25.0
15/9-F-15 B,2150.0,0,NONE,False,2150.0,0.6148,24,68.48,67.58,0.6338,0.6338,0.0,0.0,1,14.0
15/9-F-15 B,2175.0,0,NONE,False,2175.0,0.622,24,68.48,67.58,1.911,1.2724,0.0,0.6386,3,11.0
15/9-F-15 B,2200.0,0,NONE,False,2200.0,0.6291,24,68.48,67.58,2.5412,1.264,0.0,1.2772,4,1.0
15/9-F-15 B,2225.0,0,NONE,False,2225.0,0.6363,24,68.48,67.58,1.8999,0.6254,0.0,1.2745,3,6.0
15/9-F-15 B,2250.0,0,NONE,False,2250.0,0.6434,24,68.48,67.58,1.2613,0.6254,0.0,0.6359,2,2.0
15/9-F-15 B,2275.0,0,NONE,False,2275.0,0.6506,24,68.48,67.58,0.6254,0.6254,0.0,0.0,1,23.0
15/9-F-15 B,2300.0,0,NONE,False,2300.0,0.6577,24,68.48,67.58,0.0,0.0,0.0,0.0,0,28.0
15/9-F-15 B,2325.0,0,NONE,False,2325.0,0.6649,24,68.48,67.58,0.6254,0.0,0.0,0.6254,1,3.0
15/9-F-15 B,2350.0,0,NONE,False,2350.0,0.672,24,68.48,67.58,1.2689,0.0,0.0,1.2689,2,12.0
15/9-F-15 B,2375.0,0,NONE,False,2375.0,0.6792,24,68.48,67.58,0.6435,0.0,0.0,0.6435,1,13.0
15/9-F-15 B,2400.0,0,NONE,False,2400.0,0.6863,24,68.48,67.58,0.6359,0.6359,0.0,0.0,1,10.0
15/9-F-15 B,2425.0,0,NONE,False,2425.0,0.6935,24,68.48,67.58,0.6359,0.6359,0.0,0.0,1,15.0
15/9-F-15 B,2450.0,0,NONE,False,2450.0,0.7006,24,68.48,67.58,0.0,0.0,0.0,0.0,0,39.2
15/9-F-15 B,2475.0,0,NONE,False,2475.0,0.7077,24,68.48,67.58,0.6435,0.6435,0.0,0.0,1,14.2
15/9-F-15 B,2500.0,0,NONE,False,2500.0,0.7149,24,68.48,67.58,2.0131,2.0131,0.0,0.0,3,10.8
15/9-F-15 B,2525.0,0,NONE,False,2525.0,0.722,24,68.48,67.58,2.7392,2.7392,0.0,0.0,4,4.0
15/9-F-15 B,2550.0,0,NONE,False,2550.0,0.7292,24,68.48,67.58,4.705,4.705,0.0,0.0,7,15.0
15/9-F-15 B,2575.0,0,NONE,False,2575.0,0.7363,24,68.48,67.58,5.2812,4.621,0.0,0.6602,8,2.5
15/9-F-15 B,2600.0,0,NONE,False,2600.0,0.7435,24,68.48,67.58,4.453,3.7928,0.0,0.6602,7,2.0
15/9-F-15 B,2625.0,0,NONE,False,2625.0,0.7506,24,68.48,67.58,3.1697,3.1697,0.0,0.0,5,9.0
15/9-F-15 B,2650.0,0,NONE,False,2650.0,0.7578,24,68.48,67.58,3.942,3.942,0.0,0.0,6,0.3
15/9-F-15 B,2675.0,0,NONE,False,2675.0,0.7649,24,68.48,67.58,4.5472,4.5472,0.0,0.0,7,1.0
15/9-F-15 B,2700.0,0,NONE,False,2700.0,0.7721,24,68.48,67.58,1.2677,1.2677,0.0,0.0,2,22.7
15/9-F-15 B,2725.0,0,NONE,False,2725.0,0.7792,24,68.48,67.58,0.6359,0.6359,0.0,0.0,1,17.0
15/9-F-15 B,2750.0,0,NONE,False,2750.0,0.7864,24,68.48,67.58,1.9677,1.9677,0.0,0.0,3,8.0
15/9-F-15 B,2775.0,0,NONE,False,2775.0,0.7935,24,68.48,67.58,1.9888,1.9888,0.0,0.0,3,0.0
15/9-F-15 B,2800.0,0,NONE,False,2800.0,0.8007,24,68.48,67.58,1.3195,1.3195,0.0,0.0,2,18.2
15/9-F-15 B,2825.0,0,NONE,False,2825.0,0.8078,24,68.48,67.58,2.5471,2.5471,0.0,0.0,4,2.0
15/9-F-15 B,2850.0,0,NONE,False,2850.0,0.815,24,68.48,67.58,3.2096,3.2096,0.0,0.0,5,0.0
15/9-F-15 B,2875.0,0,NONE,False,2875.0,0.8221,24,68.48,67.58,4.5633,4.5633,0.0,0.0,7,1.0
15/9-F-15 B,2900.0,0,NONE,False,2900.0,0.8293,24,68.48,67.58,3.3125,3.3125,0.0,0.0,5,15.0
15/9-F-15 B,2925.0,0,NONE,False,2925.0,0.8364,24,68.48,67.58,1.9677,1.2984,0.0,0.6693,3,2.0
15/9-F-15 B,2950.0,0,NONE,False,2950.0,0.8436,24,68.48,67.58,1.3052,0.6359,0.0,0.6693,2,23.0
15/9-F-15 B,2975.0,0,NONE,False,2975.0,0.8507,24,68.48,67.58,1.9077,1.9077,0.0,0.0,3,8.0
15/9-F-15 B,3000.0,0,NONE,False,3000.0,0.8579,24,68.48,67.58,2.5436,2.5436,0.0,0.0,4,17.0
15/9-F-15 B,3025.0,0,NONE,False,3025.0,0.865,24,68.48,67.58,2.5512,2.5512,0.0,0.0,4,0.0
15/9-F-15 B,3050.0,0,NONE,False,3050.0,0.8722,24,68.48,67.58,5.0948,5.0948,0.0,0.0,8,3.0
15/9-F-15 B,3075.0,0,NONE,False,3075.0,0.8793,24,68.48,67.58,3.8104,3.8104,0.0,0.0,6,15.0
15/9-F-15 B,3100.0,0,NONE,False,3100.0,0.8865,24,68.48,67.58,1.2668,1.2668,0.0,0.0,2,10.0
15/9-F-15 B,3125.0,0,NONE,False,3125.0,0.8936,24,68.48,67.58,0.0,0.0,0.0,0.0,0,35.0
15/9-F-15 B,3150.0,0,NONE,False,3150.0,0.9008,24,68.48,67.58,0.6359,0.6359,0.0,0.0,1,11.0
15/9-F-15 B,3175.0,0,NONE,False,3175.0,0.9079,24,68.48,67.58,2.4965,2.4965,0.0,0.0,4,14.0
15/9-F-15 B,3200.0,0,NONE,False,3200.0,0.9151,24,68.48,67.58,2.4944,2.4944,0.0,0.0,4,6.0
15/9-F-15 B,3225.0,0,NONE,False,3225.0,0.9222,24,68.48,67.58,1.8951,1.2592,0.0,0.6359,3,18.0
15/9-F-15 B,3250.0,0,NONE,False,3250.0,0.9294,24,68.48,67.58,1.8972,1.2613,0.0,0.6359,3,2.0
15/9-F-15 B,3275.0,0,NONE,False,3275.0,0.9365,24,68.48,67.58,1.2669,1.2669,0.0,0.0,2,3.0
15/9-F-15 B,3300.0,0,NONE,False,3300.0,0.9437,24,68.48,67.58,1.2564,1.2564,0.0,0.0,2,4.0
15/9-F-15 B,3325.0,0,NONE,False,3325.0,0.9508,24,68.48,67.58,0.6254,0.6254,0.0,0.0,1,6.0
15/9-F-15 B,3350.0,0,NONE,False,3350.0,0.958,24,68.48,67.58,0.0,0.0,0.0,0.0,0,31.0
15/9-F-15 B,3375.0,0,NONE,False,3375.0,0.9651,24,68.48,67.58,0.0,0.0,0.0,0.0,0,56.0
15/9-F-15 B,3400.0,0,NONE,False,3400.0,0.9723,24,68.48,67.58,0.0,0.0,0.0,0.0,0,39.0
15/9-F-15 B,3425.0,0,NONE,False,3425.0,0.9794,24,68.48,67.58,1.2508,1.2508,0.0,0.0,2,14.0
15/9-F-15 B,3450.0,0,NONE,False,3450.0,0.9866,24,68.48,67.58,1.2508,1.2508,0.0,0.0,2,10.0
15/9-F-15 B,3475.0,0,NONE,False,3475.0,0.9937,24,68.48,67.58,0.0,0.0,0.0,0.0,0,35.0
15/9-F-15 C,50.0,0,NONE,False,50.0,0.0155,23,67.07,64.77,3.6574,0.5912,0.0,3.0662,6,0.0
15/9-F-15 C,75.0,0,NONE,False,75.0,0.0232,23,67.07,64.77,3.6096,1.7736,0.0,1.836,6,5.0
15/9-F-15 C,100.0,0,NONE,False,100.0,0.0309,23,67.07,64.77,2.9923,2.9923,0.0,0.0,5,2.0
15/9-F-15 C,125.0,0,NONE,False,125.0,0.0387,23,67.07,64.77,5.5014,5.5014,0.0,0.0,9,0.6
15/9-F-15 C,150.0,0,NONE,False,150.0,0.0464,23,67.07,64.77,5.5129,5.5129,0.0,0.0,9,0.1
15/9-F-15 C,175.0,0,NONE,False,175.0,0.0541,23,67.07,64.77,2.461,1.816,0.0,0.645,4,3.0
15/9-F-15 C,200.0,0,NONE,False,200.0,0.0619,23,67.07,64.77,2.4132,1.7682,0.0,0.645,4,18.0
15/9-F-15 C,225.0,0,NONE,False,225.0,0.0696,23,67.07,64.77,4.24,4.24,0.0,0.0,7,7.0
15/9-F-15 C,250.0,0,NONE,False,250.0,0.0774,23,67.07,64.77,4.3476,4.3476,0.0,0.0,7,1.0
15/9-F-15 C,275.0,0,NONE,False,275.0,0.0851,23,67.07,64.77,3.0348,3.0348,0.0,0.0,5,11.6
15/9-F-15 C,300.0,0,NONE,False,300.0,0.0928,23,67.07,64.77,2.3599,1.7448,0.6151,0.0,4,7.0
15/9-F-15 C,325.0,0,NONE,False,325.0,0.1006,23,67.07,64.77,0.6151,0.0,0.6151,0.0,1,15.0
15/9-F-15 C,350.0,0,NONE,False,350.0,0.1083,23,67.07,64.77,0.0,0.0,0.0,0.0,0,40.0
15/9-F-15 C,375.0,0,NONE,False,375.0,0.116,23,67.07,64.77,0.0,0.0,0.0,0.0,0,65.0
15/9-F-15 C,400.0,0,NONE,False,400.0,0.1238,23,67.07,64.77,0.0,0.0,0.0,0.0,0,90.0
15/9-F-15 C,425.0,0,NONE,False,425.0,0.1315,23,67.07,64.77,0.0,0.0,0.0,0.0,0,115.0
15/9-F-15 C,450.0,0,NONE,False,450.0,0.1392,23,67.07,64.77,0.0,0.0,0.0,0.0,0,128.0
15/9-F-15 C,475.0,0,NONE,False,475.0,0.147,23,67.07,64.77,0.0,0.0,0.0,0.0,0,103.0
15/9-F-15 C,500.0,0,NONE,False,500.0,0.1547,23,67.07,64.77,0.0,0.0,0.0,0.0,0,78.0
15/9-F-15 C,525.0,0,NONE,False,525.0,0.1624,23,67.07,64.77,0.0,0.0,0.0,0.0,0,53.0
15/9-F-15 C,550.0,0,NONE,False,550.0,0.1702,23,67.07,64.77,0.0,0.0,0.0,0.0,0,28.0
15/9-F-15 C,575.0,0,NONE,False,575.0,0.1779,23,67.07,64.77,0.645,0.645,0.0,0.0,1,3.0
15/9-F-15 C,600.0,0,NONE,False,600.0,0.1856,23,67.07,64.77,1.2601,1.2601,0.0,0.0,2,10.0
15/9-F-15 C,625.0,0,NONE,False,625.0,0.1934,23,67.07,64.77,1.2858,0.6151,0.0,0.6707,2,12.0
15/9-F-15 C,650.0,0,NONE,False,650.0,0.2011,23,67.07,64.77,0.6707,0.0,0.0,0.6707,1,13.0
15/9-F-15 C,675.0,0,NONE,False,675.0,0.2088,23,67.07,64.77,0.645,0.645,0.0,0.0,1,10.0
15/9-F-15 C,700.0,0,NONE,False,700.0,0.2166,23,67.07,64.77,0.645,0.645,0.0,0.0,1,15.0
15/9-F-15 C,725.0,0,NONE,False,725.0,0.2243,23,67.07,64.77,0.0,0.0,0.0,0.0,0,29.3
15/9-F-15 C,750.0,0,NONE,False,750.0,0.2321,23,67.07,64.77,0.6151,0.6151,0.0,0.0,1,4.3
15/9-F-15 C,775.0,0,NONE,False,775.0,0.2398,23,67.07,64.77,1.0472,0.6151,0.0,0.4321,2,18.1
15/9-F-15 C,800.0,0,NONE,False,800.0,0.2475,23,67.07,64.77,0.4321,0.0,0.0,0.4321,1,6.9
15/9-F-15 C,825.0,0,NONE,False,825.0,0.2553,23,67.07,64.77,3.3975,3.3975,0.0,0.0,7,4.0
15/9-F-15 C,850.0,0,NONE,False,850.0,0.263,23,67.07,64.77,4.5961,4.5961,0.0,0.0,9,2.0
15/9-F-15 C,875.0,0,NONE,False,875.0,0.2707,23,67.07,64.77,5.3196,5.3196,0.0,0.0,9,3.0
15/9-F-15 C,900.0,0,NONE,False,900.0,0.2785,23,67.07,64.77,5.3512,5.3512,0.0,0.0,9,0.0
15/9-F-15 C,925.0,0,NONE,False,925.0,0.2862,23,67.07,64.77,3.8467,3.8467,0.0,0.0,7,5.0
15/9-F-15 C,950.0,0,NONE,False,950.0,0.2939,23,67.07,64.77,1.3863,1.3863,0.0,0.0,3,20.0
15/9-F-15 C,975.0,0,NONE,False,975.0,0.3017,23,67.07,64.77,0.645,0.645,0.0,0.0,1,25.0
15/9-F-15 C,1000.0,0,NONE,False,1000.0,0.3094,23,67.07,64.77,0.645,0.645,0.0,0.0,1,0.0
15/9-F-15 C,1025.0,0,NONE,False,1025.0,0.3171,23,67.07,64.77,5.4661,5.4661,0.0,0.0,12,25.0
15/9-F-15 C,1050.0,0,NONE,False,1050.0,0.3249,23,67.07,64.77,4.8211,4.8211,0.0,0.0,11,0.0
15/9-F-15 C,1075.0,0,NONE,False,1075.0,0.3326,23,67.07,64.77,4.8211,4.8211,0.0,0.0,11,25.0
15/9-F-15 C,1100.0,0,NONE,False,1100.0,0.3403,23,67.07,64.77,0.4621,0.4621,0.0,0.0,1,20.0
15/9-F-15 C,1125.0,0,NONE,False,1125.0,0.3481,23,67.07,64.77,0.4621,0.4621,0.0,0.0,1,5.0
15/9-F-15 C,1150.0,0,NONE,False,1150.0,0.3558,23,67.07,64.77,0.0,0.0,0.0,0.0,0,30.0
15/9-F-15 C,1175.0,0,NONE,False,1175.0,0.3636,23,67.07,64.77,0.0,0.0,0.0,0.0,0,55.0
15/9-F-15 C,1200.0,0,NONE,False,1200.0,0.3713,23,67.07,64.77,0.0,0.0,0.0,0.0,0,38.0
15/9-F-15 C,1225.0,0,NONE,False,1225.0,0.379,23,67.07,64.77,0.5858,0.0,0.0,0.5858,1,13.0
15/9-F-15 C,1250.0,0,NONE,False,1250.0,0.3868,23,67.07,64.77,0.5858,0.0,0.0,0.5858,1,12.0
15/9-F-15 C,1275.0,0,NONE,False,1275.0,0.3945,23,67.07,64.77,0.6707,0.0,0.0,0.6707,1,5.6
15/9-F-15 C,1300.0,0,NONE,False,1300.0,0.4022,23,67.07,64.77,1.8531,1.1824,0.0,0.6707,3,13.7
15/9-F-15 C,1325.0,0,NONE,False,1325.0,0.41,23,67.07,64.77,1.1824,1.1824,0.0,0.0,2,4.0
15/9-F-15 C,1350.0,0,NONE,False,1350.0,0.4177,23,67.07,64.77,4.3816,3.7671,0.0,0.6145,7,4.0
15/9-F-15 C,1375.0,0,NONE,False,1375.0,0.4254,23,67.07,64.77,4.9961,3.7671,0.0,1.229,8,6.0
15/9-F-15 C,1400.0,0,NONE,False,1400.0,0.4332,23,67.07,64.77,0.6145,0.0,0.0,0.6145,1,19.0
15/9-F-15 C,1425.0,0,NONE,False,1425.0,0.4409,23,67.07,64.77,0.0,0.0,0.0,0.0,0,35.0
15/9-F-15 C,1450.0,0,NONE,False,1450.0,0.4486,23,67.07,64.77,0.5775,0.5775,0.0,0.0,1,10.0
15/9-F-15 C,1475.0,0,NONE,False,1475.0,0.4564,23,67.07,64.77,1.155,0.5775,0.0,0.5775,2,15.0
15/9-F-15 C,1500.0,0,NONE,False,1500.0,0.4641,23,67.07,64.77,0.5775,0.0,0.0,0.5775,1,7.0
15/9-F-15 C,1525.0,0,NONE,False,1525.0,0.4718,23,67.07,64.77,0.6013,0.0,0.0,0.6013,1,7.0
15/9-F-15 C,1550.0,0,NONE,False,1550.0,0.4796,23,67.07,64.77,0.6013,0.0,0.0,0.6013,1,18.0
15/9-F-15 C,1575.0,0,NONE,False,1575.0,0.4873,23,67.07,64.77,0.0,0.0,0.0,0.0,0,43.0
15/9-F-15 C,1600.0,0,NONE,False,1600.0,0.495,23,67.07,64.77,0.0,0.0,0.0,0.0,0,61.0
15/9-F-15 C,1625.0,0,NONE,False,1625.0,0.5028,23,67.07,64.77,0.0,0.0,0.0,0.0,0,36.0
15/9-F-15 C,1650.0,0,NONE,False,1650.0,0.5105,23,67.07,64.77,0.645,0.0,0.0,0.645,1,11.0
15/9-F-15 C,1675.0,0,NONE,False,1675.0,0.5183,23,67.07,64.77,0.645,0.0,0.0,0.645,1,14.0
15/9-F-15 C,1700.0,0,NONE,False,1700.0,0.526,23,67.07,64.77,0.0,0.0,0.0,0.0,0,39.0
15/9-F-15 C,1725.0,0,NONE,False,1725.0,0.5337,23,67.07,64.77,0.0,0.0,0.0,0.0,0,39.0
15/9-F-15 C,1750.0,0,NONE,False,1750.0,0.5415,23,67.07,64.77,0.6013,0.6013,0.0,0.0,1,14.0
15/9-F-15 C,1775.0,0,NONE,False,1775.0,0.5492,23,67.07,64.77,0.6013,0.6013,0.0,0.0,1,11.0
15/9-F-15 C,1800.0,0,NONE,False,1800.0,0.5569,23,67.07,64.77,0.0,0.0,0.0,0.0,0,36.0
15/9-F-15 C,1825.0,0,NONE,False,1825.0,0.5647,23,67.07,64.77,0.0,0.0,0.0,0.0,0,42.0
15/9-F-15 C,1850.0,0,NONE,False,1850.0,0.5724,23,67.07,64.77,0.5858,0.5858,0.0,0.0,1,17.0
15/9-F-15 C,1875.0,0,NONE,False,1875.0,0.5801,23,67.07,64.77,1.2308,0.5858,0.0,0.645,2,2.0
15/9-F-15 C,1900.0,0,NONE,False,1900.0,0.5879,23,67.07,64.77,0.645,0.0,0.0,0.645,1,23.0
15/9-F-15 C,1925.0,0,NONE,False,1925.0,0.5956,23,67.07,64.77,0.0,0.0,0.0,0.0,0,48.0
15/9-F-15 C,1950.0,0,NONE,False,1950.0,0.6033,23,67.07,64.77,0.0,0.0,0.0,0.0,0,73.0
15/9-F-15 C,1975.0,0,NONE,False,1975.0,0.6111,23,67.07,64.77,0.0,0.0,0.0,0.0,0,59.0
15/9-F-15 C,2000.0,0,NONE,False,2000.0,0.6188,23,67.07,64.77,0.0,0.0,0.0,0.0,0,34.0
15/9-F-15 C,2025.0,0,NONE,False,2025.0,0.6265,23,67.07,64.77,0.6145,0.6145,0.0,0.0,1,9.0
15/9-F-15 C,2050.0,0,NONE,False,2050.0,0.6343,23,67.07,64.77,0.6145,0.6145,0.0,0.0,1,16.0
15/9-F-15 C,2075.0,0,NONE,False,2075.0,0.642,23,67.07,64.77,0.5948,0.5948,0.0,0.0,1,25.0
15/9-F-15 C,2100.0,0,NONE,False,2100.0,0.6498,23,67.07,64.77,0.5948,0.5948,0.0,0.0,1,0.0
15/9-F-15 C,2125.0,0,NONE,False,2125.0,0.6575,23,67.07,64.77,0.5948,0.5948,0.0,0.0,1,25.0
15/9-F-15 C,2150.0,0,NONE,False,2150.0,0.6652,23,67.07,64.77,0.5816,0.5816,0.0,0.0,1,14.0
15/9-F-15 C,2175.0,0,NONE,False,2175.0,0.673,23,67.07,64.77,1.754,1.1678,0.0,0.5862,3,11.0
15/9-F-15 C,2200.0,0,NONE,False,2200.0,0.6807,23,67.07,64.77,2.3444,1.172,0.0,1.1724,4,1.0
15/9-F-15 C,2225.0,0,NONE,False,2225.0,0.6884,23,67.07,64.77,1.7668,0.5858,0.0,1.181,3,6.0
15/9-F-15 C,2250.0,0,NONE,False,2250.0,0.6962,23,67.07,64.77,1.1806,0.5858,0.0,0.5948,2,2.0
15/9-F-15 C,2275.0,0,NONE,False,2275.0,0.7039,23,67.07,64.77,0.5858,0.5858,0.0,0.0,1,23.0
15/9-F-15 C,2300.0,0,NONE,False,2300.0,0.7116,23,67.07,64.77,0.0,0.0,0.0,0.0,0,28.0
15/9-F-15 C,2325.0,0,NONE,False,2325.0,0.7194,23,67.07,64.77,0.5858,0.0,0.0,0.5858,1,3.0
15/9-F-15 C,2350.0,0,NONE,False,2350.0,0.7271,23,67.07,64.77,1.1894,0.0,0.0,1.1894,2,12.0
15/9-F-15 C,2375.0,0,NONE,False,2375.0,0.7348,23,67.07,64.77,0.6036,0.0,0.0,0.6036,1,13.0
15/9-F-15 C,2400.0,0,NONE,False,2400.0,0.7426,23,67.07,64.77,0.5948,0.5948,0.0,0.0,1,10.0
15/9-F-15 C,2425.0,0,NONE,False,2425.0,0.7503,23,67.07,64.77,0.5948,0.5948,0.0,0.0,1,15.0
15/9-F-15 C,2450.0,0,NONE,False,2450.0,0.758,23,67.07,64.77,0.0,0.0,0.0,0.0,0,39.2
15/9-F-15 C,2475.0,0,NONE,False,2475.0,0.7658,23,67.07,64.77,0.6036,0.6036,0.0,0.0,1,14.2
15/9-F-15 C,2500.0,0,NONE,False,2500.0,0.7735,23,67.07,64.77,1.8936,1.8936,0.0,0.0,3,10.8
15/9-F-15 C,2525.0,0,NONE,False,2525.0,0.7812,23,67.07,64.77,2.58,2.58,0.0,0.0,4,4.0
15/9-F-15 C,2550.0,0,NONE,False,2550.0,0.789,23,67.07,64.77,4.4276,4.4276,0.0,0.0,7,15.0
15/9-F-15 C,2575.0,0,NONE,False,2575.0,0.7967,23,67.07,64.77,4.9976,4.3605,0.0,0.6371,8,2.5
15/9-F-15 C,2600.0,0,NONE,False,2600.0,0.8045,23,67.07,64.77,4.2086,3.5715,0.0,0.6371,7,2.0
15/9-F-15 C,2625.0,0,NONE,False,2625.0,0.8122,23,67.07,64.77,2.9631,2.9631,0.0,0.0,5,9.0
15/9-F-15 C,2650.0,0,NONE,False,2650.0,0.8199,23,67.07,64.77,3.6649,3.6649,0.0,0.0,6,0.3
15/9-F-15 C,2675.0,1,MUD_LOSS,True,2675.0,0.8277,23,67.07,64.77,3.6362,3.6362,0.0,0.0,6,1.0
15/9-F-15 C,2700.0,0,NONE,False,2700.0,0.8354,23,67.07,64.77,0.5858,0.5858,0.0,0.0,1,24.0
15/9-F-15 C,2725.0,0,NONE,False,2725.0,0.8431,23,67.07,64.77,0.5948,0.5948,0.0,0.0,1,17.0
15/9-F-15 C,2750.0,0,NONE,False,2750.0,0.8509,23,67.07,64.77,1.839,1.839,0.0,0.0,3,8.0
15/9-F-15 C,2775.0,0,NONE,False,2775.0,0.8586,23,67.07,64.77,1.8593,1.8593,0.0,0.0,3,0.0
15/9-F-15 C,2800.0,0,NONE,False,2800.0,0.8663,23,67.07,64.77,1.2296,1.2296,0.0,0.0,2,18.2
15/9-F-15 C,2825.0,0,NONE,False,2825.0,0.8741,23,67.07,64.77,2.3677,2.3677,0.0,0.0,4,2.0
15/9-F-15 C,2850.0,0,NONE,False,2850.0,0.8818,23,67.07,64.77,2.9822,2.9822,0.0,0.0,5,0.0
15/9-F-15 C,2875.0,0,NONE,False,2875.0,0.8895,23,67.07,64.77,4.2441,4.2441,0.0,0.0,7,1.0
15/9-F-15 C,2900.0,0,NONE,False,2900.0,0.8973,23,67.07,64.77,3.0725,3.0725,0.0,0.0,5,15.0
15/9-F-15 C,2925.0,0,NONE,False,2925.0,0.905,23,67.07,64.77,1.839,1.2093,0.0,0.6297,3,2.0
15/9-F-15 C,2950.0,0,NONE,False,2950.0,0.9127,23,67.07,64.77,1.2245,0.5948,0.0,0.6297,2,23.0
15/9-F-15 C,2975.0,0,NONE,False,2975.0,0.9205,23,67.07,64.77,1.7844,1.7844,0.0,0.0,3,8.0
15/9-F-15 C,3000.0,0,NONE,False,3000.0,0.9282,23,67.07,64.77,2.3792,2.3792,0.0,0.0,4,17.0
15/9-F-15 C,3025.0,0,NONE,False,3025.0,0.936,23,67.07,64.77,2.388,2.388,0.0,0.0,4,0.0
15/9-F-15 C,3050.0,0,NONE,False,3050.0,0.9437,23,67.07,64.77,4.7672,4.7672,0.0,0.0,8,3.0
15/9-F-15 C,3075.0,0,NONE,False,3075.0,0.9514,23,67.07,64.77,3.7206,3.7206,0.0,0.0,6,15.0
15/9-F-15 C,3100.0,0,NONE,False,3100.0,0.9592,23,67.07,64.77,1.3414,1.3414,0.0,0.0,2,10.0
15/9-F-15 C,3125.0,0,NONE,False,3125.0,0.9669,23,67.07,64.77,0.0,0.0,0.0,0.0,0,35.0
15/9-F-15 C,3150.0,0,NONE,False,3150.0,0.9746,23,67.07,64.77,0.5948,0.5948,0.0,0.0,1,11.0
15/9-F-15 C,3175.0,0,NONE,False,3175.0,0.9824,23,67.07,64.77,2.3453,2.3453,0.0,0.0,4,14.0
15/9-F-15 C,3200.0,0,NONE,False,3200.0,0.9901,23,67.07,64.77,2.3321,2.3321,0.0,0.0,4,6.0
15/9-F-15 C,3225.0,0,NONE,False,3225.0,0.9978,23,67.07,64.77,1.7622,1.1674,0.0,0.5948,3,18.0
15/9-F-15 D,50.0,1,STUCK_PIPE,True,50.0,0.0107,23,68.67,68.11,2.6565,0.0,0.0,2.6565,4,0.0
15/9-F-15 D,75.0,1,MUD_LOSS,False,75.0,0.016,23,68.67,68.11,1.3127,0.0,0.0,1.3127,2,25.0
15/9-F-15 D,100.0,0,NONE,False,100.0,0.0213,23,68.67,68.11,1.3523,1.3523,0.0,0.0,2,19.5
15/9-F-15 D,125.0,0,NONE,False,125.0,0.0267,23,68.67,68.11,6.0726,6.0726,0.0,0.0,9,0.6
15/9-F-15 D,150.0,0,NONE,False,150.0,0.032,23,68.67,68.11,6.0641,6.0641,0.0,0.0,9,0.1
15/9-F-15 D,175.0,0,NONE,False,175.0,0.0374,23,68.67,68.11,2.6411,2.0114,0.0,0.6297,4,3.0
15/9-F-15 D,200.0,1,MUD_LOSS,False,200.0,0.0427,23,68.67,68.11,1.2973,0.6676,0.0,0.6297,2,20.0
15/9-F-15 D,225.0,1,MUD_LOSS,True,225.0,0.048,23,68.67,68.11,1.9735,1.9735,0.0,0.0,3,13.7
15/9-F-15 D,250.0,0,NONE,False,250.0,0.0534,23,68.67,68.11,3.2329,3.2329,0.0,0.0,5,1.0
15/9-F-15 D,275.0,0,NONE,False,275.0,0.0587,23,68.67,68.11,3.1482,3.1482,0.0,0.0,5,11.6
15/9-F-15 D,300.0,0,NONE,False,300.0,0.064,23,68.67,68.11,2.5607,1.8888,0.6719,0.0,4,7.0
15/9-F-15 D,325.0,0,NONE,False,325.0,0.0694,23,68.67,68.11,0.6719,0.0,0.6719,0.0,1,15.0
15/9-F-15 D,350.0,0,NONE,False,350.0,0.0747,23,68.67,68.11,0.0,0.0,0.0,0.0,0,40.0
15/9-F-15 D,375.0,0,NONE,False,375.0,0.08,23,68.67,68.11,0.0,0.0,0.0,0.0,0,65.0
15/9-F-15 D,400.0,0,NONE,False,400.0,0.0854,23,68.67,68.11,0.0,0.0,0.0,0.0,0,90.0
15/9-F-15 D,425.0,0,NONE,False,425.0,0.0907,23,68.67,68.11,0.0,0.0,0.0,0.0,0,115.0
15/9-F-15 D,450.0,0,NONE,False,450.0,0.0961,23,68.67,68.11,0.0,0.0,0.0,0.0,0,128.0
15/9-F-15 D,475.0,0,NONE,False,475.0,0.1014,23,68.67,68.11,0.0,0.0,0.0,0.0,0,103.0
15/9-F-15 D,500.0,0,NONE,False,500.0,0.1067,23,68.67,68.11,0.0,0.0,0.0,0.0,0,78.0
15/9-F-15 D,525.0,0,NONE,False,525.0,0.1121,23,68.67,68.11,0.0,0.0,0.0,0.0,0,53.0
15/9-F-15 D,550.0,0,NONE,False,550.0,0.1174,23,68.67,68.11,0.0,0.0,0.0,0.0,0,28.0
15/9-F-15 D,575.0,0,NONE,False,575.0,0.1227,23,68.67,68.11,0.6297,0.6297,0.0,0.0,1,3.0
15/9-F-15 D,600.0,0,NONE,False,600.0,0.1281,23,68.67,68.11,1.3016,1.3016,0.0,0.0,2,10.0
15/9-F-15 D,625.0,0,NONE,False,625.0,0.1334,23,68.67,68.11,1.2717,0.6719,0.0,0.5998,2,12.0
15/9-F-15 D,650.0,0,NONE,False,650.0,0.1387,23,68.67,68.11,0.5998,0.0,0.0,0.5998,1,13.0
15/9-F-15 D,675.0,0,NONE,False,675.0,0.1441,23,68.67,68.11,0.6297,0.6297,0.0,0.0,1,10.0
15/9-F-15 D,700.0,0,NONE,False,700.0,0.1494,23,68.67,68.11,0.6297,0.6297,0.0,0.0,1,15.0
15/9-F-15 D,725.0,0,NONE,False,725.0,0.1547,23,68.67,68.11,0.0,0.0,0.0,0.0,0,29.3
15/9-F-15 D,750.0,0,NONE,False,750.0,0.1601,23,68.67,68.11,0.6719,0.6719,0.0,0.0,1,4.3
15/9-F-15 D,775.0,0,NONE,False,775.0,0.1654,23,68.67,68.11,1.0704,0.6719,0.0,0.3985,2,18.1
15/9-F-15 D,800.0,0,NONE,False,800.0,0.1708,23,68.67,68.11,0.3985,0.0,0.0,0.3985,1,6.9
15/9-F-15 D,825.0,0,NONE,False,825.0,0.1761,23,68.67,68.11,3.3391,3.3391,0.0,0.0,7,4.0
15/9-F-15 D,850.0,0,NONE,False,850.0,0.1814,23,68.67,68.11,4.697,4.697,0.0,0.0,9,2.0
15/9-F-15 D,875.0,0,NONE,False,875.0,0.1868,23,68.67,68.11,5.7597,5.7597,0.0,0.0,9,3.0
15/9-F-15 D,900.0,0,NONE,False,900.0,0.1921,23,68.67,68.11,5.7456,5.7456,0.0,0.0,9,0.0
15/9-F-15 D,925.0,0,NONE,False,925.0,0.1974,23,68.67,68.11,4.0724,4.0724,0.0,0.0,7,5.0
15/9-F-15 D,950.0,0,NONE,False,950.0,0.2028,23,68.67,68.11,1.3848,1.3848,0.0,0.0,3,20.0
15/9-F-15 D,975.0,0,NONE,False,975.0,0.2081,23,68.67,68.11,0.6297,0.6297,0.0,0.0,1,25.0
15/9-F-15 D,1000.0,0,NONE,False,1000.0,0.2134,23,68.67,68.11,0.6297,0.6297,0.0,0.0,1,0.0
15/9-F-15 D,1025.0,0,NONE,False,1025.0,0.2188,23,68.67,68.11,5.0412,5.0412,0.0,0.0,12,25.0
15/9-F-15 D,1050.0,0,NONE,False,1050.0,0.2241,23,68.67,68.11,4.4115,4.4115,0.0,0.0,11,0.0
15/9-F-15 D,1075.0,0,NONE,False,1075.0,0.2295,23,68.67,68.11,4.4115,4.4115,0.0,0.0,11,25.0
15/9-F-15 D,1100.0,0,NONE,False,1100.0,0.2348,23,68.67,68.11,0.4616,0.4616,0.0,0.0,1,20.0
15/9-F-15 D,1125.0,0,NONE,False,1125.0,0.2401,23,68.67,68.11,0.4616,0.4616,0.0,0.0,1,5.0
15/9-F-15 D,1150.0,0,NONE,False,1150.0,0.2455,23,68.67,68.11,0.0,0.0,0.0,0.0,0,30.0
15/9-F-15 D,1175.0,0,NONE,False,1175.0,0.2508,23,68.67,68.11,0.0,0.0,0.0,0.0,0,55.0
15/9-F-15 D,1200.0,0,NONE,False,1200.0,0.2561,23,68.67,68.11,0.0,0.0,0.0,0.0,0,38.0
15/9-F-15 D,1225.0,0,NONE,False,1225.0,0.2615,23,68.67,68.11,0.6676,0.0,0.0,0.6676,1,13.0
15/9-F-15 D,1250.0,0,NONE,False,1250.0,0.2668,23,68.67,68.11,0.6676,0.0,0.0,0.6676,1,12.0
15/9-F-15 D,1275.0,0,NONE,False,1275.0,0.2721,23,68.67,68.11,0.5998,0.0,0.0,0.5998,1,5.6
15/9-F-15 D,1300.0,1,MUD_LOSS,True,1300.0,0.2775,23,68.67,68.11,0.5998,0.0,0.0,0.5998,1,19.4
15/9-F-15 D,1325.0,0,NONE,False,1325.0,0.2828,23,68.67,68.11,0.0,0.0,0.0,0.0,0,29.0
15/9-F-15 D,1350.0,0,NONE,False,1350.0,0.2882,23,68.67,68.11,4.5308,3.8667,0.0,0.6641,7,4.0
15/9-F-15 D,1375.0,0,NONE,False,1375.0,0.2935,23,68.67,68.11,5.1949,3.8667,0.0,1.3282,8,6.0
15/9-F-15 D,1400.0,0,NONE,False,1400.0,0.2988,23,68.67,68.11,0.6641,0.0,0.0,0.6641,1,19.0
15/9-F-15 D,1425.0,0,NONE,False,1425.0,0.3042,23,68.67,68.11,0.0,0.0,0.0,0.0,0,35.0
15/9-F-15 D,1450.0,0,NONE,False,1450.0,0.3095,23,68.67,68.11,0.5734,0.5734,0.0,0.0,1,10.0
15/9-F-15 D,1475.0,0,NONE,False,1475.0,0.3148,23,68.67,68.11,1.1468,0.5734,0.0,0.5734,2,15.0
15/9-F-15 D,1500.0,0,NONE,False,1500.0,0.3202,23,68.67,68.11,0.5734,0.0,0.0,0.5734,1,7.0
15/9-F-15 D,1525.0,0,NONE,False,1525.0,0.3255,23,68.67,68.11,0.6803,0.0,0.0,0.6803,1,7.0
15/9-F-15 D,1550.0,0,NONE,False,1550.0,0.3308,23,68.67,68.11,0.6803,0.0,0.0,0.6803,1,18.0
15/9-F-15 D,1575.0,0,NONE,False,1575.0,0.3362,23,68.67,68.11,0.0,0.0,0.0,0.0,0,43.0
15/9-F-15 D,1600.0,0,NONE,False,1600.0,0.3415,23,68.67,68.11,0.0,0.0,0.0,0.0,0,61.0
15/9-F-15 D,1625.0,0,NONE,False,1625.0,0.3469,23,68.67,68.11,0.0,0.0,0.0,0.0,0,36.0
15/9-F-15 D,1650.0,0,NONE,False,1650.0,0.3522,23,68.67,68.11,0.6297,0.0,0.0,0.6297,1,11.0
15/9-F-15 D,1675.0,0,NONE,False,1675.0,0.3575,23,68.67,68.11,0.6297,0.0,0.0,0.6297,1,14.0
15/9-F-15 D,1700.0,0,NONE,False,1700.0,0.3629,23,68.67,68.11,0.0,0.0,0.0,0.0,0,39.0
15/9-F-15 D,1725.0,0,NONE,False,1725.0,0.3682,23,68.67,68.11,0.0,0.0,0.0,0.0,0,39.0
15/9-F-15 D,1750.0,0,NONE,False,1750.0,0.3735,23,68.67,68.11,0.6803,0.6803,0.0,0.0,1,14.0
15/9-F-15 D,1775.0,0,NONE,False,1775.0,0.3789,23,68.67,68.11,0.6803,0.6803,0.0,0.0,1,11.0
15/9-F-15 D,1800.0,0,NONE,False,1800.0,0.3842,23,68.67,68.11,0.0,0.0,0.0,0.0,0,36.0
15/9-F-15 D,1825.0,0,NONE,False,1825.0,0.3895,23,68.67,68.11,0.0,0.0,0.0,0.0,0,42.0
15/9-F-15 D,1850.0,0,NONE,False,1850.0,0.3949,23,68.67,68.11,0.6676,0.6676,0.0,0.0,1,17.0
15/9-F-15 D,1875.0,0,NONE,False,1875.0,0.4002,23,68.67,68.11,1.2973,0.6676,0.0,0.6297,2,2.0
15/9-F-15 D,1900.0,0,NONE,False,1900.0,0.4055,23,68.67,68.11,0.6297,0.0,0.0,0.6297,1,23.0
15/9-F-15 D,1925.0,0,NONE,False,1925.0,0.4109,23,68.67,68.11,0.0,0.0,0.0,0.0,0,48.0
15/9-F-15 D,1950.0,0,NONE,False,1950.0,0.4162,23,68.67,68.11,0.0,0.0,0.0,0.0,0,73.0
15/9-F-15 D,1975.0,0,NONE,False,1975.0,0.4216,23,68.67,68.11,0.0,0.0,0.0,0.0,0,59.0
15/9-F-15 D,2000.0,0,NONE,False,2000.0,0.4269,23,68.67,68.11,0.0,0.0,0.0,0.0,0,34.0
15/9-F-15 D,2025.0,0,NONE,False,2025.0,0.4322,23,68.67,68.11,0.6641,0.6641,0.0,0.0,1,9.0
15/9-F-15 D,2050.0,0,NONE,False,2050.0,0.4376,23,68.67,68.11,0.6641,0.6641,0.0,0.0,1,16.0
15/9-F-15 D,2075.0,0,NONE,False,2075.0,0.4429,23,68.67,68.11,0.5741,0.5741,0.0,0.0,1,25.0
15/9-F-15 D,2100.0,0,NONE,False,2100.0,0.4482,23,68.67,68.11,0.5741,0.5741,0.0,0.0,1,0.0
15/9-F-15 D,2125.0,0,NONE,False,2125.0,0.4536,23,68.67,68.11,0.5741,0.5741,0.0,0.0,1,25.0
15/9-F-15 D,2150.0,0,NONE,False,2150.0,0.4589,23,68.67,68.11,0.6296,0.6296,0.0,0.0,1,14.0
15/9-F-15 D,2175.0,0,NONE,False,2175.0,0.4642,23,68.67,68.11,1.887,1.2583,0.0,0.6287,3,11.0
15/9-F-15 D,2200.0,0,NONE,False,2200.0,0.4696,23,68.67,68.11,2.5537,1.2963,0.0,1.2574,4,1.0
15/9-F-15 D,2225.0,0,NONE,False,2225.0,0.4749,23,68.67,68.11,1.8704,0.6676,0.0,1.2028,3,6.0
15/9-F-15 D,2250.0,0,NONE,False,2250.0,0.4803,23,68.67,68.11,1.2417,0.6676,0.0,0.5741,2,2.0
15/9-F-15 D,2275.0,0,NONE,False,2275.0,0.4856,23,68.67,68.11,0.6676,0.6676,0.0,0.0,1,23.0
15/9-F-15 D,2300.0,0,NONE,False,2300.0,0.4909,23,68.67,68.11,0.0,0.0,0.0,0.0,0,28.0
15/9-F-15 D,2325.0,0,NONE,False,2325.0,0.4963,23,68.67,68.11,0.6676,0.0,0.0,0.6676,1,3.0
15/9-F-15 D,2350.0,0,NONE,False,2350.0,0.5016,23,68.67,68.11,1.348,0.0,0.0,1.348,2,12.0
15/9-F-15 D,2375.0,0,NONE,False,2375.0,0.5069,23,68.67,68.11,0.6804,0.0,0.0,0.6804,1,13.0
15/9-F-15 D,2400.0,0,NONE,False,2400.0,0.5123,23,68.67,68.11,0.5741,0.5741,0.0,0.0,1,10.0
15/9-F-15 D,2425.0,0,NONE,False,2425.0,0.5176,23,68.67,68.11,0.5741,0.5741,0.0,0.0,1,15.0
15/9-F-15 D,2450.0,0,NONE,False,2450.0,0.5229,23,68.67,68.11,0.0,0.0,0.0,0.0,0,39.2
15/9-F-15 D,2475.0,0,NONE,False,2475.0,0.5283,23,68.67,68.11,0.6804,0.6804,0.0,0.0,1,14.2
15/9-F-15 D,2500.0,0,NONE,False,2500.0,0.5336,23,68.67,68.11,1.9398,1.9398,0.0,0.0,3,10.8
15/9-F-15 D,2525.0,0,NONE,False,2525.0,0.539,23,68.67,68.11,2.5188,2.5188,0.0,0.0,4,4.0
15/9-F-15 D,2550.0,0,NONE,False,2550.0,0.5443,23,68.67,68.11,4.5091,4.5091,0.0,0.0,7,15.0
15/9-F-15 D,2575.0,0,NONE,False,2575.0,0.5496,23,68.67,68.11,5.1673,4.5423,0.0,0.625,8,2.5
15/9-F-15 D,2600.0,1,MUD_LOSS,False,2600.0,0.555,23,68.67,68.11,3.9204,3.2954,0.0,0.625,6,2.0
15/9-F-15 D,2625.0,0,NONE,False,2625.0,0.5603,23,68.67,68.11,2.6669,2.6669,0.0,0.0,4,9.0
15/9-F-15 D,2650.0,0,NONE,False,2650.0,0.5656,23,68.67,68.11,3.8257,3.8257,0.0,0.0,6,0.3
15/9-F-15 D,2675.0,0,NONE,False,2675.0,0.571,23,68.67,68.11,4.4204,4.4204,0.0,0.0,7,1.0
15/9-F-15 D,2700.0,0,NONE,False,2700.0,0.5763,23,68.67,68.11,1.2588,1.2588,0.0,0.0,2,22.7
15/9-F-15 D,2725.0,0,NONE,False,2725.0,0.5816,23,68.67,68.11,0.5741,0.5741,0.0,0.0,1,17.0
15/9-F-15 D,2750.0,0,NONE,False,2750.0,0.587,23,68.67,68.11,1.879,1.879,0.0,0.0,3,8.0
15/9-F-15 D,2775.0,0,NONE,False,2775.0,0.5923,23,68.67,68.11,1.9768,1.9768,0.0,0.0,3,0.0
15/9-F-15 D,2800.0,0,NONE,False,2800.0,0.5977,23,68.67,68.11,1.336,1.336,0.0,0.0,2,18.2
15/9-F-15 D,2825.0,0,NONE,False,2825.0,0.603,23,68.67,68.11,2.6289,2.6289,0.0,0.0,4,2.0
15/9-F-15 D,2850.0,0,NONE,False,2850.0,0.6083,23,68.67,68.11,3.293,3.293,0.0,0.0,5,0.0
15/9-F-15 D,2875.0,0,NONE,False,2875.0,0.6137,23,68.67,68.11,4.6557,4.6557,0.0,0.0,7,1.0
15/9-F-15 D,2900.0,0,NONE,False,2900.0,0.619,23,68.67,68.11,3.3205,3.3205,0.0,0.0,5,15.0
15/9-F-15 D,2925.0,0,NONE,False,2925.0,0.6243,23,68.67,68.11,1.879,1.2382,0.0,0.6408,3,2.0
15/9-F-15 D,2950.0,0,NONE,False,2950.0,0.6297,23,68.67,68.11,1.2149,0.5741,0.0,0.6408,2,23.0
15/9-F-15 D,2975.0,0,NONE,False,2975.0,0.635,23,68.67,68.11,1.7223,1.7223,0.0,0.0,3,8.0
15/9-F-15 D,3000.0,0,NONE,False,3000.0,0.6403,23,68.67,68.11,2.2964,2.2964,0.0,0.0,4,17.0
15/9-F-15 D,3025.0,0,NONE,False,3025.0,0.6457,23,68.67,68.11,2.4027,2.4027,0.0,0.0,4,0.0
15/9-F-15 D,3050.0,0,NONE,False,3050.0,0.651,23,68.67,68.11,4.6991,4.6991,0.0,0.0,8,3.0
15/9-F-15 D,3075.0,0,NONE,False,3075.0,0.6564,23,68.67,68.11,3.496,3.496,0.0,0.0,6,15.0
15/9-F-15 D,3100.0,0,NONE,False,3100.0,0.6617,23,68.67,68.11,1.1996,1.1996,0.0,0.0,2,10.0
15/9-F-15 D,3125.0,0,NONE,False,3125.0,0.667,23,68.67,68.11,0.0,0.0,0.0,0.0,0,35.0
15/9-F-15 D,3150.0,0,NONE,False,3150.0,0.6724,23,68.67,68.11,0.5741,0.5741,0.0,0.0,1,11.0
15/9-F-15 D,3175.0,0,NONE,False,3175.0,0.6777,23,68.67,68.11,2.6321,2.6321,0.0,0.0,4,14.0
15/9-F-15 D,3200.0,0,NONE,False,3200.0,0.683,23,68.67,68.11,2.6876,2.6876,0.0,0.0,4,6.0
15/9-F-15 D,3225.0,0,NONE,False,3225.0,0.6884,23,68.67,68.11,1.8713,1.2972,0.0,0.5741,3,18.0
15/9-F-15 D,3250.0,0,NONE,False,3250.0,0.6937,23,68.67,68.11,1.8158,1.2417,0.0,0.5741,3,2.0
15/9-F-15 D,3275.0,1,MUD_LOSS,False,3275.0,0.699,23,68.67,68.11,0.5741,0.5741,0.0,0.0,1,3.0
15/9-F-15 D,3300.0,0,NONE,False,3300.0,0.7044,23,68.67,68.11,0.6676,0.6676,0.0,0.0,1,19.0
15/9-F-15 D,3325.0,0,NONE,False,3325.0,0.7097,23,68.67,68.11,0.6676,0.6676,0.0,0.0,1,6.0
15/9-F-15 D,3350.0,0,NONE,False,3350.0,0.715,23,68.67,68.11,0.0,0.0,0.0,0.0,0,31.0
15/9-F-15 D,3375.0,0,NONE,False,3375.0,0.7204,23,68.67,68.11,0.0,0.0,0.0,0.0,0,56.0
15/9-F-15 D,3400.0,0,NONE,False,3400.0,0.7257,23,68.67,68.11,0.0,0.0,0.0,0.0,0,39.0
15/9-F-15 D,3425.0,0,NONE,False,3425.0,0.7311,23,68.67,68.11,1.3352,1.3352,0.0,0.0,2,14.0
15/9-F-15 D,3450.0,0,NONE,False,3450.0,0.7364,23,68.67,68.11,1.3352,1.3352,0.0,0.0,2,10.0
15/9-F-15 D,3475.0,0,NONE,False,3475.0,0.7417,23,68.67,68.11,0.0,0.0,0.0,0.0,0,35.0
15/9-F-15 D,3500.0,0,NONE,False,3500.0,0.7471,23,68.67,68.11,0.0,0.0,0.0,0.0,0,58.0
15/9-F-15 D,3525.0,0,NONE,False,3525.0,0.7524,23,68.67,68.11,0.0,0.0,0.0,0.0,0,33.0
15/9-F-15 D,3550.0,0,NONE,False,3550.0,0.7577,23,68.67,68.11,0.6296,0.0,0.0,0.6296,1,8.0
15/9-F-15 D,3575.0,0,NONE,False,3575.0,0.7631,23,68.67,68.11,1.9233,1.2937,0.0,0.6296,3,6.0
15/9-F-15 D,3600.0,0,NONE,False,3600.0,0.7684,23,68.67,68.11,1.2937,1.2937,0.0,0.0,2,19.0
15/9-F-15 D,3625.0,0,NONE,False,3625.0,0.7737,23,68.67,68.11,0.6641,0.6641,0.0,0.0,1,7.0
15/9-F-15 D,3650.0,0,NONE,False,3650.0,0.7791,23,68.67,68.11,5.8862,5.3128,0.0,0.5734,9,10.0
15/9-F-15 D,3675.0,0,NONE,False,3675.0,0.7844,23,68.67,68.11,5.8862,5.3128,0.0,0.5734,9,7.5
15/9-F-15 D,3700.0,0,NONE,False,3700.0,0.7898,23,68.67,68.11,1.3282,1.3282,0.0,0.0,2,7.2
15/9-F-15 D,3725.0,0,NONE,False,3725.0,0.7951,23,68.67,68.11,1.9923,1.9923,0.0,0.0,3,9.0
15/9-F-15 D,3750.0,0,NONE,False,3750.0,0.8004,23,68.67,68.11,2.0149,2.0149,0.0,0.0,3,4.0
15/9-F-15 D,3775.0,0,NONE,False,3775.0,0.8058,23,68.67,68.11,2.6783,2.6783,0.0,0.0,4,7.0
15/9-F-15 D,3800.0,0,NONE,False,3800.0,0.8111,23,68.67,68.11,2.6212,1.9916,0.0,0.6296,4,6.0
15/9-F-15 D,3825.0,0,NONE,False,3825.0,0.8164,23,68.67,68.11,1.2937,0.6641,0.0,0.6296,2,1.0
15/9-F-15 D,3850.0,0,NONE,False,3850.0,0.8218,23,68.67,68.11,2.0142,1.3501,0.0,0.6641,3,6.0
15/9-F-15 D,3875.0,0,NONE,False,3875.0,0.8271,23,68.67,68.11,1.3501,0.686,0.0,0.6641,2,7.3
15/9-F-15 D,3900.0,0,NONE,False,3900.0,0.8324,23,68.67,68.11,0.0,0.0,0.0,0.0,0,32.3
15/9-F-15 D,3925.0,0,NONE,False,3925.0,0.8378,23,68.67,68.11,0.0,0.0,0.0,0.0,0,57.3
15/9-F-15 D,3950.0,0,NONE,False,3950.0,0.8431,23,68.67,68.11,0.0,0.0,0.0,0.0,0,75.0
15/9-F-15 D,3975.0,0,NONE,False,3975.0,0.8485,23,68.67,68.11,0.0,0.0,0.0,0.0,0,50.0
15/9-F-15 D,4000.0,0,NONE,False,4000.0,0.8538,23,68.67,68.11,0.6296,0.0,0.0,0.6296,1,25.0
15/9-F-15 D,4025.0,0,NONE,False,4025.0,0.8591,23,68.67,68.11,2.552,1.2928,0.0,1.2592,4,0.0
15/9-F-15 D,4050.0,0,NONE,False,4050.0,0.8645,23,68.67,68.11,4.5443,3.2851,0.0,1.2592,7,0.0
15/9-F-15 D,4075.0,0,NONE,False,4075.0,0.8698,23,68.67,68.11,6.5594,4.6706,0.0,1.8888,10,8.0
15/9-F-15 D,4100.0,0,NONE,False,4100.0,0.8751,23,68.67,68.11,4.5317,2.0142,0.0,2.5175,7,5.0
15/9-F-15 D,4125.0,0,NONE,False,4125.0,0.8805,23,68.67,68.11,1.2583,0.0,0.0,1.2583,2,2.0
15/9-F-15 D,4150.0,0,NONE,False,4150.0,0.8858,23,68.67,68.11,0.6296,0.0,0.0,0.6296,1,20.0
15/9-F-15 D,4175.0,0,NONE,False,4175.0,0.8911,23,68.67,68.11,0.0,0.0,0.0,0.0,0,45.0
15/9-F-15 D,4200.0,0,NONE,False,4200.0,0.8965,23,68.67,68.11,0.0,0.0,0.0,0.0,0,54.0
15/9-F-15 D,4225.0,0,NONE,False,4225.0,0.9018,23,68.67,68.11,0.0,0.0,0.0,0.0,0,29.0
15/9-F-15 D,4250.0,0,NONE,False,4250.0,0.9072,23,68.67,68.11,0.686,0.686,0.0,0.0,1,4.0
15/9-F-15 D,4275.0,0,NONE,False,4275.0,0.9125,23,68.67,68.11,0.686,0.686,0.0,0.0,1,21.0
15/9-F-15 D,4300.0,0,NONE,False,4300.0,0.9178,23,68.67,68.11,0.0,0.0,0.0,0.0,0,46.0
15/9-F-15 D,4325.0,0,NONE,False,4325.0,0.9232,23,68.67,68.11,0.0,0.0,0.0,0.0,0,71.0
15/9-F-15 D,4350.0,0,NONE,False,4350.0,0.9285,23,68.67,68.11,0.0,0.0,0.0,0.0,0,96.0
15/9-F-15 D,4375.0,0,NONE,False,4375.0,0.9338,23,68.67,68.11,0.0,0.0,0.0,0.0,0,121.0
15/9-F-15 D,4400.0,0,NONE,False,4400.0,0.9392,23,68.67,68.11,0.0,0.0,0.0,0.0,0,146.0
15/9-F-15 D,4425.0,0,NONE,False,4425.0,0.9445,23,68.67,68.11,0.0,0.0,0.0,0.0,0,171.0
15/9-F-15 D,4450.0,0,NONE,False,4450.0,0.9498,23,68.67,68.11,0.0,0.0,0.0,0.0,0,196.0
15/9-F-15 D,4475.0,0,NONE,False,4475.0,0.9552,23,68.67,68.11,0.0,0.0,0.0,0.0,0,221.0
15/9-F-15 D,4500.0,0,NONE,False,4500.0,0.9605,23,68.67,68.11,0.0,0.0,0.0,0.0,0,245.0
15/9-F-15 D,4525.0,0,NONE,False,4525.0,0.9658,23,68.67,68.11,0.0,0.0,0.0,0.0,0,220.0
15/9-F-15 D,4550.0,0,NONE,False,4550.0,0.9712,23,68.67,68.11,0.0,0.0,0.0,0.0,0,195.0
15/9-F-15 D,4575.0,0,NONE,False,4575.0,0.9765,23,68.67,68.11,0.0,0.0,0.0,0.0,0,170.0
15/9-F-15 D,4600.0,0,NONE,False,4600.0,0.9819,23,68.67,68.11,0.0,0.0,0.0,0.0,0,145.0
15/9-F-15 D,4625.0,0,NONE,False,4625.0,0.9872,23,68.67,68.11,0.0,0.0,0.0,0.0,0,120.0
15/9-F-15 D,4650.0,0,NONE,False,4650.0,0.9925,23,68.67,68.11,0.0,0.0,0.0,0.0,0,95.0
15/9-F-15 D,4675.0,0,NONE,False,4675.0,0.9979,23,68.67,68.11,0.0,0.0,0.0,0.0,0,70.0
15/9-F-4,50.0,0,NONE,False,50.0,0.0142,23,69.75,68.34,3.9206,0.6314,0.0,3.2892,6,0.0
15/9-F-4,75.0,0,NONE,False,75.0,0.0214,23,69.75,68.34,3.8682,1.8942,0.0,1.974,6,5.0
15/9-F-4,100.0,0,NONE,False,100.0,0.0285,23,69.75,68.34,3.1963,3.1963,0.0,0.0,5,2.0
15/9-F-4,125.0,0,NONE,False,125.0,0.0356,23,69.75,68.34,5.8791,5.8791,0.0,0.0,9,0.6
15/9-F-4,150.0,0,NONE,False,150.0,0.0427,23,69.75,68.34,5.8922,5.8922,0.0,0.0,9,0.1
15/9-F-4,175.0,0,NONE,False,175.0,0.0499,23,69.75,68.34,2.6257,1.9282,0.0,0.6975,4,3.0
15/9-F-4,200.0,0,NONE,False,200.0,0.057,23,69.75,68.34,2.5733,1.8758,0.0,0.6975,4,18.0
15/9-F-4,225.0,0,NONE,False,225.0,0.0641,23,69.75,68.34,4.5383,4.5383,0.0,0.0,7,7.0
15/9-F-4,250.0,0,NONE,False,250.0,0.0712,23,69.75,68.34,4.6705,4.6705,0.0,0.0,7,1.0
15/9-F-4,275.0,0,NONE,False,275.0,0.0783,23,69.75,68.34,3.2904,3.2904,0.0,0.0,5,11.6
15/9-F-4,300.0,0,NONE,False,300.0,0.0855,23,69.75,68.34,2.553,1.8954,0.6576,0.0,4,7.0
15/9-F-4,325.0,0,NONE,False,325.0,0.0926,23,69.75,68.34,0.6576,0.0,0.6576,0.0,1,15.0
15/9-F-4,350.0,0,NONE,False,350.0,0.0997,23,69.75,68.34,0.0,0.0,0.0,0.0,0,40.0
15/9-F-4,375.0,0,NONE,False,375.0,0.1068,23,69.75,68.34,0.0,0.0,0.0,0.0,0,65.0
15/9-F-4,400.0,0,NONE,False,400.0,0.114,23,69.75,68.34,0.0,0.0,0.0,0.0,0,90.0
15/9-F-4,425.0,0,NONE,False,425.0,0.1211,23,69.75,68.34,0.0,0.0,0.0,0.0,0,115.0
15/9-F-4,450.0,0,NONE,False,450.0,0.1282,23,69.75,68.34,0.0,0.0,0.0,0.0,0,128.0
15/9-F-4,475.0,0,NONE,False,475.0,0.1353,23,69.75,68.34,0.0,0.0,0.0,0.0,0,103.0
15/9-F-4,500.0,0,NONE,False,500.0,0.1425,23,69.75,68.34,0.0,0.0,0.0,0.0,0,78.0
15/9-F-4,525.0,0,NONE,False,525.0,0.1496,23,69.75,68.34,0.0,0.0,0.0,0.0,0,53.0
15/9-F-4,550.0,0,NONE,False,550.0,0.1567,23,69.75,68.34,0.0,0.0,0.0,0.0,0,28.0
15/9-F-4,575.0,0,NONE,False,575.0,0.1638,23,69.75,68.34,0.6975,0.6975,0.0,0.0,1,3.0
15/9-F-4,600.0,0,NONE,False,600.0,0.1709,23,69.75,68.34,1.3551,1.3551,0.0,0.0,2,10.0
15/9-F-4,625.0,0,NONE,False,625.0,0.1781,23,69.75,68.34,1.302,0.6576,0.0,0.6444,2,12.0
15/9-F-4,650.0,0,NONE,False,650.0,0.1852,23,69.75,68.34,0.6444,0.0,0.0,0.6444,1,13.0
15/9-F-4,675.0,0,NONE,False,675.0,0.1923,23,69.75,68.34,0.6975,0.6975,0.0,0.0,1,10.0
15/9-F-4,700.0,0,NONE,False,700.0,0.1994,23,69.75,68.34,0.6975,0.6975,0.0,0.0,1,15.0
15/9-F-4,725.0,0,NONE,False,725.0,0.2066,23,69.75,68.34,0.0,0.0,0.0,0.0,0,29.3
15/9-F-4,750.0,0,NONE,False,750.0,0.2137,23,69.75,68.34,0.6576,0.6576,0.0,0.0,1,4.3
15/9-F-4,775.0,0,NONE,False,775.0,0.2208,23,69.75,68.34,1.0728,0.6576,0.0,0.4152,2,18.1
15/9-F-4,800.0,0,NONE,False,800.0,0.2279,23,69.75,68.34,0.4152,0.0,0.0,0.4152,1,6.9
15/9-F-4,825.0,0,NONE,False,825.0,0.235,23,69.75,68.34,3.3953,3.3953,0.0,0.0,7,4.0
15/9-F-4,850.0,0,NONE,False,850.0,0.2422,23,69.75,68.34,4.6742,4.6742,0.0,0.0,9,2.0
15/9-F-4,875.0,0,NONE,False,875.0,0.2493,23,69.75,68.34,5.6433,5.6433,0.0,0.0,9,3.0
15/9-F-4,900.0,0,NONE,False,900.0,0.2564,23,69.75,68.34,5.6796,5.6796,0.0,0.0,9,0.0
15/9-F-4,925.0,0,NONE,False,925.0,0.2635,23,69.75,68.34,4.1181,4.1181,0.0,0.0,7,5.0
15/9-F-4,950.0,0,NONE,False,950.0,0.2707,23,69.75,68.34,1.4877,1.4877,0.0,0.0,3,20.0
15/9-F-4,975.0,0,NONE,False,975.0,0.2778,23,69.75,68.34,0.6975,0.6975,0.0,0.0,1,25.0
15/9-F-4,1000.0,0,NONE,False,1000.0,0.2849,23,69.75,68.34,0.6975,0.6975,0.0,0.0,1,0.0
15/9-F-4,1025.0,0,NONE,False,1025.0,0.292,23,69.75,68.34,5.3057,5.3057,0.0,0.0,12,25.0
15/9-F-4,1050.0,0,NONE,False,1050.0,0.2991,23,69.75,68.34,4.6082,4.6082,0.0,0.0,11,0.0
15/9-F-4,1075.0,0,NONE,False,1075.0,0.3063,23,69.75,68.34,4.6082,4.6082,0.0,0.0,11,25.0
15/9-F-4,1100.0,0,NONE,False,1100.0,0.3134,23,69.75,68.34,0.4959,0.4959,0.0,0.0,1,20.0
15/9-F-4,1125.0,0,NONE,False,1125.0,0.3205,23,69.75,68.34,0.4959,0.4959,0.0,0.0,1,5.0
15/9-F-4,1150.0,0,NONE,False,1150.0,0.3276,23,69.75,68.34,0.0,0.0,0.0,0.0,0,30.0
15/9-F-4,1175.0,0,NONE,False,1175.0,0.3348,23,69.75,68.34,0.0,0.0,0.0,0.0,0,55.0
15/9-F-4,1200.0,0,NONE,False,1200.0,0.3419,23,69.75,68.34,0.0,0.0,0.0,0.0,0,38.0
15/9-F-4,1225.0,0,NONE,False,1225.0,0.349,23,69.75,68.34,0.613,0.0,0.0,0.613,1,13.0
15/9-F-4,1250.0,0,NONE,False,1250.0,0.3561,23,69.75,68.34,0.613,0.0,0.0,0.613,1,12.0
15/9-F-4,1275.0,0,NONE,False,1275.0,0.3632,23,69.75,68.34,0.6444,0.0,0.0,0.6444,1,5.6
15/9-F-4,1300.0,0,NONE,False,1300.0,0.3704,23,69.75,68.34,1.9072,1.2628,0.0,0.6444,3,13.7
15/9-F-4,1325.0,0,NONE,False,1325.0,0.3775,23,69.75,68.34,1.2628,1.2628,0.0,0.0,2,4.0
15/9-F-4,1350.0,0,NONE,False,1350.0,0.3846,23,69.75,68.34,4.7061,4.0443,0.0,0.6618,7,4.0
15/9-F-4,1375.0,0,NONE,False,1375.0,0.3917,23,69.75,68.34,5.3679,4.0443,0.0,1.3236,8,6.0
15/9-F-4,1400.0,0,NONE,False,1400.0,0.3989,23,69.75,68.34,0.6618,0.0,0.0,0.6618,1,19.0
15/9-F-4,1425.0,0,NONE,False,1425.0,0.406,23,69.75,68.34,0.0,0.0,0.0,0.0,0,35.0
15/9-F-4,1450.0,0,NONE,False,1450.0,0.4131,23,69.75,68.34,0.6208,0.6208,0.0,0.0,1,10.0
15/9-F-4,1475.0,0,NONE,False,1475.0,0.4202,23,69.75,68.34,1.2416,0.6208,0.0,0.6208,2,15.0
15/9-F-4,1500.0,0,NONE,False,1500.0,0.4274,23,69.75,68.34,0.6208,0.0,0.0,0.6208,1,7.0
15/9-F-4,1525.0,0,NONE,False,1525.0,0.4345,23,69.75,68.34,0.6413,0.0,0.0,0.6413,1,7.0
15/9-F-4,1550.0,0,NONE,False,1550.0,0.4416,23,69.75,68.34,0.6413,0.0,0.0,0.6413,1,18.0
15/9-F-4,1575.0,0,NONE,False,1575.0,0.4487,23,69.75,68.34,0.0,0.0,0.0,0.0,0,43.0
15/9-F-4,1600.0,0,NONE,False,1600.0,0.4558,23,69.75,68.34,0.0,0.0,0.0,0.0,0,61.0
15/9-F-4,1625.0,0,NONE,False,1625.0,0.463,23,69.75,68.34,0.0,0.0,0.0,0.0,0,36.0
15/9-F-4,1650.0,0,NONE,False,1650.0,0.4701,23,69.75,68.34,0.6975,0.0,0.0,0.6975,1,11.0
15/9-F-4,1675.0,0,NONE,False,1675.0,0.4772,23,69.75,68.34,0.6975,0.0,0.0,0.6975,1,14.0
15/9-F-4,1700.0,0,NONE,False,1700.0,0.4843,23,69.75,68.34,0.0,0.0,0.0,0.0,0,39.0
15/9-F-4,1725.0,0,NONE,False,1725.0,0.4915,23,69.75,68.34,0.0,0.0,0.0,0.0,0,39.0
15/9-F-4,1750.0,0,NONE,False,1750.0,0.4986,23,69.75,68.34,0.6413,0.6413,0.0,0.0,1,14.0
15/9-F-4,1775.0,0,NONE,False,1775.0,0.5057,23,69.75,68.34,0.6413,0.6413,0.0,0.0,1,11.0
15/9-F-4,1800.0,0,NONE,False,1800.0,0.5128,23,69.75,68.34,0.0,0.0,0.0,0.0,0,36.0
15/9-F-4,1825.0,0,NONE,False,1825.0,0.5199,23,69.75,68.34,0.0,0.0,0.0,0.0,0,42.0
15/9-F-4,1850.0,0,NONE,False,1850.0,0.5271,23,69.75,68.34,0.613,0.613,0.0,0.0,1,17.0
15/9-F-4,1875.0,0,NONE,False,1875.0,0.5342,23,69.75,68.34,1.3105,0.613,0.0,0.6975,2,2.0
15/9-F-4,1900.0,0,NONE,False,1900.0,0.5413,23,69.75,68.34,0.6975,0.0,0.0,0.6975,1,23.0
15/9-F-4,1925.0,0,NONE,False,1925.0,0.5484,23,69.75,68.34,0.0,0.0,0.0,0.0,0,48.0
15/9-F-4,1950.0,0,NONE,False,1950.0,0.5556,23,69.75,68.34,0.0,0.0,0.0,0.0,0,73.0
15/9-F-4,1975.0,0,NONE,False,1975.0,0.5627,23,69.75,68.34,0.0,0.0,0.0,0.0,0,59.0
15/9-F-4,2000.0,0,NONE,False,2000.0,0.5698,23,69.75,68.34,0.0,0.0,0.0,0.0,0,34.0
15/9-F-4,2025.0,0,NONE,False,2025.0,0.5769,23,69.75,68.34,0.6618,0.6618,0.0,0.0,1,9.0
15/9-F-4,2050.0,0,NONE,False,2050.0,0.584,23,69.75,68.34,0.6618,0.6618,0.0,0.0,1,16.0
15/9-F-4,2075.0,0,NONE,False,2075.0,0.5912,23,69.75,68.34,0.6212,0.6212,0.0,0.0,1,25.0
15/9-F-4,2100.0,0,NONE,False,2100.0,0.5983,23,69.75,68.34,0.6212,0.6212,0.0,0.0,1,0.0
15/9-F-4,2125.0,0,NONE,False,2125.0,0.6054,23,69.75,68.34,0.6212,0.6212,0.0,0.0,1,25.0
15/9-F-4,2150.0,0,NONE,False,2150.0,0.6125,23,69.75,68.34,0.6318,0.6318,0.0,0.0,1,14.0
15/9-F-4,2175.0,0,NONE,False,2175.0,0.6197,23,69.75,68.34,1.9054,1.2686,0.0,0.6368,3,11.0
15/9-F-4,2200.0,0,NONE,False,2200.0,0.6268,23,69.75,68.34,2.5234,1.2498,0.0,1.2736,4,1.0
15/9-F-4,2225.0,0,NONE,False,2225.0,0.6339,23,69.75,68.34,1.871,0.613,0.0,1.258,3,6.0
15/9-F-4,2250.0,0,NONE,False,2250.0,0.641,23,69.75,68.34,1.2342,0.613,0.0,0.6212,2,2.0
15/9-F-4,2275.0,0,NONE,False,2275.0,0.6481,23,69.75,68.34,0.613,0.613,0.0,0.0,1,23.0
15/9-F-4,2300.0,0,NONE,False,2300.0,0.6553,23,69.75,68.34,0.0,0.0,0.0,0.0,0,28.0
15/9-F-4,2325.0,0,NONE,False,2325.0,0.6624,23,69.75,68.34,0.613,0.0,0.0,0.613,1,3.0
15/9-F-4,2350.0,0,NONE,False,2350.0,0.6695,23,69.75,68.34,1.2575,0.0,0.0,1.2575,2,12.0
15/9-F-4,2375.0,0,NONE,False,2375.0,0.6766,23,69.75,68.34,0.6445,0.0,0.0,0.6445,1,13.0
15/9-F-4,2400.0,0,NONE,False,2400.0,0.6838,23,69.75,68.34,0.6212,0.6212,0.0,0.0,1,10.0
15/9-F-4,2425.0,0,NONE,False,2425.0,0.6909,23,69.75,68.34,0.6212,0.6212,0.0,0.0,1,15.0
15/9-F-4,2450.0,0,NONE,False,2450.0,0.698,23,69.75,68.34,0.0,0.0,0.0,0.0,0,39.2
15/9-F-4,2475.0,0,NONE,False,2475.0,0.7051,23,69.75,68.34,0.6445,0.6445,0.0,0.0,1,14.2
15/9-F-4,2500.0,0,NONE,False,2500.0,0.7123,23,69.75,68.34,2.0395,2.0395,0.0,0.0,3,10.8
15/9-F-4,2525.0,0,NONE,False,2525.0,0.7194,23,69.75,68.34,2.79,2.79,0.0,0.0,4,4.0
15/9-F-4,2550.0,0,NONE,False,2550.0,0.7265,23,69.75,68.34,4.7701,4.7701,0.0,0.0,7,15.0
15/9-F-4,2575.0,0,NONE,False,2575.0,0.7336,23,69.75,68.34,5.3379,4.663,0.0,0.6749,8,2.5
15/9-F-4,2600.0,0,NONE,False,2600.0,0.7407,23,69.75,68.34,4.4332,3.7583,0.0,0.6749,7,2.0
15/9-F-4,2625.0,0,NONE,False,2625.0,0.7479,23,69.75,68.34,3.1322,3.1322,0.0,0.0,5,9.0
15/9-F-4,2650.0,0,NONE,False,2650.0,0.755,23,69.75,68.34,3.9359,3.9359,0.0,0.0,6,0.3
15/9-F-4,2675.0,0,NONE,False,2675.0,0.7621,23,69.75,68.34,4.5305,4.5305,0.0,0.0,7,1.0
15/9-F-4,2700.0,0,NONE,False,2700.0,0.7692,23,69.75,68.34,1.2564,1.2564,0.0,0.0,2,22.7
15/9-F-4,2725.0,0,NONE,False,2725.0,0.7764,23,69.75,68.34,0.6212,0.6212,0.0,0.0,1,17.0
15/9-F-4,2750.0,0,NONE,False,2750.0,0.7835,23,69.75,68.34,1.968,1.968,0.0,0.0,3,8.0
15/9-F-4,2775.0,0,NONE,False,2775.0,0.7906,23,69.75,68.34,2.0044,2.0044,0.0,0.0,3,0.0
15/9-F-4,2800.0,0,NONE,False,2800.0,0.7977,23,69.75,68.34,1.3194,1.3194,0.0,0.0,2,18.2
15/9-F-4,2825.0,0,NONE,False,2825.0,0.8048,23,69.75,68.34,2.5196,2.5196,0.0,0.0,4,2.0
15/9-F-4,2850.0,0,NONE,False,2850.0,0.812,23,69.75,68.34,3.1814,3.1814,0.0,0.0,5,0.0
15/9-F-4,2875.0,0,NONE,False,2875.0,0.8191,23,69.75,68.34,4.535,4.535,0.0,0.0,7,1.0
15/9-F-4,2900.0,0,NONE,False,2900.0,0.8262,23,69.75,68.34,3.309,3.309,0.0,0.0,5,15.0
15/9-F-4,2925.0,0,NONE,False,2925.0,0.8333,23,69.75,68.34,1.968,1.283,0.0,0.685,3,2.0
15/9-F-4,2950.0,0,NONE,False,2950.0,0.8405,23,69.75,68.34,1.3062,0.6212,0.0,0.685,2,23.0
15/9-F-4,2975.0,0,NONE,False,2975.0,0.8476,23,69.75,68.34,1.8636,1.8636,0.0,0.0,3,8.0
15/9-F-4,3000.0,0,NONE,False,3000.0,0.8547,23,69.75,68.34,2.4848,2.4848,0.0,0.0,4,17.0
15/9-F-4,3025.0,0,NONE,False,3025.0,0.8618,23,69.75,68.34,2.5081,2.5081,0.0,0.0,4,0.0
15/9-F-4,3050.0,0,NONE,False,3050.0,0.8689,23,69.75,68.34,4.9929,4.9929,0.0,0.0,8,3.0
15/9-F-4,3075.0,0,NONE,False,3075.0,0.8761,23,69.75,68.34,3.7736,3.7736,0.0,0.0,6,15.0
15/9-F-4,3100.0,0,NONE,False,3100.0,0.8832,23,69.75,68.34,1.2888,1.2888,0.0,0.0,2,10.0
15/9-F-4,3125.0,0,NONE,False,3125.0,0.8903,23,69.75,68.34,0.0,0.0,0.0,0.0,0,35.0
15/9-F-4,3150.0,0,NONE,False,3150.0,0.8974,23,69.75,68.34,0.6212,0.6212,0.0,0.0,1,11.0
15/9-F-4,3175.0,0,NONE,False,3175.0,0.9046,23,69.75,68.34,2.4851,2.4851,0.0,0.0,4,14.0
15/9-F-4,3200.0,0,NONE,False,3200.0,0.9117,23,69.75,68.34,2.4957,2.4957,0.0,0.0,4,6.0
15/9-F-4,3225.0,0,NONE,False,3225.0,0.9188,23,69.75,68.34,1.866,1.2448,0.0,0.6212,3,18.0
15/9-F-4,3250.0,0,NONE,False,3250.0,0.9259,23,69.75,68.34,1.8554,1.2342,0.0,0.6212,3,2.0
15/9-F-4,3275.0,0,NONE,False,3275.0,0.933,23,69.75,68.34,1.2526,1.2526,0.0,0.0,2,3.0
15/9-F-4,3300.0,0,NONE,False,3300.0,0.9402,23,69.75,68.34,1.2444,1.2444,0.0,0.0,2,4.0
15/9-F-4,3325.0,0,NONE,False,3325.0,0.9473,23,69.75,68.34,0.613,0.613,0.0,0.0,1,6.0
15/9-F-4,3350.0,0,NONE,False,3350.0,0.9544,23,69.75,68.34,0.0,0.0,0.0,0.0,0,31.0
15/9-F-4,3375.0,0,NONE,False,3375.0,0.9615,23,69.75,68.34,0.0,0.0,0.0,0.0,0,56.0
15/9-F-4,3400.0,0,NONE,False,3400.0,0.9687,23,69.75,68.34,0.0,0.0,0.0,0.0,0,39.0
15/9-F-4,3425.0,0,NONE,False,3425.0,0.9758,23,69.75,68.34,1.226,1.226,0.0,0.0,2,14.0
15/9-F-4,3450.0,0,NONE,False,3450.0,0.9829,23,69.75,68.34,1.226,1.226,0.0,0.0,2,10.0
15/9-F-4,3475.0,0,NONE,False,3475.0,0.99,23,69.75,68.34,0.0,0.0,0.0,0.0,0,35.0
15/9-F-4,3500.0,0,NONE,False,3500.0,0.9972,23,69.75,68.34,0.0,0.0,0.0,0.0,0,58.0
15/9-F-5,50.0,1,STUCK_PIPE,True,50.0,0.0132,23,68.5,68.0,3.2625,0.6408,0.0,2.6217,5,0.0
15/9-F-5,75.0,0,NONE,False,75.0,0.0198,23,68.5,68.0,3.2235,1.9224,0.0,1.3011,5,5.0
15/9-F-5,100.0,0,NONE,False,100.0,0.0264,23,68.5,68.0,3.234,3.234,0.0,0.0,5,2.0
15/9-F-5,125.0,0,NONE,False,125.0,0.033,23,68.5,68.0,5.9157,5.9157,0.0,0.0,9,0.6
15/9-F-5,150.0,0,NONE,False,150.0,0.0396,23,68.5,68.0,5.9247,5.9247,0.0,0.0,9,0.1
15/9-F-5,175.0,0,NONE,False,175.0,0.0461,23,68.5,68.0,2.6179,1.9343,0.0,0.6836,4,3.0
15/9-F-5,200.0,0,NONE,False,200.0,0.0527,23,68.5,68.0,2.5789,1.8953,0.0,0.6836,4,18.0
15/9-F-5,225.0,0,NONE,False,225.0,0.0593,23,68.5,68.0,4.5674,4.5674,0.0,0.0,7,7.0
15/9-F-5,250.0,0,NONE,False,250.0,0.0659,23,68.5,68.0,4.653,4.653,0.0,0.0,7,1.0
15/9-F-5,275.0,0,NONE,False,275.0,0.0725,23,68.5,68.0,3.3031,3.3031,0.0,0.0,5,11.6
15/9-F-5,300.0,0,NONE,False,300.0,0.0791,23,68.5,68.0,2.5962,1.9359,0.6603,0.0,4,7.0
15/9-F-5,325.0,0,NONE,False,325.0,0.0857,23,68.5,68.0,0.6603,0.0,0.6603,0.0,1,15.0
15/9-F-5,350.0,0,NONE,False,350.0,0.0923,23,68.5,68.0,0.0,0.0,0.0,0.0,0,40.0
15/9-F-5,375.0,0,NONE,False,375.0,0.0989,23,68.5,68.0,0.0,0.0,0.0,0.0,0,65.0
15/9-F-5,400.0,0,NONE,False,400.0,0.1055,23,68.5,68.0,0.0,0.0,0.0,0.0,0,90.0
15/9-F-5,425.0,0,NONE,False,425.0,0.1121,23,68.5,68.0,0.0,0.0,0.0,0.0,0,115.0
15/9-F-5,450.0,0,NONE,False,450.0,0.1187,23,68.5,68.0,0.0,0.0,0.0,0.0,0,128.0
15/9-F-5,475.0,0,NONE,False,475.0,0.1253,23,68.5,68.0,0.0,0.0,0.0,0.0,0,103.0
15/9-F-5,500.0,0,NONE,False,500.0,0.1319,23,68.5,68.0,0.0,0.0,0.0,0.0,0,78.0
15/9-F-5,525.0,0,NONE,False,525.0,0.1384,23,68.5,68.0,0.0,0.0,0.0,0.0,0,53.0
15/9-F-5,550.0,0,NONE,False,550.0,0.145,23,68.5,68.0,0.0,0.0,0.0,0.0,0,28.0
15/9-F-5,575.0,0,NONE,False,575.0,0.1516,23,68.5,68.0,0.6836,0.6836,0.0,0.0,1,3.0
15/9-F-5,600.0,0,NONE,False,600.0,0.1582,23,68.5,68.0,1.3439,1.3439,0.0,0.0,2,10.0
15/9-F-5,625.0,0,NONE,False,625.0,0.1648,23,68.5,68.0,1.3017,0.6603,0.0,0.6414,2,12.0
15/9-F-5,650.0,0,NONE,False,650.0,0.1714,23,68.5,68.0,0.6414,0.0,0.0,0.6414,1,13.0
15/9-F-5,675.0,0,NONE,False,675.0,0.178,23,68.5,68.0,0.6836,0.6836,0.0,0.0,1,10.0
15/9-F-5,700.0,0,NONE,False,700.0,0.1846,23,68.5,68.0,0.6836,0.6836,0.0,0.0,1,15.0
15/9-F-5,725.0,0,NONE,False,725.0,0.1912,23,68.5,68.0,0.0,0.0,0.0,0.0,0,29.3
15/9-F-5,750.0,0,NONE,False,750.0,0.1978,23,68.5,68.0,0.6603,0.6603,0.0,0.0,1,4.3
15/9-F-5,775.0,0,NONE,False,775.0,0.2044,23,68.5,68.0,1.0708,0.6603,0.0,0.4105,2,18.1
15/9-F-5,800.0,0,NONE,False,800.0,0.211,23,68.5,68.0,0.4105,0.0,0.0,0.4105,1,6.9
15/9-F-5,825.0,0,NONE,False,825.0,0.2176,23,68.5,68.0,3.3772,3.3772,0.0,0.0,7,4.0
15/9-F-5,850.0,0,NONE,False,850.0,0.2242,23,68.5,68.0,4.6716,4.6716,0.0,0.0,9,2.0
15/9-F-5,875.0,0,NONE,False,875.0,0.2307,23,68.5,68.0,5.6638,5.6638,0.0,0.0,9,3.0
15/9-F-5,900.0,0,NONE,False,900.0,0.2373,23,68.5,68.0,5.69,5.69,0.0,0.0,9,0.0
15/9-F-5,925.0,0,NONE,False,925.0,0.2439,23,68.5,68.0,4.1136,4.1136,0.0,0.0,7,5.0
15/9-F-5,950.0,0,NONE,False,950.0,0.2505,23,68.5,68.0,1.4724,1.4724,0.0,0.0,3,20.0
15/9-F-5,975.0,0,NONE,False,975.0,0.2571,23,68.5,68.0,0.6836,0.6836,0.0,0.0,1,25.0
15/9-F-5,1000.0,0,NONE,False,1000.0,0.2637,23,68.5,68.0,0.6836,0.6836,0.0,0.0,1,0.0
15/9-F-5,1025.0,0,NONE,False,1025.0,0.2703,23,68.5,68.0,5.2401,5.2401,0.0,0.0,12,25.0
15/9-F-5,1050.0,0,NONE,False,1050.0,0.2769,23,68.5,68.0,4.5565,4.5565,0.0,0.0,11,0.0
15/9-F-5,1075.0,0,NONE,False,1075.0,0.2835,23,68.5,68.0,4.5565,4.5565,0.0,0.0,11,25.0
15/9-F-5,1100.0,0,NONE,False,1100.0,0.2901,23,68.5,68.0,0.4908,0.4908,0.0,0.0,1,20.0
15/9-F-5,1125.0,0,NONE,False,1125.0,0.2967,23,68.5,68.0,0.4908,0.4908,0.0,0.0,1,5.0
15/9-F-5,1150.0,0,NONE,False,1150.0,0.3033,23,68.5,68.0,0.0,0.0,0.0,0.0,0,30.0
15/9-F-5,1175.0,0,NONE,False,1175.0,0.3099,23,68.5,68.0,0.0,0.0,0.0,0.0,0,55.0
15/9-F-5,1200.0,0,NONE,False,1200.0,0.3165,23,68.5,68.0,0.0,0.0,0.0,0.0,0,38.0
15/9-F-5,1225.0,0,NONE,False,1225.0,0.323,23,68.5,68.0,0.6137,0.0,0.0,0.6137,1,13.0
15/9-F-5,1250.0,0,NONE,False,1250.0,0.3296,23,68.5,68.0,0.6137,0.0,0.0,0.6137,1,12.0
15/9-F-5,1275.0,0,NONE,False,1275.0,0.3362,23,68.5,68.0,0.6414,0.0,0.0,0.6414,1,5.6
15/9-F-5,1300.0,0,NONE,False,1300.0,0.3428,23,68.5,68.0,1.923,1.2816,0.0,0.6414,3,13.7
15/9-F-5,1325.0,0,NONE,False,1325.0,0.3494,23,68.5,68.0,1.2816,1.2816,0.0,0.0,2,4.0
15/9-F-5,1350.0,0,NONE,False,1350.0,0.356,23,68.5,68.0,4.6674,3.9998,0.0,0.6676,7,4.0
15/9-F-5,1375.0,0,NONE,False,1375.0,0.3626,23,68.5,68.0,5.335,3.9998,0.0,1.3352,8,6.0
15/9-F-5,1400.0,0,NONE,False,1400.0,0.3692,23,68.5,68.0,0.6676,0.0,0.0,0.6676,1,19.0
15/9-F-5,1425.0,0,NONE,False,1425.0,0.3758,23,68.5,68.0,0.0,0.0,0.0,0.0,0,35.0
15/9-F-5,1450.0,0,NONE,False,1450.0,0.3824,23,68.5,68.0,0.6118,0.6118,0.0,0.0,1,10.0
15/9-F-5,1475.0,0,NONE,False,1475.0,0.389,23,68.5,68.0,1.2236,0.6118,0.0,0.6118,2,15.0
15/9-F-5,1500.0,0,NONE,False,1500.0,0.3956,23,68.5,68.0,0.6118,0.0,0.0,0.6118,1,7.0
15/9-F-5,1525.0,0,NONE,False,1525.0,0.4022,23,68.5,68.0,0.6517,0.0,0.0,0.6517,1,7.0
15/9-F-5,1550.0,0,NONE,False,1550.0,0.4088,23,68.5,68.0,0.6517,0.0,0.0,0.6517,1,18.0
15/9-F-5,1575.0,0,NONE,False,1575.0,0.4153,23,68.5,68.0,0.0,0.0,0.0,0.0,0,43.0
15/9-F-5,1600.0,0,NONE,False,1600.0,0.4219,23,68.5,68.0,0.0,0.0,0.0,0.0,0,61.0
15/9-F-5,1625.0,0,NONE,False,1625.0,0.4285,23,68.5,68.0,0.0,0.0,0.0,0.0,0,36.0
15/9-F-5,1650.0,0,NONE,False,1650.0,0.4351,23,68.5,68.0,0.6836,0.0,0.0,0.6836,1,11.0
15/9-F-5,1675.0,0,NONE,False,1675.0,0.4417,23,68.5,68.0,0.6836,0.0,0.0,0.6836,1,14.0
15/9-F-5,1700.0,0,NONE,False,1700.0,0.4483,23,68.5,68.0,0.0,0.0,0.0,0.0,0,39.0
15/9-F-5,1725.0,0,NONE,False,1725.0,0.4549,23,68.5,68.0,0.0,0.0,0.0,0.0,0,39.0
15/9-F-5,1750.0,0,NONE,False,1750.0,0.4615,23,68.5,68.0,0.6517,0.6517,0.0,0.0,1,14.0
15/9-F-5,1775.0,0,NONE,False,1775.0,0.4681,23,68.5,68.0,0.6517,0.6517,0.0,0.0,1,11.0
15/9-F-5,1800.0,0,NONE,False,1800.0,0.4747,23,68.5,68.0,0.0,0.0,0.0,0.0,0,36.0
15/9-F-5,1825.0,0,NONE,False,1825.0,0.4813,23,68.5,68.0,0.0,0.0,0.0,0.0,0,42.0
15/9-F-5,1850.0,0,NONE,False,1850.0,0.4879,23,68.5,68.0,0.6137,0.6137,0.0,0.0,1,17.0
15/9-F-5,1875.0,0,NONE,False,1875.0,0.4945,23,68.5,68.0,1.2973,0.6137,0.0,0.6836,2,2.0
15/9-F-5,1900.0,0,NONE,False,1900.0,0.5011,23,68.5,68.0,0.6836,0.0,0.0,0.6836,1,23.0
15/9-F-5,1925.0,0,NONE,False,1925.0,0.5076,23,68.5,68.0,0.0,0.0,0.0,0.0,0,48.0
15/9-F-5,1950.0,0,NONE,False,1950.0,0.5142,23,68.5,68.0,0.0,0.0,0.0,0.0,0,73.0
15/9-F-5,1975.0,0,NONE,False,1975.0,0.5208,23,68.5,68.0,0.0,0.0,0.0,0.0,0,59.0
15/9-F-5,2000.0,0,NONE,False,2000.0,0.5274,23,68.5,68.0,0.0,0.0,0.0,0.0,0,34.0
15/9-F-5,2025.0,0,NONE,False,2025.0,0.534,23,68.5,68.0,0.6676,0.6676,0.0,0.0,1,9.0
15/9-F-5,2050.0,0,NONE,False,2050.0,0.5406,23,68.5,68.0,0.6676,0.6676,0.0,0.0,1,16.0
15/9-F-5,2075.0,0,NONE,False,2075.0,0.5472,23,68.5,68.0,0.6081,0.6081,0.0,0.0,1,25.0
15/9-F-5,2100.0,0,NONE,False,2100.0,0.5538,23,68.5,68.0,0.6081,0.6081,0.0,0.0,1,0.0
15/9-F-5,2125.0,0,NONE,False,2125.0,0.5604,23,68.5,68.0,0.6081,0.6081,0.0,0.0,1,25.0
15/9-F-5,2150.0,0,NONE,False,2150.0,0.567,23,68.5,68.0,0.6453,0.6453,0.0,0.0,1,14.0
15/9-F-5,2175.0,0,NONE,False,2175.0,0.5736,23,68.5,68.0,1.9463,1.2958,0.0,0.6505,3,11.0
15/9-F-5,2200.0,0,NONE,False,2200.0,0.5802,23,68.5,68.0,2.5652,1.2642,0.0,1.301,4,1.0
15/9-F-5,2225.0,0,NONE,False,2225.0,0.5868,23,68.5,68.0,1.8723,0.6137,0.0,1.2586,3,6.0
15/9-F-5,2250.0,0,NONE,False,2250.0,0.5934,23,68.5,68.0,1.2218,0.6137,0.0,0.6081,2,2.0
15/9-F-5,2275.0,0,NONE,False,2275.0,0.5999,23,68.5,68.0,0.6137,0.6137,0.0,0.0,1,23.0
15/9-F-5,2300.0,0,NONE,False,2300.0,0.6065,23,68.5,68.0,0.0,0.0,0.0,0.0,0,28.0
15/9-F-5,2325.0,0,NONE,False,2325.0,0.6131,23,68.5,68.0,0.6137,0.0,0.0,0.6137,1,3.0
15/9-F-5,2350.0,0,NONE,False,2350.0,0.6197,23,68.5,68.0,1.265,0.0,0.0,1.265,2,12.0
15/9-F-5,2375.0,0,NONE,False,2375.0,0.6263,23,68.5,68.0,0.6513,0.0,0.0,0.6513,1,13.0
15/9-F-5,2400.0,0,NONE,False,2400.0,0.6329,23,68.5,68.0,0.6081,0.6081,0.0,0.0,1,10.0
15/9-F-5,2425.0,0,NONE,False,2425.0,0.6395,23,68.5,68.0,0.6081,0.6081,0.0,0.0,1,15.0
15/9-F-5,2450.0,0,NONE,False,2450.0,0.6461,23,68.5,68.0,0.0,0.0,0.0,0.0,0,39.2
15/9-F-5,2475.0,0,NONE,False,2475.0,0.6527,23,68.5,68.0,0.6513,0.6513,0.0,0.0,1,14.2
15/9-F-5,2500.0,0,NONE,False,2500.0,0.6593,23,68.5,68.0,2.0185,2.0185,0.0,0.0,3,10.8
15/9-F-5,2525.0,0,NONE,False,2525.0,0.6659,23,68.5,68.0,2.7344,2.7344,0.0,0.0,4,4.0
15/9-F-5,2550.0,0,NONE,False,2550.0,0.6725,23,68.5,68.0,4.7214,4.7214,0.0,0.0,7,15.0
15/9-F-5,2575.0,0,NONE,False,2575.0,0.6791,23,68.5,68.0,5.3273,4.6476,0.0,0.6797,8,2.5
15/9-F-5,2600.0,0,NONE,False,2600.0,0.6857,23,68.5,68.0,4.455,3.7753,0.0,0.6797,7,2.0
15/9-F-5,2625.0,0,NONE,False,2625.0,0.6922,23,68.5,68.0,3.1495,3.1495,0.0,0.0,5,9.0
15/9-F-5,2650.0,0,NONE,False,2650.0,0.6988,23,68.5,68.0,3.9398,3.9398,0.0,0.0,6,0.3
15/9-F-5,2675.0,0,NONE,False,2675.0,0.7054,23,68.5,68.0,4.5156,4.5156,0.0,0.0,7,1.0
15/9-F-5,2700.0,0,NONE,False,2700.0,0.712,23,68.5,68.0,1.2434,1.2434,0.0,0.0,2,22.7
15/9-F-5,2725.0,0,NONE,False,2725.0,0.7186,23,68.5,68.0,0.6081,0.6081,0.0,0.0,1,17.0
15/9-F-5,2750.0,1,MUD_LOSS,False,2750.0,0.7252,23,68.5,68.0,1.2757,1.2757,0.0,0.0,2,8.0
15/9-F-5,2775.0,0,NONE,False,2775.0,0.7318,23,68.5,68.0,1.3279,1.3279,0.0,0.0,2,0.0
15/9-F-5,2800.0,0,NONE,False,2800.0,0.7384,23,68.5,68.0,1.3279,1.3279,0.0,0.0,2,18.2
15/9-F-5,2825.0,0,NONE,False,2825.0,0.745,23,68.5,68.0,2.5403,2.5403,0.0,0.0,4,2.0
15/9-F-5,2850.0,0,NONE,False,2850.0,0.7516,23,68.5,68.0,3.2079,3.2079,0.0,0.0,5,0.0
15/9-F-5,2875.0,0,NONE,False,2875.0,0.7582,23,68.5,68.0,4.5654,4.5654,0.0,0.0,7,1.0
15/9-F-5,2900.0,0,NONE,False,2900.0,0.7648,23,68.5,68.0,3.338,3.338,0.0,0.0,5,15.0
15/9-F-5,2925.0,1,STUCK_PIPE,False,2925.0,0.7714,23,68.5,68.0,1.2757,1.2757,0.0,0.0,2,2.0
15/9-F-5,2950.0,0,NONE,False,2950.0,0.778,23,68.5,68.0,0.6081,0.6081,0.0,0.0,1,23.0
15/9-F-5,2975.0,0,NONE,False,2975.0,0.7845,23,68.5,68.0,1.8243,1.8243,0.0,0.0,3,8.0
15/9-F-5,3000.0,0,NONE,False,3000.0,0.7911,23,68.5,68.0,2.4324,2.4324,0.0,0.0,4,17.0
15/9-F-5,3025.0,0,NONE,False,3025.0,0.7977,23,68.5,68.0,2.4756,2.4756,0.0,0.0,4,0.0
15/9-F-5,3050.0,0,NONE,False,3050.0,0.8043,23,68.5,68.0,4.908,4.908,0.0,0.0,8,3.0
15/9-F-5,3075.0,0,NONE,False,3075.0,0.8109,23,68.5,68.0,3.7152,3.7152,0.0,0.0,6,15.0
15/9-F-5,3100.0,0,NONE,False,3100.0,0.8175,23,68.5,68.0,1.2828,1.2828,0.0,0.0,2,10.0
15/9-F-5,3125.0,0,NONE,False,3125.0,0.8241,23,68.5,68.0,0.0,0.0,0.0,0.0,0,35.0
15/9-F-5,3150.0,0,NONE,False,3150.0,0.8307,23,68.5,68.0,0.6081,0.6081,0.0,0.0,1,11.0
15/9-F-5,3175.0,0,NONE,False,3175.0,0.8373,23,68.5,68.0,2.5104,2.5104,0.0,0.0,4,14.0
15/9-F-5,3200.0,0,NONE,False,3200.0,0.8439,23,68.5,68.0,2.5476,2.5476,0.0,0.0,4,6.0
15/9-F-5,3225.0,0,NONE,False,3225.0,0.8505,23,68.5,68.0,1.8671,1.259,0.0,0.6081,3,18.0
15/9-F-5,3250.0,0,NONE,False,3250.0,0.8571,23,68.5,68.0,1.8299,1.2218,0.0,0.6081,3,2.0
15/9-F-5,3275.0,0,NONE,False,3275.0,0.8637,23,68.5,68.0,1.2489,1.2489,0.0,0.0,2,3.0
15/9-F-5,3300.0,0,NONE,False,3300.0,0.8703,23,68.5,68.0,1.2545,1.2545,0.0,0.0,2,4.0
15/9-F-5,3325.0,0,NONE,False,3325.0,0.8768,23,68.5,68.0,0.6137,0.6137,0.0,0.0,1,6.0
15/9-F-5,3350.0,0,NONE,False,3350.0,0.8834,23,68.5,68.0,0.0,0.0,0.0,0.0,0,31.0
15/9-F-5,3375.0,0,NONE,False,3375.0,0.89,23,68.5,68.0,0.0,0.0,0.0,0.0,0,56.0
15/9-F-5,3400.0,0,NONE,False,3400.0,0.8966,23,68.5,68.0,0.0,0.0,0.0,0.0,0,39.0
15/9-F-5,3425.0,0,NONE,False,3425.0,0.9032,23,68.5,68.0,1.2274,1.2274,0.0,0.0,2,14.0
15/9-F-5,3450.0,0,NONE,False,3450.0,0.9098,23,68.5,68.0,1.2274,1.2274,0.0,0.0,2,10.0
15/9-F-5,3475.0,0,NONE,False,3475.0,0.9164,23,68.5,68.0,0.0,0.0,0.0,0.0,0,35.0
15/9-F-5,3500.0,0,NONE,False,3500.0,0.923,23,68.5,68.0,0.0,0.0,0.0,0.0,0,58.0
15/9-F-5,3525.0,0,NONE,False,3525.0,0.9296,23,68.5,68.0,0.0,0.0,0.0,0.0,0,33.0
15/9-F-5,3550.0,0,NONE,False,3550.0,0.9362,23,68.5,68.0,0.6453,0.0,0.0,0.6453,1,8.0
15/9-F-5,3575.0,0,NONE,False,3575.0,0.9428,23,68.5,68.0,1.9582,1.3129,0.0,0.6453,3,6.0
15/9-F-5,3600.0,0,NONE,False,3600.0,0.9494,23,68.5,68.0,1.3129,1.3129,0.0,0.0,2,19.0
15/9-F-5,3625.0,0,NONE,False,3625.0,0.956,23,68.5,68.0,0.6676,0.6676,0.0,0.0,1,7.0
15/9-F-5,3650.0,0,NONE,False,3650.0,0.9626,23,68.5,68.0,5.9526,5.3408,0.0,0.6118,9,10.0
15/9-F-5,3675.0,0,NONE,False,3675.0,0.9691,23,68.5,68.0,5.9526,5.3408,0.0,0.6118,9,7.5
15/9-F-5,3700.0,0,NONE,False,3700.0,0.9757,23,68.5,68.0,1.3352,1.3352,0.0,0.0,2,7.2
15/9-F-5,3725.0,0,NONE,False,3725.0,0.9823,23,68.5,68.0,2.0028,2.0028,0.0,0.0,3,9.0
15/9-F-5,3750.0,0,NONE,False,3750.0,0.9889,23,68.5,68.0,1.9723,1.9723,0.0,0.0,3,4.0
15/9-F-5,3775.0,1,MUD_LOSS,True,3775.0,0.9955,23,68.5,68.0,1.9418,1.9418,0.0,0.0,3,10.0
15/9-F-7,50.0,0,NONE,False,50.0,0.0462,2,68.02,50.92,2.4273,0.3985,0.0,2.0288,6,0.0
15/9-F-7,75.0,0,NONE,False,75.0,0.0693,2,68.02,50.92,2.4111,1.1955,0.0,1.2156,6,5.0
15/9-F-7,100.0,0,NONE,False,100.0,0.0923,2,68.02,50.92,2.005,2.005,0.0,0.0,5,2.0
15/9-F-7,125.0,0,NONE,False,125.0,0.1154,2,68.02,50.92,3.6483,3.6483,0.0,0.0,9,0.6
15/9-F-7,150.0,0,NONE,False,150.0,0.1385,2,68.02,50.92,3.652,3.652,0.0,0.0,9,0.1
15/9-F-7,175.0,0,NONE,False,175.0,0.1616,2,68.02,50.92,1.6272,1.2114,0.0,0.4158,4,3.0
15/9-F-7,200.0,0,NONE,False,200.0,0.1847,2,68.02,50.92,1.611,1.1952,0.0,0.4158,4,18.0
15/9-F-7,225.0,0,NONE,False,225.0,0.2078,2,68.02,50.92,2.823,2.823,0.0,0.0,7,7.0
15/9-F-7,250.0,0,NONE,False,250.0,0.2308,2,68.02,50.92,2.8576,2.8576,0.0,0.0,7,1.0
15/9-F-7,275.0,0,NONE,False,275.0,0.2539,2,68.02,50.92,1.965,1.965,0.0,0.0,5,11.6
15/9-F-7,300.0,0,NONE,False,300.0,0.277,2,68.02,50.92,1.54,1.1334,0.4066,0.0,4,7.0
15/9-F-7,325.0,0,NONE,False,325.0,0.3001,2,68.02,50.92,0.4066,0.0,0.4066,0.0,1,15.0
15/9-F-7,350.0,0,NONE,False,350.0,0.3232,2,68.02,50.92,0.0,0.0,0.0,0.0,0,40.0
15/9-F-7,375.0,0,NONE,False,375.0,0.3463,2,68.02,50.92,0.0,0.0,0.0,0.0,0,65.0
15/9-F-7,400.0,0,NONE,False,400.0,0.3693,2,68.02,50.92,0.0,0.0,0.0,0.0,0,90.0
15/9-F-7,425.0,0,NONE,False,425.0,0.3924,2,68.02,50.92,0.0,0.0,0.0,0.0,0,115.0
15/9-F-7,450.0,0,NONE,False,450.0,0.4155,2,68.02,50.92,0.0,0.0,0.0,0.0,0,128.0
15/9-F-7,475.0,0,NONE,False,475.0,0.4386,2,68.02,50.92,0.0,0.0,0.0,0.0,0,103.0
15/9-F-7,500.0,0,NONE,False,500.0,0.4617,2,68.02,50.92,0.0,0.0,0.0,0.0,0,78.0
15/9-F-7,525.0,0,NONE,False,525.0,0.4848,2,68.02,50.92,0.0,0.0,0.0,0.0,0,53.0
15/9-F-7,550.0,0,NONE,False,550.0,0.5078,2,68.02,50.92,0.0,0.0,0.0,0.0,0,28.0
15/9-F-7,575.0,0,NONE,False,575.0,0.5309,2,68.02,50.92,0.4158,0.4158,0.0,0.0,1,3.0
15/9-F-7,600.0,0,NONE,False,600.0,0.554,2,68.02,50.92,0.8224,0.8224,0.0,0.0,2,10.0
15/9-F-7,625.0,0,NONE,False,625.0,0.5771,2,68.02,50.92,0.835,0.4066,0.0,0.4284,2,12.0
15/9-F-7,650.0,0,NONE,False,650.0,0.6002,2,68.02,50.92,0.4284,0.0,0.0,0.4284,1,13.0
15/9-F-7,675.0,0,NONE,False,675.0,0.6233,2,68.02,50.92,0.4158,0.4158,0.0,0.0,1,10.0
15/9-F-7,700.0,0,NONE,False,700.0,0.6464,2,68.02,50.92,0.4158,0.4158,0.0,0.0,1,15.0
15/9-F-7,725.0,0,NONE,False,725.0,0.6694,2,68.02,50.92,0.0,0.0,0.0,0.0,0,29.3
15/9-F-7,750.0,0,NONE,False,750.0,0.6925,2,68.02,50.92,0.4066,0.4066,0.0,0.0,1,4.3
15/9-F-7,775.0,1,STUCK_PIPE,True,775.0,0.7156,2,68.02,50.92,0.4066,0.4066,0.0,0.0,1,20.7
15/9-F-7,800.0,0,NONE,False,800.0,0.7387,2,68.02,50.92,0.0,0.0,0.0,0.0,0,38.1
15/9-F-7,825.0,1,MUD_LOSS,False,825.0,0.7618,2,68.02,50.92,1.4934,1.4934,0.0,0.0,3,13.1
15/9-F-7,850.0,0,NONE,False,850.0,0.7849,2,68.02,50.92,2.2963,2.2963,0.0,0.0,5,5.0
15/9-F-7,875.0,1,MUD_LOSS,False,875.0,0.8079,2,68.02,50.92,3.2414,3.2414,0.0,0.0,8,3.0
15/9-F-7,900.0,0,NONE,False,900.0,0.831,2,68.02,50.92,3.2517,3.2517,0.0,0.0,8,0.0
15/9-F-7,925.0,0,NONE,False,925.0,0.8541,2,68.02,50.92,3.394,3.394,0.0,0.0,7,5.0
15/9-F-7,950.0,0,NONE,False,950.0,0.8772,2,68.02,50.92,1.7676,1.7676,0.0,0.0,3,20.0
15/9-F-7,975.0,0,NONE,False,975.0,0.9003,2,68.02,50.92,0.4158,0.4158,0.0,0.0,1,25.0
15/9-F-7,1000.0,0,NONE,False,1000.0,0.9234,2,68.02,50.92,0.4158,0.4158,0.0,0.0,1,0.0
15/9-F-7,1025.0,0,NONE,False,1025.0,0.9464,2,68.02,50.92,7.2178,7.2178,0.0,0.0,11,25.0
15/9-F-7,1050.0,1,MUD_LOSS,False,1050.0,0.9695,2,68.02,50.92,6.802,6.802,0.0,0.0,10,0.0
15/9-F-7,1075.0,0,NONE,False,1075.0,0.9926,2,68.02,50.92,6.802,6.802,0.0,0.0,10,25.0
15/9-F-9,50.0,0,NONE,False,50.0,0.0462,2,68.02,51.36,2.4454,0.4013,0.0,2.0441,6,0.0
15/9-F-9,75.0,0,NONE,False,75.0,0.0693,2,68.02,51.36,2.4292,1.2039,0.0,1.2253,6,5.0
15/9-F-9,100.0,0,NONE,False,100.0,0.0923,2,68.02,51.36,2.0187,2.0187,0.0,0.0,5,2.0
15/9-F-9,125.0,0,NONE,False,125.0,0.1154,2,68.02,51.36,3.6726,3.6726,0.0,0.0,9,0.6
15/9-F-9,150.0,0,NONE,False,150.0,0.1385,2,68.02,51.36,3.6766,3.6766,0.0,0.0,9,0.1
15/9-F-9,175.0,0,NONE,False,175.0,0.1616,2,68.02,51.36,1.6393,1.2195,0.0,0.4198,4,3.0
15/9-F-9,200.0,0,NONE,False,200.0,0.1847,2,68.02,51.36,1.6231,1.2033,0.0,0.4198,4,18.0
15/9-F-9,225.0,0,NONE,False,225.0,0.2078,2,68.02,51.36,2.8438,2.8438,0.0,0.0,7,7.0
15/9-F-9,250.0,0,NONE,False,250.0,0.2308,2,68.02,51.36,2.8808,2.8808,0.0,0.0,7,1.0
15/9-F-9,275.0,0,NONE,False,275.0,0.2539,2,68.02,51.36,1.9841,1.9841,0.0,0.0,5,11.6
15/9-F-9,300.0,0,NONE,False,300.0,0.277,2,68.02,51.36,1.5539,1.1445,0.4094,0.0,4,7.0
15/9-F-9,325.0,0,NONE,False,325.0,0.3001,2,68.02,51.36,0.4094,0.0,0.4094,0.0,1,15.0
15/9-F-9,350.0,0,NONE,False,350.0,0.3232,2,68.02,51.36,0.0,0.0,0.0,0.0,0,40.0
15/9-F-9,375.0,0,NONE,False,375.0,0.3463,2,68.02,51.36,0.0,0.0,0.0,0.0,0,65.0
15/9-F-9,400.0,0,NONE,False,400.0,0.3693,2,68.02,51.36,0.0,0.0,0.0,0.0,0,90.0
15/9-F-9,425.0,0,NONE,False,425.0,0.3924,2,68.02,51.36,0.0,0.0,0.0,0.0,0,115.0
15/9-F-9,450.0,0,NONE,False,450.0,0.4155,2,68.02,51.36,0.0,0.0,0.0,0.0,0,128.0
15/9-F-9,475.0,0,NONE,False,475.0,0.4386,2,68.02,51.36,0.0,0.0,0.0,0.0,0,103.0
15/9-F-9,500.0,0,NONE,False,500.0,0.4617,2,68.02,51.36,0.0,0.0,0.0,0.0,0,78.0
15/9-F-9,525.0,0,NONE,False,525.0,0.4848,2,68.02,51.36,0.0,0.0,0.0,0.0,0,53.0
15/9-F-9,550.0,0,NONE,False,550.0,0.5078,2,68.02,51.36,0.0,0.0,0.0,0.0,0,28.0
15/9-F-9,575.0,0,NONE,False,575.0,0.5309,2,68.02,51.36,0.4198,0.4198,0.0,0.0,1,3.0
15/9-F-9,600.0,0,NONE,False,600.0,0.554,2,68.02,51.36,0.8292,0.8292,0.0,0.0,2,10.0
15/9-F-9,625.0,0,NONE,False,625.0,0.5771,2,68.02,51.36,0.8452,0.4094,0.0,0.4358,2,12.0
15/9-F-9,650.0,0,NONE,False,650.0,0.6002,2,68.02,51.36,0.4358,0.0,0.0,0.4358,1,13.0
15/9-F-9,675.0,0,NONE,False,675.0,0.6233,2,68.02,51.36,0.4198,0.4198,0.0,0.0,1,10.0
15/9-F-9,700.0,0,NONE,False,700.0,0.6464,2,68.02,51.36,0.4198,0.4198,0.0,0.0,1,15.0
15/9-F-9,725.0,0,NONE,False,725.0,0.6694,2,68.02,51.36,0.0,0.0,0.0,0.0,0,29.3
15/9-F-9,750.0,0,NONE,False,750.0,0.6925,2,68.02,51.36,0.4094,0.4094,0.0,0.0,1,4.3
15/9-F-9,775.0,0,NONE,False,775.0,0.7156,2,68.02,51.36,1.0896,0.4094,0.0,0.6802,2,18.1
15/9-F-9,800.0,0,NONE,False,800.0,0.7387,2,68.02,51.36,0.6802,0.0,0.0,0.6802,1,6.9
15/9-F-9,825.0,1,MUD_LOSS,False,825.0,0.7618,2,68.02,51.36,3.5396,3.5396,0.0,0.0,6,4.0
15/9-F-9,850.0,0,NONE,False,850.0,0.7849,2,68.02,51.36,4.3476,4.3476,0.0,0.0,8,2.0
15/9-F-9,875.0,0,NONE,False,875.0,0.8079,2,68.02,51.36,3.9442,3.9442,0.0,0.0,9,3.0
15/9-F-9,900.0,0,NONE,False,900.0,0.831,2,68.02,51.36,3.955,3.955,0.0,0.0,9,0.0
15/9-F-9,925.0,0,NONE,False,925.0,0.8541,2,68.02,51.36,3.4175,3.4175,0.0,0.0,7,5.0
15/9-F-9,950.0,0,NONE,False,950.0,0.8772,2,68.02,51.36,1.7799,1.7799,0.0,0.0,3,20.0
15/9-F-9,975.0,0,NONE,False,975.0,0.9003,2,68.02,51.36,0.4198,0.4198,0.0,0.0,1,25.0
15/9-F-9,1000.0,0,NONE,False,1000.0,0.9234,2,68.02,51.36,0.4198,0.4198,0.0,0.0,1,0.0
15/9-F-9,1025.0,0,NONE,False,1025.0,0.9464,2,68.02,51.36,1.1,1.1,0.0,0.0,2,25.0
15/9-F-9,1050.0,1,MUD_LOSS,False,1050.0,0.9695,2,68.02,51.36,0.6802,0.6802,0.0,0.0,1,0.0
15/9-F-9,1075.0,0,NONE,False,1075.0,0.9926,2,68.02,51.36,0.6802,0.6802,0.0,0.0,1,25.0
15/9-F-9 A,50.0,0,NONE,False,50.0,0.0415,3,59.33,53.55,2.8276,0.4616,0.0,2.366,6,0.0
15/9-F-9 A,75.0,0,NONE,False,75.0,0.0622,3,59.33,53.55,2.8084,1.3848,0.0,1.4236,6,5.0
15/9-F-9 A,100.0,0,NONE,False,100.0,0.0829,3,59.33,53.55,2.3207,2.3207,0.0,0.0,5,2.0
15/9-F-9 A,125.0,0,NONE,False,125.0,0.1036,3,59.33,53.55,4.2213,4.2213,0.0,0.0,9,0.6
15/9-F-9 A,150.0,0,NONE,False,150.0,0.1244,3,59.33,53.55,4.2278,4.2278,0.0,0.0,9,0.1
15/9-F-9 A,175.0,0,NONE,False,175.0,0.1451,3,59.33,53.55,1.8945,1.3987,0.0,0.4958,4,3.0
15/9-F-9 A,200.0,0,NONE,False,200.0,0.1658,3,59.33,53.55,1.8753,1.3795,0.0,0.4958,4,18.0
15/9-F-9 A,225.0,0,NONE,False,225.0,0.1866,3,59.33,53.55,3.2846,3.2846,0.0,0.0,7,7.0
15/9-F-9 A,250.0,0,NONE,False,250.0,0.2073,3,59.33,53.55,3.353,3.353,0.0,0.0,7,1.0
15/9-F-9 A,275.0,0,NONE,False,275.0,0.228,3,59.33,53.55,2.3797,2.3797,0.0,0.0,5,11.6
15/9-F-9 A,300.0,0,NONE,False,300.0,0.2488,3,59.33,53.55,1.8593,1.3881,0.4712,0.0,4,7.0
15/9-F-9 A,325.0,0,NONE,False,325.0,0.2695,3,59.33,53.55,0.4712,0.0,0.4712,0.0,1,15.0
15/9-F-9 A,350.0,0,NONE,False,350.0,0.2902,3,59.33,53.55,0.0,0.0,0.0,0.0,0,40.0
15/9-F-9 A,375.0,0,NONE,False,375.0,0.3109,3,59.33,53.55,0.0,0.0,0.0,0.0,0,65.0
15/9-F-9 A,400.0,0,NONE,False,400.0,0.3317,3,59.33,53.55,0.0,0.0,0.0,0.0,0,90.0
15/9-F-9 A,425.0,0,NONE,False,425.0,0.3524,3,59.33,53.55,0.0,0.0,0.0,0.0,0,115.0
15/9-F-9 A,450.0,0,NONE,False,450.0,0.3731,3,59.33,53.55,0.0,0.0,0.0,0.0,0,128.0
15/9-F-9 A,475.0,0,NONE,False,475.0,0.3939,3,59.33,53.55,0.0,0.0,0.0,0.0,0,103.0
15/9-F-9 A,500.0,0,NONE,False,500.0,0.4146,3,59.33,53.55,0.0,0.0,0.0,0.0,0,78.0
15/9-F-9 A,525.0,0,NONE,False,525.0,0.4353,3,59.33,53.55,0.0,0.0,0.0,0.0,0,53.0
15/9-F-9 A,550.0,0,NONE,False,550.0,0.4561,3,59.33,53.55,0.0,0.0,0.0,0.0,0,28.0
15/9-F-9 A,575.0,0,NONE,False,575.0,0.4768,3,59.33,53.55,0.4958,0.4958,0.0,0.0,1,3.0
15/9-F-9 A,600.0,0,NONE,False,600.0,0.4975,3,59.33,53.55,0.967,0.967,0.0,0.0,2,10.0
15/9-F-9 A,625.0,0,NONE,False,625.0,0.5182,3,59.33,53.55,0.921,0.4712,0.0,0.4498,2,12.0
15/9-F-9 A,650.0,0,NONE,False,650.0,0.539,3,59.33,53.55,0.4498,0.0,0.0,0.4498,1,13.0
15/9-F-9 A,675.0,0,NONE,False,675.0,0.5597,3,59.33,53.55,0.4958,0.4958,0.0,0.0,1,10.0
15/9-F-9 A,700.0,0,NONE,False,700.0,0.5804,3,59.33,53.55,0.4958,0.4958,0.0,0.0,1,15.0
15/9-F-9 A,725.0,0,NONE,False,725.0,0.6012,3,59.33,53.55,0.0,0.0,0.0,0.0,0,29.3
15/9-F-9 A,750.0,0,NONE,False,750.0,0.6219,3,59.33,53.55,0.4712,0.4712,0.0,0.0,1,4.3
15/9-F-9 A,775.0,0,NONE,False,775.0,0.6426,3,59.33,53.55,1.0604,0.4712,0.0,0.5892,2,18.1
15/9-F-9 A,800.0,0,NONE,False,800.0,0.6633,3,59.33,53.55,0.5892,0.0,0.0,0.5892,1,6.9
15/9-F-9 A,825.0,0,NONE,False,825.0,0.6841,3,59.33,53.55,3.8925,3.8925,0.0,0.0,7,4.0
15/9-F-9 A,850.0,0,NONE,False,850.0,0.7048,3,59.33,53.55,4.8173,4.8173,0.0,0.0,9,2.0
15/9-F-9 A,875.0,0,NONE,False,875.0,0.7255,3,59.33,53.55,4.3482,4.3482,0.0,0.0,9,3.0
15/9-F-9 A,900.0,0,NONE,False,900.0,0.7463,3,59.33,53.55,4.3658,4.3658,0.0,0.0,9,0.0
15/9-F-9 A,925.0,1,MUD_LOSS,False,925.0,0.767,3,59.33,53.55,1.8848,1.8848,0.0,0.0,4,18.3
15/9-F-9 A,950.0,0,NONE,False,950.0,0.7877,3,59.33,53.55,0.0,0.0,0.0,0.0,0,43.3
15/9-F-9 A,975.0,0,NONE,False,975.0,0.8085,3,59.33,53.55,0.4958,0.4958,0.0,0.0,1,25.0
15/9-F-9 A,1000.0,0,NONE,False,1000.0,0.8292,3,59.33,53.55,0.4958,0.4958,0.0,0.0,1,0.0
15/9-F-9 A,1025.0,0,NONE,False,1025.0,0.8499,3,59.33,53.55,7.018,7.018,0.0,0.0,12,25.0
15/9-F-9 A,1050.0,0,NONE,False,1050.0,0.8706,3,59.33,53.55,6.5222,6.5222,0.0,0.0,11,0.0
15/9-F-9 A,1075.0,0,NONE,False,1075.0,0.8914,3,59.33,53.55,6.5222,6.5222,0.0,0.0,11,25.0
15/9-F-9 A,1100.0,1,MUD_LOSS,False,1100.0,0.9121,3,59.33,53.55,0.0,0.0,0.0,0.0,0,50.0
15/9-F-9 A,1125.0,0,NONE,False,1125.0,0.9328,3,59.33,53.55,0.0,0.0,0.0,0.0,0,75.0
15/9-F-9 A,1150.0,0,NONE,False,1150.0,0.9536,3,59.33,53.55,0.0,0.0,0.0,0.0,0,88.0
15/9-F-9 A,1175.0,0,NONE,False,1175.0,0.9743,3,59.33,53.55,0.0,0.0,0.0,0.0,0,63.0
15/9-F-9 A,1200.0,0,NONE,False,1200.0,0.995,3,59.33,53.55,0.0,0.0,0.0,0.0,0,38.0
