event_id,well_id,wellbore_id,timestamp_start,timestamp_end,depth_start,depth_end,event_type,description,source,source_file,extraction_method,confidence
5ef2da6e-be53-4779-9456-00e1c7401366,NO,NO 15/9-19 A,name 1997-07-26T03:00:00+02:00,name 1997-07-26T04:00:00+02:00,1110,1110,EQUIPMENT_FAILURE,BURST HYDRAULIC HOSE ON UPPER RACKING ARM - REPAIRED SAME.,VOLVE_DDR,15_9_19_A_1997_07_27.xml,XML_NODE_KEYWORD,MEDIUM
71c4e23a-05dc-4a46-a120-c54d6468971b,NO,NO 15/9-19 A,name 1997-07-26T17:30:00+02:00,name 1997-07-26T18:30:00+02:00,2213,2213,STUCK_PIPE,"ORIENTED BIT/MOTOR & SLACKED-OFF THROUGH WINDOW.REAMED F/2208-2212M. STARTED DRILLING-SPP INCREASED 35BAR&TDS STALLED Ø16300NM.FREED STUCK STRING USING 32 MT O/PULL-TORQUE STILL TRAPPED IN STRING.WHILE PULLING PAST 2207M W/BIT,SPP INCREASED AGAIN.FREED BIT PAST 2207M USING 55 MT O/PULL.THEN ABLE TO RELEASE TORQUE IN STRING ONCE ABOVE 2202M.",VOLVE_DDR,15_9_19_A_1997_07_27.xml,XML_NODE_KEYWORD,HIGH
16500c8b-1816-4b92-9e48-c2886ff8204b,NO,NO 15/9-19 A,name 1997-07-29T00:00:00+02:00,name 1997-07-29T01:00:00+02:00,2202,2202,ABNORMAL_OPERATION,FINISHED DRILLING TO 2202 M - TOTAL OF 19 M OF FORMATION DRILLED BEYOND WINDOW'S BOTTOM. PU & SO THROUGH WINDOW 5 TIMES - NO PROBLEMS.,VOLVE_DDR,15_9_19_A_1997_07_30.xml,XML_NODE_KEYWORD,LOW
4159944d-63d5-43e3-b869-bbb4fbac1596,NO,NO 15/9-19 A,name 1997-07-29T11:30:00+02:00,name 1997-07-29T12:30:00+02:00,430,430,EQUIPMENT_FAILURE,ELECTRICAL PROBLEM WITH TOP DRIVE SYSTEM; REPAIRED SAME.,VOLVE_DDR,15_9_19_A_1997_07_30.xml,XML_NODE_KEYWORD,MEDIUM
2b5a4e03-8fe2-4c7e-b12e-6512870ec9d6,NO,NO 15/9-19 A,name 1997-07-29T17:00:00+02:00,name 1997-07-29T17:30:00+02:00,2190,2190,ABNORMAL_OPERATION,RIH SLOWLY-NO ROTATION OR CIRCULATION-FROM 2161 - 2190 M. WINDOW IN CASING FROM 2178 - 2183 M. MADE CHECK TRIP TO 2175 M; NO PROBLEMS PASSING THROUGH WINDOW.,VOLVE_DDR,15_9_19_A_1997_07_30.xml,XML_NODE_KEYWORD,LOW
a3001f2f-ce45-4b4e-bddb-05c1d1b36ae8,NO,NO 15/9-19 A,name 1997-07-31T00:00:00+02:00,name 1997-07-31T06:00:00+02:00,2768,2768,ABNORMAL_OPERATION,"DRILLED/ORIENTED 8 1/2"" HOLE FROM 2711 - 2768 M. HAD PROBLEMS TURNING WELLPATH TO THE RIGHT.",VOLVE_DDR,15_9_19_A_1997_08_01.xml,XML_NODE_KEYWORD,LOW
d37b8574-6f9c-478e-9359-e0edaccd5402,NO,NO 15/9-19 A,name 1997-07-31T07:00:00+02:00,name 1997-07-31T15:30:00+02:00,0,0,ABNORMAL_OPERATION,"POOH FOR BHA CHANGE DUE TO DIRECTIONAL PROBLEM - NOT ENOUGH TURN TO RIGHT IN AZIMUTH. NOTE-NO PROBLEM IN TOH THROUGH 9 5/8"" CASING WINDOW.      UNABLE TO DOWNLOAD MEMORY FROM MWD AFTER TRYING FOR 1 HOUR.",VOLVE_DDR,15_9_19_A_1997_08_01.xml,XML_NODE_KEYWORD,LOW
9d370b45-fbab-4749-aca2-237805b5707f,NO,NO 15/9-19 A,name 1997-08-01T13:30:00+02:00,name 1997-08-01T15:00:00+02:00,2190,2190,ABNORMAL_OPERATION,FLOW CHECKED & PUMPED SLUG. POOH TO 2190 M WITH NO PROBLEMS.,VOLVE_DDR,15_9_19_A_1997_08_02.xml,XML_NODE_KEYWORD,LOW
47f93764-ebca-446f-acef-9063a3029cbf,NO,NO 15/9-19 A,name 1997-08-01T15:00:00+02:00,name 1997-08-01T16:00:00+02:00,2190,2190,STUCK_PIPE,CIRCULATED W/2500LPM & ORIENTED TOOLFACE PRIOR TO PULLING THROUGH CSG. WINDOW. HOLE PACKED-OFF & STRING TORQUED-UP & LOST CIRC-STRING STUCK 2 MIN. WORKED STRING FREE BY GOING DOWNWARDS;MAX WEIGHT SLACKED-OFF=40 MT. ESTABLISHED CIRCULATION AT 600 LPM.,VOLVE_DDR,15_9_19_A_1997_08_02.xml,XML_NODE_KEYWORD,HIGH
38d23537-83df-4bb5-b0ec-2dae5ac7d4f4,NO,NO 15/9-19 A,name 1997-08-01T16:00:00+02:00,name 1997-08-01T19:30:00+02:00,2199,2199,MUD_LOSS,"WORKED STRING DOWN TO 2199 M BIT DEPTH - 16 M BELOW WINDOW'S BOTTOM. HOLE PACKED-OFF;LOST CIRCULATION SEVERAL TIMES. ATTEMPTED TO ESTABLISH CIRCULATION - IN STEPS - AT DIFFERENT FLOW RATES WHILE ROTATING AT 80- 120 RPM / PROBLEMS =PACKING-OFF,LOST CIRCULATION, TORQUING-UP OF DRILLSTRING. TORQUE WOULD INCREASE & THEN RETURNS WOULD BE LOST.",VOLVE_DDR,15_9_19_A_1997_08_02.xml,XML_NODE_KEYWORD,HIGH
c7608b2b-c63a-47c0-963e-203374fa7a1d,NO,NO 15/9-19 A,name 1997-08-02T01:30:00+02:00,name 1997-08-02T06:00:00+02:00,106,106,EQUIPMENT_FAILURE,RAN BOP TEST TOOL TO WELLHEAD.TESTED PIPE RAMS & FAIL SAFE VALVES TO 20/345 BAR; TESTED BOTH ANNULARS TO 20/241 BAR. TESTED ON YELLOW POD. FUNCTION TESTED ON BLUE POD - FROM SUBSEA CONTROL ROOM.,VOLVE_DDR,15_9_19_A_1997_08_03.xml,XML_NODE_KEYWORD,MEDIUM
15166449-7ca7-4c3d-ba6f-83d05d9d2227,NO,NO 15/9-19 A,name 1997-08-02T14:00:00+02:00,name 1997-08-02T15:30:00+02:00,2183,2183,ABNORMAL_OPERATION,ESTABLISHED CIRC AT 2500 LPM.WASHED DOWN TO CASING WINDOW. RAN THROUGH WINDOW & PU THROUGH WINDOW WITHOUT PUMPING - NO PROBLEMS. CIRCULATED AT 1500 LPM & ROTATED AT 50 RPM & RAN THROUGH WINDOW - NO PROBLEM.,VOLVE_DDR,15_9_19_A_1997_08_03.xml,XML_NODE_KEYWORD,LOW
0ec4a866-0db0-430e-9ef5-2f53e5a359b9,NO,NO 15/9-19 A,name 1997-08-02T20:00:00+02:00,name 1997-08-02T22:30:00+02:00,2783,2783,MUD_LOSS,"INCREASED MUD WEIGHT FROM 1,50 SG TO 1,54 SG WHILE CIRCULATING AT 2200 LPM. AFTER 1,54 MUD AROUND, INCREASED FLOW RATE TO 2500 LPM - 210 BAR - WITH NO LOSSES.",VOLVE_DDR,15_9_19_A_1997_08_03.xml,XML_NODE_KEYWORD,HIGH
f0e7b6dd-d818-41ff-807d-084335db7e3b,NO,NO 15/9-19 A,name 1997-08-03T06:00:00+02:00,name 1997-08-03T11:00:00+02:00,2783,2783,ABNORMAL_OPERATION,RIH TO 2160M. ESTABLISHED CIRC WITH 2500 LPM AND ORIENTED TOOLFACE. RUN THROUGH WINDOW WITH NO ROTATION OR CIRCULATION AND CONTINUED RIH WITH NO PROBLEMS. WASHED LAST STAND TO TD.,VOLVE_DDR,15_9_19_A_1997_08_04.xml,XML_NODE_KEYWORD,LOW
f136e38f-45f4-49fa-a691-a8cc51bfa09a,NO,NO 15/9-19 A,name 1997-08-04T09:30:00+02:00,name 1997-08-04T11:30:00+02:00,2707,2707,ABNORMAL_OPERATION,MADE SHORT TRIP TO 2707 M & RIH TO TD - WASHED DOWN LAST STAND TO TD - NO PROBLEMS.,VOLVE_DDR,15_9_19_A_1997_08_05.xml,XML_NODE_KEYWORD,LOW
83e858e8-5a9d-4362-8edf-a124fac08269,NO,NO 15/9-19 A,name 1997-08-07T02:00:00+02:00,name 1997-08-07T06:00:00+02:00,3573,3573,ABNORMAL_OPERATION,DRILLED 8 1/2'' HOLE FROM 3552 - 3573 M. UNABLE TO STEER DUE TO HANGING UP ON STABILIZERS AND FREQUENT STALLING  PROBLEMS.,VOLVE_DDR,15_9_19_A_1997_08_08.xml,XML_NODE_KEYWORD,LOW
32b701db-7599-4d46-8284-5c4a86e7efec,NO,NO 15/9-19 A,name 1997-08-08T03:30:00+02:00,name 1997-08-08T04:00:00+02:00,1040,1040,EQUIPMENT_FAILURE,FILL DRILL PIPE AND TEST MWD. FAIL TO GET SIGNALS FROM MWD. RE-BOOT MWD COMPUTER AND GOT SIGNALS OK.,VOLVE_DDR,15_9_19_A_1997_08_09.xml,XML_NODE_KEYWORD,MEDIUM
97d6b63c-561a-4f84-bb66-a2e89806cc43,NO,NO 15/9-19 A,name 1997-08-19T14:30:00+02:00,name 1997-08-19T17:00:00+02:00,107,107,EQUIPMENT_FAILURE,CONTINUED TEST BOP FROM YELLOW POD. TESTED ALL VALVES AND PIPE RAMS TO 34/345 BAR FOR 5/10 MIN. TESTED BOTH ANNULARS TO 34/241 BARS. FUNCTION TESTED WITH BLUE POD FROM TP REMOTE PANEL. ALL WHILST REPAIR ON UIBOP.,VOLVE_DDR,15_9_19_A_1997_08_20.xml,XML_NODE_KEYWORD,MEDIUM
6fe95bfd-c410-4571-959b-323ca8264294,NO,NO 15/9-19 A,name 1997-08-22T20:30:00+02:00,name 1997-08-23T00:00:00+02:00,0,0,EQUIPMENT_FAILURE,REPAIRED TOP DRIVE - BOLTS SHEARED ON SWIVEL LINK PINION CLAMP (PART OF TDS/TRAVELLING BLOCK RETRACT SYSTEM).,VOLVE_DDR,15_9_19_A_1997_08_23.xml,XML_NODE_KEYWORD,MEDIUM
474c7bc8-8598-4635-afd4-640a58d45118,NO,NO 15/9-19 A,name 1997-08-23T00:00:00+02:00,name 1997-08-23T03:30:00+02:00,0,0,EQUIPMENT_FAILURE,FINISHED REPAIRING TOP DRIVE.,VOLVE_DDR,15_9_19_A_1997_08_24.xml,XML_NODE_KEYWORD,MEDIUM
a930d0ea-4429-4a68-9f9b-2ecb1c378bad,NO,NO 15/9-19 A,name 1997-08-23T06:00:00+02:00,name 1997-08-24T00:00:00+02:00,3610,3610,ABNORMAL_OPERATION,CONTINUED RIH WITH LOGGING TOOLS ON DRILL PIPE: HDIL-MAC-ZDL-CND-SPL- CHT-VSP. EXPERIENCED PROBLEMS WITH A DISCONTINUOUS SIGNAL AT +\- 2825M - 2840M.,VOLVE_DDR,15_9_19_A_1997_08_24.xml,XML_NODE_KEYWORD,LOW
98cf38d5-c25d-48ef-b056-23e216b9eacb,NO,NO 15/9-19 A,name 1997-08-24T00:00:00+02:00,name 1997-08-24T04:30:00+02:00,4120,4120,ABNORMAL_OPERATION,"CONTINUED RUNNING LOGS ON DRILL PIPE. PROBLEM WITH DISCONTINUOUS SIGNAL FROM +\- 3845M - 3872M, 4018M - 4024M, 4045M - 4120M.",VOLVE_DDR,15_9_19_A_1997_08_25.xml,XML_NODE_KEYWORD,LOW
845cf28d-28c9-4c21-ac64-3c0f767ab350,NO,NO 15/9-19 A,name 1997-08-25T00:00:00+02:00,name 1997-08-25T06:00:00+02:00,3513,3513,ABNORMAL_OPERATION,CONTINUED LOGGING OUT OF HOLE ON DRILL PIPE: HDIL-MAC-ZDL-CND-SPL-CNT. SOME PROBLEMS WITH BAD/DISCONTINUOUS SIGNAL IN THE BEGINNING BUT IT WAS CORRECTED AND A GOOD LOG IS BEING ACQUIRED.,VOLVE_DDR,15_9_19_A_1997_08_26.xml,XML_NODE_KEYWORD,LOW
642c6a97-b7ce-44d8-9928-7e74d50fa208,NO,NO 15/9-19 A,name 1997-08-29T03:30:00+02:00,name 1997-08-29T06:00:00+02:00,4123,4123,STUCK_PIPE,PIPE STUCK WHILE MAKING UP TOP DRIVE. WORKED PIPE WITH NO SUCCESS. ATLAS SHEARED CLAMP ON SIDE ENTRY SUB AND POOH WITH WIRELINE IN ORDER TO GAIN ROTATION OF DRILL PIPE.,VOLVE_DDR,15_9_19_A_1997_08_30.xml,XML_NODE_KEYWORD,HIGH
28db9986-956a-46c6-bb03-178cebdb7993,NO,NO 15/9-19 A,name 1997-08-31T22:00:00+02:00,name 1997-08-31T22:30:00+02:00,1699,1699,ABNORMAL_OPERATION,CASING TONG NOT WORKING - PROBLEM WITH HYDRAULIC PRESSURE/VOLUME SUPPLY. CHANGED POWER UNITS.,VOLVE_DDR,15_9_19_A_1997_09_01.xml,XML_NODE_KEYWORD,LOW
983642d7-6c06-415c-8e54-4da5088e58bc,NO,NO 15/9-19 A,name 1997-09-01T20:30:00+02:00,name 1997-09-01T21:00:00+02:00,4044,4044,MUD_LOSS,RIH WITH CASING ON HWDP RUNNING STRING. LANDED CASING AND CHECKED DATUM LINE - OK. TOTAL MUD LOSSES RUNNING CASING - 6 M3.,VOLVE_DDR,15_9_19_A_1997_09_02.xml,XML_NODE_KEYWORD,HIGH
227d51e4-09ee-4ff9-ac07-836ba15cc3e3,NO,NO 15/9-19 A,name 1997-09-02T04:30:00+02:00,name 1997-09-02T06:00:00+02:00,4044,4044,EQUIPMENT_FAILURE,SET SEAL ASSEMBLY. PRESSURE TEST FAILED - RETURNS COMING UP DRILL STRING. BEGIN POOH.,VOLVE_DDR,15_9_19_A_1997_09_03.xml,XML_NODE_KEYWORD,MEDIUM
85b0ad03-56c7-49f4-a51d-65ec6642888a,NO,NO 15/9-19 A,name 1997-09-02T06:00:00+02:00,name 1997-09-02T06:30:00+02:00,0,0,EQUIPMENT_FAILURE,TEST OF SEAL ASSEMBLY FAILED. POOH WITH ST CASING HANGER RUNNING TOOL.,VOLVE_DDR,15_9_19_A_1997_09_03.xml,XML_NODE_KEYWORD,MEDIUM
e19495be-ab28-4e74-a77d-c5ddbc09b4f6,NO,NO 15/9-19 A,name 1997-10-08T03:30:00+02:00,name 1997-10-08T04:30:00+02:00,0,0,EQUIPMENT_FAILURE,WESTERN / ATLAS INVESTIGATED POWER FAILURE ON LOGGING TOOL. CHANGED OUT SWIVEL AND MU NEW CONNECTION.,VOLVE_DDR,15_9_19_A_1997_10_09.xml,XML_NODE_KEYWORD,MEDIUM
ab9ff290-f09f-4703-a0d9-2e3ab600c838,NO,NO 15/9-19 A,name 1997-10-08T05:00:00+02:00,name 1997-10-08T06:00:00+02:00,0,0,EQUIPMENT_FAILURE,WESTERN / ATLAS HAD INDICATION OF PERIODICAL FAILURE ON LOGGING TOOL. CHANGED OUT CABLE HEAD.,VOLVE_DDR,15_9_19_A_1997_10_09.xml,XML_NODE_KEYWORD,MEDIUM
1a0b9d50-a2d7-46c7-b56c-9184a735dca5,NO,NO 15/9-19 A,name 1997-10-08T14:30:00+02:00,name 1997-10-08T17:00:00+02:00,150,150,EQUIPMENT_FAILURE,TOOL CHECK SHOWED FAILURE ON VDL SECTION. CHANGED TO BACK UP TOOL. PERFORMED NEW TOOLCHECK. OK. RIH TO 150 M AND INSTALLED UPPER CASING JOINT.,VOLVE_DDR,15_9_19_A_1997_10_09.xml,XML_NODE_KEYWORD,MEDIUM
bb987a75-f678-4c4e-8891-be53cb452449,NO,NO 15/9-19 A,name 1997-10-10T00:00:00+02:00,name 1997-10-10T04:00:00+02:00,4019,4019,ABNORMAL_OPERATION,"CIRCULATED TO CONDITION MUD, 820 LPM / 300 BAR. HAD PROBLEMS W/ UNSTABLE MW. CIRC. UNTIL EVEN 1,47 SG.",VOLVE_DDR,15_9_19_A_1997_10_11.xml,XML_NODE_KEYWORD,LOW
07f7498c-f4a7-4c58-a07e-607506b95245,NO,NO 15/9-19 A,name 1997-10-13T01:30:00+02:00,name 1997-10-13T02:30:00+02:00,0,0,EQUIPMENT_FAILURE,CONNECTED CABLE TO SCHLUMB. MDT TOOL STRING. TESTED SIGNALS. GOT INDIC. OF CONTACT FAILURE IN TOOL STRING.,VOLVE_DDR,15_9_19_A_1997_10_14.xml,XML_NODE_KEYWORD,MEDIUM
048d8d44-0da7-43b2-adfb-72b22e42852f,NO,NO 15/9-19 A,name 1997-10-13T02:30:00+02:00,name 1997-10-13T06:00:00+02:00,0,0,EQUIPMENT_FAILURE,WORKED TO SOLVE CONTACT FAILURE IN SCHLUMB. MDT TOOL STRING.,VOLVE_DDR,15_9_19_A_1997_10_14.xml,XML_NODE_KEYWORD,MEDIUM
ccec44d4-3128-4609-b2c6-8feedee5a3a9,NO,NO 15/9-19 A,name 1997-10-13T06:00:00+02:00,name 1997-10-13T07:30:00+02:00,0,0,EQUIPMENT_FAILURE,WORKED TO SOLVE CONTACT FAILURE IN SCHLUMB. MDT TOOL STRING. FOUND CONTACT FAILURE ON CHAMBRE MODULE. REPAIRED SAME. TESTED MDT ASSY.,VOLVE_DDR,15_9_19_A_1997_10_14.xml,XML_NODE_KEYWORD,MEDIUM
7b12b370-1402-4e95-8320-2f47594b8b94,NO,NO 15/9-19 A,name 1997-10-14T01:30:00+02:00,name 1997-10-14T06:00:00+02:00,3602,3602,EQUIPMENT_FAILURE,HAD CONTACT FAILURE W/ PACKER MODULE ON SCHLUMB. MDT TOOL STRING. WORKED TO SOLVE PROBLEM. UNLATCHED/LATCHED LOCOMOTIVE; MAX. 9500 LBS TENSION ON CABLE. NOT ABLE TO GET PROPER SIGNALS W/ PACKER MODULE ON MDT TOOL STRING. POOH W/ CABLE.,VOLVE_DDR,15_9_19_A_1997_10_15.xml,XML_NODE_KEYWORD,MEDIUM
a4936242-634a-4e4f-9010-592d011d7ece,NO,NO 15/9-19 A,name 1997-10-14T14:00:00+02:00,name 1997-10-14T18:00:00+02:00,0,0,ABNORMAL_OPERATION,WORKED TO LOCATE PROBLEM IN SCHLUMB. MDT TOOL ASSY. LOCATED FAULT IN FLUID ANALYZER. CHANGED OUT SAME. TESTED OUT TOOL STRING.,VOLVE_DDR,15_9_19_A_1997_10_15.xml,XML_NODE_KEYWORD,LOW
22dc04dd-be9e-427c-a12c-9ef647326dc2,NO,NO 15/9-19 A,name 1997-10-14T20:30:00+02:00,name 1997-10-14T21:30:00+02:00,860,860,EQUIPMENT_FAILURE,REPAIRED ON BROKEN HYDRAULIC HOSE ON UPPER RACKING ARM.,VOLVE_DDR,15_9_19_A_1997_10_15.xml,XML_NODE_KEYWORD,MEDIUM
4d825f94-c255-407f-bc17-b7e98faa2d88,NO,NO 15/9-19 A,name 1997-10-16T06:30:00+02:00,name 1997-10-16T09:00:00+02:00,3604,3604,EQUIPMENT_FAILURE,CHAMBER VALVE ON MDT NOT OPERATING. ATTEMPTED TO TROUBLESHOOT AND REPAIR WITHOUT SUCCESS.,VOLVE_DDR,15_9_19_A_1997_10_17.xml,XML_NODE_KEYWORD,MEDIUM
f2e466f7-e5f5-417e-aeef-ea4a08bd9f36,NO,NO 15/9-19 A,name 1997-10-20T16:30:00+02:00,name 1997-10-20T23:00:00+02:00,3937,3937,EQUIPMENT_FAILURE,RIH WITH MWS BOTTOM HOLE SAMPLING TOOL. SAMPLE CHAMBER FAILED TO OPEN. POOH WITH WIRELINE.,VOLVE_DDR,15_9_19_A_1997_10_21.xml,XML_NODE_KEYWORD,MEDIUM
db71a4cd-588c-4101-aac1-88a3badb21b6,NO,NO 15/9-19 A,name 1997-10-20T23:00:00+02:00,name 1997-10-21T00:00:00+02:00,3937,3937,NPT,WAITED ON SWELL AND HEAVE TO SUBSIDE TO DISCONNECT WIRELINE LUBRICATOR AND CHANGE OUT BOTTOM HOLE SAMPLING TOOL. RIG HEAVING 2M-3M.,VOLVE_DDR,15_9_19_A_1997_10_21.xml,XML_NODE_KEYWORD,MEDIUM
b44620d6-edd9-4e7d-ac18-85b07aee0b2b,NO,NO 15/9-19 A,name 1997-10-21T00:00:00+02:00,name 1997-10-21T03:30:00+02:00,3937,3937,NPT,CONTINUED WAITING FOR SWELL AND HEAVE TO SUBSIDE TO DISCONNECT WIRELINE LUBRICATOR AND CHANGE OUT BOTTOM HOLE SAMPLING TOOLS. RIG HEAVE 2M-3M.,VOLVE_DDR,15_9_19_A_1997_10_22.xml,XML_NODE_KEYWORD,MEDIUM
dc664f1e-dc4b-4320-b675-0568bf325a09,NO,NO 15/9-19 A,name 1997-10-23T12:30:00+02:00,name 1997-10-23T13:30:00+02:00,3940,3940,STUCK_PIPE,CROWN-MOUNTED-COMPENSATOR WOULDN'T UNLOCK - CMC HYDRAULIC VALVE WAS STUCK IN CLOSED POSITION. TROUBLESHOOTED SYSTEM UNTIL VALVE WAS FREED & CMC UNLOCKED.,VOLVE_DDR,15_9_19_A_1997_10_24.xml,XML_NODE_KEYWORD,HIGH
5967b2b4-f47c-406a-863b-eb63f855f0a1,NO,NO 15/9-19 A,name 1997-11-05T19:00:00+01:00,name 1997-11-05T22:00:00+01:00,106,106,EQUIPMENT_FAILURE,TESTED BOPS ON YELLOW POD - UPPER ANNULAR TESTED TO 20/241 BAR; LOWER ANNULAR + PIPE RAMS + FAIL SAFE VALVES TESTED TO 20/345 BAR. FUNCTION TESTED BOPS ON BLUE POD.,VOLVE_DDR,15_9_19_A_1997_11_06.xml,XML_NODE_KEYWORD,MEDIUM
dc2a9bd1-291c-4eae-bbc9-386cdd21bb06,NO,NO 15/9-19 A,name 1997-11-06T10:00:00+01:00,name 1997-11-06T10:30:00+01:00,2275,2275,MUD_LOSS,"CONT 7"" CSG CUT AND HAD 40 BAR PRESSURE DROP AND SLIGHT LOSS OF MUD. PULLED ABOVE CUT AND OBSERVED WELL IN 15 MIN. TRIP TANK GAINED 0,5 M3 WITH DECLINING RATE TO STEADY.",VOLVE_DDR,15_9_19_A_1997_11_07.xml,XML_NODE_KEYWORD,HIGH
6609211f-1de8-4950-b3eb-61b751ce6e31,NO,NO 15/9-19 BT2,name 1997-12-05T15:00:00+01:00,name 1997-12-06T00:00:00+01:00,3021,3021,KICK,"KICKED-OFF/SIDETRACKED 8 1/2"" HOLE - DRILLED FROM 2911 - 3021 M. BOOSTING RISER CLEAN EVERY 3 HOURS WHILE DRILLING.",VOLVE_DDR,15_9_19_BT2_1997_12_06.xml,XML_NODE_KEYWORD,HIGH
20c22c2d-4ef1-40e7-aafc-c27f62ca75aa,NO,NO 15/9-19 BT2,name 1997-12-11T02:30:00+01:00,name 1997-12-11T04:30:00+01:00,2894,2894,ABNORMAL_OPERATION,"CONTINUED TO TIH FROM 2746 - 2894M - WASHING & REAMING WHEN NEEDED TO PASS SEVERAL SPOTS. PROBLEMS Ø: 2746M, 2768M, 2782M, 2783 - 2793M, 2846M, 2880M, 2882M - 2894M.",VOLVE_DDR,15_9_19_BT2_1997_12_12.xml,XML_NODE_KEYWORD,LOW
18ac0587-c029-43d7-8835-df4540a58459,NO,NO 15/9-19 BT2,name 1997-12-11T21:30:00+01:00,name 1997-12-11T22:30:00+01:00,2827,2827,MUD_LOSS,"CIRCULATED BOTTOMS-UP & BOOSTED RISER IN ATTEMPT TO CLEAN HOLE/REDUCE MUD LOSSES WHILE BACKREAMING-OUT. EXCESSIVE AMOUNT OF CUTTINGS STILL COMING ACROSS SHAKERS AFTER 1 BTMS-UP. LOST 2,2 M3 MUD WHILE CIRC. - FINAL FLOW RATE PRIOR TO STOPPING CIRC. WAS 1600 LPM Ø 155 BAR.",VOLVE_DDR,15_9_19_BT2_1997_12_12.xml,XML_NODE_KEYWORD,HIGH
380df6f8-0df0-4824-8383-e10f3152ac0e,NO,NO 15/9-19 BT2,name 1997-12-12T06:00:00+01:00,name 1997-12-12T07:00:00+01:00,0,0,MUD_LOSS,"FINISHED POOH WITH BHA. TOTAL MUD LOSS WHILE TOH = 2,1 M3.",VOLVE_DDR,15_9_19_BT2_1997_12_13.xml,XML_NODE_KEYWORD,HIGH
ac487265-9779-418d-be89-cf65df92d4c2,NO,NO 15/9-19 BT2,name 1997-12-12T16:00:00+01:00,name 1997-12-12T17:00:00+01:00,2100,2100,EQUIPMENT_FAILURE,REPAIRED BOLTS ON TOP DRIVE.,VOLVE_DDR,15_9_19_BT2_1997_12_13.xml,XML_NODE_KEYWORD,MEDIUM
bf426780-d45f-4055-befb-7a19b2ee0adb,NO,NO 15/9-19 BT2,name 1997-12-12T17:00:00+01:00,name 1997-12-12T19:30:00+01:00,3206,3206,MUD_LOSS,"CONTINUED TO RIH FROM 2100 - 3206 M / 14 M OF FILL. NOTE: TIGHT SPOTS WIPED THROUGH DURING TIH- 2740M, 2758M, 2770M, 2795M, 2850M, & 2879M. MAXIMUM WT. SLACKED-OFF = 30 MT. DID NOT CIRCULATE DURING TIH. TOTAL MUD LOSS WHILE TIH = 0,9 M3.",VOLVE_DDR,15_9_19_BT2_1997_12_13.xml,XML_NODE_KEYWORD,HIGH
2fd1e928-806e-4d9d-8ccd-711ec1c7f0ec,NO,NO 15/9-19 BT2,name 1997-12-13T00:00:00+01:00,name 1997-12-13T04:30:00+01:00,0,0,MUD_LOSS,"CONTINUED TO POOH FROM 2146M TO SURFACE.TOTAL MUD LOSS WHILE TOH=,4M3.",VOLVE_DDR,15_9_19_BT2_1997_12_14.xml,XML_NODE_KEYWORD,HIGH
b39a44bf-9403-4917-b5cd-77169380d860,NO,NO 15/9-19 BT2,name 1997-12-13T18:30:00+01:00,name 1997-12-14T00:00:00+01:00,2164,2164,MUD_LOSS,"CONTINUED TO RUN 7"" LINER - ON 5"" DP - FROM 1131 - 2164M. DRIFTED LANDING STRING TO 2 3/4"" WHILE RUNNING; FILLED PIPE EVERY 5 STDS. BROKE CIRC. Ø 2164M - WINDOW Ø 2178M - WITH 450 LPM Ø 31 BAR. PU WT. = 100 MT & SO WT. = 77 MT Ø 2164 M. MUD LOSS WHILE RUNNING LINER INSIDE OF CSG. = 2,5 M3.",VOLVE_DDR,15_9_19_BT2_1997_12_14.xml,XML_NODE_KEYWORD,HIGH
719ad672-7571-429f-be33-0891f43edc96,NO,NO 15/9-19 BT2,name 1997-12-14T00:00:00+01:00,name 1997-12-14T02:00:00+01:00,2164,2164,EQUIPMENT_FAILURE,REPAIRED HYDRAULIC LEAK ON UPPER RACKING ARM - BURST SEAL FOR MAIN SHUTTLE VALVE = SOURCE OF LEAK.,VOLVE_DDR,15_9_19_BT2_1997_12_15.xml,XML_NODE_KEYWORD,MEDIUM
f6730406-63ab-44f2-ae1f-19f655495f0e,NO,NO 15/9-19 BT2,name 1997-12-14T02:00:00+01:00,name 1997-12-14T03:30:00+01:00,2167,2167,EQUIPMENT_FAILURE,"SLACKED-OFF ON LANDING STRING TO 2167 M; HAD SCR FAILURE FOR TDS, DRAWWORKS , & MUD PUMPS. ELECTRICIAN HAD TO TROUBLESHOOT PROBLEM: FOUND BURNED ""MAIN CHANGE-OVER SWITCH"" - REPLACED SAME.",VOLVE_DDR,15_9_19_BT2_1997_12_15.xml,XML_NODE_KEYWORD,MEDIUM
a8293881-4e5a-402a-b941-836963fbdabe,NO,NO 15/9-19 BT2,name 1997-12-14T11:30:00+01:00,name 1997-12-14T14:30:00+01:00,3030,3030,ABNORMAL_OPERATION,"LOST POWER TO DRAWWORKS. DISCOVERED PROBLEM RELATED TO DRAWWORKS' MOTOR ""C"".",VOLVE_DDR,15_9_19_BT2_1997_12_15.xml,XML_NODE_KEYWORD,LOW
f5d7fec2-e96f-4049-be93-a96800f70267,NO,NO 15/9-19 BT2,name 1997-12-15T14:30:00+01:00,name 1997-12-15T18:00:00+01:00,106,106,EQUIPMENT_FAILURE,"TESTED BOPS ON YELLOW POD FROM RIG FLOOR PANEL-5 MIN. LOW TEST/10 MIN. HIGH TEST: UPPER ANNULAR -20/241 BAR, LOWER ANNULAR, PIPE RAMS & FAILSAFE VALVES - 20/345 BAR. FUNCTIONED BOPS ON BLUE POD FROM TOOLPUSHER'S OFFICE MINI-PANEL. SUBSEA ENGINEER CHECKED BOPS' ACOUSTIC CONTROL SYSTEM.",VOLVE_DDR,15_9_19_BT2_1997_12_16.xml,XML_NODE_KEYWORD,MEDIUM
eb936b57-1ad1-44b0-86c8-7113c28dd291,NO,NO 15/9-19 BT2,name 1997-12-15T18:00:00+01:00,name 1997-12-16T00:00:00+01:00,106,106,EQUIPMENT_FAILURE,CONTINUED TO REPAIR DOLLY-TRACK SYSTEM ON UPPER RACKING ARM - HAD STARTED REPAIR WORK WHILE SIMULTANEOUSLY TESTING THE BOPS. ALSO WORKED ON TOP DRIVE'S ELECTRICAL CONTROL SYSTEM WHEN WORK ON UPPER RACKING ARM ALLOWED SAFE ACCESS TO TOP DRIVE.,VOLVE_DDR,15_9_19_BT2_1997_12_16.xml,XML_NODE_KEYWORD,MEDIUM
d5853efe-d4da-4a0e-9345-3938b7f0ec83,NO,NO 15/9-19 BT2,name 1997-12-16T00:00:00+01:00,name 1997-12-16T06:00:00+01:00,106,106,EQUIPMENT_FAILURE,COMPLETED REPAIR TO UPPER RACKING ARM'S DOLLY-TRACK SYSTEM.,VOLVE_DDR,15_9_19_BT2_1997_12_17.xml,XML_NODE_KEYWORD,MEDIUM
3354a093-8d73-4501-b076-78fb7f676fb8,NO,NO 15/9-19 BT2,name 1997-12-16T10:00:00+01:00,name 1997-12-16T11:00:00+01:00,0,0,STUCK_PIPE,"LD 1 STAND OF 5"" HWDP - WITH DRIFT STUCK INSIDE PIPE. PU 4 3/4"" MUD MOTOR, BROKE-OUT STABILIZER & LD MOTOR + STABILIZER.",VOLVE_DDR,15_9_19_BT2_1997_12_17.xml,XML_NODE_KEYWORD,HIGH
b1e6a118-4c6c-41d6-b57f-538e58118457,NO,NO 15/9-19 BT2,name 1997-12-17T17:30:00+01:00,name 1997-12-17T19:30:00+01:00,32,32,ABNORMAL_OPERATION,INSTALLED PROBE INTO MWD. HAD TO TROUBLESHOOT PROBLEM WITH MWD.,VOLVE_DDR,15_9_19_BT2_1997_12_18.xml,XML_NODE_KEYWORD,LOW
af229f2f-bb32-4784-b1f5-baaebc4cc3f7,NO,NO 15/9-19 BT2,name 1997-12-18T06:30:00+01:00,name 1997-12-18T07:00:00+01:00,2650,2650,MUD_LOSS,"OBSERVED WELL ON TRIP TANK, NO LOSSES OBSERVED.",VOLVE_DDR,15_9_19_BT2_1997_12_19.xml,XML_NODE_KEYWORD,HIGH
b50f841e-a097-4911-8d70-0bd1d1b81e21,NO,NO 15/9-19 BT2,name 1997-12-19T03:30:00+01:00,name 1997-12-19T06:00:00+01:00,3348,3348,ABNORMAL_OPERATION,"OBTAINED SURVEY AT 3321M. ATTEMPTED TO GET CONTINOUS TOOLFACE READING NO SUCCESS DUE TO MWD SIGNAL DECODING PROBLEM AT SURFACE. CHARGED RIG PUMP PULSATION DAMPERS TO 900 PSI, DID NOT GET IMPROVEMENT ON MWD SURFACE READOUT. CONTINUING TROUBLE SHOOT MWD DECODING.",VOLVE_DDR,15_9_19_BT2_1997_12_20.xml,XML_NODE_KEYWORD,LOW
2356df60-9f8c-4d30-b12f-a9fdf50efee6,NO,NO 15/9-19 BT2,name 1997-12-19T06:30:00+01:00,name 1997-12-19T10:00:00+01:00,3360,3360,ABNORMAL_OPERATION,"CONTINUED DRILLING FROM 3348M TO 3360M. ATTEMPTED TO DRILL IN ORIENTED MODE, NO SUCCESS DUE TO WEIGHT STACKED PROBLEM AND SUBSEQUENTLY MOTOR STALLING WHEN BIT HIT FORMATION.",VOLVE_DDR,15_9_19_BT2_1997_12_20.xml,XML_NODE_KEYWORD,LOW
dfc4e6a1-2ed8-488c-b511-8008a69f8209,NO,NO 15/9-19 BT2,name 1997-12-19T14:00:00+01:00,name 1997-12-19T14:30:00+01:00,2900,2900,EQUIPMENT_FAILURE,REPAIRED HOSE ON MUD BUCKET.,VOLVE_DDR,15_9_19_BT2_1997_12_20.xml,XML_NODE_KEYWORD,MEDIUM
d3d58f36-ad71-4873-a47c-552a3bd5dc7c,NO,NO 15/9-19 BT2,name 1997-12-31T13:00:00+01:00,name 1997-12-31T16:00:00+01:00,214,214,EQUIPMENT_FAILURE,"TESTED BOP ON BLUE POD FROM RIG FLOOR PANEL: 5-MIN LOW/ 10-MIN HIGH TEST: UPPER ANNULAR 20/241 BAR, LOWER ANNULAR, PIPE RAMS & FAILSAFE VALVES - 20/345 BAR. FUNCTIONED BOPS ON YELLOW POD FROM TOOLPUSHER'S OFFICE MINI-PANEL.",VOLVE_DDR,15_9_19_BT2_1998_01_01.xml,XML_NODE_KEYWORD,MEDIUM
33323a91-5afa-41f0-bd28-639449c2640b,NO,NO 15/9-19 BT2,name 1998-01-01T09:00:00+01:00,name 1998-01-01T10:30:00+01:00,3824,3824,STUCK_PIPE,CONTINUED REAMING FROM 3772M TO 3824M. STRING STUCK AT 3824M BIT DEPTH,VOLVE_DDR,15_9_19_BT2_1998_01_02.xml,XML_NODE_KEYWORD,HIGH
f298ea6f-61d8-40e2-9fd5-96722ed257d3,NO,NO 15/9-19 BT2,name 1998-01-04T20:00:00+01:00,name 1998-01-04T21:30:00+01:00,4037,4037,STUCK_PIPE,WASHED TO BOTTOM FROM 3996M TO 4037M - NO FILL. DROPPED BALL AND TOOK SPR'S. ATTEMPTED TO START CORING - STRING STUCK ON BOTTOM FOR 20 MINUTES - JARRED REPEATEDLY TO FREE.,VOLVE_DDR,15_9_19_BT2_1998_01_05.xml,XML_NODE_KEYWORD,HIGH
690bf152-a64b-4941-aa09-993ebfcd0f64,NO,NO 15/9-19 BT2,name 1998-01-05T02:00:00+01:00,name 1998-01-05T02:30:00+01:00,3842,3842,EQUIPMENT_FAILURE,REPAIRED IRON ROUGHNECK - SHEARED BOLTS ON TORQUE WRENCH.,VOLVE_DDR,15_9_19_BT2_1998_01_06.xml,XML_NODE_KEYWORD,MEDIUM
fdf97d41-7f3a-4d50-b9e6-e70ca6532695,NO,NO 15/9-19 BT2,name 1998-01-09T03:30:00+01:00,name 1998-01-09T06:00:00+01:00,4130,4130,STUCK_PIPE,POOH TO 4105M. STRING STUCK BRIEFLY AT 4123M WHILE RACKING BACK STAND OF DRILL PIPE. REAMED FROM 4105M TO 4130M TO ACQUIRE BETTER MWD LOG.,VOLVE_DDR,15_9_19_BT2_1998_01_10.xml,XML_NODE_KEYWORD,HIGH
c13d40e2-f48d-459d-a3e1-6bcd112b94fa,NO,NO 15/9-19 BT2,name 1998-01-10T02:30:00+01:00,name 1998-01-10T04:00:00+01:00,4094,4094,STUCK_PIPE,"POOH. 20-30 TONS MAXIMUM OVERPULL ABOVE NORMAL DRAG. AFTER SETTING SETTING BACK STAND AT 4075M HOLE WAS TIGHT - 60 TONS OVERPULL. P/U STAND, M/U TOP DRIVE, BROKE CIRCULATION AND WASHED AND REAMED TO 4094M. AFTER BREAKING AND LAYING OUT SINGLE PIPE WAS FOUND TO BE TO BE STUCK AT 4094M.",VOLVE_DDR,15_9_19_BT2_1998_01_11.xml,XML_NODE_KEYWORD,HIGH
33b5505c-0d32-440a-b319-9475d17ee447,NO,NO 15/9-19 BT2,name 1998-01-10T04:00:00+01:00,name 1998-01-10T06:00:00+01:00,4094,4094,STUCK_PIPE,WORKED AND JARRED ON STUCK PIPE. NO PROGRESS. GOOD CIRCULATION.,VOLVE_DDR,15_9_19_BT2_1998_01_11.xml,XML_NODE_KEYWORD,HIGH
02676c4f-a3ad-4a8f-9196-4a779cce0963,NO,NO 15/9-19 BT2,name 1998-01-10T06:00:00+01:00,name 1998-01-10T07:00:00+01:00,4094,4094,STUCK_PIPE,WORKED STUCK PIPE FREE.,VOLVE_DDR,15_9_19_BT2_1998_01_11.xml,XML_NODE_KEYWORD,HIGH
12bd715e-0fa4-4010-9588-a8c8c2aef29b,NO,NO 15/9-19 BT2,name 1998-01-11T14:00:00+01:00,name 1998-01-12T00:00:00+01:00,210,210,EQUIPMENT_FAILURE,"INVESTIGATED HYDRAULIC LEAK ON TOP DRIVE. DURING INSPECTION FOUND FOUR BROKEN BOLTS ON TOP DRIVE MOTOR TRUNNION, MAIN ELECTRIC MOTOR LOOSE, LUBE OIL PUMP LOOSE, AIR DISTRIBUTION MANIFOLD LOOSE, AND SEVERAL BROKEN FITTINGS. BEGAN REPAIRING SAME.",VOLVE_DDR,15_9_19_BT2_1998_01_12.xml,XML_NODE_KEYWORD,MEDIUM
31a9bea8-4b51-4f01-b9a2-7223cf5a32e6,NO,NO 15/9-19 BT2,name 1998-01-12T00:00:00+01:00,name 1998-01-12T03:00:00+01:00,210,210,EQUIPMENT_FAILURE,FINISHED REPAIRING TOP DRIVE.,VOLVE_DDR,15_9_19_BT2_1998_01_13.xml,XML_NODE_KEYWORD,MEDIUM
13d00d0a-3443-486c-9f96-62dbaf7c903b,NO,NO 15/9-19 BT2,name 1998-01-14T03:30:00+01:00,name 1998-01-14T04:30:00+01:00,3861,3861,EQUIPMENT_FAILURE,RADIO COMMUNICATIONS WITH VSP BOAT FAILED AND REQUIRED BOAT TO RETURN TO RIG TO DROP OFF ANOTHER RADIO.,VOLVE_DDR,15_9_19_BT2_1998_01_15.xml,XML_NODE_KEYWORD,MEDIUM
6827ba9e-f230-4884-b12d-c195486f3847,NO,NO 15/9-19 BT2,name 1998-01-16T21:30:00+01:00,name 1998-01-17T00:00:00+01:00,3173,3173,ABNORMAL_OPERATION,"ATLAS PULLED WET CONNECTOR LOOSE WITH NO PROBLEMS; MAXIMUM OF 6000 LBS - 2,7 MT - OF PULL NEEDED. ATLAS POOH WITH THE ELECTRIC LINE. RD SIDE ENTRY SUB FROM DRILLPIPE STRING.",VOLVE_DDR,15_9_19_BT2_1998_01_17.xml,XML_NODE_KEYWORD,LOW
8938080c-4a2c-41b5-a749-895f637fea0c,NO,NO 15/9-19 BT2,name 1998-01-18T08:30:00+01:00,name 1998-01-18T10:00:00+01:00,3189,3189,ABNORMAL_OPERATION,"ATLAS PULLED WET CONNECTOR LOOSE WITH NO PROBLEMS; 7000 LBS.-3,2 MT- OF PULL NEEDED. ATLAS POOH WITH ELECTRIC LINE. RD SIDE ENTRY SUB & LD STABILIZER.",VOLVE_DDR,15_9_19_BT2_1998_01_19.xml,XML_NODE_KEYWORD,LOW
c10e6f8c-b955-4a42-9219-8a2c23ed94c6,NO,NO 15/9-19 BT2,name 1998-01-19T19:30:00+01:00,name 1998-01-20T00:00:00+01:00,3694,3694,NPT,WAITED ON WEATHER.,VOLVE_DDR,15_9_19_BT2_1998_01_20.xml,XML_NODE_KEYWORD,MEDIUM
c9135b95-9b7d-492a-82b9-6ce6fd412a05,NO,NO 15/9-19 BT2,name 1998-01-20T00:00:00+01:00,name 1998-01-20T06:00:00+01:00,3694,3694,NPT,WAITED ON WEATHER.,VOLVE_DDR,15_9_19_BT2_1998_01_21.xml,XML_NODE_KEYWORD,MEDIUM
80ce0ca0-7ba6-408c-9c07-f4bd7dc747c5,NO,NO 15/9-19 BT2,name 1998-01-20T06:00:00+01:00,name 1998-01-20T09:00:00+01:00,3694,3694,NPT,CONTINUED WAITING-ON-WEATHER.,VOLVE_DDR,15_9_19_BT2_1998_01_21.xml,XML_NODE_KEYWORD,MEDIUM
2eb23740-519c-41f3-88bb-78d48f51ca9d,NO,NO 15/9-19 BT2,name 1998-01-20T23:00:00+01:00,name 1998-01-21T00:00:00+01:00,3694,3694,EQUIPMENT_FAILURE,"OPENED FAILSAFE VALVES & CHECKED FOR PRESSURE BELOW BLIND/SHEAR RAMS- NO PRESSURE. CIRCULATED MUD DOWN KILL LINE & UP CHOKE LINE. LANDED DIVERTER. OPENED LPR & CHECKED FOR PRESSURE-NO PRESSURE. CIRCULATED MUD DOWN KILL LINE & UP CHOKE LINE-TOOK 0,8 M3 MUD TO FILL HOLE BEFORE RETURNS TO TRIP TANK. CLOSED LPR.",VOLVE_DDR,15_9_19_BT2_1998_01_21.xml,XML_NODE_KEYWORD,MEDIUM
3ee54faf-768c-483c-89bd-bc263fd50e69,NO,NO 15/9-19 BT2,name 1998-01-21T03:30:00+01:00,name 1998-01-21T06:00:00+01:00,3581,3581,MUD_LOSS,"CIRCULATED DOWN DRILLPIPE TO BALANCE MUD - 1000 LPM Ø 210-230 BAR. MUD WEIGHT OUT BEFORE BOTTOMS-UP = 1,45 SG. MAXIMUM GAS READING = 25%. FINE SOLIDS ON BOTTOMS-UP BLINDED SCREENS; HAD TO CHANGE SCREENS. AFTER BOTTOMS-UP 1000 LPM = 186 BAR. NO MUD LOSSES DOWNHOLE WHILE CIRCULATING. HOLE ""STICKY"" Ø3558M & 3577M-STALLING TOP DRIVE.",VOLVE_DDR,15_9_19_BT2_1998_01_22.xml,XML_NODE_KEYWORD,HIGH
2ca164bd-526d-41a7-bacf-151c5a0d0805,NO,NO 15/9-19 BT2,name 1998-01-21T07:00:00+01:00,name 1998-01-21T07:30:00+01:00,3558,3558,STUCK_PIPE,"WHILE POOH FROM 3694-3558 M, PIPE STUCK Ø 3558 M. COULD ROTATE BUT UNABLE TO PULL ABOVE 3558M. WORKED STRING FREE WITH MAXIMUM OF 50 MT OVERPULL.",VOLVE_DDR,15_9_19_BT2_1998_01_22.xml,XML_NODE_KEYWORD,HIGH
a83d5d57-47dc-4a5a-a22a-a1a909af2926,NO,NO 15/9-19 BT2,name 1998-01-21T18:30:00+01:00,name 1998-01-21T20:00:00+01:00,4025,4025,STUCK_PIPE,"SPOTTED CEMENT PLUG NUMBER 2  FROM 4025 - 3800 M. PUMPED 2,0 M3 1,69 SG SPACER, 5,1 M3 1,90 SG CEMENT SLURRY, 0,35 M3 1,69 SG SPACER & DISPLACED WITH 18,9 M3 1,40 SG MUD. NOTE:PIPE STUCK MOMENTARILY WHILE CEMENTING;FREED WITH 73 MT OVERPULL.",VOLVE_DDR,15_9_19_BT2_1998_01_22.xml,XML_NODE_KEYWORD,HIGH
2007e1e7-7062-4424-8605-8d49d9e7f595,NO,NO 15/9-19 BT2,name 1998-01-21T21:30:00+01:00,name 1998-01-22T00:00:00+01:00,3660,3660,ABNORMAL_OPERATION,"STARTED CIRCULATING BOTTOMS-UP Ø 3660M; 500 LPM Ø 65 BAR. MAXIMUM GAS READING = 7,2%; HAD TO ROTATE STRING CONSTANTLY BECAUSE OF ""STICKING PROBLEMS"".",VOLVE_DDR,15_9_19_BT2_1998_01_22.xml,XML_NODE_KEYWORD,LOW
efd5fbca-7447-417e-ac6c-0611cc951e27,NO,NO 15/9-19 BT2,name 1998-01-23T02:30:00+01:00,name 1998-01-23T03:30:00+01:00,0,0,MUD_LOSS,"WHILE CLEANING RIG FLOOR & PREPARING TO MU BHA, VISUALLY OBSERVED ANNULUS LEVEL DROP IN RISER. CLOSED BLIND/SHEAR RAMS; RATE OF MUD LOSS DID NOT DECREASE; 1,3 M3 LOST IN 30 MINUTES.OPENED BLIND/SHEAR RAMS - MUD NEEDED TO FILL HOLE BELOW RAMS WAS NEGLIGIBLE.",VOLVE_DDR,15_9_19_BT2_1998_01_24.xml,XML_NODE_KEYWORD,HIGH
9865b91d-3313-4146-b9df-3790dfeabcee,NO,NO 15/9-19 BT2,name 1998-01-23T03:30:00+01:00,name 1998-01-23T06:00:00+01:00,293,293,MUD_LOSS,"MU 5 7/8"" BIT & BHA FOR TESTING OF PLUG NUMBER 3. RAN 4 STANDS 3 1/2"" DRILLPIPE TO 293 M - PLACING DRILLPIPE ACROSS UPPER ANNULAR PREVENTER. RATE OF LOSS TO HOLE VIA TRIP TANK REMAINED CONSTANT - APPROXIMATELY 2 M3/HOUR.",VOLVE_DDR,15_9_19_BT2_1998_01_24.xml,XML_NODE_KEYWORD,HIGH
9e667c5c-693e-40c4-9aa1-242b13f39581,NO,NO 15/9-19 BT2,name 1998-01-23T06:00:00+01:00,name 1998-01-23T07:00:00+01:00,293,293,MUD_LOSS,"WITH BIT Ø 293 M, CLOSED UPPER ANNULAR ON 3 1/2"" DP. 0,6 M3 MUD LOST DOWN ANNULUS IN 20 MINUTES - VERIFIED THAT MUD LOSS WAS DUE TO LEAK IN RISER SYSTEM - ABOVE UPPER ANNULAR PREVENTER. OPENED UPPER ANNULAR.",VOLVE_DDR,15_9_19_BT2_1998_01_24.xml,XML_NODE_KEYWORD,HIGH
76c7904c-0bc1-4759-be2d-b4629ab43c11,NO,NO 15/9-19 BT2,name 1998-01-23T07:30:00+01:00,name 1998-01-23T08:30:00+01:00,640,640,EQUIPMENT_FAILURE,"REPAIRED BURST HYDRAULIC HOSE ON UPPER RACKING ARM. NOTE: MOVED RIG 3 M Ø APPROXIMATELY 0830 HRS. & SLOWED LEAK FROM RISER TO 0,3 M3 / HOUR.",VOLVE_DDR,15_9_19_BT2_1998_01_24.xml,XML_NODE_KEYWORD,MEDIUM
d5d4823c-b251-4eae-9a02-ca9a454dc73f,NO,NO 15/9-19 BT2,name 1998-01-25T19:30:00+01:00,name 1998-01-25T20:30:00+01:00,1465,1465,MUD_LOSS,SLIP JOINT LEAK CAUSED LOSS OF PUMP SUCTION - TRANFERRED MUD TO A.PIT TO ALLOW REGAINING OF PUMP SUCTION. NOTE: RIG DOWNTIME.,VOLVE_DDR,15_9_19_BT2_1998_01_26.xml,XML_NODE_KEYWORD,HIGH
cbf09d28-e415-4150-b0f6-e988c024ca82,NO,NO 15/9-19 BT2,name 1998-01-25T20:30:00+01:00,name 1998-01-25T21:30:00+01:00,1465,1465,NPT,"UNABLE TO WEIGHT-UP MUD TO 1,40 SG BECAUSE COULDN'T OBTAIN BARITE INTO PUMP ROOM'S SURGE CAN. NOTE: RIG DOWNTIME.",VOLVE_DDR,15_9_19_BT2_1998_01_26.xml,XML_NODE_KEYWORD,MEDIUM
df587cfb-e898-4103-b49d-81bb1ccb11f4,NO,NO 15/9-19 BT2,name 1998-01-25T22:00:00+01:00,name 1998-01-25T23:00:00+01:00,1465,1465,NPT,"DISPLACED WATER BASE MUD IN RISER WITH SEAWATER - DUE TO LEAKING RISER. CLOSED UPPER ANNULAR & MONITORED HOLE VIA CHOKE LINE - LEAK IN RISER DOESN'T ALLOW ""CORRECT"" MONITORING OF HOLE. HOLE STATIC; OPENED UPPER ANNULAR. NOTE: RIG DOWNTIME.",VOLVE_DDR,15_9_19_BT2_1998_01_26.xml,XML_NODE_KEYWORD,MEDIUM
4d991270-e405-4736-a058-415ca821512f,NO,NO 15/9-19 BT2,name 1998-01-28T04:00:00+01:00,name 1998-01-28T06:00:00+01:00,211,211,NPT,SWEPT GAS FROM BOPS USING SEAWATER AND MUD. ALLOWED GAS TO MIGRATE UP RISER. CLOSED LOWER ANNULAR AND OPENED UPPER ANNULAR. ALLOWED GAS TO MIGRATE. OPENED LOWER ANNULAR - GAS MIGRATED RAPIDLY. CLOSED DIVERTER PACKER. WAITED 10 MINUTES AND OPENED PACKER. GAS STILL MIGRATING UP RISER.,VOLVE_DDR,15_9_19_BT2_1998_01_29.xml,XML_NODE_KEYWORD,MEDIUM
27a9a93a-64d0-40dc-85ac-3dae675bf1ff,NO,NO 15/9-19 BT2,name 1998-02-02T05:00:00+01:00,name 1998-02-02T06:00:00+01:00,0,0,NPT,WAITING ON WEATHER DUE TO HIGH WIND; 22 TO 25 M/S WITH WAVE HEIGHT 4M.,VOLVE_DDR,15_9_19_BT2_1998_02_03.xml,XML_NODE_KEYWORD,MEDIUM
1b47836f-613b-445a-976a-da3038e32036,NO,NO 15/9-19 BT2,name 1998-02-02T13:00:00+01:00,name 1998-02-03T00:00:00+01:00,0,0,NPT,WAIT ON WEATHER DUE TO HIGH WINDS AND WAVE HEIGHT; MAX 25 M/S WITH 6 M WAVE HEIGHT.,VOLVE_DDR,15_9_19_BT2_1998_02_03.xml,XML_NODE_KEYWORD,MEDIUM
07476485-9321-4493-b6dc-704a99b642e0,NO,NO 15/9-19 BT2,name 1998-02-03T00:00:00+01:00,name 1998-02-03T03:30:00+01:00,0,0,NPT,"CONTINUED WAIT ON WEATHER; 0100 HRS: 14 M/S  DIRECTION 340, 4-6 M WAVE                            0200 HRS; 15 M/S  DIRECTION 340, 4-6 M WAVE                            0300 HRS; 16 M/S  DIRECTION 340, 4-6 M WAVE",VOLVE_DDR,15_9_19_BT2_1998_02_04.xml,XML_NODE_KEYWORD,MEDIUM
dea5581e-a8f3-4d52-aa44-acb12142cf80,NO,NO 15/9-19 B,name 1997-11-09T22:00:00+01:00,name 1997-11-10T00:00:00+01:00,0,0,KICK,"PICKED UP 8 1/2"" KICK OFF BHA; AKO MACH 1 XL WITH 1,2 DEGR SETTING. TESTED MOTOR, OK. MADE UP MWD GR/RES/DIR AND LOAD TOOL.",VOLVE_DDR,15_9_19_B_1997_11_10.xml,XML_NODE_KEYWORD,HIGH
7a1c0dfe-3d47-474e-9cf4-068e60c9b4f9,NO,NO 15/9-19 B,name 1997-11-10T16:30:00+01:00,name 1997-11-10T19:00:00+01:00,2231,2231,STUCK_PIPE,"WASHED DOWN WITH 400 L/MIN TO OUTSIDE WINDOW AND OBSERVED SLIGHT PACK OFF. PULLED INTO WINDOW, NO OVERPULL. CONTINUED WASHING W/400 L/MIN TO 2223M. INCREASED PUMP RATE TO 1800 L/MIN AND CLEAN HOLE UP TO WINDOW. DRESSED INCONSISTENT CMT FROM 2223 TO FIRM CMT AT 2231M",VOLVE_DDR,15_9_19_B_1997_11_11.xml,XML_NODE_KEYWORD,HIGH
8f085612-039e-4cf5-904f-92743d92ceed,NO,NO 15/9-19 B,name 1997-11-10T19:00:00+01:00,name 1997-11-11T00:00:00+01:00,2243,2243,KICK,TIME DRILLED IN ORIENTED MODE TO KICK OFF WELL FROM 2231M TO 2243M. HELD TOOLFACE AT 90 DEGR LEFT. 60-70% CMT IN CUTTINGS AT 2243M.,VOLVE_DDR,15_9_19_B_1997_11_11.xml,XML_NODE_KEYWORD,HIGH
3785ce36-240b-41b5-bebd-e8b498fb0441,NO,NO 15/9-19 B,name 1997-11-14T21:30:00+01:00,name 1997-11-14T22:30:00+01:00,2927,2927,MUD_LOSS,ATTEMPTED TO ESTABLISH CIRC. LOSSES TO FORMATION STARTED ABOVE 400 L/MIN. LOST TOTAL 43 M3 MUD. POOH WET TO 2927M.,VOLVE_DDR,15_9_19_B_1997_11_15.xml,XML_NODE_KEYWORD,HIGH
d2283853-204d-4ac7-aee4-54dc89661b7c,NO,NO 15/9-19 B,name 1997-11-15T08:30:00+01:00,name 1997-11-15T12:30:00+01:00,2000,2000,MUD_LOSS,"MADE UP 3 1/2"" MULESHOE ON 290 M 3 1/2"" DP AND RIH TO 2000M. NO LOSSES OBSERVED.",VOLVE_DDR,15_9_19_B_1997_11_16.xml,XML_NODE_KEYWORD,HIGH
393f921f-c9c3-48b2-9799-bf5eeb41deaa,NO,NO 15/9-19 B,name 1997-11-15T15:30:00+01:00,name 1997-11-15T17:00:00+01:00,3037,3037,MUD_LOSS,"TAGGED BTM AT 3037M. DRILLED DEPTH 3039M. PUMPED 3 M3 SPACER WITH CMT UNIT AND MIXED AND PUMPED 4 M3 1,65 SG CMT SLURRY. DISPLACED CMT WITH RIG PUMPS. NO LOSSES DURING TRIP IN, LOST 1 M3 DURING CEMENTING AND DISPLACING AND 0,2 M3 WHEN CMT ENTERED OPEN HOLE.",VOLVE_DDR,15_9_19_B_1997_11_16.xml,XML_NODE_KEYWORD,HIGH
957b55be-5ba8-4680-b591-e40ec4e8191b,NO,NO 15/9-19 B,name 1997-11-15T19:00:00+01:00,name 1997-11-15T21:00:00+01:00,2742,2742,MUD_LOSS,"CIRCULATED HOLE THE LONG WAY. ROTATED AND RECIPROCATED STRING. MAX CIRULATION RATE 2200 L/M. GOT WOOD FIBRE FROM LCM PILL OVER SHAKERS AT  END OF CIRCULATION AND REDUCED CIRCULATION RATE TO 1200 L/M. NO MUD LOSSES. FLOW CHECKED, WELL STATIC.",VOLVE_DDR,15_9_19_B_1997_11_16.xml,XML_NODE_KEYWORD,HIGH
dbe46831-c6a3-4bba-bb25-a5075385212f,NO,NO 15/9-19 B,name 1997-11-16T09:00:00+01:00,name 1997-11-17T00:00:00+01:00,1905,1905,EQUIPMENT_FAILURE,RIG REPAIR: REMOVED DAMAGED HEAD AND CYLINDER ON UPPER RACKING ARM. DISMANTLED TELESCOPE CYLINDER ON STANDLIFT ARM AND MOUNTED SAME ON UPPER RACKING ARM. REPAIRED URA HEAD AND FINGER AND FABRICATED NEW PROTECTION BUMPER FOR FINGER AND ARM TILT. CHANGED BROKEN SAFETY SHEAR PINS FOR RACKING ARM. OBSERVED WELL ON TRIP TANK.,VOLVE_DDR,15_9_19_B_1997_11_17.xml,XML_NODE_KEYWORD,MEDIUM
4abc5601-f447-4765-8dc7-7bcfed056f49,NO,NO 15/9-19 B,name 1997-11-17T00:00:00+01:00,name 1997-11-17T06:00:00+01:00,1905,1905,EQUIPMENT_FAILURE,CONTINUED RIG REPAIR: NDT INSPECTION WAS CARRIED OUT ON VITAL PARTS ON RACKING HEAD. INSTALLED RACKING HEAD AND TESTED FINGER. FINGER HAD INCOMPLETE TRAVEL. CHANGED FINGER ACTUATOR. WELDED BAR WITH RUBBER BUMPER FOR UPPER RACKING ARM. CUT DOWN HINGED WORK PLATFORM FOR URA DUE TO CRACK DAMAGE. OBSERVED WELL ON TRIP TANK.,VOLVE_DDR,15_9_19_B_1997_11_18.xml,XML_NODE_KEYWORD,MEDIUM
607889b1-271e-40eb-b655-6f688f84cf61,NO,NO 15/9-19 B,name 1997-11-17T06:00:00+01:00,name 1997-11-17T10:30:00+01:00,1905,1905,EQUIPMENT_FAILURE,CONTINUED RIG REPAIR ON UPPER RACKING ARM. RE-ADJUSTED URA FINGER TRAVEL. INSTALLED SAFETY WIRES FOR HEAD AND HEAD PROTECTION. CLEARED DERRICK FOR TOOLS AND PERFORMED FINAL INSPECTION. TESTED UPPER RACKING ARM.,VOLVE_DDR,15_9_19_B_1997_11_18.xml,XML_NODE_KEYWORD,MEDIUM
e2228399-11bc-4521-b987-c986c23f6789,NO,NO 15/9-19 B,name 1997-11-17T12:30:00+01:00,name 1997-11-17T13:00:00+01:00,2580,2580,EQUIPMENT_FAILURE,"REPAIRED OPERATING CYLINDER ON 5"" DP ELEVATOR. FILLED STRING.",VOLVE_DDR,15_9_19_B_1997_11_18.xml,XML_NODE_KEYWORD,MEDIUM
fe4e902a-07bc-4492-81ef-620845b53612,NO,NO 15/9-19 B,name 1997-11-17T18:30:00+01:00,name 1997-11-17T21:00:00+01:00,3039,3039,MUD_LOSS,"DRILLED CMT AT CONTROLLED RATE FROM 2995M TO 3039M. STARTED TO LOOSE FROM 3035M. ATTEMPTED TO ESTABLISH PUMP RATE TO MINIMIZE MUD LOSS, AT 2100 L/MIN: LOST 29 M3/HR. 1500 L/MIN: LOST 16 M3/HR.",VOLVE_DDR,15_9_19_B_1997_11_18.xml,XML_NODE_KEYWORD,HIGH
9ead3e4f-a8a5-4a0d-92c2-f571dd4ec4b0,NO,NO 15/9-19 B,name 1997-11-17T21:00:00+01:00,name 1997-11-17T22:00:00+01:00,3054,3054,MUD_LOSS,DRILLED FROM 3035M TO 3054M. VARIED PUMP RATES FROM 2250 -1800 L/M LOSSES 42 - 40 M3/HR.,VOLVE_DDR,15_9_19_B_1997_11_18.xml,XML_NODE_KEYWORD,HIGH
251066d2-9e76-4c57-9172-a90f5eff0cc3,NO,NO 15/9-19 B,name 1997-11-17T22:00:00+01:00,name 1997-11-17T23:00:00+01:00,3054,3054,MUD_LOSS,"CIRCULATED AND ATTEMPTED TO ESTABLISH 100% RETURNS, NO SUCCESS PUMP RATE 1500 L/M; LOSS RATE 12 M3/HR AND DECLINED TO 5 M3/HR. TOTAL LOSS 45,3 M3 MUD TO FORMATION.",VOLVE_DDR,15_9_19_B_1997_11_18.xml,XML_NODE_KEYWORD,HIGH
9f80d037-86f1-4efd-aa83-4fc2c78b42fd,NO,NO 15/9-19 B,name 1997-11-18T15:00:00+01:00,name 1997-11-18T16:00:00+01:00,2010,2010,NPT,"WAITED ON WEATHER DUE TO HIGH WIND, 26-30 M/S AND RIG HEAVE 2 M. WIND SPEED PREDICTIONS INDICATED MORE HEAVE THAN OPERATIONAL LIMITS.",VOLVE_DDR,15_9_19_B_1997_11_19.xml,XML_NODE_KEYWORD,MEDIUM
9f4cb583-eac6-4920-a8e4-450ffa5236e7,NO,NO 15/9-19 B,name 1997-11-18T19:00:00+01:00,name 1997-11-19T00:00:00+01:00,2121,2121,NPT,"CONTINUED WAITING ON WEATHER DUE TO HIGH WIND, 25-32 M/S AND MAXIMUM HEAVE 9,M - 6,M.",VOLVE_DDR,15_9_19_B_1997_11_19.xml,XML_NODE_KEYWORD,MEDIUM
9aee1264-15a4-4ad0-a2e8-3a897388f2f5,NO,NO 15/9-19 B,name 1997-11-19T00:00:00+01:00,name 1997-11-19T06:00:00+01:00,2121,2121,NPT,"CONTINUED WAITING ON WEATHER DUE TO HIGH WIND 22-29 M/S. RIG HEAVE 4,5 -5,2 M. AT REPORT TIME.",VOLVE_DDR,15_9_19_B_1997_11_20.xml,XML_NODE_KEYWORD,MEDIUM
6a69b06f-85ab-4d75-88da-49cdec062be4,NO,NO 15/9-19 B,name 1997-11-19T06:00:00+01:00,name 1997-11-20T00:00:00+01:00,2121,2121,NPT,"CONTINUED WAITING ON WEATHER DUE TO HIGH WIND, 23-30 M/S, RIG HEAVE; 4,6- 9,7 M.",VOLVE_DDR,15_9_19_B_1997_11_20.xml,XML_NODE_KEYWORD,MEDIUM
7217a5b5-26b1-49b6-812a-8adb08c570fd,NO,NO 15/9-19 B,name 1997-11-20T00:00:00+01:00,name 1997-11-20T06:00:00+01:00,2121,2121,NPT,"CONTINUED WAITING ON WEATHER DUE TO HIGH WIND, 20-30 M/S RIG HEAVE 4,9-7,9 M.",VOLVE_DDR,15_9_19_B_1997_11_21.xml,XML_NODE_KEYWORD,MEDIUM
798a8482-c5d0-4e2a-b17d-00816829534c,NO,NO 15/9-19 B,name 1997-11-23T16:00:00+01:00,name 1997-11-23T18:30:00+01:00,3054,3054,MUD_LOSS,M/U CEMENTING STAND AND RIH TO 3054M. BROKE CIRCULATION SEVERAL TIMES WHILE RIH TO BALANCE MUD. NO FILL - NO MUD LOSSES.,VOLVE_DDR,15_9_19_B_1997_11_24.xml,XML_NODE_KEYWORD,HIGH
7ed3de13-211a-4c8f-8e1f-5b7378140b83,NO,NO 15/9-19 B,name 1997-11-23T18:30:00+01:00,name 1997-11-23T21:30:00+01:00,3054,3054,MUD_LOSS,BROKE CIRCULATION AT 250 LPM WITH NO LOSSES. INCREASED RATE TO 1000 LPM AND BEGAN LOSING MUD AT 15 M3/HR. REDUCED CIRCULATING RATE TO 500 LPM - LOSSES AT 12 M3/HR. REDUCED CIRCULATING RATE TO 250 LPM - LOSSES AT 9 M3/HR. FLOWCHECKED - HOLE STOOD FULL WITH 30 BAR BACK PRESSURE ON DP. BLED OFF DP PRESSURE AND POOH 1 STAND TO 3025. NO MUD GAINED.,VOLVE_DDR,15_9_19_B_1997_11_24.xml,XML_NODE_KEYWORD,HIGH
d5d1faed-94f0-482b-921f-1237a7240b31,NO,NO 15/9-19 B,name 1997-11-23T21:30:00+01:00,name 1997-11-23T22:30:00+01:00,3025,3025,MUD_LOSS,"CIRCULATED AT 250 LPM - LOSSES AT 2 M3/HR, AT 400 LPM - LOSSES AT 4 M3/HR, AT 500 LPM - LOSSES AT 13 M3/HR. 91T STRING WEIGHT DOWN, 95T STRING WEIGHT UP. BACK PRESSURE ON DP 18-30 BAR EACH TIME PUMPS SHUT DOWN. MEANWHILE CONTINUED REDUCING MUD WEIGHT FROM 1.53SG TO 1.51SG. HAVE NOW LOST 52.6 M3 MUD. MAX GAS 6%.",VOLVE_DDR,15_9_19_B_1997_11_24.xml,XML_NODE_KEYWORD,HIGH
e4e67a8c-1574-4cc4-aedf-21ccff99c542,NO,NO 15/9-19 B,name 1997-11-24T01:00:00+01:00,name 1997-11-24T04:00:00+01:00,2165,2165,MUD_LOSS,BROKE CIRCULATION AT 250 LPM - NO LOSSES. STAGED PUMP RATE UP TO 2000 LPM WITHOUT LOSSES. MAX GAS 17%.,VOLVE_DDR,15_9_19_B_1997_11_25.xml,XML_NODE_KEYWORD,HIGH
f8abe6e9-81a1-4682-a6c4-17f3e75648f1,NO,NO 15/9-19 B,name 1997-11-24T04:00:00+01:00,name 1997-11-24T06:00:00+01:00,2410,2410,MUD_LOSS,BEGAN WASHING TO BOTTOM AT 2000 LPM WHILE REDUCING MUD WEIGHT TO 1.49 SG. NO MUD LOSSES. BGG - 1.6%. TOTAL MUD LOST FOR THE DAY - 51.5 M3.,VOLVE_DDR,15_9_19_B_1997_11_25.xml,XML_NODE_KEYWORD,HIGH
6d60dbb9-600d-4d41-94a8-87d8324a6ef9,NO,NO 15/9-19 B,name 1997-11-24T16:00:00+01:00,name 1997-11-24T19:00:00+01:00,3054,3054,MUD_LOSS,"CONTINUED WASHING DOWN TO 3054M. CIRCULATED BOTTOMS UP AT 1000 LPM. NO GAINS, NO LOSSES. MAX GAS 11.5%. NO FILL.",VOLVE_DDR,15_9_19_B_1997_11_25.xml,XML_NODE_KEYWORD,HIGH
e9db18f7-2a47-4cd7-a960-3059c018d9b6,NO,NO 15/9-19 B,name 1997-11-25T00:00:00+01:00,name 1997-11-25T00:30:00+01:00,2223,2223,MUD_LOSS,"FINISHED POOH TO INSIDE CASING WINDOW. NO LOSSES, NO GAINS.",VOLVE_DDR,15_9_19_B_1997_11_26.xml,XML_NODE_KEYWORD,HIGH
d310da12-8cc6-4c8e-8a33-2f2eeac67291,NO,NO 15/9-19 B,name 1997-11-25T04:00:00+01:00,name 1997-11-25T05:30:00+01:00,2223,2223,MUD_LOSS,"BLED PRESSURE OFF DRILL PIPE - 0.9 M3 MUD BLED BACK. 17 BAR PRESSURE REMAINED ON ANNULUS. BLED OFF PRESSURE AND 1.1 M3. CIRCULATED BOTTOMS UP. MAX GAS 8.5%. NO GAINS, NO LOSSES - 2000 LPM CIRCULATING RATE.",VOLVE_DDR,15_9_19_B_1997_11_26.xml,XML_NODE_KEYWORD,HIGH
0c3c8e78-36d2-4395-a6b8-ac70e033b41e,NO,NO 15/9-19 B,name 1997-11-25T12:00:00+01:00,name 1997-11-25T17:30:00+01:00,0,0,EQUIPMENT_FAILURE,"MADE UP JET SUB, 3 STANDS HWDP, BOP TEST TOOL, AND RIH. JETTED WELLHEAD (8% MAX GAS). TESTED BOP ON BLUE POD FROM DRILL FLOOR - RAMS, FAILSAFES, AND LAP TO 35/345 BAR FOR 5/10 MINUTES, UAP TO 35/241 BAR FOR 5/10 MINUTES. FUNCTION TESTED BOP FROM TP OFFICE ON YELLOW POD. TESTED ACOUSTIC SYSTEM. POOH WITH TEST TOOL AND L/D TOOL AND JET SUB.",VOLVE_DDR,15_9_19_B_1997_11_26.xml,XML_NODE_KEYWORD,MEDIUM
fd7f13a3-d717-4e76-b336-5aae63f9b195,NO,NO 15/9-19 B,name 1997-11-26T05:00:00+01:00,name 1997-11-26T06:00:00+01:00,2651,2651,MUD_LOSS,"BEGAN WASHING TO BOTTOM FROM 2600 M. 1500 LPM PUMP RATE - NO LOSSES. ECD FROM ANNULAR PRESSURE SUB 1.58 SG EMW. NO GAINS, NO LOSSES OF MUD FOR THE DAY.",VOLVE_DDR,15_9_19_B_1997_11_27.xml,XML_NODE_KEYWORD,HIGH
1192e082-a70b-4f4d-a03f-4200e6834f29,NO,NO 15/9-19 B,name 1997-11-26T13:00:00+01:00,name 1997-11-26T17:30:00+01:00,3054,3054,MUD_LOSS,WASHED DOWN TO 2973M. DRILLED SOFT TO FIRM CEMENT 2973M TO 3054M. CIRCULATION RATE 1500 LPM. ECD 1.59-1.60 SG. NO LOSSES.,VOLVE_DDR,15_9_19_B_1997_11_27.xml,XML_NODE_KEYWORD,HIGH
aecfed4d-81c6-479c-86b9-b33f2a3851ce,NO,NO 15/9-19 B,name 1997-11-26T21:30:00+01:00,name 1997-11-26T22:30:00+01:00,3116,3116,MUD_LOSS,"DRILLED 8 1/2"" HOLE FROM 3103M TO 3116M. CONTROLLED ROP AT 20 MPH TO AVOID OVERLOADING ANNULUS. STAGED CIRCULATION RATE UP TO 1700 LPM. ECD 1.59 SG - 1.62 SG. NO LOSSES.",VOLVE_DDR,15_9_19_B_1997_11_27.xml,XML_NODE_KEYWORD,HIGH
d9aeba1b-7041-445f-8986-3e6745e7ffcd,NO,NO 15/9-19 B,name 1997-11-27T09:30:00+01:00,name 1997-11-27T10:30:00+01:00,3268,3268,MUD_LOSS,CIRCULATED BOTTOMS UP AND UNTIL SHAKERS CLEANED UP AT 2000 LPM. NO LOSSES. ECD DECREASED FROM 1.62 SG TO 1.60 SG.,VOLVE_DDR,15_9_19_B_1997_11_28.xml,XML_NODE_KEYWORD,HIGH
b1d92ef0-35c1-4bf8-b638-efc9c111be0d,NO,NO 15/9-19 B,name 1997-11-27T11:00:00+01:00,name 1997-11-27T13:30:00+01:00,3272,3272,MUD_LOSS,AT 3272 METERS STARTED LOSING MUD AT 20-30 M3/HR. PICKED UP FROM BOTTOM - NO UNUSUAL DRAG. REDUCED PUMP RATE TO 800 LPM. STILL LOSING MUD. QUIT CIRCULATING AND MONITORED ANNULUS ON TRIP TANK. HOLE STAYING FULL. STAGED PUMPS TO 600 LPM WHERE MUD LOSSES RESUMED. RACKED BACK 1 STAND. REDUCED RATE TO 300 LPM WITH FULL RETURNS. MIXED LCM PILL.,VOLVE_DDR,15_9_19_B_1997_11_28.xml,XML_NODE_KEYWORD,HIGH
d1b670c0-c44e-459f-9e73-87f3991b2a1a,NO,NO 15/9-19 B,name 1997-11-27T13:30:00+01:00,name 1997-11-27T14:00:00+01:00,3248,3248,STUCK_PIPE,"WORKED STRING WITH REDUCED PUMP RATE WHILE MIXING LCM PILL. BEGAN EXPERIENCING ERRATIC TORQUE AND LOSSES OF 12 M3/HR. PICKED UP TO 3248M WHERE COMPLETE RETURNS WERE LOST AND PIPE STUCK - NO RETURNS, NO NO ROTATION, NO RECIPROCATION POSSIBLE.",VOLVE_DDR,15_9_19_B_1997_11_28.xml,XML_NODE_KEYWORD,HIGH
133f0fbb-3c2d-4f95-b668-4c30e7dd70c1,NO,NO 15/9-19 B,name 1997-11-27T14:00:00+01:00,name 1997-11-28T00:00:00+01:00,3241,3241,STUCK_PIPE,"ATTEMPTED TO RIH - NO GO. JARRED DOWN WITH NO PROGRESS. JARRED AND WORKED DRILL STRING UP FROM 3248M TO 3241M. INITIALLY ATTAINED ROTATION AND A WINDOW OF A FEW METERS PIPE RECIPROCATION BUT LOST IT AGAIN. CONTINUED JARRING AND WORKING STRING. HOLE STANDING FULL - NO GAINS, NO LOSSES. ATTEMPTED CIRCULATION WITH NO SUCCESS.",VOLVE_DDR,15_9_19_B_1997_11_28.xml,XML_NODE_KEYWORD,HIGH
cf40f698-edab-4c5a-9d50-b502057e8fbb,NO,NO 15/9-19 B,name 1997-11-28T00:00:00+01:00,name 1997-11-28T02:00:00+01:00,3241,3241,STUCK_PIPE,CONTINUED JARRING AND WORKING PIPE UP AND DOWN WITH NO SUCCESS. HOLE CONTINUED TO STAND FULL WITH NO GAINS OR LOSSES. MUD LOST FOR THE DAY: 55.3 M3.,VOLVE_DDR,15_9_19_B_1997_11_29.xml,XML_NODE_KEYWORD,HIGH
88602270-6e63-466d-b890-4456eb47df28,NO,NO 15/9-19 B,name 1997-11-28T17:00:00+01:00,name 1997-11-28T18:00:00+01:00,3241,3241,ABNORMAL_OPERATION,TOP DRIVE WOULD NOT ROTATE. INVESTIGATED PROBLEM AND CORRECTED SAME.,VOLVE_DDR,15_9_19_B_1997_11_29.xml,XML_NODE_KEYWORD,LOW
1dcc2b11-0f83-451b-aabc-6c4e8f416356,NO,NO 15/9-19 B,name 1997-11-29T17:00:00+01:00,name 1997-11-29T19:00:00+01:00,2164,2164,MUD_LOSS,PUMPED SLUG AND POOH TO ABOVE CASING WINDOW. NO LOSSES - HOLE FILL NORMAL.,VOLVE_DDR,15_9_19_B_1997_11_30.xml,XML_NODE_KEYWORD,HIGH
2014ce67-9328-4fde-9979-d14497b0038a,NO,NO 15/9-19 B,name 1997-11-29T19:00:00+01:00,name 1997-11-29T20:00:00+01:00,2164,2164,MUD_LOSS,RIGGED DOWN ATLAS AND RIG SHEAVES FROM DERRICK AND TOP DRIVE. MEANWHILE CIRCULATED BOTTOMS UP AT MAXIMUM 2000 LPM - NO LOSSES. MAXIMUM GAS 40% FROM WELLHEAD AREA.,VOLVE_DDR,15_9_19_B_1997_11_30.xml,XML_NODE_KEYWORD,HIGH
fcc2427a-4437-4bd5-887f-d5c94d11e33d,NO,NO 15/9-19 B,name 1997-11-30T14:30:00+01:00,name 1997-11-30T19:00:00+01:00,3161,3161,MUD_LOSS,"WASHED DOWN FROM 2935M TO TOP OF FISH AT 3161M. HIGH TORQUE IN PLACES, OTHERWISE MET LITTLE RESISTENCE. MEANWHILE RAISED MUD WEIGHT FROM 1.49 SG TO 1.52 SG. CUTTINGS/CAVINGS DECREASED. ECD INCREASED FROM 1.61 SG TO 1.64 SG. SLIGHT LOSSES - APPROX. 2 M3/HR WHILE CIRCULATING AT 1800 LPM.",VOLVE_DDR,15_9_19_B_1997_12_01.xml,XML_NODE_KEYWORD,HIGH
f4af40e8-1fb2-4721-8772-5b1ea78bdf79,NO,NO 15/9-19 B,name 1997-11-30T19:00:00+01:00,name 1997-11-30T20:00:00+01:00,3161,3161,MUD_LOSS,CIRCULATED BOTTOMS UP. AT 1800 LPM SOME LOSS DETECTED - 3-6 M3/HR. ECD 1.62 - 1.64 SG. NO EXCESS CUTTINGS AT BOTTOMS UP.,VOLVE_DDR,15_9_19_B_1997_12_01.xml,XML_NODE_KEYWORD,HIGH
fb6ecd51-24c7-4205-b3e7-b8c9548d9681,NO,NO 15/9-19 B,name 1997-12-01T15:00:00+01:00,name 1997-12-01T16:30:00+01:00,3161,3161,MUD_LOSS,"STARTED TO CIRCULATE BOTTOMS UP FROM 3161M. EXPERIENCED LOSSES OF 6 M3/HR CIRCULATING AT 500 LPM, 2.5 M3/HR AT 350 LPM, NO LOSSES AT 250 LPM. SHUT DOWN PUMPS. SLOWLY GAINED BACK 3.8 M3. HAD LOST 16.3 M3 - NET LOSS = 12.5 M3. NO UNUSUAL HOLE DRAG EXPERIENCED.",VOLVE_DDR,15_9_19_B_1997_12_02.xml,XML_NODE_KEYWORD,HIGH
f130856d-1336-423c-99cc-76f456e06b1b,NO,NO 15/9-19 B,name 1997-12-01T16:30:00+01:00,name 1997-12-01T18:30:00+01:00,3035,3035,MUD_LOSS,"POOH WITH CEMENT STINGER FROM 3161M TO 3035M. STAGED PUMPS UP TO 400 LPM WITH 12 M3/HR LOSSES, 300 LPM WITH 10 M3/HR LOSSES, NO LOSSES AT 250 LPM. RIG PUMPED 5 M3 1.69 SG SPACER AT 250 LPM. NORMAL HOLE DRAG.",VOLVE_DDR,15_9_19_B_1997_12_02.xml,XML_NODE_KEYWORD,HIGH
f52eb01b-50b0-4ace-9ad6-a358f208dc8b,NO,NO 15/9-19 B,name 1997-12-02T15:30:00+01:00,name 1997-12-02T17:00:00+01:00,2100,2100,MUD_LOSS,"CONTINUED CIRCULATING AND STAGED PUMPS UP TO 1300 LPM. MUD WEIGHT OUT 1.65 SG MAX FROM SLUGS, MW IN 1.52 SG. NO LOSSES.",VOLVE_DDR,15_9_19_B_1997_12_03.xml,XML_NODE_KEYWORD,HIGH
4165f573-29e8-4fe0-a7c4-f681b407cb31,NO,NO 15/9-19 B,name 1997-12-02T17:00:00+01:00,name 1997-12-02T19:00:00+01:00,2500,2500,MUD_LOSS,"RIH FROM 2100M TO 2500M. BROKE CIRCUALTION AT 2350M, 500 LPM, NO LOSSES.",VOLVE_DDR,15_9_19_B_1997_12_03.xml,XML_NODE_KEYWORD,HIGH
dbc80ab2-11a2-42cb-a60d-e3eee9d652b0,NO,NO 15/9-19 B,name 1997-12-02T19:00:00+01:00,name 1997-12-03T00:00:00+01:00,2978,2978,MUD_LOSS,WASHED TO BOTTOM WITH 500 LPM AND NO LOSSES. RESISTANCE AT 2882M - 2884M REQUIRED 900 LPM TO GET THROUGH WITHOUT MOTOR STALLING. NO LOSSES. OTHERWISE NO RESISTANCE MET. VERY FINE CEMENT PARTICLES STARTED RETURNING. MUD WEIGHT INCREASED FROM 1.53 SG TO RANGE OF 1.55-1.60 SG W/ MAX. OF 1.64 SG. SOLIDS IN RETURNS UP TO 90%CEMENT.,VOLVE_DDR,15_9_19_B_1997_12_03.xml,XML_NODE_KEYWORD,HIGH
0593296a-39e2-41de-bf79-d59390d2f989,NO,NO 15/9-19 B,name 1997-12-03T00:00:00+01:00,name 1997-12-03T01:00:00+01:00,3010,3010,MUD_LOSS,CONTINUED WASHING DOWN. FROM 2977M INCREASED PUMP RATE FROM 500 LPM TO 700 LPM TO MAINTAIN PROGRESS (TOP OF BALDER?). STILL A LOT OF FINE CEMENT PARTICLES COMING UP BUT NO REAL RESISTANCE. MUD WEIGHT 1.54 SG TO 1.59 SG FROM CEMENT CONTAMINATION. NO LOSSES DOWNHOLE. MAXIMUM GAS 5% (FROM WELLHEAD AREA).,VOLVE_DDR,15_9_19_B_1997_12_04.xml,XML_NODE_KEYWORD,HIGH
b4d60b2e-bc3d-4b6e-a3df-d677a3e5efd6,NO,NO 15/9-19 B,name 1997-12-03T13:00:00+01:00,name 1997-12-03T15:30:00+01:00,2100,2100,MUD_LOSS,"CIRCULATED Ø 2100 M TO ACHIEVE EVEN MUD WT. & TO CLEAN SHAKERS. INCREASED CIRC. RATE TO 1300 LPM MAXIMUM - VIA STEP INCREASES. AFTER BTMS UP, SHAKERS WERE CLEAN BUT MUD WT. OUT = 1,55 SG. CONTINUED TO CIRC. UNTIL 1,52 SG MUD WT. COMING OUT. NOTE: BOOSTED RISER DURING CIRCULATING; NO MUD LOSSES DURING CIRCULATION.",VOLVE_DDR,15_9_19_B_1997_12_04.xml,XML_NODE_KEYWORD,HIGH
f130cefe-648c-4d9a-9be8-18416872c991,NO,NO 15/9-19 B,name 1997-12-03T21:30:00+01:00,name 1997-12-03T22:30:00+01:00,2983,2983,MUD_LOSS,"PULLED BACK TO 3002 M; STILL LOSING MUD Ø 500 LPM. PULLED BACK TO 2983 M. BROKE CIRC. - NO MUD LOSSES Ø 200,300,400,&500 LPM. BROKE OUT CONNECTION; MUD U TBG. UP STRING.",VOLVE_DDR,15_9_19_B_1997_12_04.xml,XML_NODE_KEYWORD,HIGH
7c7b96a8-6b24-431e-b5fd-fbe670fe64f6,NO,NO 15/9-19 B,name 1997-12-03T22:30:00+01:00,name 1997-12-03T23:00:00+01:00,2983,2983,MUD_LOSS,MU CMT. STAND & CONTINUED TO CIRCULATE. NOW LOSING MUD Ø 450 LPM BUT NO LOSSES Ø 400 LPM. CIRCULATED APPROX. 1/2 DP VOLUME WHILE PREPARING TO SPOT CMT. PLUG.,VOLVE_DDR,15_9_19_B_1997_12_04.xml,XML_NODE_KEYWORD,HIGH
0b0e95a1-9d6a-445b-8d5b-a4cba2f6ebff,NO,NO 15/9-19 B,name 1997-12-04T00:00:00+01:00,name 1997-12-04T02:00:00+01:00,2983,2983,MUD_LOSS,"MIXED/PUMPED 5,4 M3 1,95 SG CMT. + 1,5 M3 1,69 SG SPACER - Ø MAXIMUM RATE OF 400 LPM. DISPLACED CMT. W/RIG PUMP-Ø 400 LPM. SLOWED RATE TO 280 LPM ONCE CMT. CLEARED END OF DP/STINGER. RECORDED 0,5 M3 OF MUD LOSS DURING THE DISPLACEMENT; NO LOSS DURING PUMPING OF CMT. SIDETRACK PLUG FROM 2983 - 2835 M. CIP Ø 0145 HRS.",VOLVE_DDR,15_9_19_B_1997_12_05.xml,XML_NODE_KEYWORD,HIGH
1d71400b-4cd1-4f20-af23-ba9f5f42b6e6,NO,NO 15/9-19 ST2,name 1993-01-02T13:00:00+01:00,name 1993-01-02T15:00:00+01:00,3099,3099,ABNORMAL_OPERATION,"DRILLED/STEARED 12 1/4"" HOLE FROM 3082M TO 3099M. HAD PROBLEMS RECIEVING TOOL PHASE READINGS, AND STALLING OF BIT. PROBLEM TIME 70 MIN.",VOLVE_DDR,15_9_19_ST2_1993_01_03.xml,XML_NODE_KEYWORD,LOW
ec94df77-bf47-4d8b-96a9-2757189cdce1,NO,NO 15/9-19 ST2,name 1993-01-03T08:00:00+01:00,name 1993-01-03T09:30:00+01:00,3141,3141,EQUIPMENT_FAILURE,ATTEMPTED TO GET SURVEY NEG. MWD TOOL FAILURE.,VOLVE_DDR,15_9_19_ST2_1993_01_04.xml,XML_NODE_KEYWORD,MEDIUM
2647d454-d57d-43d8-9371-57cdd3cb4c76,NO,NO 15/9-19 ST2,name 1993-01-04T18:30:00+01:00,name 1993-01-04T19:30:00+01:00,1343,1343,EQUIPMENT_FAILURE,REPAIRED UPPER RACKING ARM.,VOLVE_DDR,15_9_19_ST2_1993_01_05.xml,XML_NODE_KEYWORD,MEDIUM
5e577042-8db1-40d6-8fcb-ba5657b07b26,NO,NO 15/9-19 ST2,name 1993-01-05T02:00:00+01:00,name 1993-01-05T04:00:00+01:00,3157,3157,ABNORMAL_OPERATION,"TROUBLESHOOTING SYSTEM TO GET READABLE DATA FROM MWD. UNABLE TO DETECT SOURCE OF PROBLEM. OBTAINED SURVEY BY USING MUDPUMP NO.3 AT 115 STKS. SUCTION MODULE ON MUD PUMP NO.1 DEVELOPED A LEAK, HAD TO BE CHANGED OUT.",VOLVE_DDR,15_9_19_ST2_1993_01_06.xml,XML_NODE_KEYWORD,LOW
2a37429b-2a6a-42f0-92b7-6eea3c0c0126,NO,NO 15/9-19 ST2,name 1993-01-05T04:30:00+01:00,name 1993-01-05T05:00:00+01:00,3166,3166,ABNORMAL_OPERATION,TOOK SURVEY AT 3143M. HAD PROBLEMS WITH MWD SIGNAL.,VOLVE_DDR,15_9_19_ST2_1993_01_06.xml,XML_NODE_KEYWORD,LOW
1865071f-a754-4bce-abad-acbb6ec4b293,NO,NO 15/9-19 ST2,name 1993-01-05T11:30:00+01:00,name 1993-01-05T14:00:00+01:00,3198,3198,ABNORMAL_OPERATION,"TOOK SURVEY AT 3195M. ORIENTATED FROM 3195M TO 3198M. USED MUD PUMP NO.2 AT 2020LPM. CHANGED TO MUD PUMP NO.3 AT 3196M DUE TO WASHOUT IN VALVE ON PUMP NO.2. HAD CONTINOUSLY PROBLEMS WITH LOCKING ON TO MWD SIGNAL AND WITH MUD MOTOR STALLING OUT. LOST 1,5 HRS. FINALLY MANAGED TO ORIENTATE USING BOTH MUD PUMPS NO.2 AND 3.",VOLVE_DDR,15_9_19_ST2_1993_01_06.xml,XML_NODE_KEYWORD,LOW
8ea4f95a-6749-4342-81e4-b26635e7e447,NO,NO 15/9-19 ST2,name 1993-01-05T14:30:00+01:00,name 1993-01-05T16:30:00+01:00,3204,3204,ABNORMAL_OPERATION,"ORIENTATED 12 1/4"" HOLE FROM 3202M TO 3204M. HAD PROBLEMS WITH DIRECTIONAL DATA AND WITH MUDMOTOR STALLING OUT. LOST 1,5 HRS ON ACTUAL SURVEY PROBLEMS.",VOLVE_DDR,15_9_19_ST2_1993_01_06.xml,XML_NODE_KEYWORD,LOW
85675854-831d-4fd0-ad03-c30dae89e150,NO,NO 15/9-19 ST2,name 1993-01-06T03:00:00+01:00,name 1993-01-06T06:00:00+01:00,3204,3204,ABNORMAL_OPERATION,"ATTEMPTED TO ORIENT 12 1/4"" HOLE, BUT HAVING PROBLEMS KEEPING TOOLPHASE.   MWD LOGGING UNIT IS RECIEVING TO MUCH NOISE. TOOLPHASE IS OBTAINED WHEN TOOL IS STATIONARY. WHEN MOVING DP, TOOLPHASE FLUCTUATES AND WHEN BIT IS ON BOTTOM TOOLPHASE IS LOST. INCREASE IN PRESSURE ON BOTTOM IS 5 BAR.",VOLVE_DDR,15_9_19_ST2_1993_01_07.xml,XML_NODE_KEYWORD,LOW
b30d200f-7ff3-4e3d-8a26-3f092ab2f3f7,NO,NO 15/9-19 ST2,name 1993-01-06T06:00:00+01:00,name 1993-01-06T08:30:00+01:00,3214,3214,ABNORMAL_OPERATION,"ORIENTATED 12 1/4"" HOLE FROM 3204M TO 3214M. HAVING SYNCHRONIZING PROBLEMS WITH MWD.",VOLVE_DDR,15_9_19_ST2_1993_01_07.xml,XML_NODE_KEYWORD,LOW
b17b2813-4a2a-44cb-a20d-b4df4bbb1b40,NO,NO 15/9-19 ST2,name 1993-01-06T08:30:00+01:00,name 1993-01-06T11:30:00+01:00,3215,3215,ABNORMAL_OPERATION,"ORIENTATED 12 1/4"" HOLE FROM 3214M TO 3215M. HAVING SYNCHRONIZING PROBLEMS WITH MWD AND BIT STALLING OUT.",VOLVE_DDR,15_9_19_ST2_1993_01_07.xml,XML_NODE_KEYWORD,LOW
162d6bae-2ea1-4b0d-810c-22a236e41c05,NO,NO 15/9-19 ST2,name 1993-01-07T07:00:00+01:00,name 1993-01-07T23:30:00+01:00,3303,3303,ABNORMAL_OPERATION,"DRILLED AND ORIENTATED 12 1/4"" HOLE FROM 3215M TO 3303M. REAMED TWICE AFTER EACH STAND DRILLED. ORIENTATED WITH 2150LPM / 240-250BAR. DRILLED WITH 2270LPM / 270BAR / 160 RPM, PROBLEMS WITH STALLING FROM 3235M TO 3237M. DRILLED HARD STRINGERS AND HAD PROBLEMS BUILDING ANGLE FROM 3290M TO 3296M.",VOLVE_DDR,15_9_19_ST2_1993_01_08.xml,XML_NODE_KEYWORD,LOW
881b874d-e021-4930-a941-99d28b81fe4a,NO,NO 15/9-19 ST2,name 1993-01-08T03:30:00+01:00,name 1993-01-08T06:00:00+01:00,3321,3321,ABNORMAL_OPERATION,"ORIENTATED 12 1/4"" HOLE FROM 3315M TO 3321M. HAD STALLING PROBLEMS FROM 3316M TO 3319M.",VOLVE_DDR,15_9_19_ST2_1993_01_09.xml,XML_NODE_KEYWORD,LOW
0bd5476f-909f-44b9-9cd6-af7b380f8166,NO,NO 15/9-19 ST2,name 1993-01-08T06:30:00+01:00,name 1993-01-08T09:00:00+01:00,3331,3331,ABNORMAL_OPERATION,DRILLED AND ORIENTATED FROM 3321 TO 3331 M. HAD STALLING PROBLEMS IN STEERING MODE.,VOLVE_DDR,15_9_19_ST2_1993_01_09.xml,XML_NODE_KEYWORD,LOW
b6fc0e0f-ca54-4995-90e5-31effdf348c9,NO,NO 15/9-19 ST2,name 1993-01-08T12:00:00+01:00,name 1993-01-09T00:00:00+01:00,3389,3389,ABNORMAL_OPERATION,DRILLED AND ORIENTATED FROM 3331 TO 3389 M. HAD STALLING PROBLEMS IN STEERING MODE.,VOLVE_DDR,15_9_19_ST2_1993_01_09.xml,XML_NODE_KEYWORD,LOW
2c4d8608-93c2-4abe-a709-eba42b8575a6,NO,NO 15/9-19 ST2,name 1993-01-09T00:00:00+01:00,name 1993-01-09T06:00:00+01:00,3436,3436,ABNORMAL_OPERATION,CONTINUED DRILLING AND ORIENTATING FROM 3389 TO 3436 M. HAD STALLING PROBLEMS WHEN STEERING.,VOLVE_DDR,15_9_19_ST2_1993_01_10.xml,XML_NODE_KEYWORD,LOW
caca8796-d7cc-46b7-9ecb-8e621920abd2,NO,NO 15/9-19 ST2,name 1993-01-10T22:30:00+01:00,name 1993-01-11T00:00:00+01:00,1390,1390,NPT,WAITING ON WEATHER.,VOLVE_DDR,15_9_19_ST2_1993_01_11.xml,XML_NODE_KEYWORD,MEDIUM
8217ed02-713b-46e3-8bc7-b11efaeebff3,NO,NO 15/9-19 ST2,name 1993-01-11T00:00:00+01:00,name 1993-01-11T06:00:00+01:00,1390,1390,NPT,"CONT WAITING ON WEATHER, FOR DETAILS SEE GERERAL REMARKS.",VOLVE_DDR,15_9_19_ST2_1993_01_12.xml,XML_NODE_KEYWORD,MEDIUM
30be331c-06cd-4acf-9f49-ce4c14d9fe6b,NO,NO 15/9-19 ST2,name 1993-01-11T06:00:00+01:00,name 1993-01-12T00:00:00+01:00,1390,1390,NPT,"WAITED ON WEATHER FOR WEATHER DETAILS, SEE GENERAL REMARKS.",VOLVE_DDR,15_9_19_ST2_1993_01_12.xml,XML_NODE_KEYWORD,MEDIUM
d84c6a2a-9308-443c-8a59-5d0b044ff838,NO,NO 15/9-19 ST2,name 1993-01-12T00:00:00+01:00,name 1993-01-12T06:00:00+01:00,1390,1390,NPT,CONT WAITING ON WEATHER.,VOLVE_DDR,15_9_19_ST2_1993_01_13.xml,XML_NODE_KEYWORD,MEDIUM
ad2ab771-032c-437f-864c-4104672cfb10,NO,NO 15/9-19 ST2,name 1993-01-12T06:00:00+01:00,name 1993-01-12T10:00:00+01:00,1390,1390,NPT,CONTINUED WAITING ON WEATHER.,VOLVE_DDR,15_9_19_ST2_1993_01_13.xml,XML_NODE_KEYWORD,MEDIUM
91faa4b0-b0db-40f4-ba67-a0042d757430,NO,NO 15/9-19 ST2,name 1993-01-13T17:30:00+01:00,name 1993-01-13T18:30:00+01:00,103,103,EQUIPMENT_FAILURE,REPAIRED UPPER RACKING ARM,VOLVE_DDR,15_9_19_ST2_1993_01_14.xml,XML_NODE_KEYWORD,MEDIUM
e4836055-ec4b-47b5-88a1-059aee929902,NO,NO 15/9-19 ST2,name 1993-01-14T08:00:00+01:00,name 1993-01-14T08:30:00+01:00,980,980,EQUIPMENT_FAILURE,REPAIRED GANTRY CRANE,VOLVE_DDR,15_9_19_ST2_1993_01_15.xml,XML_NODE_KEYWORD,MEDIUM
34bd8fa9-6ac8-45de-a664-c8ac64550966,NO,NO 15/9-19 ST2,name 1993-01-14T12:00:00+01:00,name 1993-01-14T14:00:00+01:00,1460,1460,MUD_LOSS,"INSTALLED TAM PKR, CIRC HOLE SLOWLY AT 80 LPM INCRASING TO 275 LPM. RECORDED LOSS. CHECKED SURFACE PITS FOR LEAKS. MONITORED WELL ON TRIP TANK, WELL STATIC, NO LOSS TO FORMATION DURING CIRCULATION.",VOLVE_DDR,15_9_19_ST2_1993_01_15.xml,XML_NODE_KEYWORD,HIGH
dc4196a3-499e-4914-9388-f7f0e572d0cb,NO,NO 15/9-19 ST2,name 1993-01-14T14:00:00+01:00,name 1993-01-14T14:30:00+01:00,1460,1460,ABNORMAL_OPERATION,PROBLEMS TO RESET TAM PACKER,VOLVE_DDR,15_9_19_ST2_1993_01_15.xml,XML_NODE_KEYWORD,LOW
e6d08d3a-a2b6-425e-9476-342f7c3ab0ba,NO,NO 15/9-19 ST2,name 1993-01-17T17:30:00+01:00,name 1993-01-18T00:00:00+01:00,0,0,NPT,WAITED ON WEATHER,VOLVE_DDR,15_9_19_ST2_1993_01_18.xml,XML_NODE_KEYWORD,MEDIUM
ad38b4cd-0606-45a6-97de-ec77a8581f72,NO,NO 15/9-19 ST2,name 1993-01-18T00:00:00+01:00,name 1993-01-18T06:00:00+01:00,0,0,NPT,CONT WAITING ON WEATHER,VOLVE_DDR,15_9_19_ST2_1993_01_19.xml,XML_NODE_KEYWORD,MEDIUM
0a6c88ba-da05-432e-8d5d-0f8be8a53c6f,NO,NO 15/9-19 ST2,name 1993-01-18T06:00:00+01:00,name 1993-01-18T19:00:00+01:00,0,0,NPT,CONTINUED WAITING ON WEATHER,VOLVE_DDR,15_9_19_ST2_1993_01_19.xml,XML_NODE_KEYWORD,MEDIUM
e581c139-42c7-4aaa-b2c9-f6d96640321e,NO,NO 15/9-19 ST2,name 1993-01-19T15:30:00+01:00,name 1993-01-19T16:30:00+01:00,0,0,EQUIPMENT_FAILURE,ATTEMPTED TO OPERATE FAILSAFE - NEG. SEARCED FOR MALFUNCTION AND FOUND BOOSTER BOTTLES ON BOP NOT CHARGED. OPENED ACCUMULATOR ISOLATOR AND CONTINUED PRESS TESTING BOP.,VOLVE_DDR,15_9_19_ST2_1993_01_20.xml,XML_NODE_KEYWORD,MEDIUM
05c13895-4b31-4332-b917-0264cddc715a,NO,NO 15/9-19 ST2,name 1993-01-22T06:00:00+01:00,name 1993-01-22T13:00:00+01:00,0,0,NPT,"WAITED ON WEATHER. DE-BALLASTED RIG 2,1 M.",VOLVE_DDR,15_9_19_ST2_1993_01_23.xml,XML_NODE_KEYWORD,MEDIUM
28a8b0ea-b38c-4d06-8fb2-129e477bb79a,NO,NO 15/9-19 ST2,name 1993-01-24T22:30:00+01:00,name 1993-01-25T00:00:00+01:00,3535,3535,EQUIPMENT_FAILURE,"LINED UP TO PRESSURE TEST CEMENT RETAINER. FLUSHED LINES AND ATTEMPTED PRESSURE TESTING SURFACE LINES AGAINST FAIL SAFE VALVE TO 100 BAR, NEGATIVE. TESTED CEMENT UNIT, OK.  LINED OVER FROM TEST LINE TO CEMENT LINE AND ATTEMPTED PRESSURE TESTING AGAINST FAIL SAFE, NEG.",VOLVE_DDR,15_9_19_ST2_1993_01_25.xml,XML_NODE_KEYWORD,MEDIUM
6c57a2ec-c90c-4270-939e-5393510d00e5,NO,NO 15/9-19 ST2,name 1993-01-25T12:30:00+01:00,name 1993-01-25T14:30:00+01:00,3372,3372,NPT,WAITED ON WEATHER.,VOLVE_DDR,15_9_19_ST2_1993_01_26.xml,XML_NODE_KEYWORD,MEDIUM
22b774f6-4c46-43c8-b809-92fe5c6f4fb2,NO,NO 15/9-19 ST2,name 1993-01-25T23:30:00+01:00,name 1993-01-26T00:00:00+01:00,2985,2985,EQUIPMENT_FAILURE,"DRIVE GEAR FOR JAW ON UPPER RACKING ARM WORN OUT. ATTEMPTED REPAIR, NEGATIVE.",VOLVE_DDR,15_9_19_ST2_1993_01_26.xml,XML_NODE_KEYWORD,MEDIUM
b03611f0-7a5f-4534-bc6c-d0d80d988267,NO,NO 15/9-19 ST2,name 1993-01-26T00:00:00+01:00,name 1993-01-26T00:30:00+01:00,2985,2985,EQUIPMENT_FAILURE,"CONT. ATTEMPTS TO REPAIR JAW, NEGATIVE.  RIGGED UP TO PULL STANDS MANUALLY.",VOLVE_DDR,15_9_19_ST2_1993_01_27.xml,XML_NODE_KEYWORD,MEDIUM
1bda69d1-2d06-4fe1-9452-fcaf2ddd0fb1,NO,NO 15/9-19 ST2,name 1993-01-29T18:00:00+01:00,name 1993-01-30T00:00:00+01:00,0,0,NPT,WAITED ON WEATHER FOR ANCHOR HANDLING,VOLVE_DDR,15_9_19_ST2_1993_01_30.xml,XML_NODE_KEYWORD,MEDIUM
17fd2909-11a0-498e-89a5-f13375b91e71,NO,NO 15/9-19 ST2,name 1993-01-30T00:00:00+01:00,name 1993-01-30T06:00:00+01:00,0,0,NPT,CONTINUED WAITING ON WEATHER FOR ANCHOR HANDLING,VOLVE_DDR,15_9_19_ST2_1993_01_31.xml,XML_NODE_KEYWORD,MEDIUM
f7cd4819-fa8c-4bd9-b70a-975b20a78817,NO,NO 15/9-19 ST2,name 1993-01-30T06:00:00+01:00,name 1993-01-30T21:00:00+01:00,0,0,NPT,WAITED ON WEATHER FOR ANCHOR HANDLING,VOLVE_DDR,15_9_19_ST2_1993_01_31.xml,XML_NODE_KEYWORD,MEDIUM
ae0af6e4-3671-4262-9c2e-82018f52071b,NO,NO 15/9-19 ST2,name 1993-01-31T08:30:00+01:00,name 1993-01-31T10:30:00+01:00,0,0,EQUIPMENT_FAILURE,PULLED ANCHORS. BLOSTERD ANCHOR NO. 3 AND PREPAIRED ANCHOR NO. 7 FOR DROP AT NEW LOCATION. ANCHOR NO. 7 HUNG OFF AT 10:25 HRS.,VOLVE_DDR,15_9_19_ST2_1993_02_01.xml,XML_NODE_KEYWORD,MEDIUM
103c012d-a25b-47f5-baf4-792b1e08b967,NO,NO 15/9-19 ST2,name 1993-02-18T21:30:00+01:00,name 1993-02-19T00:00:00+01:00,0,0,EQUIPMENT_FAILURE,REPAIRED TDS,VOLVE_DDR,15_9_19_ST2_1993_02_19.xml,XML_NODE_KEYWORD,MEDIUM
e2cde719-85aa-426b-8858-d30a6a44d0eb,NO,NO 15/9-19 ST2,name 1993-02-20T09:30:00+01:00,name 1993-02-21T00:00:00+01:00,0,0,NPT,WAITING ON WEATHER,VOLVE_DDR,15_9_19_ST2_1993_02_21.xml,XML_NODE_KEYWORD,MEDIUM
71200415-dd3b-42fa-83e2-995f34e032b5,NO,NO 15/9-19 ST2,name 1993-02-21T00:00:00+01:00,name 1993-02-21T06:00:00+01:00,0,0,NPT,WAITING ON WEATHER,VOLVE_DDR,15_9_19_ST2_1993_02_22.xml,XML_NODE_KEYWORD,MEDIUM
1383c3c4-fc9c-4fdc-9959-d7b640fea180,NO,NO 15/9-19 ST2,name 1993-02-21T06:00:00+01:00,name 1993-02-22T00:00:00+01:00,0,0,NPT,WAITED ON WEATHER,VOLVE_DDR,15_9_19_ST2_1993_02_22.xml,XML_NODE_KEYWORD,MEDIUM
bbbfcd4b-4aa7-41b3-9f4a-aef2c2bc2d28,NO,NO 15/9-19 ST2,name 1993-02-22T00:00:00+01:00,name 1993-02-22T06:00:00+01:00,0,0,NPT,WAITED ON WEATHER,VOLVE_DDR,15_9_19_ST2_1993_02_23.xml,XML_NODE_KEYWORD,MEDIUM
69bbad19-0871-467e-80b0-3a4ad1f2ab84,NO,NO 15/9-19 ST2,name 1993-02-22T06:00:00+01:00,name 1993-02-22T08:00:00+01:00,0,0,NPT,WAITED ON WEATHER,VOLVE_DDR,15_9_19_ST2_1993_02_23.xml,XML_NODE_KEYWORD,MEDIUM
0564b3fc-b5c4-40d5-b026-27cc82c4c84e,NO,NO 15/9-19 ST2,name 1993-02-23T06:00:00+01:00,name 1993-02-23T06:30:00+01:00,0,0,EQUIPMENT_FAILURE,REPAIRED TEST PLUG FOR K/C LINES,VOLVE_DDR,15_9_19_ST2_1993_02_24.xml,XML_NODE_KEYWORD,MEDIUM
7c74c74c-8cef-4d43-850d-fae066eabe5e,NO,NO 15/9-19 ST2,name 1993-03-03T09:30:00+01:00,name 1993-03-03T10:30:00+01:00,1200,1200,EQUIPMENT_FAILURE,FOUND MOTOR ON UPPER RACKING ARM LOOSE.  REPAIRED SAME.,VOLVE_DDR,15_9_19_ST2_1993_03_04.xml,XML_NODE_KEYWORD,MEDIUM
668749e6-6de9-4a5f-a96b-2fa475e5d936,NO,NO 15/9-19 ST2,name 1993-03-03T16:30:00+01:00,name 1993-03-03T21:30:00+01:00,0,0,EQUIPMENT_FAILURE,TOOK DOWN OIL PUMP ASSEMBLY TO REPAIR SAME.,VOLVE_DDR,15_9_19_ST2_1993_03_04.xml,XML_NODE_KEYWORD,MEDIUM
c126ffcf-7a18-413a-b9c3-bf16910e1292,NO,NO 15/9-19 ST2,name 1993-03-03T22:30:00+01:00,name 1993-03-04T00:00:00+01:00,0,0,EQUIPMENT_FAILURE,CONTINUED REPAIRING TDS: CHANGED OUT OIL PUMP.,VOLVE_DDR,15_9_19_ST2_1993_03_04.xml,XML_NODE_KEYWORD,MEDIUM
5c504cf3-c897-492a-9967-7330fcbe8afa,NO,NO 15/9-19 ST2,name 1993-03-04T00:00:00+01:00,name 1993-03-04T02:00:00+01:00,0,0,EQUIPMENT_FAILURE,CONT. REPAIRING TDS. RE-INSTALLED OIL PUMP ASSEMBLY.,VOLVE_DDR,15_9_19_ST2_1993_03_05.xml,XML_NODE_KEYWORD,MEDIUM
ff868b51-b735-4f52-bddd-15977ef6a203,NO,NO 15/9-19 ST2,name 1993-03-06T11:00:00+01:00,name 1993-03-06T11:30:00+01:00,2173,2173,EQUIPMENT_FAILURE,REPAIRED UPPER RACKING ARM.,VOLVE_DDR,15_9_19_ST2_1993_03_07.xml,XML_NODE_KEYWORD,MEDIUM
f8c81d97-686c-4780-a4a9-e0e233ca58a1,NO,NO 15/9-19 ST2,name 1993-03-09T23:30:00+01:00,name 1993-03-10T00:00:00+01:00,0,0,MUD_LOSS,"ATTEMPTED TESTING MWD-TOOL, NEGATIVE: LOSS OF CONTACT IN JUNCTION BOX FOR TEST CABLE. REPAIRED SAME.",VOLVE_DDR,15_9_19_ST2_1993_03_10.xml,XML_NODE_KEYWORD,HIGH
3f8268cd-cfb5-4cb7-b1a4-7caee046b452,NO,NO 15/9-19 ST2,name 1993-03-13T09:00:00+01:00,name 1993-03-13T12:30:00+01:00,3664.5,3664.5,STUCK_PIPE,MADE SEVERAL ATTEMTS TO FREE STUCK LOGGING TOOLS BY WORKING CABLE WITH MAX 6000 LBS OVERPULL. KEPT CABLE IN TENSION WHILE WORKING CALIPER ARM.,VOLVE_DDR,15_9_19_ST2_1993_03_14.xml,XML_NODE_KEYWORD,HIGH
b0e751c0-4282-4c44-a139-a6b94b48672c,NO,NO 15/9-19 ST2,name 1993-03-13T12:30:00+01:00,name 1993-03-13T17:00:00+01:00,3697,3697,EQUIPMENT_FAILURE,"RIGGED DOWN ATLAS WIRELINE EQUIPMENT ON RIG FLOOR. INSTALLED T-BAR IN ROTARY AND CUT CABLE 5M ABOVE RKB. PREPAIRED AND MADE UP CATCHER, ATTACHED SAME AND PERFORMED PULLTEST. INSTALLED TOP SHEAVE AT CROWN. MADE UP OVER SHOT TO 5"" HWDP.",VOLVE_DDR,15_9_19_ST2_1993_03_14.xml,XML_NODE_KEYWORD,MEDIUM
ac13c22c-a127-497f-9115-18bce35f18e2,NO,NO 15/9-19 ST2,name 1993-03-13T18:30:00+01:00,name 1993-03-13T19:00:00+01:00,57,57,ABNORMAL_OPERATION,HAD PROBLEMS WITH GEAR BOX ON ATLAS WIRELINE UNIT.,VOLVE_DDR,15_9_19_ST2_1993_03_14.xml,XML_NODE_KEYWORD,LOW
fc9eb282-4816-41c6-aacf-5cd8b37d8a8b,NO,NO 15/9-19 ST2,name 1993-03-16T00:00:00+01:00,name 1993-03-16T02:00:00+01:00,4515,4515,ABNORMAL_OPERATION,"CONTINUED POOH.  REAMED TIGHT SPOT AT 4515M, 4454M AND 4415M. WITH MAX 30 TONN OVERPULL. HAD PROBLEMS WITH STALLING ROTARY. RIH TO TD AT 4641M.",VOLVE_DDR,15_9_19_ST2_1993_03_17.xml,XML_NODE_KEYWORD,LOW
c502f6f7-ec85-4172-92cb-28de8444e59b,NO,NO 15/9-19 ST2,name 1993-03-16T05:00:00+01:00,name 1993-03-16T06:00:00+01:00,4408,4408,EQUIPMENT_FAILURE,WORKED TIGHT SPOT AT 4408M WHEN SCR'S FOR TOP DRIVE FAILED. CIRCULATED AND WORKED STRING WHILE TROUBLESHOOTING SCR SYSTEMS. UNABLE TO PASS 4408M.,VOLVE_DDR,15_9_19_ST2_1993_03_17.xml,XML_NODE_KEYWORD,MEDIUM
a04b9a04-4330-465e-93c8-c4fdc890d47f,NO,NO 15/9-19 ST2,name 1993-03-22T11:30:00+01:00,name 1993-03-22T15:00:00+01:00,1000,1000,EQUIPMENT_FAILURE,"RIH WITH CCL/JUNK BASKET/ GAUGERING, EXPERIENCED TOOL FAILURE AT 1000M. POOH AND ATTEMPTED TO LOCATE AND REPAIR FAILURE. RIGGED DOWN ATLAS WIRELINE.",VOLVE_DDR,15_9_19_ST2_1993_03_23.xml,XML_NODE_KEYWORD,MEDIUM
dc0d8ba3-a7e8-4c7b-a240-2df633917c17,NO,NO 15/9-19 ST2,name 1993-03-23T19:30:00+01:00,name 1993-03-23T21:30:00+01:00,1000,1000,EQUIPMENT_FAILURE,REPAIRED HYDRAULIC LEAK ON ATLAS UNIT.,VOLVE_DDR,15_9_19_ST2_1993_03_24.xml,XML_NODE_KEYWORD,MEDIUM
ccba3e7f-1356-4f65-a8de-15e0f08cf26f,NO,NO 15/9-19 ST2,name 1993-03-25T09:30:00+01:00,name 1993-03-25T11:00:00+01:00,1072,1072,EQUIPMENT_FAILURE,TESTED SURFACE LINES AGAINST FAILSAFE TO 345 BAR / 5 MIN. TESTED CASING / LINER LAP AGAINST UPPER PIPE RAM TO 345 BAR / 15 MIN.,VOLVE_DDR,15_9_19_ST2_1993_03_26.xml,XML_NODE_KEYWORD,MEDIUM
262b48e9-0d79-4de9-b60f-200e96faf344,NO,NO 15/9-19 ST2,name 1993-04-01T12:00:00+02:00,name 1993-04-02T00:00:00+02:00,4200,4200,EQUIPMENT_FAILURE,"HRS WORKED ON REPAIRING LEAKING SSTT`S RECEIVED NEW SSTT WITH HELICOPTER, PRESS TESTED SAME ON DECK PRIOR TO P/U ON DRILL FLOOR",VOLVE_DDR,15_9_19_ST2_1993_04_02.xml,XML_NODE_KEYWORD,MEDIUM
7e1fbd93-60f1-4e46-bc08-221b8147c96d,NO,NO 15/9-19 ST2,name 1993-04-02T00:00:00+02:00,name 1993-04-02T05:00:00+02:00,4200,4200,ABNORMAL_OPERATION,PRESS TESTED NEW SSTT BODY AND BELOW BALL/FLAPPER 350 BAR/10 MIN HAD PROBLEMS WITH LEAKING HOSES AND NEEDLE VALVES.,VOLVE_DDR,15_9_19_ST2_1993_04_03.xml,XML_NODE_KEYWORD,LOW
bad600e9-0359-4a56-9c33-aefc0b0d4661,NO,NO 15/9-19 ST2,name 1993-04-02T06:00:00+02:00,name 1993-04-02T07:30:00+02:00,4200,4200,ABNORMAL_OPERATION,CONT FUNCTION TESTED NEW SSTT. REPLACED SSTT CONTROL MANIFOLD DUE TO PROBLEMS WITH HYDRAULIC PUMPS.,VOLVE_DDR,15_9_19_ST2_1993_04_03.xml,XML_NODE_KEYWORD,LOW
7df571ce-44b8-4e8e-85b8-e3c6e16aef1e,NO,NO 15/9-19 ST2,name 1993-04-03T14:30:00+02:00,name 1993-04-03T18:00:00+02:00,217,217,EQUIPMENT_FAILURE,"PRESS TESTED BHA BELOW LPR-N VALVE AGAINST BLIND PLUG TO 200 BAR - NEG FOUND LEAK ON X-OVER ABOVE BLANKING PLUG, REPAIRED SAME. PRESS TESTED AGAINST BLIND PLUG 200 BAR/15 MIN",VOLVE_DDR,15_9_19_ST2_1993_04_04.xml,XML_NODE_KEYWORD,MEDIUM
a888c298-68c8-4685-b3a4-76ab278dd1a2,NO,NO 15/9-19 ST2,name 1993-04-05T23:00:00+02:00,name 1993-04-06T00:00:00+02:00,4170,4170,ABNORMAL_OPERATION,"POOH WITH 4 1/2"" TEST TUBING DUE TO PROBLEMS SETTING RTTS PACKER. PULLED SLOW DUE TO PROBLEMS WITH STRING HANGING UP FROM 4230 M. WORKED PIPE FREE.",VOLVE_DDR,15_9_19_ST2_1993_04_06.xml,XML_NODE_KEYWORD,LOW
b016110e-4fe0-4b4f-95ee-bacde6418613,NO,NO 15/9-19 ST2,name 1993-04-06T00:00:00+02:00,name 1993-04-06T06:00:00+02:00,3100,3100,ABNORMAL_OPERATION,"CONT POOH WITH TEST TUBING, HAD PROBLEMS WITH STRING HANGING UP FROM 4170 TO 3900 M, WORKED PIPE UP AND DOWN SEVERAL TIMES TO FREE PIPE. MAX OVERPULL 25 MT, NO INDICATION OF STRING TAKING DOWNWEIGHT.",VOLVE_DDR,15_9_19_ST2_1993_04_07.xml,XML_NODE_KEYWORD,LOW
fed26c3f-7048-43b5-aba0-7b863771cb46,NO,NO 15/9-19 ST2,name 1993-04-06T19:30:00+02:00,name 1993-04-06T23:00:00+02:00,0,0,NPT,WAITED ON ATLAS WIRELINE TO ARRIVE ONBOARD WITH HELICOPTER. WHILE WAITING SERVICED TDS AND CLEANED RIG FLOOR.,VOLVE_DDR,15_9_19_ST2_1993_04_07.xml,XML_NODE_KEYWORD,MEDIUM
6c187ac8-ae83-4d94-9e69-9ea81b7a83fb,NO,NO 15/9-19 ST2,name 1993-04-09T19:30:00+02:00,name 1993-04-09T21:00:00+02:00,104,104,EQUIPMENT_FAILURE,"FLUSHED SURFACE LINES. ATTEMPTED TESTING SHEAR RAM AGAINST CASING/SEAL ASSEMBLY, NEGATIVE.  TESTED SURFACE LINES AGAINST FAIL SAFE TO 345 BAR OK.  OPERATED SHEAR RAM, CHANGED TO YELLOW POD AND ATTEMPTED TESTING SHEAR RAM, NEGATIVE.  SHEAR RAM LEAKING.  PUMPED VOLUME IN RETURN TO TRIP TANK.",VOLVE_DDR,15_9_19_ST2_1993_04_10.xml,XML_NODE_KEYWORD,MEDIUM
d462beda-4411-4cc4-b3c8-837f76f8c4dc,NO,NO 15/9-19 ST2,name 1993-04-10T14:30:00+02:00,name 1993-04-11T00:00:00+02:00,33,33,NPT,WAITED ON WEATHER TO PULL BOP THROUGH SPLASH ZONE.,VOLVE_DDR,15_9_19_ST2_1993_04_11.xml,XML_NODE_KEYWORD,MEDIUM
0bf7d988-9e83-405c-9c26-a1ec75d60333,NO,NO 15/9-19 ST2,name 1993-04-12T19:00:00+02:00,name 1993-04-12T21:30:00+02:00,0,0,EQUIPMENT_FAILURE,"FILLED STACK.  INSTALLED TEST TOOL.   ATTEMPTED PRESSURE TESTING LAP TO 20/345 BAR, NEGATIVE,  LEAKED 1 BAR/MIN ON HP-TEST.  FUNCTIONED LAP TWICE.  SPM-VALVE FAILED.",VOLVE_DDR,15_9_19_ST2_1993_04_13.xml,XML_NODE_KEYWORD,MEDIUM
2bd0f8d2-60f9-4ea0-ab7a-e22aa52711c9,NO,NO 15/9-19 ST2,name 1993-04-13T03:00:00+02:00,name 1993-04-13T06:00:00+02:00,0,0,EQUIPMENT_FAILURE,"PRESSURE TESTED LAP TO 20/345 BAR, 5/10 MINS.    ATTEMPTED PRESSURE TESTING UAP,  NEGATIVE ON LOW PRESSURE.  OPERATED UAP 3 TIMES. PRESSURE TESTED UAP TO 20/240 BAR, 5/10 MINS.    PRESSURE TESTED REMAINING FAIL SAFE VALVES AND SHEAR RAM TO 20/345 BAR, 5/10 MINS.",VOLVE_DDR,15_9_19_ST2_1993_04_14.xml,XML_NODE_KEYWORD,MEDIUM
62aae547-8410-4137-bc2f-9da63e888163,NO,NO 15/9-19 ST2,name 1993-04-18T19:00:00+02:00,name 1993-04-18T22:30:00+02:00,0,0,EQUIPMENT_FAILURE,CLOSED LUB. VALVE AND CHECKED THAT SAME HELD PRESSURE FROM BELOW. INSTALLED SPS TOOLSTRING AND PRESSURE TESTED W.L. LUBRICATOR/STUFFING- BOX TO 250 BAR AGAINST LUB.VALVE AND FAILSAFE VALVE.EQUILIZED PRESSURE ACROSS LUB. VALVE AND OPENED SAME.,VOLVE_DDR,15_9_19_ST2_1993_04_19.xml,XML_NODE_KEYWORD,MEDIUM
3ca9cdb7-c9c1-4462-bdb8-01ce17bd4740,NO,NO 15/9-19 ST2,name 1993-04-28T17:00:00+02:00,name 1993-04-28T17:30:00+02:00,158,158,EQUIPMENT_FAILURE,"LINED UP ON CHOKE MANIFOLD DUE TO SMALL FLOW OVER TOP OF DRILL PIPE DURING BOP TEST (SINCE 12:00 HRS). CLOSED KELLY COCK, OPENED FAIL SAFE VALVES, CLOSED UPR AND RELEASED SPRING LOADED TOOL.",VOLVE_DDR,15_9_19_ST2_1993_04_29.xml,XML_NODE_KEYWORD,MEDIUM
22bfd9fd-c315-44bd-bb62-481c31910c84,NO,NO 15/9-19 ST2,name 1993-04-29T05:30:00+02:00,name 1993-04-29T06:00:00+02:00,0,0,ABNORMAL_OPERATION,ELECTRICAL ASSIGNMENT PROBLEMS IN SCR ROOM FOR ANCHOR WINCHES.,VOLVE_DDR,15_9_19_ST2_1993_04_30.xml,XML_NODE_KEYWORD,LOW
30e476b7-9ded-45ec-a411-d01e9980d11d,NO,NO 15/9-19 ST2,name 1993-04-29T06:00:00+02:00,name 1993-04-29T06:30:00+02:00,0,0,ABNORMAL_OPERATION,PULLED OUT W/SCORPION ROV DUE TO PROBLEMS W/LEAKING HYDRAULIC HOSE. LAUNCHED SEA OWL ROV.,VOLVE_DDR,15_9_19_ST2_1993_04_30.xml,XML_NODE_KEYWORD,LOW
3ecd4c63-fd6e-485e-9c0c-4681e484f19b,NO,NO 15/9-19 ST2,name 1997-07-22T20:30:00+02:00,name 1997-07-22T21:30:00+02:00,0,0,EQUIPMENT_FAILURE,REPAIRED ON DP ELEVATOR.,VOLVE_DDR,15_9_19_ST2_1997_07_23.xml,XML_NODE_KEYWORD,MEDIUM
87b40c34-21ab-46da-a8e3-3a8549381caf,NO,NO 15/9-19 ST2,name 1997-07-24T06:00:00+02:00,name 1997-07-24T08:00:00+02:00,750,750,EQUIPMENT_FAILURE,"ATLAS WIRELINE RIH WITH 9 5/8"" BRIDGE-PLUG. CCL FAILED AGAIN AT 750M. POOH WITH BRIDGE-PLUG; OUT OF HOLE AT 0715 HRS. ATLAS REPAIRED CCL PROBLEM.",VOLVE_DDR,15_9_19_ST2_1997_07_25.xml,XML_NODE_KEYWORD,MEDIUM
94c2ba85-4c4c-4fa3-bd26-4cd11306315d,NO,NO 15/9-19 ST2,name 1997-07-24T08:00:00+02:00,name 1997-07-24T12:00:00+02:00,2200,2200,ABNORMAL_OPERATION,RIH WITH BRIDGE-PLUG ON ATLAS E/LINE TO 2200 M. ELECTRICAL PROBLEM PREVENTED BAKER SETTING TOOL FROM SETTING BRIDGE-PLUG. POOH WITH BRIDGE-PLUG; OUT OF HOLE AT 1140 HRS.,VOLVE_DDR,15_9_19_ST2_1997_07_25.xml,XML_NODE_KEYWORD,LOW
8e955f1f-201c-45bf-92b6-3d39b469e58c,NO,NO 15/9-19 ST2,name 1997-07-24T12:00:00+02:00,name 1997-07-24T20:30:00+02:00,0,0,ABNORMAL_OPERATION,"ATLAS WORKED ON TROUBLESHOOTING PROBLEM WITH SETTING TOOL.RETERMINATED CABLE HEAD. FLEW SETTING TOOL FIRING HEAD OUT TO RIG; REPLACED SAME. ATLAS CHECKED TOOL & MU 9 5/8"" BRIDGE-PLUG.",VOLVE_DDR,15_9_19_ST2_1997_07_25.xml,XML_NODE_KEYWORD,LOW
c01fb82d-575b-4a92-b991-6e5c819661cc,NO,NO 15/9-19 S,name 1992-09-08T21:00:00+02:00,name 1992-09-09T00:00:00+02:00,0,0,NPT,WAITING ON NPD APPROVAL TO MOVE THE RIG. CONTINUE WORKING ON OUT- STANDING ITEMS ACCORDING TO PUNCHLISTS.,VOLVE_DDR,15_9_19_S_1992_09_09.xml,XML_NODE_KEYWORD,MEDIUM
2481d4e9-3a2d-450b-bc39-20f81384c8b7,NO,NO 15/9-19 S,name 1992-09-09T00:00:00+02:00,name 1992-09-09T03:00:00+02:00,0,0,NPT,CONTINUE WAITING ON NPD APPROVAL TO MOVE THE RIG.,VOLVE_DDR,15_9_19_S_1992_09_10.xml,XML_NODE_KEYWORD,MEDIUM
d968e0bd-16ce-4b2f-8f8b-4b3106dd4f91,NO,NO 15/9-19 S,name 1992-09-09T14:00:00+02:00,name 1992-09-10T00:00:00+02:00,0,0,NPT,WAITED ON NPD APPROVAL TO MOVE RIG. WORKED ON OUTSTANDING ITEMS ON PUNCH LIST.,VOLVE_DDR,15_9_19_S_1992_09_10.xml,XML_NODE_KEYWORD,MEDIUM
77acbe3a-3ad9-4c79-9f5a-c2aa85a19f02,NO,NO 15/9-19 S,name 1992-09-10T00:00:00+02:00,name 1992-09-10T06:00:00+02:00,0,0,NPT,CONTINUED WAITING ON APPROVAL TO MOVE RIG. WORKED ON OUTSTANDING ITEMS ON PUNCH LIST. M/U FRAMO UMBILICAL TO CTS FOR FUNCTION TEST.,VOLVE_DDR,15_9_19_S_1992_09_11.xml,XML_NODE_KEYWORD,MEDIUM
804b86fe-ce95-493d-951f-4deac152c439,NO,NO 15/9-19 S,name 1992-09-10T06:00:00+02:00,name 1992-09-10T13:00:00+02:00,0,0,NPT,WAITING ON APPROVAL TO MOVE RIG. WORKED ON OUTSTANDING ITEMS ON PUNCH LIST. FUNCTION TESTED FRAMO CTS.,VOLVE_DDR,15_9_19_S_1992_09_11.xml,XML_NODE_KEYWORD,MEDIUM
4ae5f4eb-f249-444e-9c62-7e34396ec958,NO,NO 15/9-19 S,name 1992-09-14T06:00:00+02:00,name 1992-09-14T08:00:00+02:00,0,0,EQUIPMENT_FAILURE,JUMPED ROV.INSPECTED TEMPLATE AND INSTALLED HONEYWELL TRANSPONDER IN A1. UNABLE TO DISCONNECT TRANSPONDER DUE TO LIGHT FAILURE ON ROV. PULL ROV AND TRANSPONDER.,VOLVE_DDR,15_9_19_S_1992_09_15.xml,XML_NODE_KEYWORD,MEDIUM
6247ae69-4f9f-41ec-8dc3-a0717370ba02,NO,NO 15/9-19 S,name 1992-09-15T07:00:00+02:00,name 1992-09-15T08:00:00+02:00,0,0,EQUIPMENT_FAILURE,"JUMPED SEA OWL,RETRIEVED SAME DUE TO ELECTRICAL FAILURE.",VOLVE_DDR,15_9_19_S_1992_09_16.xml,XML_NODE_KEYWORD,MEDIUM
ca5590d1-9a27-4daf-8588-b874fa481ad1,NO,NO 15/9-19 S,name 1992-09-15T19:00:00+02:00,name 1992-09-15T20:00:00+02:00,0,0,ABNORMAL_OPERATION,MOVED RIG 12M IN DIR. 110 DEG. OPERATION INTERRUPTED DUE TO PROBLEMS ON GUIDE LINE NO.4.,VOLVE_DDR,15_9_19_S_1992_09_16.xml,XML_NODE_KEYWORD,LOW
d8edba99-3f83-4360-8178-edb204240fba,NO,NO 15/9-19 S,name 1992-09-17T00:00:00+02:00,name 1992-09-17T02:00:00+02:00,0,0,ABNORMAL_OPERATION,RAN CTS. HAD PROBLEMS STABBING INTO PGB AND USED SCORPION TO HELP STABBING. STABBED IN WITH CTS 01:40 HRS.,VOLVE_DDR,15_9_19_S_1992_09_18.xml,XML_NODE_KEYWORD,LOW
64914572-d4c9-4abb-867a-f6d672020021,NO,NO 15/9-19 S,name 1992-09-18T02:30:00+02:00,name 1992-09-18T03:00:00+02:00,107,107,EQUIPMENT_FAILURE,"SWEEPED HOLE WITH 5 M3 HI-VIS MUD. POOH TO CTS PUMP, DUE TO FAILURE ON DEPTH SENSOR TO MWD.",VOLVE_DDR,15_9_19_S_1992_09_19.xml,XML_NODE_KEYWORD,MEDIUM
6b118ef9-1526-40a1-8739-77108bec72b1,NO,NO 15/9-19 S,name 1992-09-19T15:30:00+02:00,name 1992-09-19T16:00:00+02:00,0,0,EQUIPMENT_FAILURE,REPAIRED SPEED CONTROL ON DRAW WORK.,VOLVE_DDR,15_9_19_S_1992_09_20.xml,XML_NODE_KEYWORD,MEDIUM
f4b44b45-ffe0-4a2e-b58b-a8a9c96148ef,NO,NO 15/9-19 S,name 1992-09-19T17:30:00+02:00,name 1992-09-19T19:00:00+02:00,0,0,EQUIPMENT_FAILURE,INVESTIGATED FAILURE ON DRAW WORK SPEED CONTROL SYSTEM.,VOLVE_DDR,15_9_19_S_1992_09_20.xml,XML_NODE_KEYWORD,MEDIUM
1d74cc7d-2e0a-443c-9e31-ded2e1d07c70,NO,NO 15/9-19 S,name 1992-11-19T06:00:00+01:00,name 1992-11-19T07:00:00+01:00,0,0,EQUIPMENT_FAILURE,CONT.REPAIRING SHEAR RAM.,VOLVE_DDR,15_9_19_S_1992_11_20.xml,XML_NODE_KEYWORD,MEDIUM
bbccde2c-aebc-489d-add9-45617b5d2030,NO,NO 15/9-19 S,name 1992-11-22T05:00:00+01:00,name 1992-11-22T05:30:00+01:00,506,506,KICK,HELD KICK DRILL,VOLVE_DDR,15_9_19_S_1992_11_23.xml,XML_NODE_KEYWORD,HIGH
0d809910-55c1-419f-91ef-4e619e49e89d,NO,NO 15/9-19 S,name 1992-11-22T15:00:00+01:00,name 1992-11-22T17:30:00+01:00,0,0,EQUIPMENT_FAILURE,REPAIRED UPPER RACKING ARM:  WELDED ON ANTI-TURN PADS FOR SWING MOTOR.,VOLVE_DDR,15_9_19_S_1992_11_23.xml,XML_NODE_KEYWORD,MEDIUM
018e458e-360c-40b0-bf07-0644fa7d486d,NO,NO 15/9-19 S,name 1992-11-26T08:00:00+01:00,name 1992-11-26T09:30:00+01:00,0,0,STUCK_PIPE,REMOVED STUCK DRIFT FROM PLUG LAUNCHER IN CASING HANGER JOINT.,VOLVE_DDR,15_9_19_S_1992_11_27.xml,XML_NODE_KEYWORD,HIGH
b96dfe7b-3bab-4fdd-9778-315d77467396,NO,NO 15/9-19 S,name 1992-11-29T03:30:00+01:00,name 1992-11-29T04:00:00+01:00,0,0,EQUIPMENT_FAILURE,REPAIRED SCR FOR MUD PUMP.,VOLVE_DDR,15_9_19_S_1992_11_30.xml,XML_NODE_KEYWORD,MEDIUM
484651ba-4fcf-40d8-aec9-2757fdcebe5b,NO,NO 15/9-19 S,name 1992-12-02T22:30:00+01:00,name 1992-12-03T00:00:00+01:00,2465,2465,EQUIPMENT_FAILURE,REPAIRED TOP DRIVE DUE TO OVERLOAD ON ELECTRO MOTOR.,VOLVE_DDR,15_9_19_S_1992_12_03.xml,XML_NODE_KEYWORD,MEDIUM
83f1bf12-71a9-4d9b-95f1-b33b6d9381b8,NO,NO 15/9-19 S,name 1992-12-03T03:30:00+01:00,name 1992-12-03T06:00:00+01:00,1000,1000,ABNORMAL_OPERATION,PUMPED OUT OF HOLE DUE TO PROBLEMS WITH ELECTRO MOTOR ON TOP DRIVE.,VOLVE_DDR,15_9_19_S_1992_12_04.xml,XML_NODE_KEYWORD,LOW
202870ff-6335-4fcb-a2b6-24bb9f46ca5f,NO,NO 15/9-19 S,name 1992-12-03T13:00:00+01:00,name 1992-12-03T20:00:00+01:00,1483,1483,STUCK_PIPE,"REPLACED OIL PUMP ON TOP DRIVE, DUE TO STUCK UPPER BEARING. CIRCULATED/ROTATED PIPE WHILE REPAIRED TOP DRIVE. PUMPED TWO 10 M3 HI-VIS PILLS GIVING LARGE AMOUNTS OF CUTTINGS IN RETURNS.",VOLVE_DDR,15_9_19_S_1992_12_04.xml,XML_NODE_KEYWORD,HIGH
e4e156f9-d917-48bc-9479-3849d744f487,NO,NO 15/9-19 S,name 1992-12-07T02:00:00+01:00,name 1992-12-07T02:30:00+01:00,3026,3026,EQUIPMENT_FAILURE,"CHANGED PISTON ON MUDPUMP NO.1,SYLINDER NO.2. RECHARGED PULSATION DAMPENER WITH NITROGEN ON MUDPUMP NO.3. CIRCULATED/ROTATED WHILE REPAIRING MUDPUMPS.",VOLVE_DDR,15_9_19_S_1992_12_08.xml,XML_NODE_KEYWORD,MEDIUM
77fd71c5-0cc4-4410-a702-d6d876d787ed,NO,NO 15/9-19 S,name 1992-12-11T20:00:00+01:00,name 1992-12-12T00:00:00+01:00,2510,2510,EQUIPMENT_FAILURE,"RIGGED UP WIRELINE. RAN FREE-POINT INDICATOR. CHECKED AND CALIBRATED TOOL AT 1400M, OK.  RAN IN TO 2512M, TOOL FAILURE. POOH.",VOLVE_DDR,15_9_19_S_1992_12_12.xml,XML_NODE_KEYWORD,MEDIUM
03c2e7ac-8c5d-4776-9954-2db995132853,NO,NO 15/9-19 S,name 1992-12-15T02:00:00+01:00,name 1992-12-15T03:00:00+01:00,1493,1493,STUCK_PIPE,FILLED PIPE. WASHED/REAMED FROM 1400M TO 1493M. PIPE STUCK AT 1493M WITHOUT ANY WARNING SIGNS. KEPT FULL CIRCULATION.,VOLVE_DDR,15_9_19_S_1992_12_16.xml,XML_NODE_KEYWORD,HIGH
eda46dab-0c18-430d-a1ad-88ac55486674,NO,NO 15/9-19 S,name 1992-12-15T03:00:00+01:00,name 1992-12-15T06:00:00+01:00,1496,1496,STUCK_PIPE,WORKED PIPE FREE. WORKED PIPE ACROSS TIGHT AREAS AT 1492M TO 1494M. TENDENCIES OF GETTING STUCK SEVERAL TIMES.  CONTINUED WORKING PIPE. NO CEMENT IN RETURNS.  WORKED PIPE TO 1496M. FULL CIRCULATION AT ALL TIMES.,VOLVE_DDR,15_9_19_S_1992_12_16.xml,XML_NODE_KEYWORD,HIGH
43c8cf8c-adbf-41b5-9ef2-80434c6acb1e,NO,NO 15/9-F-10,name 2009-04-07T09:00:00+02:00,name 2009-04-07T09:45:00+02:00,36,36,EQUIPMENT_FAILURE,Investigated and repaired leak on AFT Iron roughneck.,VOLVE_DDR,15_9_F_10_2009_04_08.xml,XML_NODE_KEYWORD,MEDIUM
9fde16ba-35ad-4992-851b-f9495b696804,NO,NO 15/9-F-10,name 2009-04-07T16:00:00+02:00,name 2009-04-07T17:00:00+02:00,0,0,NPT,Waited on crane / deck crew to unload boat.,VOLVE_DDR,15_9_F_10_2009_04_08.xml,XML_NODE_KEYWORD,MEDIUM
b567fc55-a071-479d-9427-d1f8ba898bdd,NO,NO 15/9-F-10,name 2009-04-08T02:00:00+02:00,name 2009-04-08T06:00:00+02:00,45,45,NPT,"Waiting on weather to run 30"" Conductor. Notified Maersk Production to bean up wells.
While waiting on weather cleared rig floor. Removed frame and cage from HTS. Picked up cement stand. Started to pressure test BOP.",VOLVE_DDR,15_9_F_10_2009_04_09.xml,XML_NODE_KEYWORD,MEDIUM
c4b5fc09-dc08-46fc-9a43-865a68401289,NO,NO 15/9-F-10,name 2009-04-08T06:00:00+02:00,name 2009-04-08T07:00:00+02:00,45,45,NPT,Waiting on weather. Meanwhile pressure tested BOP to 1035 bar (15000 psi).,VOLVE_DDR,15_9_F_10_2009_04_09.xml,XML_NODE_KEYWORD,MEDIUM
e84c5b62-ee5e-466e-b113-17539bf6f72e,NO,NO 15/9-F-10,name 2009-04-08T07:00:00+02:00,name 2009-04-08T09:00:00+02:00,45,45,NPT,Waiting on weather. Meanwhile continued to make up cement stand.,VOLVE_DDR,15_9_F_10_2009_04_09.xml,XML_NODE_KEYWORD,MEDIUM
4ff42e4a-a1dd-47db-8f66-88164dea1ded,NO,NO 15/9-F-10,name 2009-04-08T09:00:00+02:00,name 2009-04-08T11:00:00+02:00,45,45,EQUIPMENT_FAILURE,Waiting on weather. Meanwhile repaired leak on FWD PRS top jaw.,VOLVE_DDR,15_9_F_10_2009_04_09.xml,XML_NODE_KEYWORD,MEDIUM
c9d2fd9f-9b79-40d9-810e-0d41564b6f57,NO,NO 15/9-F-10,name 2009-04-08T11:00:00+02:00,name 2009-04-08T13:00:00+02:00,45,45,NPT,Waiting on weather. Meanwhile calibrated FWD PRS. Lined up to test lower pipe ram (LPR) on BOP.,VOLVE_DDR,15_9_F_10_2009_04_09.xml,XML_NODE_KEYWORD,MEDIUM
a3ae94aa-87b7-4e8c-af7d-db9d70acdc19,NO,NO 15/9-F-10,name 2009-04-08T13:00:00+02:00,name 2009-04-08T19:00:00+02:00,45,45,NPT,"Waiting on weather. Meanwhile rigged up and laid out MWD and 2 x 9 1/2"" drill collars from derrick. Pressure tested LPR on BOP to 20 bar / 5 minutes and 1035 bar / 15 minutes. Prepared 26"" BHA. Started to lay out 8 1/4"" jar.",VOLVE_DDR,15_9_F_10_2009_04_09.xml,XML_NODE_KEYWORD,MEDIUM
67c096ff-f8f3-4935-bfae-08e559b270b1,NO,NO 15/9-F-10,name 2009-04-08T19:00:00+02:00,name 2009-04-08T22:30:00+02:00,45,45,NPT,"Waiting on weather. Meanwhile held Toolbox talk with new crew. Continued to lay out 8 1/4"" drill collars. Pressure tested stand pipe manifoil to 1035 bar (15000 psi). L/D 8 1/4"" jar. Started to lift up last tension cylinder in moon pool.",VOLVE_DDR,15_9_F_10_2009_04_09.xml,XML_NODE_KEYWORD,MEDIUM
a8cc1cde-88ea-4607-8ef5-bec55807fce8,NO,NO 15/9-F-10,name 2009-04-08T22:30:00+02:00,name 2009-04-09T00:00:00+02:00,45,45,NPT,"Waiting on weather. Meanwhile picked up 8 1/4"" DC and racked in set back. Continued to install tension cylinder in moon pool.",VOLVE_DDR,15_9_F_10_2009_04_09.xml,XML_NODE_KEYWORD,MEDIUM
6917284e-a884-497a-aa5c-27b28b8e9181,NO,NO 15/9-F-10,name 2009-04-09T00:00:00+02:00,name 2009-04-09T03:00:00+02:00,45,45,NPT,"Waiting on weather. Meanwhile P/U 8 1/4"" drill collars and racked back in set back. Installed last tension cylinder in moon pool.",VOLVE_DDR,15_9_F_10_2009_04_10.xml,XML_NODE_KEYWORD,MEDIUM
5c5888c5-b879-4bab-ad7a-7c6ae8f556f5,NO,NO 15/9-F-10,name 2009-04-09T03:00:00+02:00,name 2009-04-09T04:00:00+02:00,45,45,NPT,"Waiting on weather. Meanwhile rearranged collar fingerboard to rack back BHA and lay out 6 1/2"" jar.",VOLVE_DDR,15_9_F_10_2009_04_10.xml,XML_NODE_KEYWORD,MEDIUM
b0f0c026-df9e-4d7a-b3c2-0a10cac3e59a,NO,NO 15/9-F-10,name 2009-04-09T04:00:00+02:00,name 2009-04-09T06:00:00+02:00,45,45,NPT,"Waiting on weather. Meanwhile laid out 6 1/4"" jar and 5"" HWDP.",VOLVE_DDR,15_9_F_10_2009_04_10.xml,XML_NODE_KEYWORD,MEDIUM
a0521aba-b848-400d-bd2f-c7c95350c7d7,NO,NO 15/9-F-10,name 2009-04-09T06:00:00+02:00,name 2009-04-09T08:45:00+02:00,45,45,NPT,Waited on weather. Issued notice to shut in adjacent wells at 06:45. Meanwhile removed end stops on HTS. Made up aluminium inner string on HTS.,VOLVE_DDR,15_9_F_10_2009_04_10.xml,XML_NODE_KEYWORD,MEDIUM
b0f5b2ec-efd2-4e3b-b418-6db2122bda99,NO,NO 15/9-F-10,name 2009-04-09T15:30:00+02:00,name 2009-04-09T16:15:00+02:00,202,202,ABNORMAL_OPERATION,"Pumped indicator pill (LCM). Not able to suck effectively from pit. Changed mudpump, but problems prevailing. Mudpump strainers plugged by LCM. Total LCM pill pumped 3,5 m3. Displaced LCM pill to string by pumping 3,6 m3 seawater.",VOLVE_DDR,15_9_F_10_2009_04_10.xml,XML_NODE_KEYWORD,LOW
23e0634f-8308-42ab-bb38-221d30717eec,NO,NO 15/9-F-10,name 2009-04-09T18:00:00+02:00,name 2009-04-10T00:00:00+02:00,202,202,NPT,"Waited on cement to set up. At 22:00, checked inclinometer x/y readings 0,2/0,12. Weight in block 97 MT. Issued notice for shut in of adjacent wells at 23:30.",VOLVE_DDR,15_9_F_10_2009_04_10.xml,XML_NODE_KEYWORD,MEDIUM
eb33809d-3b09-4701-8b78-db0024cbfc96,NO,NO 15/9-F-10,name 2009-04-10T00:00:00+02:00,name 2009-04-10T00:45:00+02:00,202,202,NPT,Waited on cement to set up. Meanwhile performed toolbox talk for disconnecting landing string. Checked cement sample - ok.,VOLVE_DDR,15_9_F_10_2009_04_11.xml,XML_NODE_KEYWORD,MEDIUM
a682a617-ea3e-42c7-aa61-7afa2f5248c4,NO,NO 15/9-F-10,name 2009-04-10T07:15:00+02:00,name 2009-04-10T11:15:00+02:00,136,136,EQUIPMENT_FAILURE,"Made up 26"" drilling BHA comprising of 26"" bit/stab/motor, GWD and powerpulse. Established scribeline from bent sub to MWD and recorded correction. Made up UBHO and adjusted landing sub as required. Made 8 1/4"" DC stand and DC/jar stand. Recessed operation for TDS service/repair.",VOLVE_DDR,15_9_F_10_2009_04_11.xml,XML_NODE_KEYWORD,MEDIUM
5fd667d6-062a-4417-b61d-49b780210497,NO,NO 15/9-F-10,name 2009-04-10T11:15:00+02:00,name 2009-04-10T19:30:00+02:00,136,136,EQUIPMENT_FAILURE,"Changed around stabilizing liners on TDS due to observed wear on drillpipe couplings. Observed rear liner crest more worn than front liner crest. Discussed options. Carried out rig repair of worn liner, i.e. clad welding. Installed modified liner crests on TDS. Comment : New stabilizer liners ordered from rig 30/1-09. Order sendt from Maersk office in town to supplier 8/4-09.",VOLVE_DDR,15_9_F_10_2009_04_11.xml,XML_NODE_KEYWORD,MEDIUM
2cac02d9-6aaa-4fc4-814d-7303731fec2a,NO,NO 15/9-F-10,name 2009-04-10T21:15:00+02:00,name 2009-04-10T22:15:00+02:00,175,175,EQUIPMENT_FAILURE,Made up TDS to test modified stabilizing liner on TDS. Observed scores on DP coupling when rotating pipe. Discussed situation. Opened IBOP and rotated pipe - observed no contact between dies and DP coupling. Decided to continue operation without repair/modifications.,VOLVE_DDR,15_9_F_10_2009_04_11.xml,XML_NODE_KEYWORD,MEDIUM
b394ac99-dd75-40a6-a05f-0824ac942bd8,NO,NO 15/9-F-10,name 2009-04-11T04:00:00+02:00,name 2009-04-11T04:15:00+02:00,231,231,EQUIPMENT_FAILURE,Removed automatic slips from rotary for repair. Continued operation with manual slips.,VOLVE_DDR,15_9_F_10_2009_04_12.xml,XML_NODE_KEYWORD,MEDIUM
9f2be80b-c188-45a0-8086-a58eed737d74,NO,NO 15/9-F-10,name 2009-04-11T21:45:00+02:00,name 2009-04-11T22:00:00+02:00,298,298,EQUIPMENT_FAILURE,Inserted automatic slips (after repair job).,VOLVE_DDR,15_9_F_10_2009_04_12.xml,XML_NODE_KEYWORD,MEDIUM
12a1340e-9635-4948-9d14-631193c096ce,NO,NO 15/9-F-10,name 2009-04-11T22:15:00+02:00,name 2009-04-12T00:00:00+02:00,328,328,KICK,Initiated kick off according to DDs instructions. Drilled/slided from 298 m to 328 m MD. Drilling parameters : Flow 3000 lpm / SPP ~75 bar / 87-121 RPM /  WOB 2-10 MT / Torque 1-4 kNm. Performed gMWD survey at 316 m MD.,VOLVE_DDR,15_9_F_10_2009_04_12.xml,XML_NODE_KEYWORD,HIGH
6cd33971-6798-4621-ae9e-cfb73b289bff,NO,NO 15/9-F-10,name 2009-04-17T07:30:00+02:00,name 2009-04-17T08:30:00+02:00,1238,1238,STUCK_PIPE,"Attempted to RIH with 20"" casing / 18 3/4"" WH - negative. Worked to free pipe with alternating up/down weights, 50 MT set down / 60 MT overpull - negative - 20"" casing differential stuck. String movement < 50 cm. Set down 50 MT weight. Installed split bowl and set casing in slips. Discussed situation, decided to attempt making up TDS and displace well from 1,40 sg KCl mud to seawater.",VOLVE_DDR,15_9_F_10_2009_04_18.xml,XML_NODE_KEYWORD,HIGH
a12d713e-f996-4ebc-a33a-349c9edf5e74,NO,NO 15/9-F-10,name 2009-04-20T16:00:00+02:00,name 2009-04-20T17:00:00+02:00,0,0,ABNORMAL_OPERATION,Got problems with HPU due to overheating of hydraulic oil. Reverted to planned maintenance activity on TDS. Changed springs on centralizer bearing and die carrier. Meanwhile allowed hydraulic oil on HPU to cool.,VOLVE_DDR,15_9_F_10_2009_04_21.xml,XML_NODE_KEYWORD,LOW
f1cc06d3-1b11-467a-b7ee-75182cffe864,NO,NO 15/9-F-10,name 2009-04-21T10:45:00+02:00,name 2009-04-21T11:30:00+02:00,115,115,EQUIPMENT_FAILURE,Found sheared bolt on actuator for PS-21. Removed PS-21 for repairs. Installed master bushing. Repaired PS-21 slips.,VOLVE_DDR,15_9_F_10_2009_04_22.xml,XML_NODE_KEYWORD,MEDIUM
4619d4b5-3cca-43e3-9ccc-5346484871f2,NO,NO 15/9-F-10,name 2009-04-21T11:30:00+02:00,name 2009-04-21T11:45:00+02:00,194,194,EQUIPMENT_FAILURE,"RIH with 17 1/2"" drilling BHA on 5 1/2"" DP from 115 m to 194 m MD. Used manual slips. Meanwhile repaired PS-21 slips.",VOLVE_DDR,15_9_F_10_2009_04_22.xml,XML_NODE_KEYWORD,MEDIUM
7e329667-1919-4a1a-bbd3-a5c87e0c5a73,NO,NO 15/9-F-10,name 2009-04-24T01:00:00+02:00,name 2009-04-24T01:15:00+02:00,1516,1516,ABNORMAL_OPERATION,"Drilled with reduced ROP, 10 m/hr, due to problems with injection of cuttings.",VOLVE_DDR,15_9_F_10_2009_04_25.xml,XML_NODE_KEYWORD,LOW
1f4fe6fe-fa76-48df-87da-fdadf1d42666,NO,NO 15/9-F-10,name 2009-04-24T01:15:00+02:00,name 2009-04-24T03:00:00+02:00,1516,1516,ABNORMAL_OPERATION,"Pulled off bottom and circulated, due to problems with cuttings injection. 3500 l/min, 153 bar, 60 rpm, 7-9 kNm. Reciprocated pipe.",VOLVE_DDR,15_9_F_10_2009_04_25.xml,XML_NODE_KEYWORD,LOW
c1dd18e8-3482-4bc9-8539-5ee1483aba61,NO,NO 15/9-F-10,name 2009-04-24T06:00:00+02:00,name 2009-04-24T11:45:00+02:00,1640,1640,ABNORMAL_OPERATION,"Drilled 17 1/2"" hole from 1567m to 1640m. 4490 l/min, 240 bar, 160 rpm, 11-13 kNm. WOB 1-4 ton, ROP 10-17 m/hr. 
Simultaneously P/U and build 2 stands of 13 3/8"" casing set back. Malfunction occurred on alignment in FWD PRS. Emergency switch accidently activated during trouble shooting alignment problems on FWD PRS. Stop in operation while re-set (10 min).",VOLVE_DDR,15_9_F_10_2009_04_25.xml,XML_NODE_KEYWORD,LOW
2411353e-d3e2-419d-8d9a-f5729f036188,NO,NO 15/9-F-10,name 2009-04-25T03:45:00+02:00,name 2009-04-25T04:15:00+02:00,1866,1866,ABNORMAL_OPERATION,"Picked off bottom, circulated and reciprocated pipe while trouble shooting problems in cutting injection system. 3100 l/min, 140 bar, 60 rpm, 7-9 kNm.",VOLVE_DDR,15_9_F_10_2009_04_26.xml,XML_NODE_KEYWORD,LOW
e7ce461e-7e85-4532-9605-ebe7b944d19c,NO,NO 15/9-F-10,name 2009-04-25T06:00:00+02:00,name 2009-04-25T12:00:00+02:00,1970,1970,EQUIPMENT_FAILURE,"Drilled 17 1/2"" hole from 1889m to 1970m. 4490 l/min, 250 bar, 160 rpm, 11-13 kNm. WOB 1-4 ton, ROP 15-17 m/hr.  
Meanwhile MU 13 3/8"" csg in stands. 09:00 broke two bolts on flushjoint elevator tilt cylinder. Secured and repaired flush joint elevator.",VOLVE_DDR,15_9_F_10_2009_04_26.xml,XML_NODE_KEYWORD,MEDIUM
b3e4647c-7e96-4a57-8e7a-d7e830787b0f,NO,NO 15/9-F-10,name 2009-04-25T12:00:00+02:00,name 2009-04-25T19:15:00+02:00,2062,2062,EQUIPMENT_FAILURE,"Drilled 17 1/2"" hole from 1970m to 2062m. 4490 l/min, 253 bar, 160 rpm, 11-13 kNm. WOB 1-4 ton, ROP 15-17 m/hr.  Plugging i CRI and conveyers.
Meanwhile repaired flushjoint elevator on fwd PRS.",VOLVE_DDR,15_9_F_10_2009_04_26.xml,XML_NODE_KEYWORD,MEDIUM
8bf44188-8c01-4e02-8133-49a7d9fffead,NO,NO 15/9-F-10,name 2009-04-26T19:00:00+02:00,name 2009-04-26T21:00:00+02:00,2385,2385,ABNORMAL_OPERATION,"Drilled and steered 17 1/2"" hole from 2361m to 2385m. 4530 l/min, 277 bar, 180 rpm, 13-15 kNm. WOB 2-4 ton, ROP 15-17 m/hr.   Problem with mud pump.",VOLVE_DDR,15_9_F_10_2009_04_27.xml,XML_NODE_KEYWORD,LOW
36c2ba5a-9431-4234-a703-854f228f34a6,NO,NO 15/9-F-10,name 2009-04-26T21:15:00+02:00,name 2009-04-27T00:00:00+02:00,2414,2414,ABNORMAL_OPERATION,"Problem cleared. Drilled and steered 17 1/2"" hole from 2385m to 2414m. 4530 l/min, 277 bar, 180 rpm, 13-15 kNm. WOB 4-6 ton, ROP 15-17 m/hr.",VOLVE_DDR,15_9_F_10_2009_04_27.xml,XML_NODE_KEYWORD,LOW
ce8ce0dd-aaa3-46c9-863a-9535bf5a49cc,NO,NO 15/9-F-10,name 2009-04-27T17:30:00+02:00,name 2009-04-27T18:45:00+02:00,2616,2616,MUD_LOSS,"Circulated 2000 ltrs at bottom.  4500 l/min, 275 bar, 160 rpm, 17-19 kNm. 2,5m3/hr mud loss.",VOLVE_DDR,15_9_F_10_2009_04_28.xml,XML_NODE_KEYWORD,HIGH
9fd8642c-0a1e-48d5-a1fe-b9579f1d3b25,NO,NO 15/9-F-10,name 2009-04-27T18:45:00+02:00,name 2009-04-27T21:45:00+02:00,2616,2616,MUD_LOSS,"Circulated hole clean. 4490 l/min, 280 bar, 150 rpm, 12-14 kNm. Reciprocated pipe between 2616m and 2589m.  Had 1,5m3/hr mud loss during circulation.",VOLVE_DDR,15_9_F_10_2009_04_28.xml,XML_NODE_KEYWORD,HIGH
a3575a5b-8489-4df4-bc25-94796d4903a8,NO,NO 15/9-F-10,name 2009-04-27T21:45:00+02:00,name 2009-04-28T00:00:00+02:00,2616,2616,MUD_LOSS,"Circulated hole clean. 4490 l/min, 280 bar, 150 rpm, 12-14 kNm. Reciprocated pipe between 2616m and 2589m. Had 1m3/hr mud loss during circulation, increasing to 1,5m3/hr.  Started to mix LCM pill.",VOLVE_DDR,15_9_F_10_2009_04_28.xml,XML_NODE_KEYWORD,HIGH
a3bb1cdf-fcaa-4579-9fc6-51914b85092f,NO,NO 15/9-F-10,name 2009-04-28T00:00:00+02:00,name 2009-04-28T05:00:00+02:00,2616,2616,NPT,"Circulated hole while waiting on LCM pill mixing. 3500 l/min, 180 bar, 50 rpm, 12-14 kNm. Reciprocated pipe between 2616m and 2589m.",VOLVE_DDR,15_9_F_10_2009_04_29.xml,XML_NODE_KEYWORD,MEDIUM
a2339fbc-51c4-4c0f-b064-0faa13fa0aaf,NO,NO 15/9-F-10,name 2009-04-28T05:00:00+02:00,name 2009-04-28T05:30:00+02:00,2616,2616,NPT,"Circulated hole while waiting on hi-vis pill mixing. 3500 l/min, 180 bar, 50 rpm, 12-14 kNm. Reciprocated pipe between 2616m and 2589m.",VOLVE_DDR,15_9_F_10_2009_04_29.xml,XML_NODE_KEYWORD,MEDIUM
5e5fc4b7-b465-41fd-b55f-0905a86c2f7d,NO,NO 15/9-F-10,name 2009-04-28T08:15:00+02:00,name 2009-04-28T16:15:00+02:00,2328,2328,STUCK_PIPE,"Pulled from 2351m to 2328m. Observed 30 ton overpull. Observed pack off repetedly.  Worked string from 2360m to 2328m, 0-4500 l/min, 0-270 bar, 0-120 rpm, 0-25 kNm, 0-30 ton over pull.",VOLVE_DDR,15_9_F_10_2009_04_29.xml,XML_NODE_KEYWORD,HIGH
82246370-3d44-4099-a4cc-09086e1a4a90,NO,NO 15/9-F-10,name 2009-04-29T02:00:00+02:00,name 2009-04-29T02:15:00+02:00,2213,2213,MUD_LOSS,"Flow checked well, 300 l/hr static loss.",VOLVE_DDR,15_9_F_10_2009_04_30.xml,XML_NODE_KEYWORD,HIGH
b08d269f-8fda-4c3b-8fe4-f03c839018ac,NO,NO 15/9-F-10,name 2009-04-29T04:45:00+02:00,name 2009-04-29T05:00:00+02:00,2252,2252,MUD_LOSS,Flow checked prior to back reaming. 360 l/min static loss.,VOLVE_DDR,15_9_F_10_2009_04_30.xml,XML_NODE_KEYWORD,HIGH
bbcd5e0d-c3d9-4461-8d7c-d06de75cf2d1,NO,NO 15/9-F-10,name 2009-04-29T22:15:00+02:00,name 2009-04-29T22:30:00+02:00,1367,1367,MUD_LOSS,"Flow checked well, 400 l/hr static loss. Simultaneously, checked and greased PRS.",VOLVE_DDR,15_9_F_10_2009_04_30.xml,XML_NODE_KEYWORD,HIGH
7d300d66-0f02-4417-8835-705059c20aed,NO,NO 15/9-F-10,name 2009-05-01T20:00:00+02:00,name 2009-05-01T21:30:00+02:00,1418,1418,ABNORMAL_OPERATION,"RIH with stands of 13 3/8"" casing from 1382 - 1484 m; broke out and dressed threads on Tesco CDS tool due to alignement problems.",VOLVE_DDR,15_9_F_10_2009_05_02.xml,XML_NODE_KEYWORD,LOW
71f2bd51-bebe-4709-9815-2e19dcebcf9d,NO,NO 15/9-F-10,name 2009-05-03T19:30:00+02:00,name 2009-05-03T21:30:00+02:00,2607.5,2607.5,MUD_LOSS,"Circulated and conditioned mud prior to casing cementing job; broke circulation and gradually increased pump rate to 2960 lpm / 64 bar, circulated a total of 1.2 x casing volumes. Mud weights in/out = 1.51 sg, no losses seen. Meanwhile held pre-job safety meeting with involved personnel prior to cementing operations; reviewed check lists and relevant safety / operational issues.",VOLVE_DDR,15_9_F_10_2009_05_04.xml,XML_NODE_KEYWORD,HIGH
96dcacd4-dbdd-4623-afa8-3f57517e257b,NO,NO 15/9-F-10,name 2009-05-04T00:00:00+02:00,name 2009-05-04T00:30:00+02:00,2607.5,2607.5,MUD_LOSS,"Continued to displace cement slurry in place with rig pumps; recorded 20 bar pressure increase when cement spacer / slurry entered into open hole. Reduced pump rate to 1200 lpm / 27 bar prior to bumping top plug. No losses seen during the entire cementing and displacement operations.  Bumped top wiper plug at 8704 strokes, corresponding to 96.2 % pump efficiency. Shut down pumps and observed pressure drop from 38 - 18 bar. Pumped additional 20 strokes and observed pressure increase from 18 - 31 bar with returns back to surface. Shut down pumps.",VOLVE_DDR,15_9_F_10_2009_05_05.xml,XML_NODE_KEYWORD,HIGH
e7d44e16-fef9-487c-b049-627688e0878b,NO,NO 15/9-F-10,name 2009-05-05T22:00:00+02:00,name 2009-05-06T00:00:00+02:00,1550,1550,KICK,"RIH with BHA on 5 1/2"" DP from 600 - 1550 m; filled pipe every 300 m, performed kick drill with crew.",VOLVE_DDR,15_9_F_10_2009_05_06.xml,XML_NODE_KEYWORD,HIGH
9002d888-d308-43ff-9888-b5bdc87d2c1c,NO,NO 15/9-F-10,name 2009-05-07T06:30:00+02:00,name 2009-05-07T07:15:00+02:00,2595,2595,MUD_LOSS,"Flowchecked well inside shoe at 2595 m. Lossrate 180 l/ hr. Meanwhile held TBT prior to POOH, checked PRS dies.",VOLVE_DDR,15_9_F_10_2009_05_08.xml,XML_NODE_KEYWORD,HIGH
d01b34d7-9e89-489d-97ba-74cd8a224a9d,NO,NO 15/9-F-10,name 2009-05-07T07:15:00+02:00,name 2009-05-07T07:45:00+02:00,2595,2595,ABNORMAL_OPERATION,"Pumped 5 m3 1,55 sg slug and filled trip tank. Removed mud bucket. Observed problem with drawwork motor.",VOLVE_DDR,15_9_F_10_2009_05_08.xml,XML_NODE_KEYWORD,LOW
3b8b98b8-3ce0-49b4-991a-0b22eed65147,NO,NO 15/9-F-10,name 2009-05-07T07:45:00+02:00,name 2009-05-07T08:15:00+02:00,2595,2595,ABNORMAL_OPERATION,Investigated problem with drawwork. Kept hard tripping in both directions.,VOLVE_DDR,15_9_F_10_2009_05_08.xml,XML_NODE_KEYWORD,LOW
a0d1c29d-959f-47bd-b32f-c33ee917c145,NO,NO 15/9-F-10,name 2009-05-07T08:15:00+02:00,name 2009-05-07T11:30:00+02:00,178,178,ABNORMAL_OPERATION,"POOH with 12 1/4"" BHA from 2598 m to 178 m. Slower pulling speed to 2196 m due to problem with drawwork. Rectified problem and de-assign motor #4.",VOLVE_DDR,15_9_F_10_2009_05_08.xml,XML_NODE_KEYWORD,LOW
c41402c6-af52-4f0b-b93b-8e46d0495dca,NO,NO 15/9-F-10,name 2009-05-07T22:00:00+02:00,name 2009-05-07T22:30:00+02:00,2595,2595,ABNORMAL_OPERATION,Serviced TDS. Observed problem with Drawwork motors.,VOLVE_DDR,15_9_F_10_2009_05_08.xml,XML_NODE_KEYWORD,LOW
97afaac3-dffe-49cd-a428-52ae91d9c30c,NO,NO 15/9-F-10,name 2009-05-07T22:30:00+02:00,name 2009-05-07T23:00:00+02:00,2595,2595,ABNORMAL_OPERATION,Investigated problem with drawwork motors. Rectified problem and de-assign motor # 2.,VOLVE_DDR,15_9_F_10_2009_05_08.xml,XML_NODE_KEYWORD,LOW
d8d63c45-4add-4dc8-bb28-b78902d8e8f2,NO,NO 15/9-F-10,name 2009-05-10T12:30:00+02:00,name 2009-05-10T13:00:00+02:00,3319,3319,MUD_LOSS,Flow checked well prior to POOH. Observed loss of 70 l/ 30 min.,VOLVE_DDR,15_9_F_10_2009_05_11.xml,XML_NODE_KEYWORD,HIGH
844db4df-b868-4fa5-9a48-ef1f6b119599,NO,NO 15/9-F-10,name 2009-05-10T21:30:00+02:00,name 2009-05-10T22:00:00+02:00,192,192,KICK,Removed PS-21 slips and installed master bushing. Performed kick drill with involved personnel.,VOLVE_DDR,15_9_F_10_2009_05_11.xml,XML_NODE_KEYWORD,HIGH
548585bd-868a-4332-8f67-7064f3665ddd,NO,NO 15/9-F-10,name 2009-05-10T22:00:00+02:00,name 2009-05-10T22:15:00+02:00,192,192,EQUIPMENT_FAILURE,Flowchecked well prior to POOH with BHA. Meanwhile repaired loose connection on drawwork motor # 2.,VOLVE_DDR,15_9_F_10_2009_05_11.xml,XML_NODE_KEYWORD,MEDIUM
8278f893-cd41-4b40-9311-43a9ad793bb8,NO,NO 15/9-F-10,name 2009-05-10T22:15:00+02:00,name 2009-05-10T23:15:00+02:00,192,192,EQUIPMENT_FAILURE,Continued to repair loose connection on drawwork motor # 2. Meanwhile observed well on trip tank.,VOLVE_DDR,15_9_F_10_2009_05_11.xml,XML_NODE_KEYWORD,MEDIUM
25c01db3-f9d3-46fc-894b-b54dabd610d7,NO,NO 15/9-F-10,name 2009-05-11T10:00:00+02:00,name 2009-05-11T11:15:00+02:00,2850,2850,MUD_LOSS,"Monitored well on triptank. Initial loss rate 12 m3/ hr and decreased to 1,1 m3/ hr. Total loss 8.2 m3.",VOLVE_DDR,15_9_F_10_2009_05_12.xml,XML_NODE_KEYWORD,HIGH
fa4d9162-93f4-4860-963b-60ee059d3017,NO,NO 15/9-F-10,name 2009-05-11T12:30:00+02:00,name 2009-05-11T13:00:00+02:00,2850,2850,MUD_LOSS,Flowchecked well on triptank. Observed losses 400 l/ hr static losses.,VOLVE_DDR,15_9_F_10_2009_05_12.xml,XML_NODE_KEYWORD,HIGH
e028fd88-2e61-4cf6-910e-e556e8d28433,NO,NO 15/9-F-10,name 2009-05-11T13:45:00+02:00,name 2009-05-11T15:30:00+02:00,2676,2676,MUD_LOSS,"Established circulation at 2676 m. Increased flowrate slowly to 3500 lpm/ 220 bar, observed no loss to formation.",VOLVE_DDR,15_9_F_10_2009_05_12.xml,XML_NODE_KEYWORD,HIGH
4815f372-e4bc-41e3-ba4a-04879c320a02,NO,NO 15/9-F-10,name 2009-05-13T06:00:00+02:00,name 2009-05-13T10:15:00+02:00,3437,3437,ABNORMAL_OPERATION,"Continued drilling 12 1/4"" hole from 3433 m to 3437 m. Parameters: 3500 lpm/ 229 bar, 170 - 190 RPM/ 17-22 kNm, WOB: 4-10 ton, ROP: 1-3 m/hr, ECD: 1,33 sg. Observed problem with mudpumps.
Note: Hard formation from 3433 m to 3437 m.",VOLVE_DDR,15_9_F_10_2009_05_14.xml,XML_NODE_KEYWORD,LOW
26996908-1df7-43ed-afdb-790b654b6a54,NO,NO 15/9-F-10,name 2009-05-13T10:15:00+02:00,name 2009-05-13T11:45:00+02:00,3437,3437,EQUIPMENT_FAILURE,Troubleshot problems with mud pumps #1 and #2. Repaired liner spray.,VOLVE_DDR,15_9_F_10_2009_05_14.xml,XML_NODE_KEYWORD,MEDIUM
73afcade-985a-4744-be83-fe3857c12a9b,NO,NO 15/9-F-10,name 2009-05-13T17:00:00+02:00,name 2009-05-13T17:15:00+02:00,3243,3243,MUD_LOSS,"Flowchecked well on trip tank, had initial losses 480 l/hr, but decreasing trend to 360 l/hr.",VOLVE_DDR,15_9_F_10_2009_05_14.xml,XML_NODE_KEYWORD,HIGH
fbc93a93-b5ea-4f86-a44c-a89ccc2c4b4f,NO,NO 15/9-F-10,name 2009-05-14T00:15:00+02:00,name 2009-05-14T01:45:00+02:00,2598,2598,MUD_LOSS,Monitored well on trip tank while repairing ESD system on rig. Initial losses 100 l/hr.,VOLVE_DDR,15_9_F_10_2009_05_15.xml,XML_NODE_KEYWORD,HIGH
d7d3806f-57be-46b9-ab31-9c30d6a7172f,NO,NO 15/9-F-10,name 2009-05-14T05:00:00+02:00,name 2009-05-14T06:00:00+02:00,178,178,MUD_LOSS,"Flowchecked well on triptank prior to POOH with BHA, had initial losses 200 l/hr. Meanwhile removed PS-21 slips and installed master bushing. Rearranged pipe in derrick.",VOLVE_DDR,15_9_F_10_2009_05_15.xml,XML_NODE_KEYWORD,HIGH
45a90ba1-0ff2-46a8-8398-28d3e9841c1e,NO,NO 15/9-F-10,name 2009-05-14T06:00:00+02:00,name 2009-05-14T08:45:00+02:00,178,178,STUCK_PIPE,"When rearranged drill collar stand in derrick, drill collar stand went stuck in the fingerboard. Troubleshot on same and sorted out the problem. Removed the stand.",VOLVE_DDR,15_9_F_10_2009_05_15.xml,XML_NODE_KEYWORD,HIGH
94d7be03-b58f-4397-9c29-4cce042c0db1,NO,NO 15/9-F-10,name 2009-05-15T03:45:00+02:00,name 2009-05-15T06:00:00+02:00,1867,1867,MUD_LOSS,"RIH with 9 5/8"" liner on 5 1/2"" DP from 940 m to 1867 m. Filled every 5 stands. Running speed 412 m/ hr. Total losses while RIH with 9 5/8"" liner from surface to 1867 m; 7,6 m3. Losstrend is decreasing.",VOLVE_DDR,15_9_F_10_2009_05_16.xml,XML_NODE_KEYWORD,HIGH
901d87d4-fa33-4393-9309-51ec71765913,NO,NO 15/9-F-10,name 2009-05-15T08:45:00+02:00,name 2009-05-15T09:15:00+02:00,2595,2595,EQUIPMENT_FAILURE,Repaired hydraulic leak on aft iron roughneck. Meanwhile continued circulated with 1500 lpm/ 31 bar. Total pumped in shoe: 88 m3.,VOLVE_DDR,15_9_F_10_2009_05_16.xml,XML_NODE_KEYWORD,MEDIUM
12062ad9-0544-4f4a-b331-fa257c72d5d8,NO,NO 15/9-F-10,name 2009-05-15T15:45:00+02:00,name 2009-05-15T16:00:00+02:00,3440,3440,MUD_LOSS,"Washed in hole to TD at 3442 m with 400 lpm. Set down 10 ton. Pulled out to up weight and additional 2 m to 3439 m.  Estimated loss of 14 m3, while RIH with 9 5/8"" liner from surface to TD.",VOLVE_DDR,15_9_F_10_2009_05_16.xml,XML_NODE_KEYWORD,HIGH
a27933f3-aaa6-43d0-8eba-9c7e9c1db05b,NO,NO 15/9-F-10,name 2009-05-15T16:00:00+02:00,name 2009-05-15T18:00:00+02:00,3439,3439,MUD_LOSS,"Circulated at setting depth of the liner at 3439 m. Increased flowrate stepwise to 1200 lpm/ 35 bar, and loss free rate. Total pumped 100 m3, one OH volume.",VOLVE_DDR,15_9_F_10_2009_05_16.xml,XML_NODE_KEYWORD,HIGH
9254dcf5-f3cc-4e0d-be51-f61723303f96,NO,NO 15/9-F-10,name 2009-05-15T19:30:00+02:00,name 2009-05-15T20:45:00+02:00,3439,3439,MUD_LOSS,Staged up pumps to 2000 lpm/ 63 bar without losses.,VOLVE_DDR,15_9_F_10_2009_05_16.xml,XML_NODE_KEYWORD,HIGH
cd0eeeb4-f3f7-4eff-a136-8f65af868729,NO,NO 15/9-F-10,name 2009-05-15T20:45:00+02:00,name 2009-05-15T22:45:00+02:00,3439,3439,MUD_LOSS,"Reduced flowrate to 500 lpm, 16 bar. Established rotation 20 RPM/ 19-23 kNm. Increased flowrate to 2000 lpm/ 65 bar. Circulated BU with loss free circulation. Meanwhile held TBT with focus on cement job.",VOLVE_DDR,15_9_F_10_2009_05_16.xml,XML_NODE_KEYWORD,HIGH
dc824c4f-60e4-47c8-9294-628cce331b01,NO,NO 15/9-F-10,name 2009-05-16T01:00:00+02:00,name 2009-05-16T02:00:00+02:00,3439,3439,MUD_LOSS,"Displaced cement with OBM. Pumped with 2000 lpm - 20 rpm/ 28-42 kNm. Observed top dart at wiper plug at 1290 strokes, calculated stroke with 96 % efficiency were 1227 stroke. Top dart sheared out at 216 bar. No bump observed after 2770 strokes.  Pumped totally 60,7 m3. Total losses during cement job 8,5 m3. Unable to rotate string after 2000 strokes displaced volume. Bleed off and checked for back flow, none observed.",VOLVE_DDR,15_9_F_10_2009_05_17.xml,XML_NODE_KEYWORD,HIGH
bd4a468c-3708-4a17-990d-2fe9a696e4f7,NO,NO 15/9-F-10,name 2009-05-23T13:45:00+02:00,name 2009-05-23T14:30:00+02:00,3422,3422,EQUIPMENT_FAILURE,Repaired hydraulic leak on aft IR.,VOLVE_DDR,15_9_F_10_2009_05_24.xml,XML_NODE_KEYWORD,MEDIUM
2ed418f5-12cc-40db-9f2a-b6a667f6a6e8,NO,NO 15/9-F-10,name 2009-05-25T02:15:00+02:00,name 2009-05-25T04:15:00+02:00,3863,3863,EQUIPMENT_FAILURE,"Drilled 8 1/2"" hole section from 3839 m to 3863 m MD. Drilling parameters : Flow 2200 lpm / SPP 155 bar / 200 RPM / WOB 7-9 MT / Torque 20-25 kNm / ROP 17 m/hr. Picked off bottom and recessed operation for repair of TDS blower hose (air cooling system).",VOLVE_DDR,15_9_F_10_2009_05_26.xml,XML_NODE_KEYWORD,MEDIUM
80a80eb8-bc53-46ae-8644-4672dbb97c66,NO,NO 15/9-F-10,name 2009-05-25T04:15:00+02:00,name 2009-05-25T06:00:00+02:00,3863,3863,EQUIPMENT_FAILURE,Made temporary repair on buckled air blower hose on TDS. Meanwhile circulated at 1500 lpm / SPP 81 bar while rotating at 20 RPM.,VOLVE_DDR,15_9_F_10_2009_05_26.xml,XML_NODE_KEYWORD,MEDIUM
b125e6cc-92a2-4e9c-96e3-5a52a06ab5b2,NO,NO 15/9-F-10,name 2009-05-25T06:00:00+02:00,name 2009-05-25T06:15:00+02:00,3863,3863,EQUIPMENT_FAILURE,Made temporary repair on buckled air blower hose on TDS.,VOLVE_DDR,15_9_F_10_2009_05_26.xml,XML_NODE_KEYWORD,MEDIUM
1f12fbd0-00f1-49b5-b857-e6fb329c974a,NO,NO 15/9-F-10,name 2009-05-26T19:00:00+02:00,name 2009-05-27T00:00:00+02:00,4523,4523,ABNORMAL_OPERATION,"Got problems with DCI system not processing cuttings properly. Picked off bottom and shut down pumps. Discussed situation and decided to continue drilling routing cuttings to skips. Routed cuttings to skips on deck. Continued drilling 8 1/2"" hole section from 4482 m to 4523 m MD with reduced penetration rate. Drilling parameters : Flow 2800 lpm / SPP 255-260 bar / 200 RPM / WOB ~7 MT / Torque 18-22 kNm / ROP 10 m/hrs. Performed MWD survey on connection.

Meanwhile changed impellers on DCI pumps.",VOLVE_DDR,15_9_F_10_2009_05_27.xml,XML_NODE_KEYWORD,LOW
c3e33d2f-07e0-4c18-ba4d-0cff13431196,NO,NO 15/9-F-10,name 2009-05-27T06:00:00+02:00,name 2009-05-27T10:00:00+02:00,4182,4182,NPT,Waited on spare parts for DCI to arrive on helicopter. Meanwhile POOH to 4102 m MD to check hole condition.,VOLVE_DDR,15_9_F_10_2009_05_28.xml,XML_NODE_KEYWORD,MEDIUM
ac9b5119-0281-4ff9-8bd4-88b394b8bc4d,NO,NO 15/9-F-10,name 2009-06-01T00:00:00+02:00,name 2009-06-01T04:00:00+02:00,4958,4958,EQUIPMENT_FAILURE,"Halted drilling operation for repair of TDS link tilt cylinder. Dismounted link tilt cylinder and brought to workshop for repair. Re-mounted link tilit cylinder. Meanwhile circulated in hole at 1300 lpm / SPP 85-89 bar. ECD 1,37-1,38 sg.",VOLVE_DDR,15_9_F_10_2009_06_02.xml,XML_NODE_KEYWORD,MEDIUM
55991a40-e86e-4eb5-8446-54968ac184ac,NO,NO 15/9-F-10,name 2009-06-02T04:15:00+02:00,name 2009-06-02T05:15:00+02:00,5300,5300,STUCK_PIPE,"Downlinked Stethoscope. Positioned string with bit at 5287 m MD / probe depth 5253 m MD. P/u weight 197 MT. Obtained pressure sample of 89,51 bar at 5253 m MD. High p/u weight when comming free with string (~230 MT), came down with string, started rotation and came free, no pack off tendency.",VOLVE_DDR,15_9_F_10_2009_06_03.xml,XML_NODE_KEYWORD,HIGH
370e37e8-ff56-4e48-8b66-a23ada3145eb,NO,NO 15/9-F-10,name 2009-06-03T08:45:00+02:00,name 2009-06-03T11:00:00+02:00,1360,1360,ABNORMAL_OPERATION,"POOH with 8 1/2"" drilling BHA on 5 1/2"" DP from 2175 m to 1360 m MD. Tripping speed 362 m/hr. Problems with aft PRS claw.",VOLVE_DDR,15_9_F_10_2009_06_04.xml,XML_NODE_KEYWORD,LOW
475f5a80-db30-4ae4-8bc5-a6642c5e25f3,NO,NO 15/9-F-10,name 2009-06-07T00:00:00+02:00,name 2009-06-07T01:30:00+02:00,0,0,EQUIPMENT_FAILURE,Meeting about next operation. Decided to continue as per DOP and run EZSV plug. Meanwhile repaired leak on AFT iron roughneck and serviced TDS.,VOLVE_DDR,15_9_F_10_2009_06_08.xml,XML_NODE_KEYWORD,MEDIUM
6a7c89b8-28ca-494f-b122-1450361893ef,NO,NO 15/9-F-10,name 2009-06-12T17:45:00+02:00,name 2009-06-12T23:15:00+02:00,629,629,NPT,Waited on cement to set up. meanwhile troubleshot malfunction on HTS conveyor belt.,VOLVE_DDR,15_9_F_10_2009_06_13.xml,XML_NODE_KEYWORD,MEDIUM
407320d4-dfb6-4377-8114-71b2921e63be,NO,NO 15/9-F-10,name 2009-06-13T05:30:00+02:00,name 2009-06-13T06:00:00+02:00,1100,1100,NPT,Waited on cement to set up. Meanwhile performed rig maintenance.,VOLVE_DDR,15_9_F_10_2009_06_14.xml,XML_NODE_KEYWORD,MEDIUM
372f611b-e2f5-4d7f-aaf7-9e7113d1881f,NO,NO 15/9-F-10,name 2009-06-13T06:00:00+02:00,name 2009-06-13T12:45:00+02:00,1100,1100,NPT,"Waited on cement. Meanwhile serviced AFT PRS, checked breakes and oil level.",VOLVE_DDR,15_9_F_10_2009_06_14.xml,XML_NODE_KEYWORD,MEDIUM
38e2f9f9-8417-4f89-84ec-c33224411bde,NO,NO 15/9-F-10,name 2009-06-15T09:00:00+02:00,name 2009-06-15T13:30:00+02:00,0,0,EQUIPMENT_FAILURE,"Changed blower hose, cleaned shakers, pits and broke riser doubles.
Meanwhile repaired camera on ROV.",VOLVE_DDR,15_9_F_10_2009_06_16.xml,XML_NODE_KEYWORD,MEDIUM
fc7f7dae-9764-478d-a9fb-ae58ceb594bc,NO,NO 15/9-F-11,name 2013-03-07T07:00:00+01:00,name 2013-03-07T10:00:00+01:00,25,25,ABNORMAL_OPERATION,"Held pre-job safety meeting prior to picking up 36"" BHA. Picked up and made up Gyro Track and ran in hole to 25m.
Unable to lower 36"" BHA through weather deck hatch due to alignment problem.",VOLVE_DDR,15_9_F_11_2013_03_08.xml,XML_NODE_KEYWORD,LOW
857c0038-98d4-4148-84c1-2fdc775e5525,NO,NO 15/9-F-11,name 2013-03-07T10:00:00+01:00,name 2013-03-07T11:00:00+01:00,25,25,ABNORMAL_OPERATION,"Troubleshoot alligment problem. Removed rotary master bushing to enable 36"" BHA to pass through weather deck hatch.",VOLVE_DDR,15_9_F_11_2013_03_08.xml,XML_NODE_KEYWORD,LOW
826677e4-3709-48bc-bc98-22595cc43d8b,NO,NO 15/9-F-11,name 2013-03-08T14:30:00+01:00,name 2013-03-09T00:00:00+01:00,152,152,NPT,"WOW: Evaluated weather situation with town. Decision made to keep 36"" hole opener assy at secure depth within template funnel and wait on WOW to minimise risk of damage to adjacent production risers POOH 36"" BHA.
WOW:      Wind            Sea Hz    Sea max                                                                            
            Dir(deg)/(Kts)     (m)           (m)    
15:00       106/28             5.2           8.4 
16:00       104/26             5.0           8.1 
17:00       108/26             5.0           8.3
18:00       106/25             5.0           8.0
19:00       107/25             4.7           7.5
20:00       106/25             4.9           7.8
21:00       105/26             4.4           7.0
22:00       106/23             4.5           7.2
23:00       103/21             4.4           7.0

Meanwhile: Prepared to run and cement 30"" conductor. Serviced drilling equipment.",VOLVE_DDR,15_9_F_11_2013_03_09.xml,XML_NODE_KEYWORD,MEDIUM
30a342a9-22fe-453c-9501-b392b11d3048,NO,NO 15/9-F-11,name 2013-03-11T03:00:00+01:00,name 2013-03-11T06:00:00+01:00,0,0,NPT,"Waited on additional fishing equipment to be delivered to rig on spud boat Olympic Taurus ETA 10:30 hrs. 11/03/13

Meanwhile: Performed general rig maintenance, build reserve spud mud and Hi-vis pill and commisioned MI-Swaco Enviro unit.",VOLVE_DDR,15_9_F_11_2013_03_12.xml,XML_NODE_KEYWORD,MEDIUM
3a3d9292-18ac-4212-ac8b-bb24df90f7a1,NO,NO 15/9-F-11,name 2013-03-14T02:30:00+01:00,name 2013-03-14T06:00:00+01:00,202,202,NPT,"Waiting on cement.

Meanwhile: Visibility at template improved and ROV observed that cement was at seabed at 04:10 hrs. ROV checked 30"" conductor setting depth. 

Digiquartz readings:               Inclinometer:
F-12(m)     F-11(m)                 roll / pitch
87.117       87.055                  0.01/0.07
87.175       87.033                  0.01/0.07   
87 179       87.035                  0.00/0.06",VOLVE_DDR,15_9_F_11_2013_03_15.xml,XML_NODE_KEYWORD,MEDIUM
db82c422-3439-4e63-a8d7-19be904895b9,NO,NO 15/9-F-11,name 2013-03-16T06:00:00+01:00,name 2013-03-16T07:00:00+01:00,224,224,EQUIPMENT_FAILURE,"Drilled 26  hole from 215 m to 224 m,4500 lpm, 147 bar, 60 rpm, 3-6 KNm, Gross ROP: 11 m/hr, WOB 1-2 MT. Evaluated situation and prepared to POOH.

Meanwhile: Baker discussed MWD operational problems with onshore support and reported the MWD tool failure mode to be a ""De-Sync"" failure that would not be possible to solve with the MWD tools in hole.
Prepared to inspect drilling equipment in derrick prior to POOH 26"" BHA to change out MWD tools.",VOLVE_DDR,15_9_F_11_2013_03_17.xml,XML_NODE_KEYWORD,MEDIUM
6a49bc10-f6b7-49af-a68c-a25fe4e6af0f,NO,NO 15/9-F-11,name 2013-03-16T11:30:00+01:00,name 2013-03-16T12:00:00+01:00,144,144,NPT,Waited on prodution to complete shuting-in wells.,VOLVE_DDR,15_9_F_11_2013_03_17.xml,XML_NODE_KEYWORD,MEDIUM
1702dbd5-e6ed-4b38-a027-2a86740d3439,NO,NO 15/9-F-11,name 2013-03-17T01:00:00+01:00,name 2013-03-17T01:30:00+01:00,22,22,EQUIPMENT_FAILURE,"M/U lifting sub to failed Ontrack tool using PRS and iron roughneck, no personal on drill floor.",VOLVE_DDR,15_9_F_11_2013_03_18.xml,XML_NODE_KEYWORD,MEDIUM
5e16e7df-7608-4d91-bdf1-55408cdb23f0,NO,NO 15/9-F-11,name 2013-03-19T15:30:00+01:00,name 2013-03-19T18:00:00+01:00,332,332,EQUIPMENT_FAILURE,"Tagged bottom at 332 m and recorded OnTrack/GyroTrack survey data while securing 5 1/2"" DP drill string in moon pool and at tension deck.
Re-calculated projected well path.

Inclination Survey (OnTrack/GyroTrack):
Survey station (m)   Inclination (deg)  Azi (deg)
        OTR/GRT               OTR/GRT       OTR/GRT
  312.00 /304.10           0.77 /0.52     185.07 /245.99     
  312.00 /304.10           0.77 /0.70     182.41 /199.93   
  312.21 /304.22           0.80 /0.62         FAIL /175.68   
  312.04 /304.05           0.77 /0.70         FAIL /113.45",VOLVE_DDR,15_9_F_11_2013_03_20.xml,XML_NODE_KEYWORD,MEDIUM
bda7744a-3655-4752-8c14-ab0b7e6023ed,NO,NO 15/9-F-11,name 2013-03-19T18:00:00+01:00,name 2013-03-19T19:00:00+01:00,347,347,EQUIPMENT_FAILURE,"Orientated drilled 26"" hole from bottom at 332 m to 347 m and recorded OnTrack/GyroTrack survey data.
Re-calculated projected well path.

Inclination Survey (OnTrack/GyroTrack):
Survey station (m)   Inclination (deg)  Azi (deg)
        OTR/GRT               OTR/GRT       OTR/GRT
  327.21 /319.22           0.58 /0.70     FAIL /194.06",VOLVE_DDR,15_9_F_11_2013_03_20.xml,XML_NODE_KEYWORD,MEDIUM
2324022c-f74b-4cda-b34e-aed99f0b63c9,NO,NO 15/9-F-11,name 2013-03-19T19:00:00+01:00,name 2013-03-19T20:00:00+01:00,347,347,KICK,"R/U wireline lower sheave, ran wireline gyro and recorded wireline single shoot survey.
Re-calculated projected well path. Discussed survey data and projected well path with town. Decision made to plug back 26"" open hole from bottom at 347 m to 30"" conductor shoe at 202 m, run alternative 26"" BHA configuration mud motor assembly and kick off below 30"" conductor shoe.

Wireline Gyro Inclination Survey:
Survey station (m)   Inclination (deg)  Azi (deg)
         301.7                    0.58                 167
         305.5                    0.68                 162",VOLVE_DDR,15_9_F_11_2013_03_20.xml,XML_NODE_KEYWORD,HIGH
7e1b190c-ac83-4f71-8897-913fec01c6a8,NO,NO 15/9-F-11,name 2013-03-20T11:00:00+01:00,name 2013-03-20T17:00:00+01:00,169,169,EQUIPMENT_FAILURE,Performed tool box talk and repaired worn components on top drive.,VOLVE_DDR,15_9_F_11_2013_03_21.xml,XML_NODE_KEYWORD,MEDIUM
6b0adcde-d68b-42d9-8801-1aa3db23cc65,NO,NO 15/9-F-11,name 2013-03-21T04:30:00+01:00,name 2013-03-21T05:30:00+01:00,331,331,EQUIPMENT_FAILURE,"Pulled out with cement stand and attempted to rack back same, forward PRS failed. Attempted to use PRS over-ride function, no-go. Unable to use aft PRS. Trouble shoot and made continancy plan of POOH cement stinger in single 5 1/2"" DP joints. Re-established operation of forward PRS.",VOLVE_DDR,15_9_F_11_2013_03_22.xml,XML_NODE_KEYWORD,MEDIUM
a562931c-7202-4b28-b87a-507c86ca7ea9,NO,NO 15/9-F-11,name 2013-03-21T07:30:00+01:00,name 2013-03-21T17:00:00+01:00,0,0,NPT,"Waited on cement.

Meanwhile: changed encoder on aft PRS. Performed maintenance on top drive and trouble shoot alignment on same. Calibrated aft PRS and prepared to run 26"" BHA.",VOLVE_DDR,15_9_F_11_2013_03_22.xml,XML_NODE_KEYWORD,MEDIUM
a87d62b1-9ec1-4e64-8dca-c4a5a38027bc,NO,NO 15/9-F-11,name 2013-03-22T11:15:00+01:00,name 2013-03-22T12:00:00+01:00,155,155,KICK,"Performed Pre-job, safety and DOP Meeting prior to washing down to find TOC and dress off same to firm cement for kick off.",VOLVE_DDR,15_9_F_11_2013_03_23.xml,XML_NODE_KEYWORD,HIGH
a8452977-625a-4f81-a296-68e223ce481f,NO,NO 15/9-F-11 A,name 2013-05-14T17:30:00+02:00,name 2013-05-15T00:00:00+02:00,2536,2536,EQUIPMENT_FAILURE,"Inspected top drive for hydraulic leak. Repaired leaking connection on hydraulic hose.

Meanwhile: Performed general maintanence and housekeeping.",VOLVE_DDR,15_9_F_11_A_2013_05_15.xml,XML_NODE_KEYWORD,MEDIUM
6c4671c7-c7c7-4e6c-bcd8-e9aefdf954bb,NO,NO 15/9-F-11 A,name 2013-05-15T00:00:00+02:00,name 2013-05-15T03:30:00+02:00,2536,2536,EQUIPMENT_FAILURE,"Repaired leaking connection on hydraulic hose on top drive.

Meanwhile: Performed general maintanence and housekeeping.",VOLVE_DDR,15_9_F_11_A_2013_05_16.xml,XML_NODE_KEYWORD,MEDIUM
e7767459-f8b4-4f7f-a756-c7075dd56cda,NO,NO 15/9-F-11 A,name 2013-05-20T10:30:00+02:00,name 2013-05-20T15:30:00+02:00,3646,3646,MUD_LOSS,"Drilled and oriented 8 1/2"" hole from 3561 m MD to 3646 m MD with 2290 liter/min, 185-189 bar, 180 rpm, 16-19 kNm, WOB 6-11 MT, 1.42-1,43 sg ECD.
Average ROP: 17 m/hr.

TDS not able to maintain rpm due to loss of power.",VOLVE_DDR,15_9_F_11_A_2013_05_21.xml,XML_NODE_KEYWORD,HIGH
6ac51098-b805-4735-afc3-a8c6079b170c,NO,NO 15/9-F-11 A,name 2013-05-20T15:30:00+02:00,name 2013-05-20T16:00:00+02:00,3646,3646,MUD_LOSS,Worked with solving TDS power loss problem.,VOLVE_DDR,15_9_F_11_A_2013_05_21.xml,XML_NODE_KEYWORD,HIGH
bc61702a-8967-4a33-9711-1ad065167ca9,NO,NO 15/9-F-11 A,name 2013-05-21T07:30:00+02:00,name 2013-05-21T17:30:00+02:00,3628,3628,NPT,"Recorded pressure points in interval between 3711,5 m MD and 3596,3 m MD
Total pressure points recorded, 19.

Commenced waiting 48 hours prior to take new pressure points.",VOLVE_DDR,15_9_F_11_A_2013_05_22.xml,XML_NODE_KEYWORD,MEDIUM
f64e9076-80d0-4347-ac26-180231ee47eb,NO,NO 15/9-F-11 A,name 2013-05-21T17:30:00+02:00,name 2013-05-21T21:00:00+02:00,3005,3005,NPT,"Waited prior to take new pressure points.

Meanwhile:
Pumped OOH with 8 1/2"" BHA on 5 1/2"" DP from 3628 m MD to 3005 m MD at 1000 liter/min, 42 bar, max speed 21 meter/min.",VOLVE_DDR,15_9_F_11_A_2013_05_22.xml,XML_NODE_KEYWORD,MEDIUM
3dbeda2a-d134-4241-bb88-2677ef8b806b,NO,NO 15/9-F-11 A,name 2013-05-21T21:00:00+02:00,name 2013-05-22T00:00:00+02:00,2494,2494,NPT,"Waited prior to take new pressure points.

Meanwhile:
POOH with 8 1/2"" BHA on 5 1/2"" DP from 3005 m MD to 2494 m MD, max pulling speed 8 meter/min.",VOLVE_DDR,15_9_F_11_A_2013_05_22.xml,XML_NODE_KEYWORD,MEDIUM
123945a7-3562-41db-bda9-21f06392d84b,NO,NO 15/9-F-11 A,name 2013-05-22T00:00:00+02:00,name 2013-05-22T03:00:00+02:00,2494,2494,NPT,"Waited prior to take new pressure points.

Meanwhile:
Circulated bottoms up with 1000 liter/min, 36 bar.
Cleaned and tidied on drillfloor.
Prepared maintenance work on drilling equipment.",VOLVE_DDR,15_9_F_11_A_2013_05_23.xml,XML_NODE_KEYWORD,MEDIUM
d31e873a-11d5-4b36-81b2-f7a868044672,NO,NO 15/9-F-11 A,name 2013-05-22T03:00:00+02:00,name 2013-05-22T04:00:00+02:00,2494,2494,NPT,"Waited prior to take new pressure points.

Meanwhile:
Flow checked well, ok.
Cleaned and tidied on drillfloor.
Prepared maintenance work on drilling equipment.",VOLVE_DDR,15_9_F_11_A_2013_05_23.xml,XML_NODE_KEYWORD,MEDIUM
d22d0a2e-aded-4ca2-bc5a-c6b47f11a564,NO,NO 15/9-F-11 A,name 2013-05-22T04:00:00+02:00,name 2013-05-23T00:00:00+02:00,2494,2494,NPT,"Waited prior to take new pressure points.

Monitored well on trip tank.

Meanwhile:
Cleaned and tidied on drillfloor and in all drilling areas.
Performed maintenance work on drawworks.
Replaced Bypass Actuator Valve for downlink system.
Worked with 5 yearly maintenance on stand pipe valve S6.
Performed toubleshooting and maintenance jobs on TDS.
Worked with installation of BHA Wash Tool control system.
Circulated well every 6th hour with 1100 liter/min, 43-46 bar.",VOLVE_DDR,15_9_F_11_A_2013_05_23.xml,XML_NODE_KEYWORD,MEDIUM
3acceac2-b1b4-4358-8341-b7c7b917e588,NO,NO 15/9-F-11 A,name 2013-05-23T00:00:00+02:00,name 2013-05-23T12:00:00+02:00,2494,2494,NPT,"Waited prior to take new pressure points.

Monitored well on trip tank.

Meanwhile:
Cleaned and tidied on drillfloor and in all drilling areas.
Worked with 5 yearly maintenance on stand pipe valve S6 and S9. Completed valve S6.
Performed toubleshooting and maintenance jobs on TDS, VFD faults.
Worked with installation of BHA Wash Tool control system.
Circulated well every 6th hour with 1100 liter/min, 43-46 bar.",VOLVE_DDR,15_9_F_11_A_2013_05_24.xml,XML_NODE_KEYWORD,MEDIUM
e0cbcb5d-e7fe-4902-ac53-01ec1d347498,NO,NO 15/9-F-11 A,name 2013-05-25T07:00:00+02:00,name 2013-05-25T07:30:00+02:00,3080,3080,NPT,"Waited on cement.

Meanwhile:
POOH wet with 3 1/2"" stinger from 3325 m MD to 3080 m MD.",VOLVE_DDR,15_9_F_11_A_2013_05_26.xml,XML_NODE_KEYWORD,MEDIUM
3b04baea-3058-4bf3-a620-9ec3912a4c55,NO,NO 15/9-F-11 A,name 2013-05-25T07:30:00+02:00,name 2013-05-25T09:00:00+02:00,3040,3040,NPT,"Waited on cement.

Meanwhile:
Circulated out remaining spacer with 2450 liter/min, 217 bar, 50 rpm, 11 kNm, reciprocated string from 3080 m MD to 3040 m MD. Observed spacer in returns.",VOLVE_DDR,15_9_F_11_A_2013_05_26.xml,XML_NODE_KEYWORD,MEDIUM
24cf59e1-a442-4334-8c5e-567946ba1a74,NO,NO 15/9-F-11 A,name 2013-05-25T09:00:00+02:00,name 2013-05-25T10:30:00+02:00,2370,2370,NPT,"Waited on cement.

Meanwhile:
POOH wet with 3 1/2"" stinger from 3040 m MD to 2370 m MD.
Cleaned and cleared drillfloor.",VOLVE_DDR,15_9_F_11_A_2013_05_26.xml,XML_NODE_KEYWORD,MEDIUM
5c2db3e7-7540-4b75-8618-4fe061e84d18,NO,NO 15/9-F-11 A,name 2013-05-25T10:30:00+02:00,name 2013-05-25T11:30:00+02:00,2370,2370,NPT,"Waited on cement.

Meanwhile:
Cleaned and cleared drillfloor.
Removed PS-21 power slips and installed master bushings.
Picked up and made up BOP test tool.",VOLVE_DDR,15_9_F_11_A_2013_05_26.xml,XML_NODE_KEYWORD,MEDIUM
d848a803-ce47-4e99-8196-09d466496d77,NO,NO 15/9-F-11 A,name 2013-05-25T11:30:00+02:00,name 2013-05-25T12:30:00+02:00,139.2,139.2,NPT,"Waited on cement.

Meanwhile:
RIH with BOP test tool from surface to 139,2 meter.
Landed BOP test tool in wellhead.",VOLVE_DDR,15_9_F_11_A_2013_05_26.xml,XML_NODE_KEYWORD,MEDIUM
ef804f43-3b5d-4118-abb1-8dbd24652c5d,NO,NO 15/9-F-11 A,name 2013-05-25T12:30:00+02:00,name 2013-05-25T19:00:00+02:00,139.2,139.2,NPT,"Waited on cement.

Meanwhile:
Tested BOP pipe rams and annular preventers to 20 bar / 5 min and 345 bar / 10 min.
Tested kelly hose, upper / lower IBOP's, kill and choke lines to 20 bar / 5 min and 345 bar / 10 min.",VOLVE_DDR,15_9_F_11_A_2013_05_26.xml,XML_NODE_KEYWORD,MEDIUM
20ca3b19-498b-463d-a972-390fd5ac3a87,NO,NO 15/9-F-11 A,name 2013-05-25T19:00:00+02:00,name 2013-05-25T20:30:00+02:00,2370,2370,NPT,"Waited on cement.

Meanwhile:
POOH with BOP test tool from 139,2 m MD to surface and laid down same.",VOLVE_DDR,15_9_F_11_A_2013_05_26.xml,XML_NODE_KEYWORD,MEDIUM
49523763-1243-4e50-98ec-2ebb0723443c,NO,NO 15/9-F-11 A,name 2013-05-25T20:30:00+02:00,name 2013-05-25T21:30:00+02:00,3280,3280,NPT,"Waited on cement.

Meanwhile:
RIH with 3 1/2"" stinger from 2370 m MD to 3280 m MD.
Average tripping speed 910 meter/hour.",VOLVE_DDR,15_9_F_11_A_2013_05_26.xml,XML_NODE_KEYWORD,MEDIUM
6c1826c0-f256-43db-b3e2-17bf2ac863e1,NO,NO 15/9-F-11 A,name 2013-05-25T21:30:00+02:00,name 2013-05-26T00:00:00+02:00,3280,3280,NPT,"Waited on cement.

Meanwhile:
Circulated and reduced MW from 1,32 sg to 1,28 sg with 2500-2941 liter/min, 225-282 bar, 61 rpm, 7-10 kNm, reciprocated pipe from 3280 m MD to 3242 m MD.",VOLVE_DDR,15_9_F_11_A_2013_05_26.xml,XML_NODE_KEYWORD,MEDIUM
4535b8a7-78e8-45e9-8330-9b2b1ea800f1,NO,NO 15/9-F-11 A,name 2013-05-28T00:00:00+02:00,name 2013-05-28T03:30:00+02:00,2494,2494,EQUIPMENT_FAILURE,"Isolated TDS hydraulically.
Repaired leaking hydraulic pipe fitting and installed overhauled hydraulic cooler.",VOLVE_DDR,15_9_F_11_A_2013_05_29.xml,XML_NODE_KEYWORD,MEDIUM
17e0096f-6b3a-4933-b5e9-ac608600ecd4,NO,NO 15/9-F-11 B,name 2013-06-02T14:45:00+02:00,name 2013-06-02T17:45:00+02:00,2808,2808,EQUIPMENT_FAILURE,Troubleshoot HTS failure.,VOLVE_DDR,15_9_F_11_B_2013_06_03.xml,XML_NODE_KEYWORD,MEDIUM
12d48581-a229-44de-b52e-29dee31ba273,NO,NO 15/9-F-11 B,name 2013-06-03T01:00:00+02:00,name 2013-06-03T01:45:00+02:00,3192,3192,MUD_LOSS,"Broke circulation and staged up pumps to 1700 lpm, 46 bar - No Loss to formation.
Meanwhile: Held TBT, pressure tested cement lines and lined up for cement job.",VOLVE_DDR,15_9_F_11_B_2013_06_04.xml,XML_NODE_KEYWORD,HIGH
cfa6eb57-a8ac-4a30-b8d7-0c4162b83e29,NO,NO 15/9-F-11 B,name 2013-06-03T01:45:00+02:00,name 2013-06-03T05:00:00+02:00,3192,3192,MUD_LOSS,"Verified cement line up and pumped 27 m3 of 1.52 sg spacer with 1200 lpm, 38 bar. Mixed and pumped 16.8 m3 of 1.90 sg cement slurry 650 lpm. Displaced the cement to the rig floor with 3m3. Zeroed stroke counters and displaced the cement with 92 m3 (4152 strokes) 1.28 sg OBM, 2500 lpm 36 bar. Observed indication of losses. 
Slowed down pumps and displaced cement to 110 m3 (4954 strokes) with 2000 lpm, 32 bar. Slowed down pumps to 500 lpm (FCP 40 bar) and diplaced cement with calculated displacement volume plus 1/2 shoetrack volume. Total displacement volume with rig pumps 116 m3 (5227 strokes). No indication of top plug bumped.
Total losses while displacement 7-9 m3.",VOLVE_DDR,15_9_F_11_B_2013_06_04.xml,XML_NODE_KEYWORD,HIGH
fe7da76c-aa17-4ddc-91c5-a7b8c7b366b2,NO,NO 15/9-F-11 B,name 2013-06-12T10:30:00+02:00,name 2013-06-12T12:00:00+02:00,1558,1558,ABNORMAL_OPERATION,"Pumped slug POOH with 8 1/2"" BHA on 5 1/2"" DP from 3170 m to 1558 m. Average tripping speed 1290 m/hr. 
Observed problem with zone management system.",VOLVE_DDR,15_9_F_11_B_2013_06_13.xml,XML_NODE_KEYWORD,LOW
48debd96-a7c7-427f-8dd6-72cfbafcee71,NO,NO 15/9-F-11 B,name 2013-06-14T09:00:00+02:00,name 2013-06-14T17:00:00+02:00,3192.4,3192.4,MUD_LOSS,"RIH with 7""  liner on 5 1/2""  landing string from 1666m MD to 3192m MD inside casing. 
Average tripping speed 190 m/hr. 
No losses to formation.",VOLVE_DDR,15_9_F_11_B_2013_06_15.xml,XML_NODE_KEYWORD,HIGH
de87b922-e1ff-4ec2-afc3-160dd9509085,NO,NO 15/9-F-11 B,name 2013-06-14T18:00:00+02:00,name 2013-06-14T21:00:00+02:00,3856,3856,MUD_LOSS,"RIH with 7""  liner on 5 1/2""  landing string from 3192m MD to 3856m MD. 
Average tripping speed 221 m/hr. 
No losses to formation.",VOLVE_DDR,15_9_F_11_B_2013_06_15.xml,XML_NODE_KEYWORD,HIGH
29c4723d-84ba-4939-82d7-8fd97a35b279,NO,NO 15/9-F-11 B,name 2013-06-14T21:00:00+02:00,name 2013-06-14T23:00:00+02:00,4095,4095,MUD_LOSS,"From 3856m MD, observed frequent tight spots corresponding with high doglegs. 
Ran in hole with 7""  liner on 5 1/2""  landing string and worked through tight spots from 3856m MD to 4095m MD. 

Average tripping speed 119 m/hr. 
No losses to formation.",VOLVE_DDR,15_9_F_11_B_2013_06_15.xml,XML_NODE_KEYWORD,HIGH
7aa8e2c7-749b-4c65-9caf-6b032bfe74e8,NO,NO 15/9-F-11 B,name 2013-06-14T23:00:00+02:00,name 2013-06-15T00:00:00+02:00,4254,4254,MUD_LOSS,"RIH with 7""  liner on 5 1/2""  landing string from 4095m MD to 4254m MD. 
Average tripping speed 159 m/hr. 
No losses to formation.",VOLVE_DDR,15_9_F_11_B_2013_06_15.xml,XML_NODE_KEYWORD,HIGH
f5465fc7-4d92-49c1-b1e8-01eccd28ca2f,NO,NO 15/9-F-11 B,name 2013-06-15T00:00:00+02:00,name 2013-06-15T02:30:00+02:00,4745,4745,MUD_LOSS,"RIH with 7""  liner on 5 1/2""  landing string from 4254m MD to 4745m MD. 
Average tripping speed 196 m/hr. 
No losses to formation.",VOLVE_DDR,15_9_F_11_B_2013_06_16.xml,XML_NODE_KEYWORD,HIGH
1138de28-0c2f-443f-839a-d8c28708a561,NO,NO 15/9-F-11 B,name 2013-06-15T18:00:00+02:00,name 2013-06-15T19:30:00+02:00,4770,4770,MUD_LOSS,"Established loss free circulation with 900 lpm and 90 bar, and rotation with 20 rpm and 19-24 kNm.  Circulated and conditioned mud prior to cement operation.",VOLVE_DDR,15_9_F_11_B_2013_06_16.xml,XML_NODE_KEYWORD,HIGH
e2ea9834-933a-4483-a908-095f895ad7c3,NO,NO 15/9-F-11 B,name 2013-06-16T15:15:00+02:00,name 2013-06-17T00:00:00+02:00,167,167,KICK,"Troubleshot brake release failure on top drive. Closed out fault seeking on electrical control system.

Meanwhlie: Performed kick drill, rigged down drifting equipment from derrick. Serviced top drive / travelling block and dolly. Inspected and serviced PS21 slips. Prepared handling equipment for next BHA. Performed general maintenance.",VOLVE_DDR,15_9_F_11_B_2013_06_17.xml,XML_NODE_KEYWORD,HIGH
3e409cf9-17d6-47c1-96af-aed17447d2ca,NO,NO 15/9-F-11 B,name 2013-06-17T00:00:00+02:00,name 2013-06-18T00:00:00+02:00,167,167,EQUIPMENT_FAILURE,"Troubleshot brake release failure on top drive. Assembled top drive brake without hydraulic connections.

Meanwhile: Prepared brine and cut weight from 1.20 sg to 1.03 sg. Inspected handrails and gates in derrick. Cleaned upper and lower shakers. Cleaned and tidied well bay area. Prepared fast line sheave for NDT inspection. Performed general maintanence.",VOLVE_DDR,15_9_F_11_B_2013_06_18.xml,XML_NODE_KEYWORD,MEDIUM
a7a8af89-fcb9-4e9f-b011-acaa1b239d97,NO,NO 15/9-F-11 B,name 2013-06-28T08:30:00+02:00,name 2013-06-28T12:30:00+02:00,0,0,NPT,"Held pre-job meeting prior to clean out run.
Picked up and made up jetting sub to 5 1/2"" DP.
RIH with jetting sub on 5 1/2"" DP from surface to 150 m.
Pumped 13 m3 hi-vis pill with 500 liter/min, 4 bar. 
Chased pill with 4,5 m3 SW at 500 liter/min, 2,8 bar. 
Stopped pumping and RIH from 150 m to 170 m.
Waited for pill to soak for 10 minutes.
Commenced circulation with SW between 170 m - 135 m at 3000 liter/min, 26 bar, 10 rpm, 1-3 kNm. 
Displaced well back to 26 m3 1,03 sg inhibited brine with 3000 liter/min, 26 bar.
POOH and laid down jet sub.",VOLVE_DDR,15_9_F_11_B_2013_06_29.xml,XML_NODE_KEYWORD,MEDIUM
f0c7242b-af84-4839-a7ca-50a28d0e7921,NO,NO 15/9-F-11 B,name 2013-06-30T19:00:00+02:00,name 2013-06-30T20:45:00+02:00,0,0,KICK,"Performed pre-job meeting prior to rig up tubing equipment.
Changed to 7"" handling gear, BX elevators, installed rotator, adjusted link tilt function.
Made up kick stand and racked back in derrick.
Installed 7"" casing tong and tested same.",VOLVE_DDR,15_9_F_11_B_2013_07_01.xml,XML_NODE_KEYWORD,HIGH
748b1573-19e7-4c9f-811f-4667676e414d,NO,NO 15/9-F-11 B,name 2013-07-05T16:45:00+02:00,name 2013-07-05T22:30:00+02:00,0,0,STUCK_PIPE,"RIH with wireline tool string and retrieved EVO plug.
While POOH observed stuck EVO plug inside DHG mandrel, jarred twice and continued to POOH to surface.
Laid out EVO plug and wireline tool string.
Rigged down wireline sheaves and equipment.",VOLVE_DDR,15_9_F_11_B_2013_07_06.xml,XML_NODE_KEYWORD,HIGH
13fdbf25-eaa5-4f55-82c7-60421c8d0d8e,NO,NO 15/9-F-11 B,name 2013-07-10T09:45:00+02:00,name 2013-07-10T10:30:00+02:00,3919,3919,EQUIPMENT_FAILURE,"Trouble shoot communication failure, No Go. Discussed situation with onshore organisation",VOLVE_DDR,15_9_F_11_B_2013_07_11.xml,XML_NODE_KEYWORD,MEDIUM
9c3e191c-96ab-4866-a379-4febd7b294ed,NO,NO 15/9-F-11 B,name 2013-07-10T17:15:00+02:00,name 2013-07-10T19:00:00+02:00,0,0,EQUIPMENT_FAILURE,"Checked wire line tools and cable. 
Meanwhile: Checked tractor and found communication failure due to possible short circuit.",VOLVE_DDR,15_9_F_11_B_2013_07_11.xml,XML_NODE_KEYWORD,MEDIUM
7013b771-dadd-4c44-8d74-f4f93a52912c,NO,NO 15/9-F-11 B,name 2013-07-13T17:45:00+02:00,name 2013-07-13T20:15:00+02:00,0,0,EQUIPMENT_FAILURE,L/D BHA on cantiliver deck and troubleshoot communication failure. Communication failure identified in cablehead.,VOLVE_DDR,15_9_F_11_B_2013_07_14.xml,XML_NODE_KEYWORD,MEDIUM
c3e34bbf-f758-426d-a44a-2f2642943c75,NO,NO 15/9-F-11 B,name 2013-07-17T01:45:00+02:00,name 2013-07-17T03:00:00+02:00,3332,3332,EQUIPMENT_FAILURE,"Attempted to troubleshoot communication failure, No Go.",VOLVE_DDR,15_9_F_11_B_2013_07_18.xml,XML_NODE_KEYWORD,MEDIUM
aae7be3f-886a-4b7f-95e4-dc0a0358952b,NO,NO 15/9-F-11 B,name 2013-07-17T08:00:00+02:00,name 2013-07-17T11:00:00+02:00,0,0,EQUIPMENT_FAILURE,"Troubleshoot tool failure. Build new cablehead and changed out Voltage Protection Moule, Power Track Advanced, swivel and tractor",VOLVE_DDR,15_9_F_11_B_2013_07_18.xml,XML_NODE_KEYWORD,MEDIUM
5ffd5f99-0681-411a-88bb-68f4aa1e2404,NO,NO 15/9-F-11 B,name 2015-10-26T07:00:00+01:00,name 2015-10-26T11:00:00+01:00,0,0,NPT,"Waited on production to complete shutting inn and inflow test well.
Meanwhile performed toolbox talk for changing hatch and rigging up. Altus and Schlumberger tested toolstring.",VOLVE_DDR,15_9_F_11_B_2015_10_27.xml,XML_NODE_KEYWORD,MEDIUM
98b2f41b-b90f-4270-9076-f608ab039ae0,NO,NO 15/9-F-11 B,name 2015-10-27T11:45:00+01:00,name 2015-10-27T12:30:00+01:00,2750,2750,KICK,"Performed spinner calibration at 10, 20, 30 & 40 m/min.
Meanwhile performed well control drill.",VOLVE_DDR,15_9_F_11_B_2015_10_28.xml,XML_NODE_KEYWORD,HIGH
ea1cc843-5d05-4fae-81b7-5e74b1d5750c,NO,NO 15/9-F-11 B,name 2015-10-28T00:00:00+01:00,name 2015-10-28T06:00:00+01:00,3818,3818,KICK,"Continued to log RST IC pass at 0,5 m/min across interval from 4200 to 4188 m, 4045 to 3895 m and 3827 up to 3818 m. 
Meanwhile performed well control drill.",VOLVE_DDR,15_9_F_11_B_2015_10_29.xml,XML_NODE_KEYWORD,HIGH
2316eae2-4c72-4f67-b374-5e30b1d8f864,NO,NO 15/9-F-11 B,name 2015-10-30T15:30:00+01:00,name 2015-10-30T16:45:00+01:00,3986,3986,ABNORMAL_OPERATION,Problem with tractor power supply. Had to change power supply on surface. OK.,VOLVE_DDR,15_9_F_11_B_2015_10_31.xml,XML_NODE_KEYWORD,LOW
7f8e7be3-b02e-4f7a-8a0b-509e2e0022dc,NO,NO 15/9-F-11 B,name 2015-10-31T10:30:00+01:00,name 2015-10-31T11:45:00+01:00,0,0,KICK,"Filled lubricator with MEG using production permanent line into XMT cross. Equalized and opened HMV. Equalized and opened SV. WHP 118 bar.
Meanwhile performed well control drill, leak in connection above BOP.",VOLVE_DDR,15_9_F_11_B_2015_11_01.xml,XML_NODE_KEYWORD,HIGH
ea00374d-68c6-4e41-9e28-c39c561a73d7,NO,NO 15/9-F-11 B,name 2015-11-01T16:15:00+01:00,name 2015-11-01T16:30:00+01:00,2800,2800,ABNORMAL_OPERATION,Switched over to tractor. Observed problems with tractor communication.,VOLVE_DDR,15_9_F_11_B_2015_11_02.xml,XML_NODE_KEYWORD,LOW
c4b2e5b5-3c83-4bae-8559-fd1e36249e7a,NO,NO 15/9-F-11 B,name 2015-11-02T18:45:00+01:00,name 2015-11-02T19:30:00+01:00,0,0,NPT,Had to wait due to skidding from F-11B to F-5.,VOLVE_DDR,15_9_F_11_B_2015_11_03.xml,XML_NODE_KEYWORD,MEDIUM
a57a5df2-6a2f-4934-9309-80ee04735625,NO,NO 15/9-F-11 B,name 2016-04-16T06:00:00+02:00,name 2016-04-16T09:00:00+02:00,0,0,NPT,Waited while production department tested well barriers prior to handover.,VOLVE_DDR,15_9_F_11_B_2016_04_17.xml,XML_NODE_KEYWORD,MEDIUM
e2b03956-0b07-4c77-9a29-1ddd3df46397,NO,NO 15/9-F-11 B,name 2016-04-17T17:05:00+02:00,name 2016-04-17T17:25:00+02:00,0,0,NPT,Waited while production department greased HMV.,VOLVE_DDR,15_9_F_11_B_2016_04_18.xml,XML_NODE_KEYWORD,MEDIUM
57858d41-9ac1-4ade-b843-1358943d7dfc,NO,NO 15/9-F-11 B,name 2016-04-20T06:45:00+02:00,name 2016-04-20T09:30:00+02:00,0,0,NPT,"Waited for supply vessel to arrive with straddle equipment.

Meanwhile, skidded rig to F-11.",VOLVE_DDR,15_9_F_11_B_2016_04_21.xml,XML_NODE_KEYWORD,MEDIUM
c4d51d22-3eea-489b-b611-e984645a6003,NO,NO 15/9-F-11 B,name 2016-04-20T12:15:00+02:00,name 2016-04-20T16:30:00+02:00,0,0,NPT,"Waited while production department prepared well for handover.

Meanwhile, cleaned and tidy rig floor and pipe deck.",VOLVE_DDR,15_9_F_11_B_2016_04_21.xml,XML_NODE_KEYWORD,MEDIUM
72eb822b-919d-4937-bbe8-836bade9ffcf,NO,NO 15/9-F-11 B,name 2016-04-20T22:45:00+02:00,name 2016-04-21T00:00:00+02:00,0,0,NPT,Waited while Altus and Maersk mechanic fixed grease pump.,VOLVE_DDR,15_9_F_11_B_2016_04_21.xml,XML_NODE_KEYWORD,MEDIUM
f7089293-8c09-4525-9dfe-b798793a7d95,NO,NO 15/9-F-11 B,name 2016-04-21T00:00:00+02:00,name 2016-04-21T00:45:00+02:00,0,0,NPT,"Waited for Altus and Maersk mechanic to fix grease pump. Achieved good test of 345 bar on lubricator, but pump still not working as it should. Grease pump stroke increased rapidly due to pump not able to deliver enough grease pressure.",VOLVE_DDR,15_9_F_11_B_2016_04_22.xml,XML_NODE_KEYWORD,MEDIUM
d3fb2c67-b35f-4636-9fb8-32928fc3c6a2,NO,NO 15/9-F-11 B,name 2016-04-21T01:00:00+02:00,name 2016-04-21T02:00:00+02:00,0,0,NPT,Waited while Altus fixed HMV pump. Most likely caused by air in pump system.,VOLVE_DDR,15_9_F_11_B_2016_04_22.xml,XML_NODE_KEYWORD,MEDIUM
1f50fcec-1bf1-415d-b659-ca6445e168e7,NO,NO 15/9-F-11 B,name 2016-04-21T08:30:00+02:00,name 2016-04-21T14:00:00+02:00,0,0,NPT,"Grease pump OK.

Waited for approval from onshore organisation if OK to RIH.",VOLVE_DDR,15_9_F_11_B_2016_04_22.xml,XML_NODE_KEYWORD,MEDIUM
a64ce3e1-ebce-4118-8bb9-fd80d3938721,NO,NO 15/9-F-11 B,name 2016-09-19T02:00:00+02:00,name 2016-09-19T04:00:00+02:00,0,0,NPT,"Waited for production to prepare paperwork, isolate F-4 and bleed off pressure below tree cap. Meanwhile removed damaged X-over from F-11B XT. Built lubricator on rig floor",VOLVE_DDR,15_9_F_11_B_2016_09_20.xml,XML_NODE_KEYWORD,MEDIUM
dfb137e9-0154-46ee-b41b-e729a64f5a3f,NO,NO 15/9-F-11 B,name 2016-09-22T06:30:00+02:00,name 2016-09-22T07:00:00+02:00,3002,3002,EQUIPMENT_FAILURE,Repaired hydraulic hose for Flush mounted slips,VOLVE_DDR,15_9_F_11_B_2016_09_23.xml,XML_NODE_KEYWORD,MEDIUM
3824d4db-0126-484a-8f20-efc120d4757e,NO,NO 15/9-F-11 B,name 2016-09-22T13:45:00+02:00,name 2016-09-22T14:30:00+02:00,2589,2589,NPT,"Removed control line from DHSV, secured same on drum. L/D DHSV using crane. Observed back flow from well. Trip tank static. Waited for backflow to decrease",VOLVE_DDR,15_9_F_11_B_2016_09_23.xml,XML_NODE_KEYWORD,MEDIUM
cb0dfaf0-1c9e-4d15-a5dd-5df9a4246bd2,NO,NO 15/9-F-11 B,name 2016-09-23T17:45:00+02:00,name 2016-09-23T21:00:00+02:00,1944,1944,EQUIPMENT_FAILURE,Located and repaired/changed leaking hose on aft PRS,VOLVE_DDR,15_9_F_11_B_2016_09_24.xml,XML_NODE_KEYWORD,MEDIUM
86f1798a-060a-4b0a-abb8-9e1af99db474,NO,NO 15/9-F-11 B,name 2016-09-25T01:00:00+02:00,name 2016-09-25T01:30:00+02:00,885,885,MUD_LOSS,"Performed flowcheck. Observed losses of 1,6m3/hour. Losses soon stopped, totally lost of 0,3m3",VOLVE_DDR,15_9_F_11_B_2016_09_26.xml,XML_NODE_KEYWORD,HIGH
e924cf79-f59c-4462-b431-76a7bda07981,NO,NO 15/9-F-11 B,name 2016-09-25T14:00:00+02:00,name 2016-09-25T14:15:00+02:00,100,100,MUD_LOSS,"Pulled up above casing hanger area and circulated 2x BU @ 3000 l/min - 21bar. Observed no losses, no gas in returns. R/B 1x stand",VOLVE_DDR,15_9_F_11_B_2016_09_26.xml,XML_NODE_KEYWORD,HIGH
3791f7ac-ce48-42b5-9f19-775667d3e207,NO,NO 15/9-F-11 B,name 2016-09-26T15:15:00+02:00,name 2016-09-26T15:45:00+02:00,146,146,MUD_LOSS,"Increased pump rate to 1000l/min. Pressure went up to 25 bar and then dropped and stabilized at 4 bar. Circulated 1x BU, observed small losses, quickly stabilized, gas reading close to 0 in fluid and no readings in air. Stoped pumps",VOLVE_DDR,15_9_F_11_B_2016_09_27.xml,XML_NODE_KEYWORD,HIGH
bb0e2820-838f-4e7e-8a21-7a78b91045b2,NO,NO 15/9-F-11 B,name 2016-10-20T13:30:00+02:00,name 2016-10-20T13:45:00+02:00,0,0,MUD_LOSS,"Staged up flow rate to 2400 lpm / 80 bar.
Cut riser at 134,9m. Observed loss of overpull, good indication of cut.",VOLVE_DDR,15_9_F_11_B_2016_10_21.xml,XML_NODE_KEYWORD,HIGH
29e7f176-adf3-4dfc-8c8e-4e60f4f07331,NO,NO 15/9-F-11 T2,name 2013-03-25T22:00:00+01:00,name 2013-03-26T00:00:00+01:00,0,0,NPT,"Waited on flair prior to work aloft.

Meanwhile: Made tools ready to work on fast-line sheave in crown block, cleared and cleaned rig floor, prepared BOP test stump and performed general rig maintenance.",VOLVE_DDR,15_9_F_11_T2_2013_03_26.xml,XML_NODE_KEYWORD,MEDIUM
f969f4fa-34d0-4718-9543-bb8182687890,NO,NO 15/9-F-11 T2,name 2013-03-27T06:00:00+01:00,name 2013-03-27T14:00:00+01:00,0,0,EQUIPMENT_FAILURE,"Repaired failed fast line sheave and re-assembled bearing assembly. 

Meanwhile: Performed service and visual inspection of forward and aft Pipe Racking System. Continued BOP annular repair. Tested backup MWD tools. Serviced TDS travelling block and dolly. Repaired TDS hangoff wire.",VOLVE_DDR,15_9_F_11_T2_2013_03_28.xml,XML_NODE_KEYWORD,MEDIUM
586e9b56-e180-432d-af0e-bb5354b862f6,NO,NO 15/9-F-11 T2,name 2013-03-28T00:00:00+01:00,name 2013-03-28T07:00:00+01:00,0,0,EQUIPMENT_FAILURE,"Continued installing fast-line sheave in derrick.

Meanwhile: Repaired leakage on BOP annular function. Prepared to function test same.",VOLVE_DDR,15_9_F_11_T2_2013_03_29.xml,XML_NODE_KEYWORD,MEDIUM
ad79d9e2-212e-4a3e-ba7e-d4a14fe612a9,NO,NO 15/9-F-11 T2,name 2013-03-28T13:15:00+01:00,name 2013-03-28T14:15:00+01:00,10,10,NPT,"Waiting for stop of production on well F-14/F-12. 

Meanwhile: Performed general maintenance.",VOLVE_DDR,15_9_F_11_T2_2013_03_29.xml,XML_NODE_KEYWORD,MEDIUM
f5ff16db-db34-4a36-95a7-26da237871c5,NO,NO 15/9-F-11 T2,name 2013-03-30T19:00:00+01:00,name 2013-03-31T00:00:00+01:00,1102,1102,ABNORMAL_OPERATION,"Slided and oriented 26"" hole from 1071m MD to 1102m MD with 4500 lpm, 171-176 bar, 1.09-1-13 sg ECD, 15-20 MT.

Observed sticky formation and problems maintaining toolface.

Pumped 10m3 hi-visc pill for every single.
Reamed every stand prior to taking connection.

Average ROP: 6.2 m/hr",VOLVE_DDR,15_9_F_11_T2_2013_03_31.xml,XML_NODE_KEYWORD,LOW
6c279948-1660-4467-8289-b2685f8fc957,NO,NO 15/9-F-11 T2,name 2013-04-01T09:30:00+02:00,name 2013-04-01T12:00:00+02:00,1365,1365,ABNORMAL_OPERATION,"Ran in hole and tagged TD with 5MT. Displaced open hole volume with 1.35 sg KCl mud at 4800 lpm, 195 bar and 80 rpm. Observed problems with suction on mud pumps.",VOLVE_DDR,15_9_F_11_T2_2013_04_02.xml,XML_NODE_KEYWORD,LOW
c06ea338-b2b1-4a2d-89fc-97a8acc68b5b,NO,NO 15/9-F-11 T2,name 2013-04-01T17:30:00+02:00,name 2013-04-01T18:30:00+02:00,460,460,EQUIPMENT_FAILURE,"Troubleshoot and repaired eletrical fault on mud pumps.

Meanwhile: Pulled out of hole with 26"" bottom hole assembly from 460m MD to 350m MD to check hole conditions. No overpull observed.",VOLVE_DDR,15_9_F_11_T2_2013_04_02.xml,XML_NODE_KEYWORD,MEDIUM
1651fced-5a0b-43f7-b656-0c2a5be5816c,NO,NO 15/9-F-11 T2,name 2013-04-02T07:30:00+02:00,name 2013-04-02T14:30:00+02:00,0,0,ABNORMAL_OPERATION,"Made up cement stand and racked back in derrick. Rigged up to run 20"" casing. Removed drilling bails and elevators, installed casing bails and elevators. Observed that 20"" casing tong door had problems opening and closing.",VOLVE_DDR,15_9_F_11_T2_2013_04_03.xml,XML_NODE_KEYWORD,LOW
ec384129-1432-40b8-9dc0-5b839b784830,NO,NO 15/9-F-11 T2,name 2013-04-02T18:00:00+02:00,name 2013-04-02T20:30:00+02:00,36,36,ABNORMAL_OPERATION,Picked up shoe joint on deck. Verified float by hosing water through it. Made up shoe joint and float collar joint. Thread locked to connection. Experienced problems with Pipedeck Machine (PDM). Claw did not open. Not able to pick up casing joints from pipedeck to catwalk.,VOLVE_DDR,15_9_F_11_T2_2013_04_03.xml,XML_NODE_KEYWORD,LOW
888ede95-9a03-42ce-b92d-aeaeeb74136e,NO,NO 15/9-F-11 T2,name 2013-04-02T20:30:00+02:00,name 2013-04-03T00:00:00+02:00,36,36,EQUIPMENT_FAILURE,"Troubleshoot and repaired Pipedeck Machine (PDM). Found tilt function and boom extension not working.

Meanwhile: Performed general maintanence.",VOLVE_DDR,15_9_F_11_T2_2013_04_03.xml,XML_NODE_KEYWORD,MEDIUM
94778820-ae78-4eb2-8962-bcc7f1d26007,NO,NO 15/9-F-11 T2,name 2013-04-03T00:00:00+02:00,name 2013-04-03T03:00:00+02:00,36,36,EQUIPMENT_FAILURE,"Troubleshoot and repaired PDM (Pipe Deck Machine) Replaced solenoid valve.

Meanwhile: Performed general maintenance.",VOLVE_DDR,15_9_F_11_T2_2013_04_04.xml,XML_NODE_KEYWORD,MEDIUM
9d2f1245-9f31-4dc2-bc84-b4d2f513a1ba,NO,NO 15/9-F-11 T2,name 2013-04-03T12:30:00+02:00,name 2013-04-03T13:00:00+02:00,201,201,ABNORMAL_OPERATION,"Cross threaded box joint 105 with pin joint 104, unable to obtain required torque. Decided to lay down both joints. Observed problems with laying down casing joints using HTS.",VOLVE_DDR,15_9_F_11_T2_2013_04_04.xml,XML_NODE_KEYWORD,LOW
4f6ac8f4-df6f-429c-b6d1-e5cee1124243,NO,NO 15/9-F-11 T2,name 2013-04-05T00:30:00+02:00,name 2013-04-05T01:30:00+02:00,1317,1317,ABNORMAL_OPERATION,"Troubleshoot TDS spinning problem.

Meanwhile: 
Racked back cement stand.
Reciprocated 20"" casing string.
Made up cement stand into string.",VOLVE_DDR,15_9_F_11_T2_2013_04_06.xml,XML_NODE_KEYWORD,LOW
c7a373c3-9d25-4b52-b520-f0a8d75b96d5,NO,NO 15/9-F-11 T2,name 2013-04-08T21:00:00+02:00,name 2013-04-09T00:00:00+02:00,127,127,EQUIPMENT_FAILURE,"Performed pre-job meeting.
Recovered riser guide funnel to surface for inspection and repair.",VOLVE_DDR,15_9_F_11_T2_2013_04_09.xml,XML_NODE_KEYWORD,MEDIUM
c3c811b3-d4de-425b-8d66-f16b4a2d85de,NO,NO 15/9-F-11 T2,name 2013-04-09T00:00:00+02:00,name 2013-04-09T03:30:00+02:00,127,127,EQUIPMENT_FAILURE,"Recovered riser guide funnel to surface for inspection and repair.

Meanwhile:
Worked with installation of new washpipe.",VOLVE_DDR,15_9_F_11_T2_2013_04_10.xml,XML_NODE_KEYWORD,MEDIUM
e6fa004d-5799-478c-9446-7dcebb9c8d5c,NO,NO 15/9-F-11 T2,name 2013-04-09T03:30:00+02:00,name 2013-04-09T06:30:00+02:00,127,127,EQUIPMENT_FAILURE,"Repaired broken spindle on riser guide funnel.

Meanwhile:
Worked with installation of new washpipe.",VOLVE_DDR,15_9_F_11_T2_2013_04_10.xml,XML_NODE_KEYWORD,MEDIUM
d3110976-761f-490e-86bc-db531b5985f5,NO,NO 15/9-F-11 T2,name 2013-04-12T00:00:00+02:00,name 2013-04-12T00:30:00+02:00,1236,1236,MUD_LOSS,"RIH with 17 1/2"" BHA on 5 1/2"" DP from 1159 m to 1236 m. Average tripping speed 154 m/hr.
Observed 5 Ton loss in weight at 1236 meter.
Recorded up / down weights 133 / 115 Ton.",VOLVE_DDR,15_9_F_11_T2_2013_04_13.xml,XML_NODE_KEYWORD,HIGH
5c44d41c-1dbf-440e-ad77-ed53abc48009,NO,NO 15/9-F-11 T2,name 2013-04-12T02:30:00+02:00,name 2013-04-12T03:00:00+02:00,1264.8,1264.8,EQUIPMENT_FAILURE,Stopped drilling and repaired leak.,VOLVE_DDR,15_9_F_11_T2_2013_04_13.xml,XML_NODE_KEYWORD,MEDIUM
673d465f-de6d-4556-9eeb-dc960d9bece6,NO,NO 15/9-F-11 T2,name 2013-04-13T07:30:00+02:00,name 2013-04-13T12:00:00+02:00,1368,1368,ABNORMAL_OPERATION,"Performed internal test of cement unit. Not able to obtain good test.
Investigated problems on unit.
By-passed shutt-off valve.
Obatined good pressure test on cement unit.

Meanwhile:
Circulated and pumped with 3500 liter/min, 173 bar, 60 rpm, 7-9 kNm.
Performed pre-job meeting prior to FIT.",VOLVE_DDR,15_9_F_11_T2_2013_04_14.xml,XML_NODE_KEYWORD,LOW
c1b600a8-d076-437f-a591-928158b4906a,NO,NO 15/9-F-11 T2,name 2013-04-14T16:00:00+02:00,name 2013-04-15T00:00:00+02:00,1500,1500,NPT,"Waited on weather.
Not able to back load cuttings from ISO tanks to supply vessel due to heavy wind and sea.

Meanwhile:
Circulated hole clean at 1500 meter with 4300 liter/min, 248 bar.
Pulled back into shoe.
Circulated with 1440 liter/min, 35 bar.
Picked up and racked back 5 1/2"" DP.",VOLVE_DDR,15_9_F_11_T2_2013_04_15.xml,XML_NODE_KEYWORD,MEDIUM
7ab91829-0135-41ed-ac32-792160ef3bf8,NO,NO 15/9-F-11 T2,name 2013-04-15T00:00:00+02:00,name 2013-04-15T16:00:00+02:00,1500,1500,NPT,"Waited on weather.
Not able to back load cuttings from ISO tanks to supply vessel due to heavy wind and sea.

Meanwhile:
Circulated with 1440 liter/min, 35 bar.
Picked up and racked back 5 1/2"" DP, 23 stands racked back.",VOLVE_DDR,15_9_F_11_T2_2013_04_16.xml,XML_NODE_KEYWORD,MEDIUM
2ef4a76b-e251-4f06-b5c3-b5353f226d03,NO,NO 15/9-F-11 T2,name 2013-04-16T22:00:00+02:00,name 2013-04-17T00:00:00+02:00,1780,1780,NPT,"Waited on weather.
Not able to back load cuttings from ISO tanks to supply vessel due to heavy wind and sea.

Meanwhile:
Circulated with 1420 liter/min, 65 bar.",VOLVE_DDR,15_9_F_11_T2_2013_04_17.xml,XML_NODE_KEYWORD,MEDIUM
f06ce1e1-44c1-46c0-959b-dc6443542683,NO,NO 15/9-F-11 T2,name 2013-04-17T00:00:00+02:00,name 2013-04-17T06:00:00+02:00,1780,1780,NPT,"Waited on weather.
Not able to back load cuttings from ISO tanks to supply vessel due to heavy wind and sea.

Meanwhile:
Circulated with 1420 liter/min, 65 bar.",VOLVE_DDR,15_9_F_11_T2_2013_04_18.xml,XML_NODE_KEYWORD,MEDIUM
ca83be9d-f5ed-4d2c-9078-e14fcd73d236,NO,NO 15/9-F-11 T2,name 2013-04-17T06:00:00+02:00,name 2013-04-17T15:00:00+02:00,1780,1780,NPT,"Waited on weather.

Meanwhile service TDS and PRS`s. Change valves on MP # 3",VOLVE_DDR,15_9_F_11_T2_2013_04_18.xml,XML_NODE_KEYWORD,MEDIUM
5a180537-6468-4bf5-abf1-c101c0d7f1fd,NO,NO 15/9-F-11 T2,name 2013-04-18T06:30:00+02:00,name 2013-04-18T08:00:00+02:00,1966,1966,NPT,"Waited on weather to back load cuttings.
Circulated hole clean while reciprocating and rotating string with 4300 lpm, 267 bar, 120 rpm, 9 kNm, ECD 1.43 sg.",VOLVE_DDR,15_9_F_11_T2_2013_04_19.xml,XML_NODE_KEYWORD,MEDIUM
35f08e8e-095a-4240-b17b-fee42ed47dc8,NO,NO 15/9-F-11 T2,name 2013-04-18T08:00:00+02:00,name 2013-04-18T10:00:00+02:00,1898,1898,NPT,"Waited on weather to back load cuttings.
Racked back 5 1/2"" DP stand. Circulated hole clean while reciprocating and rotating string with 4300 lpm, 267 bar, 120 rpm, 9 kNm, ECD 1.42 sg.",VOLVE_DDR,15_9_F_11_T2_2013_04_19.xml,XML_NODE_KEYWORD,MEDIUM
7ab872af-1ea4-4beb-b7f5-4b8dccc27633,NO,NO 15/9-F-11 T2,name 2013-04-18T10:00:00+02:00,name 2013-04-18T10:30:00+02:00,1898,1898,NPT,"Waited on weather to back load cuttings.
Held TBT and flowchecked well for 15 min - well static.",VOLVE_DDR,15_9_F_11_T2_2013_04_19.xml,XML_NODE_KEYWORD,MEDIUM
d37209f3-5041-48cf-8e14-a7406bba0e19,NO,NO 15/9-F-11 T2,name 2013-04-18T10:30:00+02:00,name 2013-04-18T12:00:00+02:00,1320,1320,NPT,"Waited on weather to back load cuttings.
POOH with 5 1/2"" DP wet from 1898 m to 1320 m  inside 20"" shoe.",VOLVE_DDR,15_9_F_11_T2_2013_04_19.xml,XML_NODE_KEYWORD,MEDIUM
3661e95f-c8a2-498b-86db-5de4cfa2613b,NO,NO 15/9-F-11 T2,name 2013-04-18T12:00:00+02:00,name 2013-04-18T12:30:00+02:00,1320,1320,NPT,"Waited on weather to back load cuttings.
Flow checked well for 15 min - well static",VOLVE_DDR,15_9_F_11_T2_2013_04_19.xml,XML_NODE_KEYWORD,MEDIUM
77a43bcc-f503-415e-937f-bd8cacc680cf,NO,NO 15/9-F-11 T2,name 2013-04-18T12:30:00+02:00,name 2013-04-18T20:00:00+02:00,1318,1318,NPT,"Waited on weather to back load cuttings.

Meanwhile:
Circulated with 1400 lpm,  30 bar, 0 rpm.",VOLVE_DDR,15_9_F_11_T2_2013_04_19.xml,XML_NODE_KEYWORD,MEDIUM
7f3325e4-6a05-4ad0-854a-7531bebcce69,NO,NO 15/9-F-11 T2,name 2013-04-18T23:00:00+02:00,name 2013-04-19T00:00:00+02:00,1308,1308,NPT,"Waited on weather to back load cuttings.

Meanwhile:
Circulated with 1420 lpm,  33 bar, 0 rpm. 
Held PDSA meeting with all available personale",VOLVE_DDR,15_9_F_11_T2_2013_04_19.xml,XML_NODE_KEYWORD,MEDIUM
3b004ea5-89ee-4e5a-bcc2-c23d7affbc4e,NO,NO 15/9-F-11 T2,name 2013-04-19T00:00:00+02:00,name 2013-04-19T15:30:00+02:00,1308,1308,NPT,"Waited on weather to back load cuttings.

Meanwhile:
Circulated with 1420 lpm,  33 bar, 0 rpm.",VOLVE_DDR,15_9_F_11_T2_2013_04_20.xml,XML_NODE_KEYWORD,MEDIUM
90597bcd-12df-4a07-8840-3afa4e77ab1d,NO,NO 15/9-F-11 T2,name 2013-04-24T06:00:00+02:00,name 2013-04-24T11:00:00+02:00,2433,2433,EQUIPMENT_FAILURE,"Troubleshoot drawwork failure.

Meanwhile: 
Removed auto slips and lowered 14"" casing hanger below rotary in a controlled sequence, Up/Dw weight 430/320 MT. Installed master bushing and made up circulation swedge. Circulated with 200 lpm, 9 bar, 14"" casing shoe at 2433 m.",VOLVE_DDR,15_9_F_11_T2_2013_04_25.xml,XML_NODE_KEYWORD,MEDIUM
9450359f-7360-4edb-a338-601b5890a484,NO,NO 15/9-F-11 T2,name 2013-04-24T16:30:00+02:00,name 2013-04-24T18:30:00+02:00,0,0,MUD_LOSS,"R/U cement hoses and circulated 1.5 B/U with 3000 lpm, 60 bar. No losses observed.",VOLVE_DDR,15_9_F_11_T2_2013_04_25.xml,XML_NODE_KEYWORD,HIGH
bbefd1a1-dacd-493c-8d89-1f9087a624c4,NO,NO 15/9-F-11 T2,name 2013-04-27T07:00:00+02:00,name 2013-04-27T08:00:00+02:00,15,15,ABNORMAL_OPERATION,Pulled back and plugged in tools. Observed problem with SoundTrack tool.,VOLVE_DDR,15_9_F_11_T2_2013_04_28.xml,XML_NODE_KEYWORD,LOW
c6ead936-a177-431c-b0c4-874400a50e70,NO,NO 15/9-F-11 T2,name 2013-04-28T07:00:00+02:00,name 2013-04-28T11:00:00+02:00,2629,2629,ABNORMAL_OPERATION,"Established drilling parameters. Drilled and orientated 8 1/2"" hole from 2577 m to 2629 m with 1800 lpm, 120 bar, 60 rpm, 12-15 kNm, WOB 8 MT,  Gross ROP 20 m/hr, Net ROP 13 m/hr, ECD 1.34 SG
Registred de-coding problem with MWD tools.",VOLVE_DDR,15_9_F_11_T2_2013_04_29.xml,XML_NODE_KEYWORD,LOW
a0cb6417-d25b-4cf1-9f22-d626945bc97b,NO,NO 15/9-F-11 T2,name 2013-04-28T11:00:00+02:00,name 2013-04-28T13:00:00+02:00,2629,2629,ABNORMAL_OPERATION,Troubleshoot de-coding problem with MWD tools.,VOLVE_DDR,15_9_F_11_T2_2013_04_29.xml,XML_NODE_KEYWORD,LOW
5b2b142a-1991-4bb4-8b26-e74fe4118879,NO,NO 15/9-F-11 T2,name 2013-05-01T15:00:00+02:00,name 2013-05-01T17:45:00+02:00,3754,3754,MUD_LOSS,"Drilled and orientated 8 1/2"" hole from 3714 m to 3754 m with 2000-2500 lpm, 153-228 bar, 180 rpm, 17-26 kNm, WOB 7-10 MT,  ECD 1.39-1.40 sg.

Average ROP: 14.5 m/hr

Reamed one double due to erratic torque readings and fluctuations in pump pressure. Decreased pump rate to 2000 lpm due to minor losses (1.6 m3 over 40 minutes).",VOLVE_DDR,15_9_F_11_T2_2013_05_02.xml,XML_NODE_KEYWORD,HIGH
e46b0702-d8db-498f-99ce-153ede38ed67,NO,NO 15/9-F-11 T2,name 2013-05-01T17:45:00+02:00,name 2013-05-01T18:00:00+02:00,3754,3754,MUD_LOSS,Performed flow check for 15 minutes due to losses - lost 60 liters static (240 l pr hour).,VOLVE_DDR,15_9_F_11_T2_2013_05_02.xml,XML_NODE_KEYWORD,HIGH
4dd0b36d-6a30-4d46-8ada-9e480cc78a08,NO,NO 15/9-F-11 T2,name 2013-05-01T18:00:00+02:00,name 2013-05-01T21:30:00+02:00,3794,3794,MUD_LOSS,"Drilled and orientated 8 1/2"" hole from 3754 m to 3794 m with 2000 lpm, 156-160 bar, 180 rpm, 18-25 kNm, WOB 6-8 MT,  ECD 1.37-1.38 sg.

Average ROP: 11.4 m/hr

Increased background LCM to 150 kg / stand. Losses gradually decreased to zero.",VOLVE_DDR,15_9_F_11_T2_2013_05_02.xml,XML_NODE_KEYWORD,HIGH
a00c73c1-91f5-4209-8823-94c768566333,NO,NO 15/9-F-11 T2,name 2013-05-02T17:00:00+02:00,name 2013-05-02T18:00:00+02:00,4084,4084,MUD_LOSS,"Drilled and orientated 8 1/2"" hole from 4064m to 4084m with 2000 lpm, 174-176 bar, 180 rpm, 19-21 kNm, WOB 2-4 MT,  ECD 1.45-1.46 sg.

Average ROP: 10 m/hr.

Drilled with reduced flow due to minor losses (approx 350 l/hr)",VOLVE_DDR,15_9_F_11_T2_2013_05_03.xml,XML_NODE_KEYWORD,HIGH
8bdcb2a5-d801-465c-bdb6-508521c9906a,NO,NO 15/9-F-11 T2,name 2013-05-03T16:00:00+02:00,name 2013-05-03T16:30:00+02:00,4380,4380,ABNORMAL_OPERATION,"Drilled and orientated 8 1/2"" hole from 4351m to 4380m with 2350 lpm, 220-230 bar, 110 rpm, 21-22 kNm, WOB 5-6 MT,  ECD 1.44 - 1.46 sg.

Average ROP: 16 m/hr.

Intermittent problems with top drive causing decrease in RPM.",VOLVE_DDR,15_9_F_11_T2_2013_05_04.xml,XML_NODE_KEYWORD,LOW
f5558302-5402-46d0-8a79-ea4b3344e8ad,NO,NO 15/9-F-11 T2,name 2013-05-03T16:30:00+02:00,name 2013-05-03T21:30:00+02:00,4446,4446,ABNORMAL_OPERATION,"Drilled and orientated 8 1/2"" hole from 4380m to 4446m with 2350 lpm, 230-232 bar, 180 rpm, 18-23 kNm, WOB 4-6 MT,  ECD 1.44 - 1.45 sg.

Average ROP: 16.8 m/hr.

Experienced occational problems with top drive causing decrease in RPM.",VOLVE_DDR,15_9_F_11_T2_2013_05_04.xml,XML_NODE_KEYWORD,LOW
158f9b39-1e6e-409e-9cc0-3f8dc823b72a,NO,NO 15/9-F-11 T2,name 2013-05-05T21:30:00+02:00,name 2013-05-05T22:45:00+02:00,2570,2570,MUD_LOSS,"Tested foulty systems in V-ICIS.

Meanwhile: Observed 800 liter loss to well during maintanence (400 l/hr)",VOLVE_DDR,15_9_F_11_T2_2013_05_06.xml,XML_NODE_KEYWORD,HIGH
72184a6e-05ca-4002-bbac-3d42c928dd82,NO,NO 15/9-F-11 T2,name 2013-05-08T17:45:00+02:00,name 2013-05-08T23:00:00+02:00,4407,4407,MUD_LOSS,"Pulled out of hole with 8 1/2"" bottom hole assembly from 4562m MD to 4467m MD. Took 5MT overpull at 4467m MD. Attempted to pass restriction several times with maximum 30MT - no go. Attempted to run in hole with 8 1/2"" bottom hole assembly with up to 40 MT - no go. Established circulation with 1300 lpm and 54 bar, no losses. Attempted to establish rotation - no go. 

Applied full string weight, and established rotation. Reamed stand down from 4467m MD to 4482m MD. Attempted to ream stand up several times - no go. Stalled out at 4467m MD.
Stopped rotation and circulation and attempted to pull 8 1/2"" bottom hole assembly out of hole from 4467m MD - no go. Established rotation with 50 rpm. Got passed restriction.

Pulled / reamed out of hole with 8 1/2"" bottom hole assembly from 4467m MD to 4407m MD with 1400 lpm, 31 bar, 50 rpm and 16-30 kNm. Observed tight spots at 4468m and 4460m.",VOLVE_DDR,15_9_F_11_T2_2013_05_09.xml,XML_NODE_KEYWORD,HIGH
3a295a52-6e65-4a33-9b1e-07b33a75aa6c,NO,NO 15/9-F-11 T2,name 2013-05-11T06:15:00+02:00,name 2013-05-11T08:30:00+02:00,2310,2310,NPT,"Waited on cement.

Meanwhile: Pulled out of hole with 3 1/2"" cement stinger on 5 1/2"" drill pipe from 2571m MD to 2310m MD.",VOLVE_DDR,15_9_F_11_T2_2013_05_12.xml,XML_NODE_KEYWORD,MEDIUM
5b40a8b2-d4a6-43cb-a5ba-d79debb342ff,NO,NO 15/9-F-11 T2,name 2013-05-11T08:30:00+02:00,name 2013-05-11T09:00:00+02:00,2310,2310,NPT,"Waited on cement.

Meanwhile: Cleaned and cleared rig floor prior to BOP test.",VOLVE_DDR,15_9_F_11_T2_2013_05_12.xml,XML_NODE_KEYWORD,MEDIUM
cceeb4dd-8ca5-400d-b9b0-50b3e65d8880,NO,NO 15/9-F-11 T2,name 2013-05-11T09:00:00+02:00,name 2013-05-11T21:15:00+02:00,2310,2310,NPT,"Waited on cement.

Meanwhlie: Performed prejob meeting prior to pick up and make up BOP test tool. Removed PS21 slips and installed master bushings. Picked up and made up BOP test tool, removed protective tape and inspected seals. Ran in hole with BOP test tool on 5 1/2"" drill pipe to wellhead at 138m MD. Displaced riser and surface lines to sea water.

Pressure tested BOP to 345 bar.  Pressure tested standpipe manifold to 345 bar.

Displaced BOP to surface to 1.32 sg OBM. Pulled out of hole with BOP test tool on 5 1/2"" drill pipe from 138 m MD. Broke out and laid down same.

Troubleshooting on top drive encoder. Function tested same. Function tested 3 1/2"" auto slips. Performed general maintanence and housekeeping.",VOLVE_DDR,15_9_F_11_T2_2013_05_12.xml,XML_NODE_KEYWORD,MEDIUM
16cfb9ff-0c01-4b2f-93c4-64f4c2fa0bb5,NO,NO 15/9-F-11 T2,name 2013-05-14T04:45:00+02:00,name 2013-05-14T06:00:00+02:00,1609,1609,KICK,Tested crownomatic. Serviced drilling equipment prior to run in hole and kicking off to F-11 A.,VOLVE_DDR,15_9_F_11_T2_2013_05_15.xml,XML_NODE_KEYWORD,HIGH
9c7d5efc-13cd-4548-bfb9-3a392af061ed,NO,NO 15/9-F-11 T2,name 2013-05-14T11:00:00+02:00,name 2013-05-14T12:00:00+02:00,2586,2586,KICK,"Kicked off to F-11 A by drilling from 2578m MD to 2586m MDwith 1800 lpm, 120 bar and 60 rpm. 50% cement / formation in returns verified at 2586m MD.

****Transferred operations to F-11 A****",VOLVE_DDR,15_9_F_11_T2_2013_05_15.xml,XML_NODE_KEYWORD,HIGH
4e7f053d-67f3-486e-899d-60687b698ee7,NO,NO 15/9-F-12,name 2007-06-14T04:30:00+02:00,name 2007-06-14T05:00:00+02:00,0,0,ABNORMAL_OPERATION,Had problems with PRS when picking assembly from derrick. Troubleshot PRS.,VOLVE_DDR,15_9_F_12_2007_06_15.xml,XML_NODE_KEYWORD,LOW
1d98d345-3055-4d2b-a4e2-0273e42fce61,NO,NO 15/9-F-12,name 2007-06-14T09:45:00+02:00,name 2007-06-14T10:00:00+02:00,86,86,EQUIPMENT_FAILURE,Held toolbox talk prior to repairs on TDS. Mærsk maintenance hours.,VOLVE_DDR,15_9_F_12_2007_06_15.xml,XML_NODE_KEYWORD,MEDIUM
2d21b000-70eb-4393-b35a-5b124c6b902b,NO,NO 15/9-F-12,name 2007-06-14T10:00:00+02:00,name 2007-06-14T11:30:00+02:00,86,86,EQUIPMENT_FAILURE,Performed repair work on TDS. Mærsk maintenance hours.,VOLVE_DDR,15_9_F_12_2007_06_15.xml,XML_NODE_KEYWORD,MEDIUM
0be0beb9-fc55-460d-9bf1-34699a538933,NO,NO 15/9-F-12,name 2007-06-16T19:15:00+02:00,name 2007-06-17T00:00:00+02:00,251,251,NPT,"Waited on cement to set up.

Meanwhile :
-Flushed and washed cement unit
-Brought tensioning system parts to Centralizer deck
-Broke out and laid down Drillcollar
-Prepared for running LP riser",VOLVE_DDR,15_9_F_12_2007_06_17.xml,XML_NODE_KEYWORD,MEDIUM
ce2026f7-8b17-43b5-bcff-24caee13cb7b,NO,NO 15/9-F-12,name 2007-06-17T00:00:00+02:00,name 2007-06-17T03:00:00+02:00,251,251,NPT,"Waited on cement to set up.

Meanwhile :
-Prepared and tested lines for top up job
-Brought tensioning system parts to Centralizer deck",VOLVE_DDR,15_9_F_12_2007_06_18.xml,XML_NODE_KEYWORD,MEDIUM
76e5b199-8f1d-4a3f-844f-e0360c0ea4c3,NO,NO 15/9-F-12,name 2007-06-17T11:30:00+02:00,name 2007-06-17T12:00:00+02:00,140,140,EQUIPMENT_FAILURE,Repaired hydraulic leak on TDS.,VOLVE_DDR,15_9_F_12_2007_06_18.xml,XML_NODE_KEYWORD,MEDIUM
2ebf954a-4f82-4c3c-b792-f8ead557844c,NO,NO 15/9-F-12,name 2007-06-19T00:00:00+02:00,name 2007-06-19T03:00:00+02:00,141,141,EQUIPMENT_FAILURE,"Installled Contact ring and tensioner ring assembly on Centralizer deck.

Meanwhile performed repair activities on conductor housing steelband. Welded/prepared threaded T- bars for replacing lost eyebolts on steelband. Dove ROV, inserted and made up threaded T-bars in steelband / ROV plug boltholes.

Cut slings on guidewires using hydraulic cutter. Retrieved FWD and AFT guidewire. Installed and secured hatches on F-11 and F-13 openings on Centralizer deck, removed scaffolding. Tided Centralizer deck.",VOLVE_DDR,15_9_F_12_2007_06_20.xml,XML_NODE_KEYWORD,MEDIUM
a461797b-04f1-44df-862b-634e84802e2c,NO,NO 15/9-F-12,name 2007-06-19T18:00:00+02:00,name 2007-06-19T22:30:00+02:00,0,0,EQUIPMENT_FAILURE,Made repairs on TDS. Serviced TDS counterbalance and rotating head. Meanwhile installed new actuator on flowline isolation valve.,VOLVE_DDR,15_9_F_12_2007_06_20.xml,XML_NODE_KEYWORD,MEDIUM
5b67a2fb-6e56-49a7-94d0-855cab09887b,NO,NO 15/9-F-12,name 2007-06-21T14:00:00+02:00,name 2007-06-21T14:30:00+02:00,180,180,STUCK_PIPE,Held tool box meeting prior to drilling out shoe track. Focused on potential for stuck pipe.,VOLVE_DDR,15_9_F_12_2007_06_22.xml,XML_NODE_KEYWORD,HIGH
b0cf8475-c694-4601-82ec-f6792ee494a4,NO,NO 15/9-F-12,name 2007-06-22T02:30:00+02:00,name 2007-06-22T03:00:00+02:00,141,141,EQUIPMENT_FAILURE,Malfunction of forward PRS. Trouble-shooted same and found failure on proximity switch.,VOLVE_DDR,15_9_F_12_2007_06_23.xml,XML_NODE_KEYWORD,MEDIUM
772b0fcc-f1b2-4f8e-860c-281f4380bd86,NO,NO 15/9-F-12,name 2007-06-22T11:30:00+02:00,name 2007-06-22T17:30:00+02:00,225,225,EQUIPMENT_FAILURE,"Continued to PU and RIH with 8 1/2"" pilot hole BHA from 32 m to 225 m. Meanwhile recovered ROV to surface to repair camera.",VOLVE_DDR,15_9_F_12_2007_06_23.xml,XML_NODE_KEYWORD,MEDIUM
93254e89-d493-4237-b415-da59aece13a0,NO,NO 15/9-F-12,name 2007-06-22T17:30:00+02:00,name 2007-06-23T00:00:00+02:00,112,112,EQUIPMENT_FAILURE,"Raw water pumpe failed and left rig with only 1 out of 3 pumpes available. Due to the criticality of the pump delivering firewater, cooling water etc the drilling operation is postphoned until the pump is replaced. 

-Meanwhile held tool box meeting to install diverter elements. Removed master bushing and  replaced torn 22"" outer diverter elements by new 18"" elements.
-Meanwhile held tool box meeting prior to POOH. POOH with 8 1/2"" BHA from 212 m to 32 m.
-Meanwhile cleared rig floor before handling radioactive sources. Removed batteries.
- Meanwhile continued POOH to 17 m.",VOLVE_DDR,15_9_F_12_2007_06_23.xml,XML_NODE_KEYWORD,MEDIUM
9b7ecef0-b462-4fc6-ae36-a23f3dd094f4,NO,NO 15/9-F-12,name 2007-06-23T00:00:00+02:00,name 2007-06-23T04:00:00+02:00,8,8,NPT,"Waited on boat to arrive with raw water pump. Meanwhile continued to LO BHA from 17 m to surface. Cleaned and cleared rig floor of excess equipment. Lowered foldable finger board, changed inserts in fox hole and arranged equipment in set back prior to PU 3 1/2"" DP. Held tool box meeting prior to MU 3 1/2"" DP.",VOLVE_DDR,15_9_F_12_2007_06_24.xml,XML_NODE_KEYWORD,MEDIUM
b00914d0-9de1-466a-b279-81aa8e5465da,NO,NO 15/9-F-12,name 2007-06-23T06:00:00+02:00,name 2007-06-23T12:00:00+02:00,0,0,EQUIPMENT_FAILURE,"MU and RB 3 1/2"" DP. Meanwhile trouble-shooted raw water pump failure and performed rig maintenance, housekeeping and monitored well on trip tank. Found leak rate of 200 l/hour.",VOLVE_DDR,15_9_F_12_2007_06_24.xml,XML_NODE_KEYWORD,MEDIUM
47ff0b97-e495-4579-8753-f4646ce1407f,NO,NO 15/9-F-12,name 2007-06-23T12:00:00+02:00,name 2007-06-24T00:00:00+02:00,0,0,EQUIPMENT_FAILURE,"Waiting on trouble-shooting of raw water pump failure.

-Meanwhile removed master busing, installed 18"" and 10"" diverter inserts and re-installed master bushing.
-Meanwhile worked with mechanic on TDS.
-Meanwhile observed leak rate of 250 l/hour. Found leaking valve on flowline valve. Actuator misaligned and unable to fully close flowline 
-Meanwhile dumped pit 6 (active) and filled with fresh seawater. Dressed all 6 shakers with 20/80 mesh screens.",VOLVE_DDR,15_9_F_12_2007_06_24.xml,XML_NODE_KEYWORD,MEDIUM
a8bdb45e-9469-4557-a857-eec13848b271,NO,NO 15/9-F-12,name 2007-06-24T00:00:00+02:00,name 2007-06-24T06:00:00+02:00,0,0,EQUIPMENT_FAILURE,Waiting on trouble-shooting of raw water pump failure. Meanwhile worked on flowline valve and actuator and stopped observed leakage.,VOLVE_DDR,15_9_F_12_2007_06_25.xml,XML_NODE_KEYWORD,MEDIUM
62acfc7d-95af-4509-8aaa-34223359172f,NO,NO 15/9-F-12,name 2007-06-24T06:00:00+02:00,name 2007-06-24T19:00:00+02:00,0,0,MUD_LOSS,"Waiting of raw water pump repair. 

-Meanwhile performed rig maintenance, performed dropped object survey punch items and prepared equipment for 26"" section.
- Meanwhile monitored well on trip tank. Loss rate of approx. 100 l/hour recorded.
- Meanwhile performed man ride service on TDS  and 2 PRS and changed out valve on diverter system.
-Meanwhile had derrick inspection.",VOLVE_DDR,15_9_F_12_2007_06_25.xml,XML_NODE_KEYWORD,HIGH
53ba0d24-d253-4b51-96fc-41aeb0d3b9c8,NO,NO 15/9-F-12,name 2007-06-24T19:00:00+02:00,name 2007-06-25T00:00:00+02:00,246,246,EQUIPMENT_FAILURE,"Waiting of raw water pump repair. Meanwhile PU and RIH with 8 1/2"" pilot hole BHA to 246 m. Schlumberger fitted fresh batteries and loaded RA source.",VOLVE_DDR,15_9_F_12_2007_06_25.xml,XML_NODE_KEYWORD,MEDIUM
30fd712b-459f-4199-8edc-e5331c504193,NO,NO 15/9-F-12,name 2007-06-25T00:00:00+02:00,name 2007-06-25T00:15:00+02:00,251,251,EQUIPMENT_FAILURE,"Waiting of raw water pump repair. Meanwhile PU and RIH with 8 1/2"" pilot hole BHA from 246 to 251 m.",VOLVE_DDR,15_9_F_12_2007_06_26.xml,XML_NODE_KEYWORD,MEDIUM
a603215e-3132-4e92-99ca-992b8058e400,NO,NO 15/9-F-12,name 2007-06-25T01:30:00+02:00,name 2007-06-25T06:00:00+02:00,251,251,MUD_LOSS,"Pumped 27m3 1.60 sg mud at 2000 lpm, 110 bar and displaced out of bit using seawater. Flow checked well for 1 hour. Had stable loss rate of 120 l/hour eqvivalent to the loss rate monitored on the trip tank prior to the  FIT. Picked up 1 stand and circulated out upper part of 1.60 sg mud, 2000 lpm and 84.5 bar. RIH with 1 stand and circulated out remaining 1.60 sg mud.",VOLVE_DDR,15_9_F_12_2007_06_26.xml,XML_NODE_KEYWORD,HIGH
e0e3bcf2-051c-4358-877a-bbc95b27e1db,NO,NO 15/9-F-12,name 2007-06-25T12:30:00+02:00,name 2007-06-25T14:00:00+02:00,251,251,NPT,Flow checked well over trip tank while waiting on decision. Leakage stopped and well flow checked ok. Meanwhile performed general maintenance and houskeeping.,VOLVE_DDR,15_9_F_12_2007_06_26.xml,XML_NODE_KEYWORD,MEDIUM
22dcef8f-eab5-4997-acea-451809618bd2,NO,NO 15/9-F-12,name 2007-06-26T13:30:00+02:00,name 2007-06-26T14:30:00+02:00,578,578,MUD_LOSS,"MU TDS, rotated 10 rpm and flow checked well. Total loss 140 l over 1.5 hr. Meanwhile checked rollers and dies on AFT PRS.",VOLVE_DDR,15_9_F_12_2007_06_27.xml,XML_NODE_KEYWORD,HIGH
242e25ae-cc6b-4f76-8c84-e44e3af7d01f,NO,NO 15/9-F-12,name 2007-06-26T15:00:00+02:00,name 2007-06-27T00:00:00+02:00,251,251,EQUIPMENT_FAILURE,Trouble-shooted  and repaired flowline isolation valve. Meanwhile POOH from 578 m to shoe at 251 m.,VOLVE_DDR,15_9_F_12_2007_06_27.xml,XML_NODE_KEYWORD,MEDIUM
2e9d9a64-b982-471d-ba10-98c8493f6d1a,NO,NO 15/9-F-12,name 2007-06-27T00:00:00+02:00,name 2007-06-27T06:00:00+02:00,251,251,EQUIPMENT_FAILURE,Trouble-shooted  and repaired flowline isolation valve. Meanwhile performed general housekeeping.,VOLVE_DDR,15_9_F_12_2007_06_28.xml,XML_NODE_KEYWORD,MEDIUM
7c26c946-8ea2-4873-b5e1-45da2fc04f4e,NO,NO 15/9-F-12,name 2007-06-27T06:00:00+02:00,name 2007-06-27T15:30:00+02:00,251,251,MUD_LOSS,Repaired flowline isolation valve. Meanwhile performed general maintenance and housekeeping. Performed derrick inspection and monitored well on trip tank. Stable loss rate 170 l/hr (LPDR connector).,VOLVE_DDR,15_9_F_12_2007_06_28.xml,XML_NODE_KEYWORD,HIGH
911b8b45-b313-484d-b041-52632d4e389a,NO,NO 15/9-F-12,name 2007-06-27T20:30:00+02:00,name 2007-06-28T00:00:00+02:00,685,685,MUD_LOSS,"Drilled 8 1/2"" pilot hole from 618 m to 685 m, 2250 lpm/114 bar, 120 rpm/1-3 kNm, 1-3 MT wob, ECD 1.21-1.24 SG. Observed losses, 3 m3/15 min at 655 m. Circulated with reduced flow, 1800 lpm. Increased flow rate to 2250 lpm and observed loss of 200 l/min. Total loss was 10 m3.",VOLVE_DDR,15_9_F_12_2007_06_28.xml,XML_NODE_KEYWORD,HIGH
e4ed6b2d-491e-4c47-8204-a609c3ffd7b7,NO,NO 15/9-F-12,name 2007-06-28T00:00:00+02:00,name 2007-06-28T06:00:00+02:00,780,780,MUD_LOSS,"Drilled 8 1/2"" pilot hole from 685 m to 780 m, 2250 lpm/115 bar, 120 rpm/1-4 kNm, 1-3 MT wob, ECD 1.21-1.25 SG. Circulated and reamed one std every 3 hours due to high ECD reading of 1.27 SG. No loss observed.",VOLVE_DDR,15_9_F_12_2007_06_29.xml,XML_NODE_KEYWORD,HIGH
b526fbb0-0220-41b1-9710-04013ea2557d,NO,NO 15/9-F-12,name 2007-06-28T16:00:00+02:00,name 2007-06-28T18:30:00+02:00,890,890,MUD_LOSS,"Function tested flowline isolation valve 5 times. Displaced well to seawater, 2250 lpm/102 bar, 100 rpm/1-3 kNm. Flow checked well and observed loss of 500 l/hr. Observed increasing leak rate on connector using seawater.",VOLVE_DDR,15_9_F_12_2007_06_29.xml,XML_NODE_KEYWORD,HIGH
7995b8a1-a07d-44a8-8031-83bf86ddf716,NO,NO 15/9-F-12,name 2007-06-29T22:00:00+02:00,name 2007-06-30T00:00:00+02:00,1178,1178,NPT,Waiting on Geoservices to have their sensors reading data. Meanwhile reamed and circulated 2250 lpm/101 bar.,VOLVE_DDR,15_9_F_12_2007_06_30.xml,XML_NODE_KEYWORD,MEDIUM
69e4d01d-376c-487a-aad5-01a0959b2204,NO,NO 15/9-F-12,name 2007-06-30T00:00:00+02:00,name 2007-06-30T02:30:00+02:00,1178,1178,NPT,Waiting on Geoservices to have their sensors reading data. Meanwhile reamed and circulated 2250 lpm/101 bar.,VOLVE_DDR,15_9_F_12_2007_07_01.xml,XML_NODE_KEYWORD,MEDIUM
c9e0d42a-c193-46d4-92c7-eb66946be697,NO,NO 15/9-F-12,name 2007-07-03T17:30:00+02:00,name 2007-07-03T18:30:00+02:00,0,0,EQUIPMENT_FAILURE,Trouble-shooted and repaired PRS software failure.,VOLVE_DDR,15_9_F_12_2007_07_04.xml,XML_NODE_KEYWORD,MEDIUM
501b227c-878c-44a2-bc70-607223c29c73,NO,NO 15/9-F-12,name 2007-07-04T09:00:00+02:00,name 2007-07-04T23:00:00+02:00,251,251,NPT,POOH with cement stinger to shoe at 251 m due to upcoming other activity on rig: Waited on Siemens software downloading for process module due to by-passed ESD systems.,VOLVE_DDR,15_9_F_12_2007_07_05.xml,XML_NODE_KEYWORD,MEDIUM
324655a4-d730-4d08-ba9c-2de58e78c6ec,NO,NO 15/9-F-12,name 2007-07-05T09:30:00+02:00,name 2007-07-05T11:15:00+02:00,0,0,EQUIPMENT_FAILURE,"Changed out wash pipe and tested same to 275 bars. Meanwhile ROV repaired damage on 30"" housing.",VOLVE_DDR,15_9_F_12_2007_07_06.xml,XML_NODE_KEYWORD,MEDIUM
e66edbeb-799e-42fb-8b53-9d09de4b2d0b,NO,NO 15/9-F-12,name 2007-07-06T16:15:00+02:00,name 2007-07-06T18:15:00+02:00,376,376,EQUIPMENT_FAILURE,"Racked back one std due to ROV failure. Meanwhile circ at reduced rate 2013 lpm, 21.4 bars SPP. Inspected TDS. Terminated operation. Due to one double 3 ½"" DP came out of derrick single latch and leaned over the windwall across the drill floor. Meanwhile continued repairing ROV.",VOLVE_DDR,15_9_F_12_2007_07_07.xml,XML_NODE_KEYWORD,MEDIUM
e5cb0990-796f-4422-b085-7aa11dd253b0,NO,NO 15/9-F-12,name 2007-07-08T22:30:00+02:00,name 2007-07-09T00:00:00+02:00,1369,1369,NPT,Awaited GR/Res logs to be evaluated by duty Geologist. Meanwhile circulated well at 5478 lpm 213 bars. Continued as planned. TD confirmed to be at 1369m MD RKB.,VOLVE_DDR,15_9_F_12_2007_07_09.xml,XML_NODE_KEYWORD,MEDIUM
e1adfa45-8593-41ed-b211-1bcaf3b9603c,NO,NO 15/9-F-12,name 2007-07-12T07:00:00+02:00,name 2007-07-12T07:45:00+02:00,0,0,ABNORMAL_OPERATION,Troubleshoot problem w/casing tong,VOLVE_DDR,15_9_F_12_2007_07_13.xml,XML_NODE_KEYWORD,LOW
bbdc37c0-b60f-4aa8-83a1-2403cba91f24,NO,NO 15/9-F-12,name 2007-07-13T07:15:00+02:00,name 2007-07-13T10:15:00+02:00,1045,1045,ABNORMAL_OPERATION,"Continued RIH w/ 20"" CSG F/838m T/1045m. Tight spot F/923m T/937m, set off 7 - 10 MT and washed through. Started investigating problems with casing tong load sensor.",VOLVE_DDR,15_9_F_12_2007_07_14.xml,XML_NODE_KEYWORD,LOW
b02828bb-2cca-4d11-9bec-e0742827957b,NO,NO 15/9-F-12,name 2007-07-13T23:15:00+02:00,name 2007-07-14T00:00:00+02:00,1203,1203,ABNORMAL_OPERATION,"Picked up 18 3/4"" Subsea well head, attempted to make up same, had problems getting 18 3/4"" Subsea well head vertical without the possibility of damaging the threads.",VOLVE_DDR,15_9_F_12_2007_07_14.xml,XML_NODE_KEYWORD,LOW
5b2ecf14-859f-41aa-be94-066e43185deb,NO,NO 15/9-F-12,name 2007-07-14T12:30:00+02:00,name 2007-07-14T13:00:00+02:00,1262,1262,ABNORMAL_OPERATION,Problem with HTS software. Investigated same,VOLVE_DDR,15_9_F_12_2007_07_15.xml,XML_NODE_KEYWORD,LOW
f3d030d7-a362-49c2-9ef7-2a182c4aa5b1,NO,NO 15/9-F-12,name 2007-07-16T13:45:00+02:00,name 2007-07-16T14:00:00+02:00,0,0,NPT,"Waited on crane, due to helicopter crew change.",VOLVE_DDR,15_9_F_12_2007_07_17.xml,XML_NODE_KEYWORD,MEDIUM
a336e85d-4ae6-47fd-83b9-e4f736f7f347,NO,NO 15/9-F-12,name 2007-07-17T06:00:00+02:00,name 2007-07-17T07:00:00+02:00,0,0,NPT,Awaited for TBC to be stable prior to land same.,VOLVE_DDR,15_9_F_12_2007_07_18.xml,XML_NODE_KEYWORD,MEDIUM
16440e48-8cb4-4a0a-adb4-8af51cae2aac,NO,NO 15/9-F-12,name 2007-07-19T04:00:00+02:00,name 2007-07-19T05:00:00+02:00,200,200,EQUIPMENT_FAILURE,Repaired hydraulic hose and fitting.,VOLVE_DDR,15_9_F_12_2007_07_20.xml,XML_NODE_KEYWORD,MEDIUM
69e12fc9-4e8e-467b-b43d-edef6ab27d64,NO,NO 15/9-F-12,name 2007-07-19T09:45:00+02:00,name 2007-07-19T12:15:00+02:00,30,30,EQUIPMENT_FAILURE,Brought work basket to drillfloor. Prepared permit and repaired hose in dragchain.,VOLVE_DDR,15_9_F_12_2007_07_20.xml,XML_NODE_KEYWORD,MEDIUM
0b7d7a86-f3d0-46ae-a310-b7734d1b7dad,NO,NO 15/9-F-12,name 2007-07-19T12:15:00+02:00,name 2007-07-19T12:30:00+02:00,30,30,EQUIPMENT_FAILURE,Tested AFT PRS after repair. Found hose in dragchain to be thight but otherwise ok. Decided to use FWD PRS to continue RIH with WBRT/nominal seat protector.,VOLVE_DDR,15_9_F_12_2007_07_20.xml,XML_NODE_KEYWORD,MEDIUM
5a9edd19-0200-424a-b077-a6b40900e798,NO,NO 15/9-F-12,name 2007-07-20T07:15:00+02:00,name 2007-07-20T07:45:00+02:00,1100,1100,ABNORMAL_OPERATION,Connected TDS for test of MWD/LWD tools. Encountered problems with mudpumps #1 and #3 when bringing up the rate.,VOLVE_DDR,15_9_F_12_2007_07_21.xml,XML_NODE_KEYWORD,LOW
5f83d3af-15bc-43f9-b0df-b9ceac37d4e2,NO,NO 15/9-F-12,name 2007-07-20T07:45:00+02:00,name 2007-07-20T08:15:00+02:00,1100,1100,EQUIPMENT_FAILURE,Leakage observed on mudpump #1. Liner spray on mudpump #3 not working. Repaired mudpumps.,VOLVE_DDR,15_9_F_12_2007_07_21.xml,XML_NODE_KEYWORD,MEDIUM
fa616b5a-4f1f-4a98-860d-4a6d37117c3b,NO,NO 15/9-F-12,name 2007-07-20T14:45:00+02:00,name 2007-07-20T16:30:00+02:00,1319,1319,EQUIPMENT_FAILURE,"Continued repairing choke sensors. Meanwhile cleaned and tidied in Moonpool, shaker area and BOP control room.",VOLVE_DDR,15_9_F_12_2007_07_21.xml,XML_NODE_KEYWORD,MEDIUM
4646f1c1-769b-4b68-9f61-70e74864303e,NO,NO 15/9-F-12,name 2007-07-21T06:00:00+02:00,name 2007-07-21T07:00:00+02:00,1372,1372,ABNORMAL_OPERATION,"Drilled from 1367,5 m to 1372 m MD with reduced ROP due to problems with cold mud overflowing the shakers.",VOLVE_DDR,15_9_F_12_2007_07_22.xml,XML_NODE_KEYWORD,LOW
e13dcfec-6b0e-4d6b-b5ca-15989cd4a59a,NO,NO 15/9-F-12,name 2007-07-21T17:15:00+02:00,name 2007-07-21T18:45:00+02:00,1355,1355,EQUIPMENT_FAILURE,"Lined up pumps and flowline for drilling. Stepped up rate to 4500 lpm. Cycled flowrates 3800/4500 lpm to set Powerdrive according to instructions from DD. Fast procedure failed. Reverted to long procedure, Powerdrive set - ok.",VOLVE_DDR,15_9_F_12_2007_07_22.xml,XML_NODE_KEYWORD,MEDIUM
27d83ad9-1786-416f-9f74-5912626b2d0c,NO,NO 15/9-F-12,name 2007-07-22T00:00:00+02:00,name 2007-07-22T00:15:00+02:00,1436,1436,ABNORMAL_OPERATION,"Drilled 17 1/2"" section from 1431 m to 1436 m MD. Had to stop drilling due to prevailing problems with cuttings conveyer belt. Not able to restart belt.",VOLVE_DDR,15_9_F_12_2007_07_23.xml,XML_NODE_KEYWORD,LOW
2ada8e1b-fa3c-4e9c-8082-c151555551c3,NO,NO 15/9-F-12,name 2007-07-22T14:00:00+02:00,name 2007-07-22T15:30:00+02:00,1546,1546,EQUIPMENT_FAILURE,Attempted to unplug/clean conveyer belt - nogo. Decided to pull into casing shoe while making repairs and modifications to the conveyer belt system.,VOLVE_DDR,15_9_F_12_2007_07_23.xml,XML_NODE_KEYWORD,MEDIUM
e8232a7b-6664-4c3e-a7da-afd567e10d0e,NO,NO 15/9-F-12,name 2007-07-22T18:00:00+02:00,name 2007-07-22T19:00:00+02:00,1354,1354,MUD_LOSS,Lined up well on triptank. Changed from PS-30 to manual slips. Static losses approx 100 l/hrs.,VOLVE_DDR,15_9_F_12_2007_07_23.xml,XML_NODE_KEYWORD,HIGH
b8ba6cea-c4b8-4002-b1d9-7bb143923381,NO,NO 15/9-F-12,name 2007-07-22T19:00:00+02:00,name 2007-07-23T00:00:00+02:00,1354,1354,MUD_LOSS,"Made modifications to cuttings conveyer belt :
-Cut and fitted drainage hatch
-Prepared IBC underneath drain
-Fit bracket for flushing with fire hoses
-Narrowed orifice of discharge shute

Meanwhile serviced top drive. Tested path for cuttings transport and fluid discharge through the DCI system - ok.

Static losses 30 l/hrs.",VOLVE_DDR,15_9_F_12_2007_07_23.xml,XML_NODE_KEYWORD,HIGH
8862e37e-0cda-43da-b918-37135a432f4d,NO,NO 15/9-F-12,name 2007-07-23T06:00:00+02:00,name 2007-07-23T23:00:00+02:00,1859,1859,ABNORMAL_OPERATION,"Drilled 17 1/2"" hole section from 1546 m to 1859 m MD. Driling parameters : Flow 4500 lpm / SPP 248 bar / 180 rpm / 3-5 MT WOB / Torque 14-23 kNm / ECD 1,37-1,38.

Took surveys on connections. Reamed stand before connections. Downlinked Powerdrive at 10:15. 

Experienced problems with Mudpump #2.",VOLVE_DDR,15_9_F_12_2007_07_24.xml,XML_NODE_KEYWORD,LOW
9c86af28-7317-4027-b8cf-6330be9cc9d5,NO,NO 15/9-F-12,name 2007-07-23T23:00:00+02:00,name 2007-07-24T00:00:00+02:00,1859,1859,EQUIPMENT_FAILURE,"Mud pump #1 down failed, washout in valve seat, shut down pump. Mud pump #1 also out of service. Had to stop drilling. Reciprocated on stand while working on mud pump #2.",VOLVE_DDR,15_9_F_12_2007_07_24.xml,XML_NODE_KEYWORD,MEDIUM
caaeb222-b932-4f4c-a1b6-e03fb4c43d13,NO,NO 15/9-F-12,name 2007-07-25T00:00:00+02:00,name 2007-07-25T03:30:00+02:00,2146,2146,ABNORMAL_OPERATION,"Drilled 17 1/2"" hole section from 2080 m to 2146 m MD. Drilling parameters : Flow 4500 lpm / SPP 258 bar / 180 rpm / 3-4 MT WOB /  23 kNm / ECD 1,37-1,38. Downlinked Powerdrive as required. Performed pit drill at 02:00. Bled 2-3 m3 mud into active. Good response from driller and Geoservice. Experienced problems with mud pumps, standpipe pressure eratic and lower than before.",VOLVE_DDR,15_9_F_12_2007_07_26.xml,XML_NODE_KEYWORD,LOW
d78cfc87-efd8-45d0-90e1-2b32dc21f2cf,NO,NO 15/9-F-12,name 2007-07-25T03:30:00+02:00,name 2007-07-25T04:15:00+02:00,2150,2150,ABNORMAL_OPERATION,"Troubleshot problems with mudpumps, isolated one pump at the time. Problem with mud pump #2, took pump out of service. Attempted to drill ahead using mud pump #1 and #3. Got problem with mud pump #1.",VOLVE_DDR,15_9_F_12_2007_07_26.xml,XML_NODE_KEYWORD,LOW
bd0c5299-dea6-4248-8a48-eadde9cc7c99,NO,NO 15/9-F-12,name 2007-07-26T03:00:00+02:00,name 2007-07-26T04:00:00+02:00,2417,2417,ABNORMAL_OPERATION,"Due to decreasing ROP, picked 0,3 m off bottom to clean the bit. Increased pump rate to 4700 lpm and rotated at 220 rpm and held for 10 mins. Got problems with mud pump #3, took pump out of service, reciprocated on stand pumping 2000 lpm. Lined up mud pump #2. RIH and stepped up pumps to 4500 lpm for commencement of drilling.",VOLVE_DDR,15_9_F_12_2007_07_27.xml,XML_NODE_KEYWORD,LOW
b59725a8-7eca-48fb-9965-e05877e817aa,NO,NO 15/9-F-12,name 2007-07-26T06:00:00+02:00,name 2007-07-26T14:30:00+02:00,2486,2486,ABNORMAL_OPERATION,"Continued drilling 17 1/2"" section from 2438 m to 2486 m MD. Drilling paramaters : Flow 4500 lpm / SPP 272-280 bar / 150-180 rpm / 13-15 MT WOB / Torque 17-24 kNm / ECD 1,37. Took survey and reamed singel on connection.

Got problems with mud pumps #2 and #3.",VOLVE_DDR,15_9_F_12_2007_07_27.xml,XML_NODE_KEYWORD,LOW
dca10075-676b-4ecb-baab-7007691ed3ba,NO,NO 15/9-F-12,name 2007-07-28T02:15:00+02:00,name 2007-07-28T03:45:00+02:00,1661,1661,STUCK_PIPE,"Due to pack off tendencies at 1661 m MD, increasing ECD > 1,40 and increasing cuttings trend over shakers => Reciprocated and circulated on stand at 4500 lpm / 20 rpm. Decreased ECD from 1,402 to 1,390 with continuous flow of cuttings over shakers.",VOLVE_DDR,15_9_F_12_2007_07_29.xml,XML_NODE_KEYWORD,HIGH
daa0c8d9-ab1d-4ac5-9458-5c4639e966c6,NO,NO 15/9-F-12,name 2007-07-29T07:45:00+02:00,name 2007-07-29T10:15:00+02:00,40,40,ABNORMAL_OPERATION,Held toolbox talk. Transferred and installed RA source in ADN tool using tranfer shield and transfer rod. Had problems to function fingers on collar fingerboard.,VOLVE_DDR,15_9_F_12_2007_07_30.xml,XML_NODE_KEYWORD,LOW
9c2faa22-405c-4185-9776-782f947d906b,NO,NO 15/9-F-12,name 2007-07-29T16:30:00+02:00,name 2007-07-29T18:30:00+02:00,1031,1031,KICK,"RIH with 17 1/2"" drilling BHA on 5 1/2"" DP/HWDP from 200 m to 1031 m MD. Had problems with fingerboard. Meanwhile performed well control drill.",VOLVE_DDR,15_9_F_12_2007_07_30.xml,XML_NODE_KEYWORD,HIGH
5858155f-e679-45b5-bddb-00f08ba764eb,NO,NO 15/9-F-12,name 2007-07-30T07:00:00+02:00,name 2007-07-30T08:45:00+02:00,2535,2535,EQUIPMENT_FAILURE,"Continued drilling 17 1/2"" hole from 2523,5 m to 2535 m MD. Drilling parameters : Flow 4500 lpm / SPP 282 bar / 180 rpm / 20 MT WOB /  Torque 24 kNm / ECD 1,38. ROP 5 m/hrs. Failure on mud pump #1 and mud pump #3.",VOLVE_DDR,15_9_F_12_2007_07_31.xml,XML_NODE_KEYWORD,MEDIUM
04e17616-fad2-423c-bcf8-d92f8d19384a,NO,NO 15/9-F-12,name 2007-07-30T12:00:00+02:00,name 2007-07-30T12:15:00+02:00,2541,2541,MUD_LOSS,Checked for losses - ok.,VOLVE_DDR,15_9_F_12_2007_07_31.xml,XML_NODE_KEYWORD,HIGH
e68c344d-148c-48e4-9f4f-736b44c6e732,NO,NO 15/9-F-12,name 2007-07-30T14:00:00+02:00,name 2007-07-30T14:15:00+02:00,2548,2548,MUD_LOSS,Checked for losses - ok.,VOLVE_DDR,15_9_F_12_2007_07_31.xml,XML_NODE_KEYWORD,HIGH
18c44282-4c47-4b55-a6d8-951a374d66ca,NO,NO 15/9-F-12,name 2007-07-30T14:15:00+02:00,name 2007-07-30T21:45:00+02:00,2569,2569,MUD_LOSS,"Continued drilling 17 1/2"" hole from 2548 m to 2569 m MD. Drilling parameters : Flow 4500 lpm / SPP 272-280 bar / 180 rpm / 12-18 MT WOB /  Torque 24 kNm / ECD 1,37. ROP 1-2 m/hrs. Had drilling break at 2569 m MD, ROP increased to 10 m/hrs over 0,8 m drilled, then decreased again. Dynamic losses of 1-2 m3/hrs. Encountered erratic data on incl. azim. sensor on powerdrive.",VOLVE_DDR,15_9_F_12_2007_07_31.xml,XML_NODE_KEYWORD,HIGH
d978968e-dcfb-4107-815c-47680c311874,NO,NO 15/9-F-12,name 2007-07-30T21:45:00+02:00,name 2007-07-30T23:30:00+02:00,2572.5,2572.5,MUD_LOSS,"Drilled 17 1/2"" hole from 2569 to 2572,5 m MD. Drilling parameters : Flow 4500 lpm / SPP 282 bar / 180 rpm / 12 MT WOB /  Torque 24 kNm / ECD 1,37.  ROP 1-2 m/hrs. Log response indicating top of Ty penetrated. Dynamic losses approx 3 m3/hrs. Lost connection with PowerDrive sensors, incl, az, GR.",VOLVE_DDR,15_9_F_12_2007_07_31.xml,XML_NODE_KEYWORD,HIGH
a3c962b9-3c77-4a19-907b-1a0ee9048a05,NO,NO 15/9-F-12,name 2007-07-31T00:00:00+02:00,name 2007-07-31T01:00:00+02:00,2572.5,2572.5,MUD_LOSS,"Circulated bottoms up at 4500 lpm to obtain bottom sample. Dynamic losses 1,8 m3/hrs.",VOLVE_DDR,15_9_F_12_2007_08_01.xml,XML_NODE_KEYWORD,HIGH
679d0269-3c61-46af-8a35-4eb3590ad993,NO,NO 15/9-F-12,name 2007-07-31T01:30:00+02:00,name 2007-07-31T03:00:00+02:00,2529,2529,MUD_LOSS,"Lined up pumps to pump Calcarb/Graphite LCM pill down drillstring. Pumped 19 m3 LCM pill at 2000 lpm while rotating 30 rpm. Spotted pill from 2572,5 m MD to 2567 m MD. Broke connection and spotted pill from 2567 m to 2529 m MD. Checked for losses - no static losses.",VOLVE_DDR,15_9_F_12_2007_08_01.xml,XML_NODE_KEYWORD,HIGH
a845bf4a-80d7-4824-b30b-e7312e1078a6,NO,NO 15/9-F-12,name 2007-07-31T03:00:00+02:00,name 2007-07-31T05:00:00+02:00,2529,2529,MUD_LOSS,"Cirulated well clean. Stepped up pumps to 4500 lpm and reciprocated on stand with 120/180 rpm rotation. Reset Powerdrive according to instructions from DD. Dynamic losses 0,5 m3/hrs.",VOLVE_DDR,15_9_F_12_2007_08_01.xml,XML_NODE_KEYWORD,HIGH
ecda2d5a-d801-4335-9701-8c17ad162109,NO,NO 15/9-F-12,name 2007-07-31T14:45:00+02:00,name 2007-07-31T15:45:00+02:00,830,830,ABNORMAL_OPERATION,"POOH with 17 1/2"" drilling BHA on 5 1/2"" DP from 1357 m to 830 m MD. Got problems with iron roughneck.",VOLVE_DDR,15_9_F_12_2007_08_01.xml,XML_NODE_KEYWORD,LOW
1dc8f58b-f7f6-4ee6-9b47-d44ee1a4a02b,NO,NO 15/9-F-12,name 2007-07-31T15:45:00+02:00,name 2007-07-31T18:00:00+02:00,830,830,EQUIPMENT_FAILURE,Repaired bursted hydraulic hose in iron roughneck dragchain,VOLVE_DDR,15_9_F_12_2007_08_01.xml,XML_NODE_KEYWORD,MEDIUM
1297c5d3-d635-47c4-9d37-f68349132540,NO,NO 15/9-F-12,name 2007-08-02T17:00:00+02:00,name 2007-08-02T17:30:00+02:00,1357,1357,MUD_LOSS,"Circulated at 20"" shoe at 1357 m. Pumped 220 lpm and broke circulation at 48 bar. Increased pump rate to max 1500 lpm. No losses. Meanwhile serviced casing running equipment and cleared floor of protectors. Up weight 221 MT/ down weight 201 MT.",VOLVE_DDR,15_9_F_12_2007_08_03.xml,XML_NODE_KEYWORD,HIGH
2dcf3afa-5f6b-408a-8589-b7e836173417,NO,NO 15/9-F-12,name 2007-08-04T00:00:00+02:00,name 2007-08-04T06:00:00+02:00,2514.5,2514.5,MUD_LOSS,"Continued to work through tight spot and washed 14"" casing down from 2513.5 m to 2514.5 m MD, 1400-2000 lpm, 20-40 bar, 20-45 MT down weight. Max allowed pressure was 55 bar. Observed loss at 2000 lpm.",VOLVE_DDR,15_9_F_12_2007_08_05.xml,XML_NODE_KEYWORD,HIGH
a5c184f8-4c6a-4211-b2bc-4b4406eb98f3,NO,NO 15/9-F-12,name 2007-08-04T23:00:00+02:00,name 2007-08-05T00:00:00+02:00,2506.2,2506.2,MUD_LOSS,"Circulated one csg volume of 1.35 sg WBM using rig pumps, 2300 lpm and 36 bar. Meanwhile RU cmt hoses and held tool box meeting prior to cmt job. Decreased flow to 2190 lpm and 35 bar loss free rate.",VOLVE_DDR,15_9_F_12_2007_08_05.xml,XML_NODE_KEYWORD,HIGH
eb544aaa-3b4f-4a4d-a9a0-a006dde62349,NO,NO 15/9-F-12,name 2007-08-11T19:15:00+02:00,name 2007-08-12T00:00:00+02:00,2576,2576,EQUIPMENT_FAILURE,"Trouble shot MWD transmission failure. Worked mud pumps at different rates and different configurations while rotated and resiprocated pipe.  Bleed down and increased pressure on pulsation dampners, 300 psi/1100 psi. Closed one stand pipe. Managed to get good signal.",VOLVE_DDR,15_9_F_12_2007_08_12.xml,XML_NODE_KEYWORD,MEDIUM
7ef62763-ae9a-4602-94c7-5e71c1a1ba1f,NO,NO 15/9-F-12,name 2007-08-12T00:00:00+02:00,name 2007-08-12T01:15:00+02:00,2576,2576,EQUIPMENT_FAILURE,Continued to trouble shoot MWD transmision failure. Down linked tool to 3 bit signal density. Started with bit on bottom and reduced pump rate to keep tool in sync. Got good signal with valid drilling parameters.,VOLVE_DDR,15_9_F_12_2007_08_13.xml,XML_NODE_KEYWORD,MEDIUM
b2c8dc0c-6141-4426-9147-a59297c730a6,NO,NO 15/9-F-12,name 2007-08-12T01:15:00+02:00,name 2007-08-12T04:15:00+02:00,2616,2616,MUD_LOSS,"Drilled 12 1/4"" hole from 2576 m to 2616 m MD with 1.35 sg OBM, 3340 lpm, 200 bar, 180 rpm, 30 kNm, 2-3 MT WOB, ECD 1.365, ROP 20-25 m/hr. Down linked and performed survey as required. PU off bottom and observed well for losses at 2607 m. Well was static.",VOLVE_DDR,15_9_F_12_2007_08_13.xml,XML_NODE_KEYWORD,HIGH
674aa49c-1d65-44c4-a0d6-87c32b084d1a,NO,NO 15/9-F-12,name 2007-08-12T07:15:00+02:00,name 2007-08-12T08:30:00+02:00,2647,2647,MUD_LOSS,Reamed from 2646 m to 2610 m while MWD had signal loss.,VOLVE_DDR,15_9_F_12_2007_08_13.xml,XML_NODE_KEYWORD,HIGH
62dba7b1-76da-4575-8756-2cb7719d50f6,NO,NO 15/9-F-12,name 2007-08-12T22:30:00+02:00,name 2007-08-13T00:00:00+02:00,2619,2619,ABNORMAL_OPERATION,"Had problems down linking to Stetho Scope. Made 3 attempts, recycled tool, down linked to sleep mode and back and worked with different flow rates before the tool took the command.",VOLVE_DDR,15_9_F_12_2007_08_13.xml,XML_NODE_KEYWORD,LOW
0a6b2e92-0ece-49fb-b986-85c48b3a3edb,NO,NO 15/9-F-12,name 2007-08-13T07:30:00+02:00,name 2007-08-13T12:30:00+02:00,2771,2771,EQUIPMENT_FAILURE,RB one std and repaired damaged die carriers on TDS.,VOLVE_DDR,15_9_F_12_2007_08_14.xml,XML_NODE_KEYWORD,MEDIUM
3c12d51a-3640-4e61-ad64-13375edbf590,NO,NO 15/9-F-12,name 2007-08-13T19:00:00+02:00,name 2007-08-13T19:30:00+02:00,2811,2811,ABNORMAL_OPERATION,Had problem with PRS ZMS system. Circulated while rectifying problem.,VOLVE_DDR,15_9_F_12_2007_08_14.xml,XML_NODE_KEYWORD,LOW
c763531a-ab45-4e1c-9bc7-4e6c2e9096f4,NO,NO 15/9-F-12,name 2007-08-14T19:45:00+02:00,name 2007-08-14T23:45:00+02:00,2963,2963,EQUIPMENT_FAILURE,Trouble shot MWD transmission failure. Worked mud pumps at different rates and different configurations while rotated and resiprocated pipe. Down linked tool to 3 bit signal density. Started with bit on bottom and reduced pump rate to keep tool in sync. Got good signal with valid drilling parameters.,VOLVE_DDR,15_9_F_12_2007_08_15.xml,XML_NODE_KEYWORD,MEDIUM
714a023f-4dbd-4548-9142-4e1e37cb54e1,NO,NO 15/9-F-12,name 2007-08-21T22:00:00+02:00,name 2007-08-21T23:45:00+02:00,1586,1586,ABNORMAL_OPERATION,"Trouble shot PS-21 slips, could not rectify problem in table, changed out slips to PS-30 slips.",VOLVE_DDR,15_9_F_12_2007_08_22.xml,XML_NODE_KEYWORD,LOW
ccc25677-8cf7-43e3-bd43-c5b4e126c960,NO,NO 15/9-F-12,name 2007-08-25T11:30:00+02:00,name 2007-08-25T11:45:00+02:00,3109,3109,KICK,"Dropped 2 3/4"" drift. Performed kick drill. Flow checked well, well static.",VOLVE_DDR,15_9_F_12_2007_08_26.xml,XML_NODE_KEYWORD,HIGH
a2bc354b-6776-4514-8377-012284eb5cc0,NO,NO 15/9-F-12,name 2007-08-25T15:15:00+02:00,name 2007-08-25T16:30:00+02:00,1748,1748,ABNORMAL_OPERATION,Investigated problem with draw work brake.,VOLVE_DDR,15_9_F_12_2007_08_26.xml,XML_NODE_KEYWORD,LOW
4ef61700-542f-4a09-858b-759e7864edaf,NO,NO 15/9-F-12,name 2007-08-25T17:00:00+02:00,name 2007-08-25T20:00:00+02:00,130,130,ABNORMAL_OPERATION,"Changed out to 5"" DP handling equipment. Continued POOH from 1586 to 130m. Rectified problem with draw work.",VOLVE_DDR,15_9_F_12_2007_08_26.xml,XML_NODE_KEYWORD,LOW
45763bcb-2b2f-47ea-ba33-7c997d0032c1,NO,NO 15/9-F-12,name 2007-08-26T07:00:00+02:00,name 2007-08-26T11:30:00+02:00,440,440,ABNORMAL_OPERATION,"Held tool box talk with day shift prior to RIH w/ 7"" liner.  Continued RIH w/ 7"" liner from 147m to 440m, filling every 5th. joint. Problem M/U 7"" liner joints.",VOLVE_DDR,15_9_F_12_2007_08_27.xml,XML_NODE_KEYWORD,LOW
2deadd26-0486-4b20-9ded-dbe05ccdc904,NO,NO 15/9-F-12,name 2007-08-27T07:30:00+02:00,name 2007-08-27T09:45:00+02:00,3519,3519,MUD_LOSS,"Pumped 15 m³ of 1.65 SG Tuned Spacer E+ at 1500 lpm with the mud pumps. Closed Top Drive IBOP. Maintained 20 bar above IBOP. Dropped bottom DPD #1 dart, good indication with flag. 
Pumped 12.7 m³ 1.90 SG cement slurry at 800 lpm, rotating the string 20 rpm 16-19 kNm. Displaced cement line to rig floor w/ 890 l fresh water.
Dropped DPD #2 dart for releasing wiper plug. Displace cement with 41.5 m³ (1893 strokes) OBM at 1500 lpm, 20 rpm string rotation. Had max 25 kNm . Wiper plug bumped @ 1893 stroks, applied 170 bars to Wiper plug for verification. Bled off pressure and checked for backflow. No losses during the entire cement job.",VOLVE_DDR,15_9_F_12_2007_08_28.xml,XML_NODE_KEYWORD,HIGH
cf960611-a9b9-4eb4-b513-2b7fdfb7a5f1,NO,NO 15/9-F-12,name 2007-09-05T12:45:00+02:00,name 2007-09-05T13:45:00+02:00,2350,2350,EQUIPMENT_FAILURE,Repaired hydraulic leak on aft PRS.,VOLVE_DDR,15_9_F_12_2007_09_06.xml,XML_NODE_KEYWORD,MEDIUM
c52c3d95-1c39-4745-a1ca-66aba27e8ab7,NO,NO 15/9-F-12,name 2007-09-05T21:00:00+02:00,name 2007-09-06T00:00:00+02:00,0,0,EQUIPMENT_FAILURE,"Laid down WBRRT. Installed swedge and tested IBOP valves on TDS and standpipe valve to 35/345 bar 5/10 mins. 

Meanwhile :
-Backloaded used casing. Loaded, tallied and laid out new casing in stb pipedeck bays. 
-Repaired hydraulic hose on topdrive
-Tested valves on kill manifold to 35/345 bar 5/10 mins.",VOLVE_DDR,15_9_F_12_2007_09_06.xml,XML_NODE_KEYWORD,MEDIUM
e40a809d-e664-473d-a91b-bc2419099055,NO,NO 15/9-F-12,name 2007-09-06T14:30:00+02:00,name 2007-09-06T15:00:00+02:00,7,7,ABNORMAL_OPERATION,"Held toolbox talk prior to running 9 5/8"" x 10 3/4"" tie-back casing. Picked up seal stem assy. Commenced to run in hole with 9 5/8"" casing. Got problem closing/functioning elevator. Halted operations to remedy situation.",VOLVE_DDR,15_9_F_12_2007_09_07.xml,XML_NODE_KEYWORD,LOW
d3a96b27-8e5a-48ae-a16a-5f9572d6d451,NO,NO 15/9-F-12,name 2007-09-07T07:30:00+02:00,name 2007-09-07T14:45:00+02:00,1505,1505,ABNORMAL_OPERATION,"Held toolbox meeting prior to running 10 3/4"" tie-back casing. Ran 10 3/4"" casing from 796 m to 1505 m MD. Average running speed 8 jnts/hr. Experienced problems with HTS conveyer belt.",VOLVE_DDR,15_9_F_12_2007_09_08.xml,XML_NODE_KEYWORD,LOW
2d8d8412-7ea8-4c5e-ad14-498e16d13ca0,NO,NO 15/9-F-12,name 2007-09-07T14:45:00+02:00,name 2007-09-07T16:30:00+02:00,1505,1505,EQUIPMENT_FAILURE,Repaired conveyer belt.,VOLVE_DDR,15_9_F_12_2007_09_08.xml,XML_NODE_KEYWORD,MEDIUM
0be729eb-f51b-484a-8b23-5e5d4b093251,NO,NO 15/9-F-12,name 2007-09-07T20:00:00+02:00,name 2007-09-07T20:30:00+02:00,1920,1920,ABNORMAL_OPERATION,Mærsk ET techican fixed problem on software.,VOLVE_DDR,15_9_F_12_2007_09_08.xml,XML_NODE_KEYWORD,LOW
ba6e1439-f1cc-4013-8c1e-392ce933f48b,NO,NO 15/9-F-12,name 2007-09-09T07:00:00+02:00,name 2007-09-09T11:30:00+02:00,0,0,STUCK_PIPE,"Attempted to pull diverter - nogo - stuck in diverter housing. Removed lid to access lock dogs. Inspected locks and found chunks of metal in cavities, verified lock dogs free to move. Adjusted elevation. Worked diverter up and down. Diverter came free. Lifted out and set down on  drillfloor.",VOLVE_DDR,15_9_F_12_2007_09_10.xml,XML_NODE_KEYWORD,HIGH
678ea27f-2c9d-41f8-be8b-0d37376cfd3c,NO,NO 15/9-F-12,name 2007-09-10T06:00:00+02:00,name 2007-09-10T06:30:00+02:00,0,0,ABNORMAL_OPERATION,Continued nippling down BOP. Prepared for skidding BOP. Got problems with hydraulics on BOP trolley.,VOLVE_DDR,15_9_F_12_2007_09_11.xml,XML_NODE_KEYWORD,LOW
163717a9-241a-4249-b058-94808ec9f6ac,NO,NO 15/9-F-12,name 2007-09-10T06:30:00+02:00,name 2007-09-10T07:15:00+02:00,0,0,ABNORMAL_OPERATION,Troubleshot problems with BOP trolley.,VOLVE_DDR,15_9_F_12_2007_09_11.xml,XML_NODE_KEYWORD,LOW
3ff7c706-d971-4a04-9091-489bc6269b1d,NO,NO 15/9-F-12,name 2007-09-11T06:45:00+02:00,name 2007-09-11T07:45:00+02:00,0,0,NPT,Waited on weather.,VOLVE_DDR,15_9_F_12_2007_09_12.xml,XML_NODE_KEYWORD,MEDIUM
fd3cd49d-5f10-4dec-af49-a05bb24bc363,NO,NO 15/9-F-12,name 2007-09-14T04:30:00+02:00,name 2007-09-14T05:00:00+02:00,139,139,ABNORMAL_OPERATION,Software problem on TDS (drawworks).,VOLVE_DDR,15_9_F_12_2007_09_15.xml,XML_NODE_KEYWORD,LOW
2aab7003-b890-4451-b540-4bccf5b26382,NO,NO 15/9-F-12,name 2008-01-03T17:30:00+01:00,name 2008-01-03T18:00:00+01:00,0,0,KICK,Cleared rigfloor. Prepared well control equipment.,VOLVE_DDR,15_9_F_12_2008_01_04.xml,XML_NODE_KEYWORD,HIGH
a1910b89-839c-44e4-a559-59a64027b382,NO,NO 15/9-F-12,name 2008-01-03T21:45:00+01:00,name 2008-01-03T22:30:00+01:00,425,425,KICK,Made up kick joint with FOSV and tested same - ok.,VOLVE_DDR,15_9_F_12_2008_01_04.xml,XML_NODE_KEYWORD,HIGH
ae587a78-1fde-4204-a6db-9b63912587aa,NO,NO 15/9-F-12,name 2008-01-04T09:15:00+01:00,name 2008-01-04T09:45:00+01:00,2290,2290,EQUIPMENT_FAILURE,Investigated situation. Found 3 ea hose bundle securing pins dropped to rigfloor. Each pin approx 20 cm / 220 grammes. Halted operation as it was impossible to repair the damage due to high winds.,VOLVE_DDR,15_9_F_12_2008_01_05.xml,XML_NODE_KEYWORD,MEDIUM
d3f5b2ec-32ea-4570-ae9d-d74f69c89f37,NO,NO 15/9-F-12,name 2008-01-04T09:45:00+01:00,name 2008-01-05T00:00:00+01:00,2290,2290,EQUIPMENT_FAILURE,"Waiting on improved weather conditions to perform repair on FWD PRS. Wind speed 60 knots.

Meanwhile :
-Performed general maintenance on aft IR
-Performed general housekeeping and cleaning in moonpool, rigfloor, shakers and pitroom
-Put protectors on pin end of 7"" tubing laid out on deck",VOLVE_DDR,15_9_F_12_2008_01_05.xml,XML_NODE_KEYWORD,MEDIUM
76e38ade-8e48-4a19-8c91-e1c93a7721a3,NO,NO 15/9-F-12,name 2008-01-05T00:00:00+01:00,name 2008-01-05T06:00:00+01:00,2335,2335,EQUIPMENT_FAILURE,"Waiting on improved weather conditions to perform repair on FWD PRS. Wind speed 60-70 knots.

Meanwhile :
-Performed general housekeeping 
-Secured drillstring and parked TDS for maintenance
-Injected slop in F-12 annulus
-Prepared spare parts and tools for performing PRS repair
-Inspected and tested completion assemblies",VOLVE_DDR,15_9_F_12_2008_01_06.xml,XML_NODE_KEYWORD,MEDIUM
df505c62-0e29-481b-bcf6-9be1098a2377,NO,NO 15/9-F-12,name 2008-01-05T06:00:00+01:00,name 2008-01-05T12:30:00+01:00,2335,2335,EQUIPMENT_FAILURE,"Waitied on improved weather conditions to perform inspection and repair of FWD PRS.

Meanwhile :
-Performed general cleaning in moonpool, pitroom and shakers
-Injected slop/overflush in F-12 annulus. Insufficient overflush due to exceeded pressure limit.",VOLVE_DDR,15_9_F_12_2008_01_06.xml,XML_NODE_KEYWORD,MEDIUM
c0942232-a34a-4c6b-aeb4-41e7a79a2196,NO,NO 15/9-F-12,name 2008-01-05T14:00:00+01:00,name 2008-01-05T17:00:00+01:00,2335,2335,EQUIPMENT_FAILURE,Inspected FWD PRS. Dragchain and hoses were severly twisted and partly torn down. Assessed situation and found damage to severe for immediate repair. Prepared for making repairs on AFT PRS instead.,VOLVE_DDR,15_9_F_12_2008_01_06.xml,XML_NODE_KEYWORD,MEDIUM
da5e1226-57b2-4a59-afb6-18bacdf5a820,NO,NO 15/9-F-12,name 2008-01-05T20:00:00+01:00,name 2008-01-06T00:00:00+01:00,2335,2335,NPT,"Waited on improved weather condtions and/or qualified rest for scaffolding crew.

Meanwhile :
-Changed oil cooler on TDS
-Performed general cleaning in moonpool, pitroom and shakers",VOLVE_DDR,15_9_F_12_2008_01_06.xml,XML_NODE_KEYWORD,MEDIUM
9fb73c29-f0b4-4a11-95df-778637c5b8fd,NO,NO 15/9-F-12,name 2008-01-06T00:00:00+01:00,name 2008-01-06T06:00:00+01:00,2335,2335,NPT,"Waited on qualified rest for scaffolding crew.

Meanwhile :
-Changed oil cooler on TDS
-Brought scaffolding material to derrick
-Emptied skimmer tank
-Made measurements for spare parts on FWD PRS
-Checked and measured completion assemblies",VOLVE_DDR,15_9_F_12_2008_01_07.xml,XML_NODE_KEYWORD,MEDIUM
69f8d99a-35b8-4a24-83f3-a6f894299902,NO,NO 15/9-F-12,name 2008-01-06T17:00:00+01:00,name 2008-01-06T17:30:00+01:00,2335,2335,MUD_LOSS,Held toolbox talk. Installed canvas around scaffolding. Prepared for installing security net. Had to abort manriding operations due to maintenance of Siemens system and risk of main power loss.,VOLVE_DDR,15_9_F_12_2008_01_07.xml,XML_NODE_KEYWORD,HIGH
b3dafe27-554c-401c-93b9-fde9edd92b9c,NO,NO 15/9-F-12,name 2008-01-07T00:00:00+01:00,name 2008-01-07T06:00:00+01:00,2335,2335,NPT,"Waited on qualified rest for scaffolding crews.

Meanwhile :
-Continued rigging down security net
-Performed service on TDS
-Tested MS-seal setting tool
-General houskeeipng in drilling areas",VOLVE_DDR,15_9_F_12_2008_01_08.xml,XML_NODE_KEYWORD,MEDIUM
eace1ea7-dae0-409f-8204-f08db07f7732,NO,NO 15/9-F-12,name 2008-01-07T12:30:00+01:00,name 2008-01-07T16:00:00+01:00,2335,2335,EQUIPMENT_FAILURE,Performed repair work on AFT PRS upper drive. Meanwhile tested Siemens/ESD system.,VOLVE_DDR,15_9_F_12_2008_01_08.xml,XML_NODE_KEYWORD,MEDIUM
e95487db-ded9-4d74-a28d-7d05c8854e5c,NO,NO 15/9-F-12,name 2008-01-07T16:00:00+01:00,name 2008-01-07T21:30:00+01:00,2335,2335,EQUIPMENT_FAILURE,Not able to do effective/continuous repair of AFT PRS due to interruptions in power supply from ongoing test of Siemens/ESD system.,VOLVE_DDR,15_9_F_12_2008_01_08.xml,XML_NODE_KEYWORD,MEDIUM
c4351e10-b1ac-4338-b5e6-66ce98cf6aa1,NO,NO 15/9-F-12,name 2008-01-08T00:00:00+01:00,name 2008-01-08T02:00:00+01:00,2335,2335,EQUIPMENT_FAILURE,Performed repair work on AFT PRS upper drive. Meanwhile removed cantilever hatch and prepared for lifting Xmas tree from transport basket to moonpool.,VOLVE_DDR,15_9_F_12_2008_01_09.xml,XML_NODE_KEYWORD,MEDIUM
9a74c206-b943-4f73-b322-66a37f134262,NO,NO 15/9-F-12,name 2008-01-08T02:00:00+01:00,name 2008-01-08T02:30:00+01:00,2335,2335,EQUIPMENT_FAILURE,Function pipe rams and HCR's on BOP - ok. Function tested annular preventer - closing time 42 sec versus requirement of 30 s. Meanwhile performed repair work on AFT PRS upper drive.,VOLVE_DDR,15_9_F_12_2008_01_09.xml,XML_NODE_KEYWORD,MEDIUM
f1e8f07f-703a-45df-9eb2-ceeb64880f42,NO,NO 15/9-F-12,name 2008-01-08T02:30:00+01:00,name 2008-01-08T06:00:00+01:00,2335,2335,EQUIPMENT_FAILURE,"Performed repair work on AFT PRS upper drive.

Meanwhile :
-Lifted Xmas tree from moonpool
-Prepared hose from moonpool to wellhead
-Laid out 7"" pup joints",VOLVE_DDR,15_9_F_12_2008_01_09.xml,XML_NODE_KEYWORD,MEDIUM
59e7c81a-97b2-4716-8f76-eb2a9f9e9f30,NO,NO 15/9-F-12,name 2008-01-08T06:00:00+01:00,name 2008-01-08T19:00:00+01:00,2335,2335,EQUIPMENT_FAILURE,"Performed repair work on AFT PRS upper drive

Meanwhile :
-Cleaned cameras in derrick
-Worked on dragchain for crane in moonpool
-Tested new V-ICIS software for mudpumps
-Reset V-ICIS control system after power shut down
-Prepared subsea caps for wellheads/conductor",VOLVE_DDR,15_9_F_12_2008_01_09.xml,XML_NODE_KEYWORD,MEDIUM
97abd897-8acd-40f3-b07a-dde67646c36e,NO,NO 15/9-F-12,name 2008-01-08T19:00:00+01:00,name 2008-01-08T22:00:00+01:00,2335,2335,EQUIPMENT_FAILURE,Performed repair work on AFT PRS upper drive. Halted repair work due to high winds above set limitations for working in heights. Winds > 40 knots.,VOLVE_DDR,15_9_F_12_2008_01_09.xml,XML_NODE_KEYWORD,MEDIUM
d7573b64-0295-4d44-8ffc-6c69b53ced9c,NO,NO 15/9-F-12,name 2008-01-08T22:00:00+01:00,name 2008-01-09T00:00:00+01:00,2335,2335,EQUIPMENT_FAILURE,"Waited for weather condtions to improve for resuming AFT PRS repair work.

Meanwhile :
-Lifted subseas caps from main deck to Centralizer deck
-ROV closed valve on DCI hose for pressure testing",VOLVE_DDR,15_9_F_12_2008_01_09.xml,XML_NODE_KEYWORD,MEDIUM
5e34351c-02a1-4d4a-967d-6dc59114f040,NO,NO 15/9-F-12,name 2008-01-09T00:00:00+01:00,name 2008-01-09T06:00:00+01:00,2335,2335,EQUIPMENT_FAILURE,"Waited for weather condtions to improve for resuming AFT PRS repair work.

Meanwhile :
-Blinded pop off and tested DCI hose using cement unit to 200 bar / 10 min - ok
-ROV opened valve on DCI hose
-Installed debris caps on F-5, F-14 and F-15 wellheads
-Removed temporary cap and installed debris cap on F-1 conductor
-Attempted to inject slop in F-12 annulus. Pressure bulit up rapildly, 190 bar at approx 1 m3 pumped
-Operated/functioned annular preventer to gain faster closing time",VOLVE_DDR,15_9_F_12_2008_01_10.xml,XML_NODE_KEYWORD,MEDIUM
c1b06e68-2001-4f74-9ccd-d7d4d75f43e0,NO,NO 15/9-F-12,name 2008-01-09T06:00:00+01:00,name 2008-01-10T00:00:00+01:00,2335,2335,EQUIPMENT_FAILURE,"Waited for weather condtions to improve for resuming AFT PRS repair work.

Meanwhile :
-Removed lead target in cement unit test line
-Performed general maintenance in drilling areas
-Cleaned pits

Winds :
12:00  81 knots
14:00  61 knots
16:00  56 knots
18:00  70 knots
20:00  53 knots
22:00  64 knots",VOLVE_DDR,15_9_F_12_2008_01_10.xml,XML_NODE_KEYWORD,MEDIUM
cbf7d3c9-856e-4f72-8609-4fede7f3027c,NO,NO 15/9-F-12,name 2008-01-10T00:00:00+01:00,name 2008-01-10T03:00:00+01:00,2235,2235,EQUIPMENT_FAILURE,"Waited for weather condtions to improve for resuming AFT PRS repair work.

Meanwhile :
-Performed maintenance on BX elevators
-Function tested annular preventer, 28 seconds to close (determined from readback pressure)
-Drained mainfold line to wellhead
-Performed derrick inspection prior to resume work on AFT PRS
-Inspected scaffolding in derrick

Winds :
24:00  53 knots
02:00  40 knots",VOLVE_DDR,15_9_F_12_2008_01_11.xml,XML_NODE_KEYWORD,MEDIUM
d363f742-ffef-4873-a9d3-f6344529a273,NO,NO 15/9-F-12,name 2008-01-10T04:00:00+01:00,name 2008-01-10T05:30:00+01:00,2235,2235,EQUIPMENT_FAILURE,"Waited for weather condtions to improve for resuming AFT PRS repair work.

Winds :
04:00  40 knots
06:00  39 knots",VOLVE_DDR,15_9_F_12_2008_01_11.xml,XML_NODE_KEYWORD,MEDIUM
8a094582-dd0f-4ae5-b50d-7e7b93c9dc10,NO,NO 15/9-F-12,name 2008-01-10T05:30:00+01:00,name 2008-01-10T06:00:00+01:00,2235,2235,EQUIPMENT_FAILURE,Performed crown block inspection prior to accessing scaffolding platform for continued repair.,VOLVE_DDR,15_9_F_12_2008_01_11.xml,XML_NODE_KEYWORD,MEDIUM
50282dcd-321e-46a3-a6c5-bf31da7f948d,NO,NO 15/9-F-12,name 2008-01-10T06:00:00+01:00,name 2008-01-10T15:45:00+01:00,2335,2335,EQUIPMENT_FAILURE,"Continued working on AFT PRS upper drive. 

Meanwhile :
-Assisted in repairing AFT PRS
-Cleaned pits
-Functioned flowline isolation valve wih 1450 psi
-Function tested AFT PRS",VOLVE_DDR,15_9_F_12_2008_01_11.xml,XML_NODE_KEYWORD,MEDIUM
00a6a62b-0879-4ddc-a2cb-3de3b7a9eb5e,NO,NO 15/9-F-12,name 2008-01-10T19:15:00+01:00,name 2008-01-10T21:30:00+01:00,2335,2335,NPT,Waited on weather conditions to improve for continuing removing scaffolding.,VOLVE_DDR,15_9_F_12_2008_01_11.xml,XML_NODE_KEYWORD,MEDIUM
699ea952-fc45-4b17-afab-6843aa8d469d,NO,NO 15/9-F-12,name 2008-01-10T21:30:00+01:00,name 2008-01-10T22:30:00+01:00,2235,2235,NPT,Waited on weather condictons to improve. Wind speed 56 knots.,VOLVE_DDR,15_9_F_12_2008_01_11.xml,XML_NODE_KEYWORD,MEDIUM
e76474a8-5650-4c8c-bcc2-c99a80d2fc9e,NO,NO 15/9-F-12,name 2008-01-10T22:30:00+01:00,name 2008-01-11T00:00:00+01:00,2235,2235,MUD_LOSS,Checked FWD PRS for losse items. Secured FWD PRS by wrapping damaged parts with security net.,VOLVE_DDR,15_9_F_12_2008_01_11.xml,XML_NODE_KEYWORD,HIGH
7a92aa1a-1b06-4b91-9f37-c1f51819af16,NO,NO 15/9-F-12,name 2008-01-11T11:45:00+01:00,name 2008-01-11T17:00:00+01:00,2578,2578,EQUIPMENT_FAILURE,Repaired on PS-21 slips. Released slips. Exchanged PS-21 with PS-30 slips.,VOLVE_DDR,15_9_F_12_2008_01_12.xml,XML_NODE_KEYWORD,MEDIUM
3dbdd0c2-38cf-410b-a840-b8125a5cd2e5,NO,NO 15/9-F-12,name 2008-01-12T09:00:00+01:00,name 2008-01-12T09:15:00+01:00,2175,2175,KICK,Removed PS-30 automatic slips and inserted masterbushing. Conducted kick drill. Secured well prior to ESD testing.,VOLVE_DDR,15_9_F_12_2008_01_13.xml,XML_NODE_KEYWORD,HIGH
b22b3f4f-f6bf-40bc-bd00-8f9621f52001,NO,NO 15/9-F-12,name 2008-01-12T10:30:00+01:00,name 2008-01-12T15:30:00+01:00,2175,2175,NPT,Waited on ongoing Siemens/ESD testing. Meanwhile tested standpipe manifold valves to 30/345 bar 5/10 min.,VOLVE_DDR,15_9_F_12_2008_01_13.xml,XML_NODE_KEYWORD,MEDIUM
6ab74ff8-ec07-48ee-a3c4-20d3abcdfccf,NO,NO 15/9-F-12,name 2008-01-12T15:30:00+01:00,name 2008-01-12T19:00:00+01:00,2175,2175,NPT,"Got power shut down on rig. Waited on ongoing Siemens/ESD testing. Meanwhile removed scaffolding, cleaned and tidied in wellhead module.",VOLVE_DDR,15_9_F_12_2008_01_13.xml,XML_NODE_KEYWORD,MEDIUM
75a430c6-bd46-435b-a86a-d9a293127e66,NO,NO 15/9-F-12,name 2008-01-13T09:45:00+01:00,name 2008-01-13T15:00:00+01:00,10,10,ABNORMAL_OPERATION,"POOH with cleaning assembly on 3 1/2"" DP. Broke out and laid down 3 1/2"" singles. Had problems to unlatch from pipe due to overgauge pipe close to couplings.",VOLVE_DDR,15_9_F_12_2008_01_14.xml,XML_NODE_KEYWORD,LOW
c7717686-8bcd-4169-bf4f-e6f0bea4cb72,NO,NO 15/9-F-12,name 2008-01-15T00:00:00+01:00,name 2008-01-15T06:00:00+01:00,0,0,NPT,"Waited for RTTS to arrive with supply boat.

Meanwhile :
-Worked on IR
-Serviced manrider winches
-Changed centralizers for F-12 riser on Centralizer deck and tensioning deck
-Functioned flow line valve",VOLVE_DDR,15_9_F_12_2008_01_16.xml,XML_NODE_KEYWORD,MEDIUM
4ee1019a-e403-4b53-90d3-cd48bf3563ce,NO,NO 15/9-F-12,name 2008-01-16T05:00:00+01:00,name 2008-01-16T06:00:00+01:00,0,0,NPT,Waited for plan of action from town. Meanwhile did routine testing of FOSV's and Gray valve.,VOLVE_DDR,15_9_F_12_2008_01_17.xml,XML_NODE_KEYWORD,MEDIUM
25098fee-b018-43cc-8a2e-6b4d85c700f1,NO,NO 15/9-F-12,name 2008-01-16T06:00:00+01:00,name 2008-01-16T07:00:00+01:00,0,0,NPT,Waited for plan of action from town. Meanwhile did routine testing of FOSV's and Gray valve.,VOLVE_DDR,15_9_F_12_2008_01_17.xml,XML_NODE_KEYWORD,MEDIUM
07ba6b21-2d08-45ef-8064-4b55d63b1534,NO,NO 15/9-F-12,name 2008-01-16T07:00:00+01:00,name 2008-01-16T16:30:00+01:00,0,0,NPT,"Waited for instuctions from town.

Meanwhile :
-Pressure tested safety valves
-Performed manitenance on rotary table lock
-Performed general housekeeping and PM's on drillfloor
-Removed BOP carrier from BOP",VOLVE_DDR,15_9_F_12_2008_01_17.xml,XML_NODE_KEYWORD,MEDIUM
c55a112c-4807-418b-bfc1-03c90e5d9946,NO,NO 15/9-F-12,name 2008-01-16T16:30:00+01:00,name 2008-01-16T20:30:00+01:00,0,0,NPT,"Recieved instruction from town to run guns. Waited on weather due to high winds, cranes down. Meanwhile rigged up casing tong, dressed PS-21 slips for 4 1/2"" and dressed BX elevator with 5"" inserts.",VOLVE_DDR,15_9_F_12_2008_01_17.xml,XML_NODE_KEYWORD,MEDIUM
9e3381c3-03d4-4504-9e1b-a6a7fed39ccc,NO,NO 15/9-F-12,name 2008-01-18T03:00:00+01:00,name 2008-01-18T06:00:00+01:00,0,0,NPT,Waited for plan of action from town. Meanwhile performed maintenance on TDS and rig floor equipment.,VOLVE_DDR,15_9_F_12_2008_01_19.xml,XML_NODE_KEYWORD,MEDIUM
eb2d15d5-e1b3-4bd8-9012-351be8e54489,NO,NO 15/9-F-12,name 2008-01-18T06:00:00+01:00,name 2008-01-18T22:00:00+01:00,0,0,NPT,"Waited for plan of action from town. 

Meanwhile :
-Performed 6 month maintenance on TDS
-Installed centralizer ring on F-7
-Transfered 7 m3 packer fluid from pit 3 to cmt unit with MP2
-Installed back up BX elevator and function tested same
-Disconnected winch on aft TDS working platform",VOLVE_DDR,15_9_F_12_2008_01_19.xml,XML_NODE_KEYWORD,MEDIUM
dd197f27-0c30-48a7-b884-7c23ea127096,NO,NO 15/9-F-12,name 2008-01-18T22:30:00+01:00,name 2008-01-19T00:00:00+01:00,0,0,NPT,Waited on weather due to high winds up to 87 knop and danger for people to be present in well head module.,VOLVE_DDR,15_9_F_12_2008_01_19.xml,XML_NODE_KEYWORD,MEDIUM
ad285678-5aa3-45fa-aaf3-da9e0b293a87,NO,NO 15/9-F-12,name 2008-01-19T00:00:00+01:00,name 2008-01-19T06:00:00+01:00,0,0,NPT,Waited on weather due to high winds up to 72 knop and danger for people to be present in well head module.,VOLVE_DDR,15_9_F_12_2008_01_20.xml,XML_NODE_KEYWORD,MEDIUM
d880e341-c797-4c4e-ac13-0dd38826fb02,NO,NO 15/9-F-12,name 2008-01-19T06:00:00+01:00,name 2008-01-19T08:15:00+01:00,0,0,NPT,"Waited on weather due to high winds up to 60 knop and danger for people to be present in well head module.

Meanwhile inspected AFT PRS and found damage on drag chain. Barried off rig floor.",VOLVE_DDR,15_9_F_12_2008_01_20.xml,XML_NODE_KEYWORD,MEDIUM
981185c2-e694-4b32-ab47-4037fc12107c,NO,NO 15/9-F-12,name 2008-01-19T18:00:00+01:00,name 2008-01-20T00:00:00+01:00,0,0,NPT,"Waited for tubing puncher equipment and schlumberger personnel to arrive on the rig. 

Bled off pressure on B-annulus from 60 to 2 bar in preparation to test shear rams. Observed pressure on csg driopping from 116 bar to 106.4 bar while bleeding off on B-annulus (due to balloning effect).

RIH with WBRT and pulled WB. RIH with 2 stds of 5"" DP and test plug to 100 m MD. Sat test plug.",VOLVE_DDR,15_9_F_12_2008_01_20.xml,XML_NODE_KEYWORD,MEDIUM
a6abecce-3504-40be-9cc3-a8aae0c8a449,NO,NO 15/9-F-12,name 2008-01-20T00:00:00+01:00,name 2008-01-20T06:00:00+01:00,0,0,NPT,"Waited for tubing puncher equipment and schlumberger personnel to arrive on the rig.

Tested shear rams 20/345 bar 10 min with packer fluid, 82 ltrs pumped and 78 ltrs in return. POOH with test plug and LO same. RIH with WB and sat same.",VOLVE_DDR,15_9_F_12_2008_01_21.xml,XML_NODE_KEYWORD,MEDIUM
50fccbdd-ac93-4cb5-a5a3-c098cdf98874,NO,NO 15/9-F-12,name 2008-01-20T06:00:00+01:00,name 2008-01-20T16:00:00+01:00,0,0,NPT,"Waited for tubing puncher equipment and schlumberger personnel to arrive on the rig.

Meanwhile:
-Performed derrick inspection after high winds
-Changed out encoder, replaced bended link on drag chain and calibrated AFT PRS.
-Cleared future equipment room.
-Performed maintenace on crew conveyer between CRI and STB transport conveyer
-Cleared rig floor prior to running WL.",VOLVE_DDR,15_9_F_12_2008_01_21.xml,XML_NODE_KEYWORD,MEDIUM
32f85e07-633f-4aba-821c-045633b80f83,NO,NO 15/9-F-12,name 2008-01-23T05:15:00+01:00,name 2008-01-23T06:00:00+01:00,1311,1311,ABNORMAL_OPERATION,Had VFD-fault (electrical problem) on AFT PRS racking arm.,VOLVE_DDR,15_9_F_12_2008_01_24.xml,XML_NODE_KEYWORD,LOW
a9a61e1c-a195-4984-b438-867e6842e3a4,NO,NO 15/9-F-12,name 2008-01-24T00:00:00+01:00,name 2008-01-24T01:30:00+01:00,3305.2,3305.2,NPT,"Checked line-up. Broke circulation by pumping 300 lpm at 5 bar. Closed annular BOP. 

Pressured up annulus and DP simultaniously by pumping 800 lpm to 220 bar to activate MAXR setting tool. Held pressure for 2 min. Bled off pressure and verified that pressure was zero before opening annular BOP. Pumped 3100 ltrs and bled back 3000 l. One cycle used on ProFire.

Waited 25 min, from activation, for MAXR to set. Sat down 2 MT to confirm that MAXR had been sat. Picked up 3 m and re-checked up/down weights to confirm that the hanger had been released from the running tool. String weight was reduced by 14 MT.",VOLVE_DDR,15_9_F_12_2008_01_25.xml,XML_NODE_KEYWORD,MEDIUM
ea2fc082-3011-400e-881d-03d90637fa77,NO,NO 15/9-F-12,name 2008-01-24T17:00:00+01:00,name 2008-01-24T21:00:00+01:00,0,0,KICK,"MU kick assembly. RU csg tong and prepared to run 7"" tubing. Lifted in place BOT and WellDynamics' cable drums. Installed FMS.",VOLVE_DDR,15_9_F_12_2008_01_25.xml,XML_NODE_KEYWORD,HIGH
e301543c-1d2a-4276-a57a-c2850b1ebcd6,NO,NO 15/9-F-12,name 2008-01-28T03:00:00+01:00,name 2008-01-28T03:30:00+01:00,2528,2528,STUCK_PIPE,DHSV got stuck in lower guiding plate on FMS while lowering DHSV assembly through slips. Managed to free slips.,VOLVE_DDR,15_9_F_12_2008_01_29.xml,XML_NODE_KEYWORD,HIGH
d812bc22-829b-49de-bca6-1ff9331af065,NO,NO 15/9-F-12,name 2008-01-29T01:00:00+01:00,name 2008-01-29T05:00:00+01:00,3007,3007,NPT,"PU and MU tubing hanger with handling tool. Lowered the TH down to rotary. Cut the control lines 3 m above TH and fed the CL through the TH. Plugged off DHPG line. Plugged off spare penetration holes in TH with 1/4"" NPT blind plugs. Leak tested all fittings simultaneously through 1/8"" test ports to 448 bar /10 min.",VOLVE_DDR,15_9_F_12_2008_01_30.xml,XML_NODE_KEYWORD,MEDIUM
efe4a1f8-9068-4a53-9393-03af99b5cb23,NO,NO 15/9-F-12,name 2008-01-31T01:00:00+01:00,name 2008-01-31T03:00:00+01:00,3014.8,3014.8,NPT,Pressured up tubing to 10 bar with cement unit. Volume pumped was 40 ltrs. RIH and latched plug at 3014.8 m MDRKB. Observed for pressure drop for 15 min when equalizing the plug. No pressure drop observed. Jared plug free and waited for 30 min to let plug elements retract. Confirmed that plug was free. No pressure drop observed.,VOLVE_DDR,15_9_F_12_2008_02_01.xml,XML_NODE_KEYWORD,MEDIUM
cf746286-d72c-40ac-81a9-c567d4f9d541,NO,NO 15/9-F-12,name 2008-01-31T03:00:00+01:00,name 2008-01-31T06:00:00+01:00,2972,2972,NPT,"POOH with NPR plug from 3014.8 m to PBR at 2972 m. Made attempt to pass PBR with max overpull of 785 kg. Bled off pressure in tubing to zero and waited another 30 min to ensure that elements was released. Bled back 80 ltrs. No returns on A-annulus. Continued to attempt to pass PBR. Max overpull 900kg. Unable to pass restriction at 2972 m MDRKB, but free to go down.",VOLVE_DDR,15_9_F_12_2008_02_01.xml,XML_NODE_KEYWORD,MEDIUM
17f32580-61db-4029-b964-217945d0e2cf,NO,NO 15/9-F-12,name 2008-01-31T12:00:00+01:00,name 2008-01-31T14:00:00+01:00,3068,3068,NPT,Tensioned up cable to 1700 kg at 2972 m and waited 35 min. Continued to work to free NPR pulling string from 3068 m to 2972 m.,VOLVE_DDR,15_9_F_12_2008_02_01.xml,XML_NODE_KEYWORD,MEDIUM
2ad22a4d-1dcd-411c-bd43-6a1b655fa035,NO,NO 15/9-F-12,name 2008-02-01T06:00:00+01:00,name 2008-02-01T10:45:00+01:00,0,0,NPT,Stabbed the WL lubricator. Waited on weather and WL tools to arrive from shore.,VOLVE_DDR,15_9_F_12_2008_02_02.xml,XML_NODE_KEYWORD,MEDIUM
1d19200e-9d8b-4fc9-8658-61e44b1f6786,NO,NO 15/9-F-12,name 2008-02-02T08:00:00+01:00,name 2008-02-02T09:00:00+01:00,0,0,ABNORMAL_OPERATION,"Problems with elevators malfunction, investigated same. Changed out elevators and function tested same.",VOLVE_DDR,15_9_F_12_2008_02_03.xml,XML_NODE_KEYWORD,LOW
fa3d178c-85b3-4f36-8c63-ad43decb998b,NO,NO 15/9-F-12,name 2008-02-04T07:45:00+01:00,name 2008-02-04T09:15:00+01:00,0,0,NPT,Awaited confirmation of correct torqued up flow line.,VOLVE_DDR,15_9_F_12_2008_02_05.xml,XML_NODE_KEYWORD,MEDIUM
88da8873-24b8-4c33-ad4a-ea8df012fb63,NO,NO 15/9-F-12,name 2008-02-11T13:30:00+01:00,name 2008-02-11T15:00:00+01:00,0,0,NPT,"Schlumberger TCP performed training pulses with cement pump. Schlumberger sent firing command ,with cement unit, to E-Fire firing head in TCP guns. Bled down well pressure to 0 bar to cement unit. Closed TKV and Lo-torq valve. The TCP guns fired after waiting the programmed time delay of 10 minutes.  Wellhead pressure / DHPG pressure increased to 31/ 308 bar. Closed DHSV. Bled down pressure above DHSV to 0 bar to the flowline. Monitored WHP in XMT for 30 minutes to verify DHSV integrity. No pressure buildup observed.",VOLVE_DDR,15_9_F_12_2008_02_12.xml,XML_NODE_KEYWORD,MEDIUM
ace89012-fb31-4812-a38c-d23b384fb6a8,NO,NO 15/9-F-12,name 2009-03-13T15:00:00+01:00,name 2009-03-13T18:30:00+01:00,0,0,NPT,"Waited on Mærsk Production to hand over well to Volve D&W.

Meanwhile performed 5-yearly maintenace on choke manifold.",VOLVE_DDR,15_9_F_12_2009_03_14.xml,XML_NODE_KEYWORD,MEDIUM
99afd1b5-d0d7-4e8b-94a3-23896e7c2f13,NO,NO 15/9-F-12,name 2009-03-13T18:30:00+01:00,name 2009-03-14T00:00:00+01:00,0,0,NPT,"Waited on Mærsk Production to shut in well and inflow test HMV to 120-5 bar/10 min and DHSV to 120-5 bar/30 min. Had 2.3 bar drop/10 min on HMV and 0.2 bar drop/30 min on DHSV.

Meanwhile performed 5-yearly maintenace on choke manifold and loosened bolts on kill ving valve on BOP in preparation for 5-yearly maintenance.",VOLVE_DDR,15_9_F_12_2009_03_14.xml,XML_NODE_KEYWORD,MEDIUM
ad40ce3a-6350-4acd-b4f9-4403d9b42093,NO,NO 15/9-F-12,name 2009-03-14T16:15:00+01:00,name 2009-03-14T16:30:00+01:00,0,0,KICK,"Performed well control exercise with Seawell, Schlumberger and Mærsk crew.",VOLVE_DDR,15_9_F_12_2009_03_15.xml,XML_NODE_KEYWORD,HIGH
94eaf808-1985-4044-bfe5-4721833c6aae,NO,NO 15/9-F-12,name 2009-03-14T19:15:00+01:00,name 2009-03-14T20:45:00+01:00,485,485,KICK,"Changed out MEG tanks and re-filled MEG on cmt unit.

Meanwhile held tool box talk prior to equalizing and opening DHSV. Performed well control exercise with Seawell, Schlumberger and Mærsk crew.",VOLVE_DDR,15_9_F_12_2009_03_15.xml,XML_NODE_KEYWORD,HIGH
eaac5b59-d86c-4de7-8a7b-db5d30669e01,NO,NO 15/9-F-12,name 2010-09-20T14:30:00+02:00,name 2010-09-20T19:00:00+02:00,0,0,NPT,Waited for Production Department to bean up F-14 and shut in F-12 for leak testing and handover. Meanwhile built new cable head (4/3-2005 lbs) and leak tested cable rams in BOP.,VOLVE_DDR,15_9_F_12_2010_09_21.xml,XML_NODE_KEYWORD,MEDIUM
a80fa887-57db-47dc-976f-75fc14bd0a9c,NO,NO 15/9-F-12,name 2010-09-20T19:00:00+02:00,name 2010-09-21T00:00:00+02:00,0,0,NPT,Waited on production department to prepere well for handover. Meanwhile held prejob meeting with all night shift personnel involved in operation.,VOLVE_DDR,15_9_F_12_2010_09_21.xml,XML_NODE_KEYWORD,MEDIUM
db16bf34-4c69-4e0f-b557-c180b19d7558,NO,NO 15/9-F-12,name 2010-09-21T23:00:00+02:00,name 2010-09-22T00:00:00+02:00,3080,3080,NPT,Waited for stable flow.,VOLVE_DDR,15_9_F_12_2010_09_22.xml,XML_NODE_KEYWORD,MEDIUM
8f1e6f5b-735f-445e-a79c-2cba9cca4e81,NO,NO 15/9-F-12,name 2010-09-22T00:00:00+02:00,name 2010-09-22T02:45:00+02:00,3080,3080,NPT,Continued waiting for stable flow. Stabilized flow rate at approx. 5050 Sm³/d.,VOLVE_DDR,15_9_F_12_2010_09_23.xml,XML_NODE_KEYWORD,MEDIUM
a02c5d47-cf61-4597-9acf-cf779d8abce5,NO,NO 15/9-F-12,name 2010-09-22T06:00:00+02:00,name 2010-09-22T07:15:00+02:00,3080,3080,NPT,Waited for stable flow rate.,VOLVE_DDR,15_9_F_12_2010_09_23.xml,XML_NODE_KEYWORD,MEDIUM
6d6ec0d8-19cf-4feb-bf22-d2aa70920d77,NO,NO 15/9-F-12,name 2014-11-22T16:00:00+01:00,name 2014-11-22T16:15:00+01:00,0,0,NPT,"Stril Luna arrived Maersk Inspirer. Spotted some equipment. Wind picked up above 40 knots, had to wait for further spotting.",VOLVE_DDR,15_9_F_12_2014_11_23.xml,XML_NODE_KEYWORD,MEDIUM
b8dac982-2b1d-41df-a397-b5141336bc65,NO,NO 15/9-F-12,name 2014-11-22T16:15:00+01:00,name 2014-11-23T00:00:00+01:00,0,0,NPT,Waited on weather prior to lift and spot containers from vessel.,VOLVE_DDR,15_9_F_12_2014_11_23.xml,XML_NODE_KEYWORD,MEDIUM
1af019fe-e4d7-4bc9-baf2-8a56da4bb517,NO,NO 15/9-F-12,name 2014-11-23T00:00:00+01:00,name 2014-11-23T01:00:00+01:00,0,0,NPT,Waited on weather prior to spotting equipment.,VOLVE_DDR,15_9_F_12_2014_11_24.xml,XML_NODE_KEYWORD,MEDIUM
4433a0a0-6a93-4c9b-8856-2e0bd24228bd,NO,NO 15/9-F-12,name 2014-11-24T13:30:00+01:00,name 2014-11-24T19:30:00+01:00,0,0,NPT,"Waited on production to obtain good test on XMT valves. Not able to obtain good test. Had to grease HMV and MMV.
Meanwhile preapred cablehead and tested Halliburton toolstring.",VOLVE_DDR,15_9_F_12_2014_11_25.xml,XML_NODE_KEYWORD,MEDIUM
195e91b5-ba08-4285-9f4f-154fcbfac321,NO,NO 15/9-F-12,name 2014-11-24T20:30:00+01:00,name 2014-11-24T22:15:00+01:00,0,0,NPT,"Had to wait for WP to be approved for rigging of WL equipment.
Meanwhile prepared manifold and chicksan on wellhead.",VOLVE_DDR,15_9_F_12_2014_11_25.xml,XML_NODE_KEYWORD,MEDIUM
55e2d4c6-d0e0-4bcb-99c6-700c2f83419f,NO,NO 15/9-F-12,name 2014-11-25T14:30:00+01:00,name 2014-11-25T16:40:00+01:00,1000,1000,MUD_LOSS,"RIH w/BHA #1 (7"" EV0 plug) from surface to 1000 m. WHP 51 bar. Observed loss in communication with toolstring. Signal came back again. Continued to RIH. Pick up weights approx. 700 lbs higher than simulated values.",VOLVE_DDR,15_9_F_12_2014_11_26.xml,XML_NODE_KEYWORD,HIGH
fc6377db-3b3a-4f33-99c9-b13bb045b097,NO,NO 15/9-F-12,name 2014-11-26T04:00:00+01:00,name 2014-11-26T05:40:00+01:00,1400,1400,KICK,"RIH w/BHA #2 7"" EVO plug from surface to 1400 m. WHP 51 bar.
Performed well control drill: Leakage in grease injection head.
Stopped each 300 meters to perform P/U weight.",VOLVE_DDR,15_9_F_12_2014_11_27.xml,XML_NODE_KEYWORD,HIGH
773a88ce-d2d7-452e-a4ac-3236a33839c3,NO,NO 15/9-F-12,name 2014-11-26T10:45:00+01:00,name 2014-11-26T11:30:00+01:00,0,0,NPT,"Closed SV. Had to wait on production department for bleeding of, due to problems with a gas compressor.",VOLVE_DDR,15_9_F_12_2014_11_27.xml,XML_NODE_KEYWORD,MEDIUM
fdeadf50-09ba-4373-94e4-73a25ac810e8,NO,NO 15/9-F-12,name 2016-08-17T19:15:00+02:00,name 2016-08-17T20:00:00+02:00,0,0,NPT,"Connected cement hose to pumping swedge and applied 20 bar to confirm line up. 
Continued to pressure up to 60 bar (unable to stop at 50 bar due to pressure building up to fast), no indication of opening of the Pump-open sub in ME plug. Bled off. Waited 5 min to let plug reset.
Note: Plug supposed to open at 40 bar.",VOLVE_DDR,15_9_F_12_2016_08_18.xml,XML_NODE_KEYWORD,MEDIUM
3eb193ec-fc27-402a-b31b-529505a2de16,NO,NO 15/9-F-12,name 2016-08-18T01:45:00+02:00,name 2016-08-18T03:30:00+02:00,0,0,KICK,"Continued discussing way forward. Discussed risks, barrier status, well control contingencies. Agreed to attempt to pull tubing hanger with 152bar trapped pressure below DHSV. Updated change log. 
Meanwhile applied 20 bar to tubing and inflow tested DHSV, Good. Continued with rig maintenance and pressure tested valves S1 and C26, good",VOLVE_DDR,15_9_F_12_2016_08_19.xml,XML_NODE_KEYWORD,HIGH
1d369ee0-a568-4132-8bd0-bdc8c77a0ac3,NO,NO 15/9-F-12,name 2016-08-18T04:30:00+02:00,name 2016-08-18T05:30:00+02:00,0,0,NPT,"Installed circulating swedge for TDS. M/U TDS and unlock tubing hanger. 
Pull tubing hanger free with 185t hook load (15ton overpull). Observed drop in Trip tank indicating that A-annulus was not 100% full. Waited for trip tank level to stabilize, total of 2 m3 lost",VOLVE_DDR,15_9_F_12_2016_08_19.xml,XML_NODE_KEYWORD,MEDIUM
2c98cd2e-ce97-444e-8957-433951e31c59,NO,NO 15/9-F-12,name 2016-08-19T00:30:00+02:00,name 2016-08-19T02:15:00+02:00,2962,2962,KICK,"Continued RIH with 5,5in DP from 2521m to 2962m restricted due to back flow. 
Performed D1 kick drill",VOLVE_DDR,15_9_F_12_2016_08_20.xml,XML_NODE_KEYWORD,HIGH
990ca44f-bb34-451d-92e1-d22ff22b8bad,NO,NO 15/9-F-12,name 2016-08-19T19:30:00+02:00,name 2016-08-19T19:45:00+02:00,1877,1877,STUCK_PIPE,"P/U spear assembly (run#11), greased pack off, grapple and set in catch",VOLVE_DDR,15_9_F_12_2016_08_20.xml,XML_NODE_KEYWORD,HIGH
f56c9811-c0da-4b80-90bd-04429a25d455,NO,NO 15/9-F-12,name 2016-08-21T07:30:00+02:00,name 2016-08-21T07:45:00+02:00,0,0,KICK,"Carried out weekly HSE drill, table top exercise regarding volumetric well control",VOLVE_DDR,15_9_F_12_2016_08_22.xml,XML_NODE_KEYWORD,HIGH
8c1dd48f-7fad-4e1d-864a-41e904540f49,NO,NO 15/9-F-12,name 2016-08-21T21:00:00+02:00,name 2016-08-21T21:30:00+02:00,0,0,MUD_LOSS,"Pumped down ball with 160 l/min, sheared ball seat at 150 bar. Indication of guns firing (sound, vibration on surface). Top shot at 144,5m, bottom shot at 147,5m. Continued pumping with 150 l/min until returns, increased to 770 l/min, observed slight gain of 500ltr and then losses of 60m3/hr. Pumped 1,5 times btms up, gas observed and still on losses",VOLVE_DDR,15_9_F_12_2016_08_22.xml,XML_NODE_KEYWORD,HIGH
ed75ca5a-11d0-407c-a79a-b2dcd28a73c6,NO,NO 15/9-F-12,name 2016-08-21T22:15:00+02:00,name 2016-08-21T23:30:00+02:00,0,0,MUD_LOSS,"Opened choke and circulateed with UPRs closed with 760 l/min, initially observed 60m3/hr losses. After confirmed returns increased flow rate to 890 l/min - 2,5 bar, max gas of 4.3%. Continued circulating until gas content curve showed downward trend. Total losses since punch  21m3",VOLVE_DDR,15_9_F_12_2016_08_22.xml,XML_NODE_KEYWORD,HIGH
a48d9d84-29fa-4b05-8501-c130bd43421f,NO,NO 15/9-F-12,name 2016-08-22T04:15:00+02:00,name 2016-08-22T05:30:00+02:00,0,0,MUD_LOSS,"Flowchecked well. Observed instant gain of 300l, then loss of 3m3/hour. Then losses went to 0. Observed bubbling inside drill string and in the riser, smell of gas. M/U TDS to string and observed increase in trip tank",VOLVE_DDR,15_9_F_12_2016_08_23.xml,XML_NODE_KEYWORD,HIGH
a88c221c-1bc7-47e0-ba97-7cd63a1114d5,NO,NO 15/9-F-12,name 2016-08-23T17:00:00+02:00,name 2016-08-23T17:45:00+02:00,0,0,NPT,Carried out PMs and dailys while waiting for crew change helicopters,VOLVE_DDR,15_9_F_12_2016_08_24.xml,XML_NODE_KEYWORD,MEDIUM
94cf6456-f54d-4bfb-811b-d9f65a06f171,NO,NO 15/9-F-12,name 2016-08-24T00:00:00+02:00,name 2016-08-24T04:15:00+02:00,0,0,EQUIPMENT_FAILURE,"Identified leak on the wash pipe, re-tighten wash pipe, performed drops inspection on TDS. Put on hydraulic power and discovered hydraulic leak: loose connection from one of the hoses on TDS. Repaired leak.",VOLVE_DDR,15_9_F_12_2016_08_25.xml,XML_NODE_KEYWORD,MEDIUM
93a53f8e-a5c7-4e0b-ad43-f248f695b9a5,NO,NO 15/9-F-12,name 2016-08-24T04:30:00+02:00,name 2016-08-24T05:00:00+02:00,0,0,EQUIPMENT_FAILURE,Observed leak on TDS. Stopped milling. Repaired leak on the wash pipe,VOLVE_DDR,15_9_F_12_2016_08_25.xml,XML_NODE_KEYWORD,MEDIUM
4fe19579-b575-4cf4-8e56-580f3dde67ba,NO,NO 15/9-F-12,name 2016-08-24T09:30:00+02:00,name 2016-08-24T10:00:00+02:00,0,0,EQUIPMENT_FAILURE,Stopped milling and P/U off bottom due to leaking Pod on BOPs. Found and repaired leak in hard pipe for gauge,VOLVE_DDR,15_9_F_12_2016_08_25.xml,XML_NODE_KEYWORD,MEDIUM
26bebca2-e6eb-4f06-81da-9944eba87b76,NO,NO 15/9-F-12,name 2016-08-25T10:30:00+02:00,name 2016-08-25T10:45:00+02:00,0,0,STUCK_PIPE,"Recovered last joint and discovered tapered mill stuck in the cut, photographed and secured prior to laying out",VOLVE_DDR,15_9_F_12_2016_08_26.xml,XML_NODE_KEYWORD,HIGH
5844c58d-47ed-4434-a688-bf8a30c0daf6,NO,NO 15/9-F-12,name 2016-08-25T18:00:00+02:00,name 2016-08-25T19:45:00+02:00,54,54,KICK,POOH w/ EZSV running tool/cutter BHA (run#27) from 873m to 54m. Pulling wet using mud backet. Meanwhile carried out kick drill,VOLVE_DDR,15_9_F_12_2016_08_26.xml,XML_NODE_KEYWORD,HIGH
110055d8-99e8-4d1e-a3c0-514e545fd0f1,NO,NO 15/9-F-12,name 2016-08-26T14:45:00+02:00,name 2016-08-26T16:45:00+02:00,854,854,MUD_LOSS,"Lined up and pumped 20m3 wash pill at 1285 lpm / 11.5 bar.

Closed upper FOSV and trapped 20 bar behind. Applied 20 bar from cement unit to drill floor and confirmed line-up. Pumped 33 m3 1.90sg cement slurry at 600 lpm. Added well-life to the first 10m3 of cement slurry (11 kg/m3).

Chased cement by pumping SW at 1000 lpm / 12 bar. After catching up with cement, continued displacing cement with SW at 1000 lpm / 12 bar, then reduced rate to 800 lpm the last 1.7m3. Pumped totally 11.7m3 SW.
Pressure increased from 12 bar to 47 bar, indicating that cement entered annulus.

Recorded 1.8m3 losses during displacement. Estimated TOC in annulus at 480 mMD.",VOLVE_DDR,15_9_F_12_2016_08_27.xml,XML_NODE_KEYWORD,HIGH
d0b5c021-6e78-4a91-a624-7508fb4565a6,NO,NO 15/9-F-12,name 2016-08-28T07:30:00+02:00,name 2016-08-28T08:00:00+02:00,0,0,KICK,Performed well controll table-top at drill floor.,VOLVE_DDR,15_9_F_12_2016_08_29.xml,XML_NODE_KEYWORD,HIGH
44b959e1-0a48-49b8-a168-d53bef36f41e,NO,NO 15/9-F-12,name 2016-08-28T13:30:00+02:00,name 2016-08-28T14:30:00+02:00,0,0,STUCK_PIPE,Loosened bolts on HP riser connector. 2 bolts stuck.,VOLVE_DDR,15_9_F_12_2016_08_29.xml,XML_NODE_KEYWORD,HIGH
a6149628-31ae-4752-808c-4ca38a1a39bd,NO,NO 15/9-F-12,name 2016-10-19T17:30:00+02:00,name 2016-10-19T18:00:00+02:00,0,0,MUD_LOSS,"Pulled 20 ton overpull.
Increased flow in steps to 2600 lpm / 87 bar. Cut riser.
Observed loss of overpull, good indication of cut.",VOLVE_DDR,15_9_F_12_2016_10_20.xml,XML_NODE_KEYWORD,HIGH
f15fdfa6-83a7-4a51-9856-e908922471eb,NO,NO 15/9-F-14,name 2007-11-06T21:45:00+01:00,name 2007-11-06T22:45:00+01:00,145.7,145.7,EQUIPMENT_FAILURE,"MU 36"" BHA from 93 m to 143 m. Stung into funnel assisted by ROV. Observed fill in funnel and below. ROV had black-out on camera as soon as 17 1/2"" bit had entered funnel. ROV went to surface for repairs. Continued RIH slowly without pumps and with no rotation until positive tag at 145.7 m.",VOLVE_DDR,15_9_F_14_2007_11_07.xml,XML_NODE_KEYWORD,MEDIUM
96de4021-c462-4f3f-91c9-3db6bba06e9d,NO,NO 15/9-F-14,name 2007-11-11T00:00:00+01:00,name 2007-11-11T00:45:00+01:00,55,55,ABNORMAL_OPERATION,"Continued to run 30"" conductor on 5 1/2"" landing string. Problems with top drive torque wrench.",VOLVE_DDR,15_9_F_14_2007_11_12.xml,XML_NODE_KEYWORD,LOW
5e2d9d32-bc5e-430d-a742-963c16caf3d4,NO,NO 15/9-F-14,name 2007-11-11T00:45:00+01:00,name 2007-11-11T02:45:00+01:00,55,55,ABNORMAL_OPERATION,Problems with torque wrench on top drive. Not able to disconnect top drive from landing string.,VOLVE_DDR,15_9_F_14_2007_11_12.xml,XML_NODE_KEYWORD,LOW
5b66dc88-b2f4-4361-80cb-cef517233cb9,NO,NO 15/9-F-14,name 2007-11-13T14:15:00+01:00,name 2007-11-13T16:30:00+01:00,197,197,ABNORMAL_OPERATION,"Mixed and pumped 106 m³ 1.52 SG Tuned Light XL cement slurry, experienced problems with plugged lines towards the end. Pumped first 20 m3 at 600 lpm, then increased rate to 1000 lpm. Checked returns on F-7, only minor returns after 70 m³ pumped, got returns up F-14. Displaced cement slurry with 6.5 m³  SW with mud pumps. Hook load dropped from 101 to 99 MT during cement job.",VOLVE_DDR,15_9_F_14_2007_11_14.xml,XML_NODE_KEYWORD,LOW
e2c65993-b794-409a-9e65-77cb900d49b5,NO,NO 15/9-F-14,name 2007-11-13T17:15:00+01:00,name 2007-11-14T00:00:00+01:00,197,197,NPT,Waited on cement to set. Meanwhile performed general maintenance.,VOLVE_DDR,15_9_F_14_2007_11_14.xml,XML_NODE_KEYWORD,MEDIUM
cca8f111-335e-4d72-98dd-1cff3c8eaf27,NO,NO 15/9-F-14,name 2007-11-14T00:00:00+01:00,name 2007-11-14T05:00:00+01:00,197,197,NPT,Waited on cement to set. Meanwhile performed general maintenance.,VOLVE_DDR,15_9_F_14_2007_11_15.xml,XML_NODE_KEYWORD,MEDIUM
ebdde8d2-c2f3-40af-9df0-42f069c2a2ae,NO,NO 15/9-F-14,name 2007-11-14T16:00:00+01:00,name 2007-11-14T16:30:00+01:00,197,197,ABNORMAL_OPERATION,Problems with the PRS investigated same.,VOLVE_DDR,15_9_F_14_2007_11_15.xml,XML_NODE_KEYWORD,LOW
64cc643a-eda3-4d48-ba7b-d47372acce29,NO,NO 15/9-F-14,name 2007-12-04T08:15:00+01:00,name 2007-12-04T09:00:00+01:00,33,33,EQUIPMENT_FAILURE,Continued running BHA. Picked up and made up MWD/UBHO assy. Meanwhile pulled ROV to surface for repair.,VOLVE_DDR,15_9_F_14_2007_12_05.xml,XML_NODE_KEYWORD,MEDIUM
4808f4bf-882c-4898-a3f9-7885a1e6a1fd,NO,NO 15/9-F-14,name 2007-12-04T09:00:00+01:00,name 2007-12-04T09:30:00+01:00,33,33,EQUIPMENT_FAILURE,Orientated UBHO sleeve as per Scientific instructions. Meanwhile repaired ROV manipulator claw.,VOLVE_DDR,15_9_F_14_2007_12_05.xml,XML_NODE_KEYWORD,MEDIUM
2096b2bc-806b-4429-8687-f45b4067f727,NO,NO 15/9-F-14,name 2007-12-04T09:30:00+01:00,name 2007-12-04T10:45:00+01:00,63,63,EQUIPMENT_FAILURE,"Made up 3 x 9 1/2"" NM DC to BHA and ran in to 63 m MD.  Repaired ROV and launched same. Assessed video recording from incident. Found 3-finger claw to be lost in hole. Assessed situation.",VOLVE_DDR,15_9_F_14_2007_12_05.xml,XML_NODE_KEYWORD,MEDIUM
882656e4-8d2a-4606-b37b-fc95feb8b145,NO,NO 15/9-F-14,name 2007-12-04T11:45:00+01:00,name 2007-12-04T12:30:00+01:00,63,63,NPT,"Awaited further instuctions. Discussed way forward with town. Decided to run in with 26"" rock bit BHA in attempt to remove junk in hole.",VOLVE_DDR,15_9_F_14_2007_12_05.xml,XML_NODE_KEYWORD,MEDIUM
37992b2c-7038-4bf0-8710-8adeaccca801,NO,NO 15/9-F-14,name 2007-12-05T15:15:00+01:00,name 2007-12-05T18:45:00+01:00,195,195,NPT,Stand-by for software upgrade of Siemens F&G system. At 18:15 hrs => Washed down to 209 m MD while pumping at 2000 lpm. Shut down pumps and waited for gMWD to reset.,VOLVE_DDR,15_9_F_14_2007_12_06.xml,XML_NODE_KEYWORD,MEDIUM
2a37791a-01dc-4310-abc8-782b44146e5b,NO,NO 15/9-F-14,name 2007-12-09T11:30:00+01:00,name 2007-12-09T12:30:00+01:00,12,12,ABNORMAL_OPERATION,"Held pre-job meeting prior to running 20"" csg. PU 20"" shoe joint. Encountered signal problems to casing tong.",VOLVE_DDR,15_9_F_14_2007_12_10.xml,XML_NODE_KEYWORD,LOW
4aa62efc-ef23-4047-abd2-94f55c1d8b1a,NO,NO 15/9-F-14,name 2007-12-09T13:15:00+01:00,name 2007-12-09T14:00:00+01:00,12,12,ABNORMAL_OPERATION,"Continued PU 20"" csg shoe assy. Encountered problems with FWD PRS & HTS",VOLVE_DDR,15_9_F_14_2007_12_10.xml,XML_NODE_KEYWORD,LOW
a007bd05-1cea-4d5e-8c71-7b481011a488,NO,NO 15/9-F-14,name 2008-05-11T18:00:00+02:00,name 2008-05-11T21:30:00+02:00,1130,1130,EQUIPMENT_FAILURE,"Continued drilling 17 1/2"" hole section from 1110 m to 1130 m MD with reduced ROP 10-15 m/hr due to problems to handle fluid returns at shakers. Drilling parameters : Flow 3500-4000 lpm / SPP 103-150 bar / Rotation 120 rpm /  WOB 4-7 MT / Torque 3-7 kNm / ECD 1,22. Reamed half stand on connection. Meanwhile repaired shaker #3.",VOLVE_DDR,15_9_F_14_2008_05_12.xml,XML_NODE_KEYWORD,MEDIUM
0b54ef39-fe96-46dc-ab9a-edbd7ac7ac69,NO,NO 15/9-F-14,name 2008-05-11T21:30:00+02:00,name 2008-05-12T00:00:00+02:00,1198,1198,EQUIPMENT_FAILURE,"Drilled 17 1/2"" hole section from 1130 m to 1198 m MD. Drilling parameters : Flow 3500-4000 lpm / SPP 103-150 bar / Rotation 120 rpm /  WOB 4-7 MT / Torque 3-7 kNm / ECD 1,22 / ROP 25-35 m/hrs. Reamed half stand on connection. Meanwhile repaired shaker #3.",VOLVE_DDR,15_9_F_14_2008_05_12.xml,XML_NODE_KEYWORD,MEDIUM
7ce41c29-683c-48ad-b8dd-1b0d956f451b,NO,NO 15/9-F-14,name 2008-05-12T00:00:00+02:00,name 2008-05-12T01:30:00+02:00,1240,1240,EQUIPMENT_FAILURE,"Drilled 17 1/2"" hole section from 1130 m to 1198 m MD. Drilling parameters : Drilled 17 1/2"" hole section from 1130 m to 1198 m MD. Drilling parameters : Flow 3500-4000 lpm / SPP 103-150 bar / Rotation 80-120 rpm /  WOB 4-7 MT / Torque 3-7 kNm / ECD 1,22. Meanwhile repaired shaker #3.",VOLVE_DDR,15_9_F_14_2008_05_13.xml,XML_NODE_KEYWORD,MEDIUM
dc68a4ed-26fa-4391-9be7-b07f25fc3e32,NO,NO 15/9-F-14,name 2008-05-12T01:30:00+02:00,name 2008-05-12T01:45:00+02:00,1240,1240,EQUIPMENT_FAILURE,"Reamed full stand due to increaseing ECD 1,22 => 1,25 sg and no sand observed at lag depth for  Skade formation. Meanwhile repaired shaker #3.",VOLVE_DDR,15_9_F_14_2008_05_13.xml,XML_NODE_KEYWORD,MEDIUM
eda6459d-62ce-402c-80d7-22dd51cba08c,NO,NO 15/9-F-14,name 2008-05-12T10:30:00+02:00,name 2008-05-12T10:45:00+02:00,1395,1395,MUD_LOSS,Picked off bottom for flowcheck due to high gas readings ~4% and no loss in active. Flowchecked for 10 min - well static.,VOLVE_DDR,15_9_F_14_2008_05_13.xml,XML_NODE_KEYWORD,HIGH
91e46b91-e728-4988-bea5-dbf8e9fb7006,NO,NO 15/9-F-14,name 2008-05-12T19:00:00+02:00,name 2008-05-12T20:30:00+02:00,1498,1498,ABNORMAL_OPERATION,Picked of bottom due to problems on shakers. Reciprocated string at 2500 lpm / 60 rpm. Cleaned shaker box. Cleaned shakers and changed to coarser top screens.,VOLVE_DDR,15_9_F_14_2008_05_13.xml,XML_NODE_KEYWORD,LOW
55718aeb-b970-4c84-848b-1c515d89f5df,NO,NO 15/9-F-14,name 2008-05-14T02:30:00+02:00,name 2008-05-14T03:15:00+02:00,2185,2185,ABNORMAL_OPERATION,Got problems with plugged shakers and overflow when Grid sand surfaced. Cleaned shakers and shaker box. Reciprocated string with 500 lpm / 30 rpm. Stepped up rate to 4000 lpm and recommenced drilling.,VOLVE_DDR,15_9_F_14_2008_05_15.xml,XML_NODE_KEYWORD,LOW
654e1d81-6a9d-4183-9d44-5cbf7dfca279,NO,NO 15/9-F-14,name 2008-05-14T03:15:00+02:00,name 2008-05-14T06:00:00+02:00,2209,2209,ABNORMAL_OPERATION,"Continued drilling 17 1/2"" hole section from 2185 m to 2209 m MD with reduced rate as dictated by geology. Drilling parameters :  Flow 4400  lpm / SPP ~197 bar / Rotation 120 rpm /  WOB 1-3 MT / Torque 6-14 kNm / ECD 1,31-1,32 / ROP 20 m/hrs. Took survey at connection as instructed by DD. Got problems with plugged shakers and had to reduce flow after connection at 2209 m MD.",VOLVE_DDR,15_9_F_14_2008_05_15.xml,XML_NODE_KEYWORD,LOW
971589f5-30b9-4939-87bb-c1864413c397,NO,NO 15/9-F-14,name 2008-05-15T21:15:00+02:00,name 2008-05-16T00:00:00+02:00,0,0,MUD_LOSS,"Worked on TDS. Made up fixed centering bar / brackets on TDS. 

Meanwhile :
-Performed houskeeping and cleaning in shakers
-Cleaned pits

Static losses to well before midnight ~100 l/hrs.",VOLVE_DDR,15_9_F_14_2008_05_16.xml,XML_NODE_KEYWORD,HIGH
db20baaf-026a-4ae2-9815-e4eb00a8f210,NO,NO 15/9-F-14,name 2008-05-16T04:15:00+02:00,name 2008-05-16T06:00:00+02:00,0,0,MUD_LOSS,"Rigged up 14"" casing handling equipment. Static losses to well after midnight ~100 l/hrs.",VOLVE_DDR,15_9_F_14_2008_05_17.xml,XML_NODE_KEYWORD,HIGH
f1f819f7-658f-411b-81b3-4ae70ea350f6,NO,NO 15/9-F-14,name 2008-05-17T00:00:00+02:00,name 2008-05-17T06:00:00+02:00,610,610,MUD_LOSS,"Ran 14"" 96,6# casing from 207 m to 610 m MD. Filled every casing joint with 1,30 sg WBM. Static losses approx 100 l/hrs after midnight.",VOLVE_DDR,15_9_F_14_2008_05_18.xml,XML_NODE_KEYWORD,HIGH
7b5c0727-b889-415b-9595-a73aa7b32d92,NO,NO 15/9-F-14,name 2008-05-19T07:45:00+02:00,name 2008-05-19T09:00:00+02:00,2276,2276,NPT,Awaited instructions for releasing PADPRT.,VOLVE_DDR,15_9_F_14_2008_05_20.xml,XML_NODE_KEYWORD,MEDIUM
e93882d7-f346-4189-959e-2c2348b76065,NO,NO 15/9-F-14,name 2008-05-19T09:30:00+02:00,name 2008-05-19T13:00:00+02:00,2276,2276,NPT,Awaited instructions for releasing PADPRT. Meeting ongoing with town.,VOLVE_DDR,15_9_F_14_2008_05_20.xml,XML_NODE_KEYWORD,MEDIUM
f2448840-64b4-43a7-9f56-af268b61e5ac,NO,NO 15/9-F-14,name 2008-05-20T06:00:00+02:00,name 2008-05-20T07:45:00+02:00,140,140,EQUIPMENT_FAILURE,Pressure tested BOP (test #7 and #8). Reverted to repair on TDS.,VOLVE_DDR,15_9_F_14_2008_05_21.xml,XML_NODE_KEYWORD,MEDIUM
6b32873e-326b-42a4-a565-1ddb8f3e7b86,NO,NO 15/9-F-14,name 2008-05-22T06:00:00+02:00,name 2008-05-22T07:00:00+02:00,2289,2289,ABNORMAL_OPERATION,"Drilled 12 1/4"" hole section from 2284 m to 2289 m MD. Drilling parameters : Flow 3500 lpm / SPP 232 bar / String RPM 44 / Bit RPM 144/ WOB 2-3 MT / Torque 7-8 kNm / ECD 1,32 / ROP 20 m/hr. Experienced problems with MWD signal.",VOLVE_DDR,15_9_F_14_2008_05_23.xml,XML_NODE_KEYWORD,LOW
60e2d00e-3b4d-4167-bd15-02f7b7455f8c,NO,NO 15/9-F-14,name 2008-05-22T07:30:00+02:00,name 2008-05-22T08:30:00+02:00,2299,2299,ABNORMAL_OPERATION,"Drilled 12 1/4"" hole section from 2290 m to 2299 m MD. Drilling parameters : Flow 3500 lpm / SPP 232 bar / String RPM 44 /  Bit RPM 144 / WOB 2-3 MT / Torque 7-8 kNm / ECD 1,32 / ROP 20 m/hr. Experienced problems with FWD PRS.",VOLVE_DDR,15_9_F_14_2008_05_23.xml,XML_NODE_KEYWORD,LOW
cab668c6-5ae7-433d-aaba-81046c66da23,NO,NO 15/9-F-14,name 2008-05-22T09:30:00+02:00,name 2008-05-22T19:00:00+02:00,2460,2460,ABNORMAL_OPERATION,"Drilled 12 1/4"" hole section from 2299 m to 2460 m MD. Drilling parameters : Flow 3500 lpm / SPP 232-238 bar / String RPM 120-140 / Bit RPM 220-240 / WOB 3-8 MT / Torque 6-13 kNm / ECD 1,32 /  Drilled with limited ROP 20-30 m/hr due to problems with MWD sinal decoding.",VOLVE_DDR,15_9_F_14_2008_05_23.xml,XML_NODE_KEYWORD,LOW
d17e71fe-e865-422a-917a-4f1e3e071d12,NO,NO 15/9-F-14,name 2008-05-25T05:00:00+02:00,name 2008-05-25T05:15:00+02:00,272,272,EQUIPMENT_FAILURE,Repaired bursted fitting on iron roughneck.,VOLVE_DDR,15_9_F_14_2008_05_26.xml,XML_NODE_KEYWORD,MEDIUM
4b451193-07e1-4bdf-a304-17bd6bbdca8c,NO,NO 15/9-F-14,name 2008-05-25T19:30:00+02:00,name 2008-05-25T21:00:00+02:00,1170,1170,ABNORMAL_OPERATION,"Held pre-job meeting. Changed to 10 3/4"" handling equipment and RU casing circulation tool (FAC). Experienced problems with Odfjell spider elevator.",VOLVE_DDR,15_9_F_14_2008_05_26.xml,XML_NODE_KEYWORD,LOW
9d14c33f-f5c0-4553-a523-ed88c5cdc9d2,NO,NO 15/9-F-14,name 2008-05-25T21:00:00+02:00,name 2008-05-25T21:30:00+02:00,1170,1170,ABNORMAL_OPERATION,Sorted out problem with Odfjell spider elevator.,VOLVE_DDR,15_9_F_14_2008_05_26.xml,XML_NODE_KEYWORD,LOW
e94427cd-b874-4487-9188-303aede0850d,NO,NO 15/9-F-14,name 2008-05-25T21:30:00+02:00,name 2008-05-25T22:15:00+02:00,1188,1188,ABNORMAL_OPERATION,"PU and installed XO 9 5/8"" x 10 3/4"". Changed out PS21 slips with PS30 slips. Problems with PDM camera.",VOLVE_DDR,15_9_F_14_2008_05_26.xml,XML_NODE_KEYWORD,LOW
a6926bbc-145a-4a09-bddb-6cf1e57ff98e,NO,NO 15/9-F-14,name 2008-05-25T22:15:00+02:00,name 2008-05-25T22:45:00+02:00,1188,1188,EQUIPMENT_FAILURE,Repaired camera on PDM and re-sat HMI software to be able to see picture on the screen.,VOLVE_DDR,15_9_F_14_2008_05_26.xml,XML_NODE_KEYWORD,MEDIUM
ec08e5e4-54cd-46be-b1b8-a2af85a99ab8,NO,NO 15/9-F-14,name 2008-05-26T23:00:00+02:00,name 2008-05-27T00:00:00+02:00,2783,2783,MUD_LOSS,"Circulated casing volume and btms up, a total of 1150 strks, at 1770 lpm / 53 bar loss free rate. Observed 3 m3/hr loss at 2000 lpm but had full return at 1770 lpm.",VOLVE_DDR,15_9_F_14_2008_05_27.xml,XML_NODE_KEYWORD,HIGH
1b3e8c82-d054-46a0-8fca-6afec465a50f,NO,NO 15/9-F-14,name 2008-05-27T00:00:00+02:00,name 2008-05-27T01:15:00+02:00,2783,2783,MUD_LOSS,Continued circulating casing volume and btms up at 1770 lpm / 53 bar loss free rate. Meanwhile held pre-job meeting for cmt job.,VOLVE_DDR,15_9_F_14_2008_05_28.xml,XML_NODE_KEYWORD,HIGH
1eeebfa3-d446-4d4f-9523-8018586c3757,NO,NO 15/9-F-14,name 2008-05-27T03:00:00+02:00,name 2008-05-27T04:45:00+02:00,2783,2783,MUD_LOSS,"Pumped 500 ltrs water, released dart and continued pumping 2500 ltrs water behind cement with cmt unit. Top wiper plug sheared at 170 bar. 

Zeroed stroke counters for mud pumps. Displaced and sheared btm wiper plug by pumping OBM at 1200 lpm using rig pumps. 
Continued displacing cement with 111.9 m3 OBM at 1770-1500 lpm using mud pumps. Wiper plug sheared at 114 bar / 4450 stks. Slowed down rate to 1000 lpm / 69 bar (FCP) approx 4 m3 prior to bump. Bumped plug with 138 bar after pumping 5080 strokes, which gives a pump efficiency of 96.5%. No losses during displacement.",VOLVE_DDR,15_9_F_14_2008_05_28.xml,XML_NODE_KEYWORD,HIGH
96d94c15-3f80-4cff-9996-afa797a004dc,NO,NO 15/9-F-14,name 2008-05-28T00:15:00+02:00,name 2008-05-28T04:00:00+02:00,60,60,EQUIPMENT_FAILURE,Repaired decoder for finger on FWD PRS.,VOLVE_DDR,15_9_F_14_2008_05_29.xml,XML_NODE_KEYWORD,MEDIUM
a36b6c4d-c0af-4ecd-af81-d12c2db3948a,NO,NO 15/9-F-14,name 2008-05-28T06:00:00+02:00,name 2008-05-28T13:30:00+02:00,60,60,EQUIPMENT_FAILURE,"Repaired decoder for finger on FWD PRS.

Meanwhile changed out drilling bails and performed derrick inspection.",VOLVE_DDR,15_9_F_14_2008_05_29.xml,XML_NODE_KEYWORD,MEDIUM
185055b3-d349-4b32-83fe-507cc5571983,NO,NO 15/9-F-14,name 2008-05-29T12:00:00+02:00,name 2008-05-29T13:00:00+02:00,310,310,ABNORMAL_OPERATION,Investigated problem with pipe spinner on aft roughneck.,VOLVE_DDR,15_9_F_14_2008_05_30.xml,XML_NODE_KEYWORD,LOW
5f9682f2-4c79-42b3-bf90-2270bad52a24,NO,NO 15/9-F-14,name 2008-05-29T13:15:00+02:00,name 2008-05-29T14:30:00+02:00,310,310,KICK,Observed gain in trip tank and flow up RTTS running string. Installed kick valve on string. Shut in well and monitored pressures. No increase in pressure observed. Total gain in trip tank was 420 ltrs.,VOLVE_DDR,15_9_F_14_2008_05_30.xml,XML_NODE_KEYWORD,HIGH
1384112f-2d69-4718-8c81-e85014098bad,NO,NO 15/9-F-14,name 2008-05-29T14:30:00+02:00,name 2008-05-29T15:00:00+02:00,292,292,KICK,"Opened auto choke and observed no gain in TT through mud gas separator. Opened kick valve and observed no flow. POOH with running tool on 5 1/2"" DP from 310 m to 292 m. Could not rack back 5 1/2"" DP due to lower arm on FWD PRS not working.",VOLVE_DDR,15_9_F_14_2008_05_30.xml,XML_NODE_KEYWORD,HIGH
093d1d9a-2700-43a4-87a2-3554eae55bb6,NO,NO 15/9-F-14,name 2008-06-01T15:00:00+02:00,name 2008-06-01T15:30:00+02:00,118,118,EQUIPMENT_FAILURE,Repaired sheared bolts on PRS track on drill floor.,VOLVE_DDR,15_9_F_14_2008_06_02.xml,XML_NODE_KEYWORD,MEDIUM
695ed44b-ffe5-44bc-80f4-0b24355b1933,NO,NO 15/9-F-14,name 2008-06-02T20:15:00+02:00,name 2008-06-02T20:30:00+02:00,0,0,NPT,"Waited on production to confirme valve status.

Meanwhile installed hatch on F-15.",VOLVE_DDR,15_9_F_14_2008_06_03.xml,XML_NODE_KEYWORD,MEDIUM
61b83f76-d024-4d64-b073-9bc63f756bee,NO,NO 15/9-F-14,name 2008-06-02T21:30:00+02:00,name 2008-06-02T21:45:00+02:00,0,0,NPT,Waited for production to verify that DHSV was open and bled off pressure to choke manifold.,VOLVE_DDR,15_9_F_14_2008_06_03.xml,XML_NODE_KEYWORD,MEDIUM
16b092c2-6a1f-4ba8-89e4-f87ff4955ab3,NO,NO 15/9-F-14,name 2008-06-06T12:45:00+02:00,name 2008-06-06T14:00:00+02:00,28,28,STUCK_PIPE,"Attempted to come up with string and took overpull. Worked string down and rotated 1½ turns. Attempted to pull up and took overpull. Went back down and applied 140 bars to the string, bleed off the pressure and went down, had 10 MT drag going down. Attempted to pull out took overpull immediately. Tool stuck in casing connection just below setting tool latch profile.",VOLVE_DDR,15_9_F_14_2008_06_07.xml,XML_NODE_KEYWORD,HIGH
38a32581-30d7-44c7-8dae-ecedbb2c94e4,NO,NO 15/9-F-14,name 2008-06-06T19:00:00+02:00,name 2008-06-06T23:00:00+02:00,28,28,STUCK_PIPE,"Took out bushing and picked up 10 MT overpull, worked string sideways using tuggers two directions. Able to work string 2 inch's up. Continued working string.

Meanwhile discussed options with onshore, decided to go for a straight pull.
Performed risk analyses prior to carrying out straight pull to free stuck Adjustment Sub Setting Tool.
Drill Quip services hand out of hours.",VOLVE_DDR,15_9_F_14_2008_06_07.xml,XML_NODE_KEYWORD,HIGH
cda663fe-2064-4d1f-bb2f-7848a1cf8622,NO,NO 15/9-F-14,name 2008-06-06T23:00:00+02:00,name 2008-06-07T00:00:00+02:00,28,28,STUCK_PIPE,"Performed derrick inspection prior to perform straight pull with TDS, to free stuck Adjustment Sub Setting Tool. Serviced TDS.",VOLVE_DDR,15_9_F_14_2008_06_07.xml,XML_NODE_KEYWORD,HIGH
23068cea-4e0f-4a42-8919-28eb541cf560,NO,NO 15/9-F-14,name 2008-06-07T00:00:00+02:00,name 2008-06-07T06:00:00+02:00,28,28,STUCK_PIPE,"Continued derrick-, moon pool- and cantilever inspection prior to performing straight pull with TDS, to free stuck Adjustment Sub Setting Tool. Serviced TDS, FWD and AFT PRS. Laid out DC's and Jars from derrick. Pressure tested FOSV and Gray valve to 30/345 bars 5/10mins.",VOLVE_DDR,15_9_F_14_2008_06_08.xml,XML_NODE_KEYWORD,HIGH
3087ee2c-3b2a-4474-a861-f8422a43e212,NO,NO 15/9-F-14,name 2008-06-07T11:00:00+02:00,name 2008-06-07T11:15:00+02:00,28,28,STUCK_PIPE,Held tool box talk prior to pull stuck Adjustment Sub Setting Tool with straight pull.,VOLVE_DDR,15_9_F_14_2008_06_08.xml,XML_NODE_KEYWORD,HIGH
f238636f-9e44-4cfe-b034-f8e891b77271,NO,NO 15/9-F-14,name 2008-06-08T19:00:00+02:00,name 2008-06-08T21:15:00+02:00,140,140,NPT,"Held tool box talk and picked up the back up Adjustment Sub Setting Tool and made up same to one 5½"" HWDP. RIH with the Adjustment Sub Setting Tool and engaged the Adjustment Sub latch profile. Applied 140 bars inside the Setting Tool, compressed Adjustment Sub as per Dril-Quip instruction, rotated totally 14.4 turns. Took 30 MT overpull. Set down string to neutral weight and bled of the pressure, waited for 5 mins for locking dog to relax.",VOLVE_DDR,15_9_F_14_2008_06_09.xml,XML_NODE_KEYWORD,MEDIUM
6592e03e-8de1-4592-95e8-feb53f808e6f,NO,NO 15/9-F-14,name 2008-06-14T20:15:00+02:00,name 2008-06-14T21:45:00+02:00,3536,3536,KICK,"Held tool box talk and started POOH with 8½"" drilling BHA wet 5 std. from 3750m to 3536m.
Held kick drill. Trip time in open hole 142 m/hours",VOLVE_DDR,15_9_F_14_2008_06_15.xml,XML_NODE_KEYWORD,HIGH
cea51fdd-ea9e-444e-b269-5bfba6dc1c0b,NO,NO 15/9-F-14,name 2008-06-16T20:30:00+02:00,name 2008-06-16T23:15:00+02:00,2222,2222,EQUIPMENT_FAILURE,"Continued RIH with 7"" line on 5½"" DP from 1294m to 2222m. Filled every 5'th stand, duration for filling 10-15min. Trip time 338 m/hour. Iron roughneck spinner failed.",VOLVE_DDR,15_9_F_14_2008_06_17.xml,XML_NODE_KEYWORD,MEDIUM
c25d0dd3-d82f-4e86-ab68-c968dfb4eac2,NO,NO 15/9-F-14,name 2008-06-18T20:30:00+02:00,name 2008-06-18T21:30:00+02:00,0,0,ABNORMAL_OPERATION,"Continued rigging up for RIH with cleaning assy. on 3½"" DP. Checked out all equipment for loose items. Function tested auto slips. Problems with HTS.",VOLVE_DDR,15_9_F_14_2008_06_19.xml,XML_NODE_KEYWORD,LOW
4223e4b6-a669-4d17-8743-1f2d6c653bf3,NO,NO 15/9-F-14,name 2008-06-18T21:30:00+02:00,name 2008-06-18T22:00:00+02:00,0,0,EQUIPMENT_FAILURE,Repaired Power Rollers (HTS).,VOLVE_DDR,15_9_F_14_2008_06_19.xml,XML_NODE_KEYWORD,MEDIUM
13e4c331-def0-4129-9359-65e85503c8be,NO,NO 15/9-F-14,name 2008-06-18T22:30:00+02:00,name 2008-06-18T23:00:00+02:00,0,0,EQUIPMENT_FAILURE,Electric technician repaired PDM.,VOLVE_DDR,15_9_F_14_2008_06_19.xml,XML_NODE_KEYWORD,MEDIUM
5c83146f-cb0f-4df0-b358-82934ba508d7,NO,NO 15/9-F-14,name 2008-06-19T00:15:00+02:00,name 2008-06-19T04:45:00+02:00,600,600,ABNORMAL_OPERATION,"Continued RIH w/cleaning assy. on 3 ½"" DP from 100 to 600m. Picked up 3½"" DP singles from cantilever. Trip time 111 m/hour. Problems with tail arm of HTS.
 
UP/Down weight at 500m 80/75 MT.

Simultaneously started pressure testing of rig manifold.",VOLVE_DDR,15_9_F_14_2008_06_20.xml,XML_NODE_KEYWORD,LOW
45a72c6f-6f79-4ab0-989a-abe611db7d05,NO,NO 15/9-F-14,name 2008-06-19T07:15:00+02:00,name 2008-06-19T07:45:00+02:00,660,660,ABNORMAL_OPERATION,"Continued to RIH with cleaning string on 3 1/2"" singles from 621 m to 660 m MD. Restriced running speed due to problems with HTS trailing arm / elevator.",VOLVE_DDR,15_9_F_14_2008_06_20.xml,XML_NODE_KEYWORD,LOW
f85e23af-8c0d-44c2-966c-79df6cdad30e,NO,NO 15/9-F-14,name 2008-06-19T13:45:00+02:00,name 2008-06-19T14:15:00+02:00,1022,1022,EQUIPMENT_FAILURE,Removed segment and repaired/welded safety chain on elevator.,VOLVE_DDR,15_9_F_14_2008_06_20.xml,XML_NODE_KEYWORD,MEDIUM
7277cf1b-12c5-4b4a-a117-51f7641a6bfa,NO,NO 15/9-F-14,name 2008-06-21T15:30:00+02:00,name 2008-06-21T16:30:00+02:00,1016,1016,ABNORMAL_OPERATION,"Broke and laid out cleaning assembly #5 - well sweep magnets.  Assembly #4 - polish mill / well commissioner / 9 5/8"" Razor back and assembly #3 - top dress mill was laid out together. Moderate amounts of swarf recovered on magnets, but no large chunks. Changed from 5"" to 3 1/2"" handling equipment. POOH with cleaning string on 3 1/2"" DP from 1054 m to 1016 m MD. Got problems with HTS rollers.",VOLVE_DDR,15_9_F_14_2008_06_22.xml,XML_NODE_KEYWORD,LOW
74cc48ed-7671-4298-b6f0-c323bdde5b85,NO,NO 15/9-F-14,name 2008-06-21T16:30:00+02:00,name 2008-06-21T17:00:00+02:00,1016,1016,ABNORMAL_OPERATION,Troubleshot problem with HTS rollers.,VOLVE_DDR,15_9_F_14_2008_06_22.xml,XML_NODE_KEYWORD,LOW
4e45ecb1-ee0a-4d41-9527-33e951ec14e2,NO,NO 15/9-F-14,name 2008-06-21T17:00:00+02:00,name 2008-06-21T22:00:00+02:00,230,230,ABNORMAL_OPERATION,"Continued to POOH with cleaning string on 3 1/2"" DP from 1016 m to 230 m MD. Laid down 3 1/2"" singles. Got problems with HTS tailing arm. Trip speed: 160 m/hrs.",VOLVE_DDR,15_9_F_14_2008_06_22.xml,XML_NODE_KEYWORD,LOW
c3721dbc-62dd-43bf-9332-60a2e6e4f740,NO,NO 15/9-F-14,name 2008-06-23T02:30:00+02:00,name 2008-06-23T03:00:00+02:00,100,100,ABNORMAL_OPERATION,Removed masterbushing. Installed and hooked up FMS. Had problems with HTS tailing arm.,VOLVE_DDR,15_9_F_14_2008_06_24.xml,XML_NODE_KEYWORD,LOW
5cf0ff15-c3b5-4a32-90f3-65b80ad09897,NO,NO 15/9-F-14,name 2008-06-24T04:00:00+02:00,name 2008-06-24T05:45:00+02:00,1400,1400,ABNORMAL_OPERATION,"Ran 7"" 29# S13%Cr110 tubing from 1269 m to 1400 m MD. Installed control line clamp/protector on every collar. Got problems with HTS conveyer belt. Average running speed 75 m/hrs.",VOLVE_DDR,15_9_F_14_2008_06_25.xml,XML_NODE_KEYWORD,LOW
5a57cbf3-f870-48ad-9f32-dd67ae001367,NO,NO 15/9-F-14,name 2008-06-24T05:45:00+02:00,name 2008-06-24T06:00:00+02:00,1394,1394,ABNORMAL_OPERATION,Troubleshot problem with conveyer belt. Meanwhile greased slips and elevator.,VOLVE_DDR,15_9_F_14_2008_06_25.xml,XML_NODE_KEYWORD,LOW
4cab0f23-5ac8-4433-8a58-72aaac1ee938,NO,NO 15/9-F-14,name 2008-06-24T06:00:00+02:00,name 2008-06-24T08:30:00+02:00,1400,1400,EQUIPMENT_FAILURE,Troubleshot HTS. Found burned power distribution circuit. Made repair as required.,VOLVE_DDR,15_9_F_14_2008_06_25.xml,XML_NODE_KEYWORD,MEDIUM
03c1f0ec-cfde-44ba-a795-633a94207a59,NO,NO 15/9-F-14,name 2008-06-25T00:00:00+02:00,name 2008-06-25T02:00:00+02:00,2100,2100,ABNORMAL_OPERATION,Tested fittings on DHPG lower spilce fitting through dedicated test port 10 min / 10000 psi - ok. Got problem with chart recorder. Continued testing by visual observation. Tested upper DHPG splice fitting 10 min / 10000 psi - ok.,VOLVE_DDR,15_9_F_14_2008_06_26.xml,XML_NODE_KEYWORD,LOW
7245d872-60f6-4c33-add7-7c7cead8b6b1,NO,NO 15/9-F-14,name 2008-06-28T22:30:00+02:00,name 2008-06-29T00:00:00+02:00,0,0,ABNORMAL_OPERATION,"Installed exit block for DHPG control ine. Had problems with broken allen bolt, installed new bolt. Tested exit block to 10000 psi according to WD procedure - not able to get good test. Discussed situation - test in SH procedure specified 5000 psi test. Re-tested exit block to 5000 psi, but still not able to get good test. Broke off exit block and removed excess paint from WH and exit block. Polished exit block seal surface. Installed exit block, hooked up Vetco pump with recorder and tested exit block to 500/5000 psi 5/10 min -ok. 

Meanwhile pulled and laid down diverter.",VOLVE_DDR,15_9_F_14_2008_06_29.xml,XML_NODE_KEYWORD,LOW
e4491d2a-88d3-4469-989b-74f80622c199,NO,NO 15/9-F-14,name 2008-06-30T01:00:00+02:00,name 2008-06-30T04:00:00+02:00,0,0,KICK,"Made up bolts on graylock clamp with Hy-torq kit. Attmepted to fit support bracket shoe/clamp - observed to narrow angle/gap between support bracket and shoe/clamp. Discussed situation- decided to continue operation as modification of the shoe/clamp would be needed. Suspended flowline in 2 ea 5 MT slings/chainhoists. Removed tugger from flowline. Removed kill line on F-12 and moved to F-14. Flushed packer fluid from cement unit and displaced line to drillwater. Pulled hydraulic line from well control panel to XMT deck. Installed hatches and cover.

Meanwhile serviced TDS and drawworks.",VOLVE_DDR,15_9_F_14_2008_07_01.xml,XML_NODE_KEYWORD,HIGH
40adcea3-dd4f-4318-a9f2-8172e8920d45,NO,NO 15/9-F-14,name 2008-06-30T10:30:00+02:00,name 2008-06-30T13:30:00+02:00,0,0,KICK,"Attached hydrualic control hoses from well control panel to DHSV exit block and HMV actuator. Made up WD chemical injection manifold on wellhead. Re-arranged WD test pump and hooked up to checmical injection mainfold. Opened KWV and HMV from local control panel.

Meanwhile prepared for running WL.",VOLVE_DDR,15_9_F_14_2008_07_01.xml,XML_NODE_KEYWORD,HIGH
29eddf8b-2dcb-4bb9-81c1-937f367c8568,NO,NO 15/9-F-14,name 2008-07-01T00:00:00+02:00,name 2008-07-01T06:00:00+02:00,0,0,KICK,"Comissioned XMT. Tested coflex hose 100 bar / 15 min - test approved by production.

Meanwhile prepared for running WL :
-Changed IBOP on TDS
-Performed service on drawwork
-Cleaned and tidied drillfloor
-Removed support bracket from flowline for modifications
-Checked and tested equipment
-Made up lubricator sections on cantilever
-Spotted grease injection skid and well control skid on drillfloor",VOLVE_DDR,15_9_F_14_2008_07_02.xml,XML_NODE_KEYWORD,HIGH
9259b7a8-0c87-4ca1-b377-7066d933ad53,NO,NO 15/9-F-14,name 2008-07-03T03:30:00+02:00,name 2008-07-03T06:00:00+02:00,0,0,ABNORMAL_OPERATION,"Hooked up local control on XMT. Removed hydraulic tube from HMV and drained hydraulic fluid. Hooked up and tested DHSV control hose to hose on XMT, tested to 520 bar / 10 min - ok. Hooked up HMV control hose and valve block. Had problems with leaking fitting on instrument valve block on HMV control hose. Reterminated fitting and tested hose 207 bar / 15 min - ok.",VOLVE_DDR,15_9_F_14_2008_07_04.xml,XML_NODE_KEYWORD,LOW
ae7ccc20-0092-4c3c-92de-76e78102b9ab,NO,NO 15/9-F-14,name 2008-07-04T00:45:00+02:00,name 2008-07-04T06:00:00+02:00,3400,3400,ABNORMAL_OPERATION,"Trouble shoot power problem with downhole tools. Could not operate GR and switches, but were able to operate WL tractor. Attempted to locate error in surface system.",VOLVE_DDR,15_9_F_14_2008_07_05.xml,XML_NODE_KEYWORD,LOW
f913aa9a-4016-4f86-be3f-a44712e32e64,NO,NO 15/9-F-14,name 2008-07-04T06:00:00+02:00,name 2008-07-04T08:30:00+02:00,3400,3400,ABNORMAL_OPERATION,"Continued to trouble shoot power problem with downhole tools. Could not operate GR and switches, but were able to operate WL tractor.",VOLVE_DDR,15_9_F_14_2008_07_05.xml,XML_NODE_KEYWORD,LOW
771c455a-1069-435b-aec2-999f8b008ff9,NO,NO 15/9-F-14,name 2008-07-04T11:30:00+02:00,name 2008-07-04T17:30:00+02:00,0,0,ABNORMAL_OPERATION,Continiued to trouble shoot power problem with toolstring. Had same problem with tools at surface. Found lower part of Welltec tractor drained for hydraulic oil. This may have affected tools below because the power situation in the toolstring was altered.,VOLVE_DDR,15_9_F_14_2008_07_05.xml,XML_NODE_KEYWORD,LOW
e5af2c4b-8a6b-45b9-94df-00aed1ec2a02,NO,NO 15/9-F-14,name 2008-07-04T19:30:00+02:00,name 2008-07-05T00:00:00+02:00,0,0,ABNORMAL_OPERATION,Made and installed new re-set handle for WL winch 380 V power supply. Trouble shoot problem with power supply.,VOLVE_DDR,15_9_F_14_2008_07_05.xml,XML_NODE_KEYWORD,LOW
9f5a0329-6fda-405e-a072-e8549384cde6,NO,NO 15/9-F-14,name 2008-07-05T00:00:00+02:00,name 2008-07-05T01:30:00+02:00,0,0,ABNORMAL_OPERATION,Continued trouble shooting problem with power supply and found loose rele. Fastened rele and installed ex-cover on WL winch.,VOLVE_DDR,15_9_F_14_2008_07_06.xml,XML_NODE_KEYWORD,LOW
edd34539-4306-4c1f-9cc0-043099d10be5,NO,NO 15/9-F-14,name 2008-07-05T04:30:00+02:00,name 2008-07-05T06:00:00+02:00,0,0,ABNORMAL_OPERATION,Trouble shoot problem with power supply on WL winch.,VOLVE_DDR,15_9_F_14_2008_07_06.xml,XML_NODE_KEYWORD,LOW
54ff2971-65d0-4733-8913-99c96dce0d25,NO,NO 15/9-F-14,name 2008-07-06T21:45:00+02:00,name 2008-07-06T23:30:00+02:00,1500,1500,ABNORMAL_OPERATION,"Trouble shoot problem with gun switches. POOH with BHA #4 from 2500 m to 1500 m and re-tried to communicate with the switches, because they worked at this depth while RIH. Negative.",VOLVE_DDR,15_9_F_14_2008_07_07.xml,XML_NODE_KEYWORD,LOW
e23d380c-e973-4e84-8a6f-fd11fa518c1a,NO,NO 15/9-F-14,name 2008-07-07T04:00:00+02:00,name 2008-07-07T04:45:00+02:00,0,0,ABNORMAL_OPERATION,Trouble shoot problem with gun switch and found faulty switch. Changed to back-up switches. Checked toolstring with tractor and switches installed.,VOLVE_DDR,15_9_F_14_2008_07_08.xml,XML_NODE_KEYWORD,LOW
a9bbe9a7-1681-4df2-9551-59b4135d8965,NO,NO 15/9-F-14,name 2008-07-09T02:30:00+02:00,name 2008-07-09T05:30:00+02:00,3055,3055,ABNORMAL_OPERATION,RIH with BHA #7 from 255 to 3055 m. PU 50 m every 500 m due to new cable. Ran carefully through DHSV and pulled back up to confirm that it was fully open. Had 10 min power shut-down on WL winch. Had to use Schlumberger tension and depth system due to software problem in WL winch.,VOLVE_DDR,15_9_F_14_2008_07_10.xml,XML_NODE_KEYWORD,LOW
3cc74a04-3c93-46cd-b725-5862b3bb5816,NO,NO 15/9-F-14,name 2008-07-09T17:30:00+02:00,name 2008-07-09T19:15:00+02:00,3040,3040,ABNORMAL_OPERATION,"Performed correlation log from 3040 m to 2975 m using CCL. Had problems running back down to 3040 m because toolstring stopped in previous perforation interval #5, 3021-3036.2 m.",VOLVE_DDR,15_9_F_14_2008_07_10.xml,XML_NODE_KEYWORD,LOW
a85f5bd7-6b63-481b-bc4c-f0008ced6a08,NO,NO 15/9-F-14,name 2008-07-09T19:15:00+02:00,name 2008-07-09T19:45:00+02:00,3040,3040,EQUIPMENT_FAILURE,Seawell failed to stop on shooting depth twice and another correlation run had to be made because the guns had become off depth in the attempts.,VOLVE_DDR,15_9_F_14_2008_07_10.xml,XML_NODE_KEYWORD,MEDIUM
56ac5126-c503-4906-941e-359806cbd16b,NO,NO 15/9-F-14,name 2009-03-06T22:15:00+01:00,name 2009-03-07T00:00:00+01:00,0,0,NPT,"Waited on handover of well F-14.

Meanwhile :
-Landed WL riser/BOP on Weather deck hatch and secured same
-Built scaffolding/rails on Weather deck
-Performed general PMs in drilling areas
-Dismantled drilling BOP
-Re-terminated ROV umbilical",VOLVE_DDR,15_9_F_14_2009_03_07.xml,XML_NODE_KEYWORD,MEDIUM
094f17a0-8dd2-41a2-b1f1-d6a744048742,NO,NO 15/9-F-14,name 2009-03-07T00:00:00+01:00,name 2009-03-07T06:00:00+01:00,0,0,NPT,"Waited on handover of well F-14.

Meanwhile :
-Performed general PMs in drilling areas
-Dismantled drilling BOP
-Re-terminated ROV umbilical
-Performed checks on WL equipment",VOLVE_DDR,15_9_F_14_2009_03_08.xml,XML_NODE_KEYWORD,MEDIUM
e6882494-acb3-4949-b696-61cb19a405dd,NO,NO 15/9-F-14,name 2009-03-07T06:00:00+01:00,name 2009-03-08T00:00:00+01:00,0,0,NPT,"Waited on handover of well F-14.

Meanwhile :
-Worked on choke manifold valves
-Bled of pressure on drilling BOP control system
-PM on mudpump #3
-Changed valves XCV1/XC2 on trip tanks
-Managed DROPS punch items in derrick
-Performed general housekeeping in drillng areas",VOLVE_DDR,15_9_F_14_2009_03_08.xml,XML_NODE_KEYWORD,MEDIUM
604501b7-6a3b-4b8d-941d-b14a48f0d905,NO,NO 15/9-F-14,name 2009-03-08T00:00:00+01:00,name 2009-03-08T06:00:00+01:00,0,0,NPT,"Waited on handover of well F-14.

Meanwhile :
-Dismantled drilling BOP components",VOLVE_DDR,15_9_F_14_2009_03_09.xml,XML_NODE_KEYWORD,MEDIUM
4ab23b6d-6b29-4889-8b02-545c7702d9f8,NO,NO 15/9-F-14,name 2009-03-08T06:00:00+01:00,name 2009-03-08T19:00:00+01:00,0,0,NPT,"Waited on handover of well F-14.

Meanwhile :
-Prepeared for WL operation
-Dismantled drilling BOP components",VOLVE_DDR,15_9_F_14_2009_03_09.xml,XML_NODE_KEYWORD,MEDIUM
6939ae54-250a-48a5-91df-faf29a71f83a,NO,NO 15/9-F-14,name 2009-03-09T07:00:00+01:00,name 2009-03-09T08:00:00+01:00,500,500,KICK,Performed toolbox talk/handover meeting. Conducted well control drill.,VOLVE_DDR,15_9_F_14_2009_03_10.xml,XML_NODE_KEYWORD,HIGH
6a839aa1-e408-4b8b-ba8e-639515a4daf2,NO,NO 15/9-F-14,name 2009-03-09T18:30:00+01:00,name 2009-03-10T00:00:00+01:00,2900,2900,NPT,Waited on production department to start up production. Production on F-14 commenced at 23:15.,VOLVE_DDR,15_9_F_14_2009_03_10.xml,XML_NODE_KEYWORD,MEDIUM
153642a0-ef86-4060-b5a5-7ebc164fceaa,NO,NO 15/9-F-14,name 2009-03-10T00:00:00+01:00,name 2009-03-10T00:45:00+01:00,2900,2900,NPT,Waited on production department to start up production.,VOLVE_DDR,15_9_F_14_2009_03_11.xml,XML_NODE_KEYWORD,MEDIUM
bbb846aa-c85d-4155-824f-c032e724be8b,NO,NO 15/9-F-14,name 2009-03-11T00:00:00+01:00,name 2009-03-11T01:45:00+01:00,2900,2900,ABNORMAL_OPERATION,Beaned up well to 4500 Sm3/d. Meanwhile RIH to 3056 m MD. Took p/u weight at 10 m/min to verify simulations. P/u weight 3000-3100 lbs in correspondance with simulated values. Picked up to 2900 m MD. Had problems maintaining rate at 4500 Sm3/d due to high separator levels. Cut back rate to 4250 Sm3/d.,VOLVE_DDR,15_9_F_14_2009_03_12.xml,XML_NODE_KEYWORD,LOW
dc06f154-5458-4673-8c35-b5ba15b063bb,NO,NO 15/9-F-14,name 2009-03-12T17:00:00+01:00,name 2009-03-12T19:30:00+01:00,0,0,NPT,Waiting on MDN. Unable to proceed with WL operation due to ongoing 5-yearly work on tension cylinders in moonpool.,VOLVE_DDR,15_9_F_14_2009_03_13.xml,XML_NODE_KEYWORD,MEDIUM
a8ac78e0-3cbd-4a4a-926b-0f757b52e485,NO,NO 15/9-F-14,name 2009-03-12T19:30:00+01:00,name 2009-03-13T00:00:00+01:00,0,0,NPT,"Waited on Mærsk Production to shut in well and inflow test HMV to 119-5 bar/10 min and DHSV to 119-5 bar/30 min. Had 0.7 bar drop/10 min on HMV and 0.3 bar drop/30 min on DHSV. Bled off pressure to 0 bar above DHSV. Isolated HMV. Confirmed valve status and handed over well to drilling at midnight.

Meanwhile cleaned in moonpool area and injected slop. Held tool box meeting for RD lubricator, LD toolstring and performe dual lift of WL riser. Sorted out problem with exhaust fumes on drillfloor.",VOLVE_DDR,15_9_F_14_2009_03_13.xml,XML_NODE_KEYWORD,MEDIUM
1bc795aa-05de-4715-91d0-4d1e771e712b,NO,NO 15/9-F-14,name 2010-09-12T01:00:00+02:00,name 2010-09-12T02:00:00+02:00,0,0,NPT,Waited on production dept. for activation of work permit.,VOLVE_DDR,15_9_F_14_2010_09_13.xml,XML_NODE_KEYWORD,MEDIUM
4501879e-4bca-4261-ad51-6b44220f7b90,NO,NO 15/9-F-14,name 2010-09-12T09:00:00+02:00,name 2010-09-12T11:15:00+02:00,0,0,ABNORMAL_OPERATION,"Held tool box talk and hoisted down upper riser through RT and stabbed same onto BOP. Installed upper sheave wheel with 7/16"" cable and hoisted up lubrikator and GIH in elevator.
Lifted up tractor and hung off in riser. WL winch suddenly stopped. Unable to find and correct problem. LD tractor.",VOLVE_DDR,15_9_F_14_2010_09_13.xml,XML_NODE_KEYWORD,LOW
0c755214-3b2a-478e-960a-e24cc8a563d5,NO,NO 15/9-F-14,name 2010-09-12T11:15:00+02:00,name 2010-09-12T17:00:00+02:00,0,0,ABNORMAL_OPERATION,"Troubleshot winch problem, Mærsk electrician assisted. Bypassed relay, restarted power pack and let it run for two hours without any problem. Decided to continue acc. to program.",VOLVE_DDR,15_9_F_14_2010_09_13.xml,XML_NODE_KEYWORD,LOW
75d33c1a-447a-4a0f-b708-2ab87dad6f70,NO,NO 15/9-F-14,name 2010-09-16T13:15:00+02:00,name 2010-09-17T00:00:00+02:00,0,0,NPT,"Waited on plug equipment from shore. Boat departure cancelled due to poor weather forecast. Meanwhile produced well and prepared 5/16"" cable equipment due to loose strand on 7/16"" cable.",VOLVE_DDR,15_9_F_14_2010_09_17.xml,XML_NODE_KEYWORD,MEDIUM
6ac5fb57-3f08-46af-9fb1-2d5d85a31fec,NO,NO 15/9-F-14,name 2010-09-17T00:00:00+02:00,name 2010-09-17T06:00:00+02:00,0,0,NPT,"Waited on plug equipment from shore. Meanwhile produced well and prepared 5/16"" cable equipment.",VOLVE_DDR,15_9_F_14_2010_09_18.xml,XML_NODE_KEYWORD,MEDIUM
10690dd2-0786-4600-b7c3-0bac9415fa5a,NO,NO 15/9-F-14,name 2010-09-17T06:00:00+02:00,name 2010-09-18T00:00:00+02:00,0,0,NPT,"Waited on plug equipment from shore. Meanwhile produced well and prepared 5/16"" cable equipment. Rigged up lubricator with grease inj. head. Function tested tractor through cable. Held SJA meeting regarding RD of wireline equipment and skidding preparations.",VOLVE_DDR,15_9_F_14_2010_09_18.xml,XML_NODE_KEYWORD,MEDIUM
ecfaf84d-dddf-4a09-a1a0-bf339958be3f,NO,NO 15/9-F-14,name 2010-09-18T00:00:00+02:00,name 2010-09-18T06:00:00+02:00,0,0,NPT,Waited on plug equipment from shore. Meanwhile produced well. Held SJA meeting regarding RD wireline equipment and prepare for skidding.,VOLVE_DDR,15_9_F_14_2010_09_19.xml,XML_NODE_KEYWORD,MEDIUM
1c185e21-541a-4ae9-a7b0-7fc1b5352a22,NO,NO 15/9-F-14,name 2010-09-18T06:00:00+02:00,name 2010-09-18T15:30:00+02:00,0,0,NPT,Waited on plug equipment from shore. Meanwhile produced well. Held pre-job meeting with involved personnel.,VOLVE_DDR,15_9_F_14_2010_09_19.xml,XML_NODE_KEYWORD,MEDIUM
ca96c014-7a24-496e-89aa-3af8fc0e577c,NO,NO 15/9-F-14,name 2012-01-28T19:30:00+01:00,name 2012-01-28T20:30:00+01:00,0,0,EQUIPMENT_FAILURE,"WellTec tested counter system.
Meanwhile AWS repaired chain on 5/16""cable drum.",VOLVE_DDR,15_9_F_14_2012_01_29.xml,XML_NODE_KEYWORD,MEDIUM
9383aba7-891b-46f8-9269-06eed2267f15,NO,NO 15/9-F-14,name 2012-01-28T20:30:00+01:00,name 2012-01-28T23:00:00+01:00,0,0,EQUIPMENT_FAILURE,"Connected cables to winch BOP screen and smart skid. Secured hoses/cables over sharp edges. Checked chiksan at wellhead. WellTec checked tractors.
Meanwhile Mærsk electrician repaired faulty hydr. sensor om WL winch.",VOLVE_DDR,15_9_F_14_2012_01_29.xml,XML_NODE_KEYWORD,MEDIUM
42b8a92a-2cf7-4fcb-9e5e-df5657742af3,NO,NO 15/9-F-14,name 2012-01-29T06:00:00+01:00,name 2012-01-29T10:15:00+01:00,0,0,NPT,Waited for Production Department to prepare well for handover.,VOLVE_DDR,15_9_F_14_2012_01_30.xml,XML_NODE_KEYWORD,MEDIUM
5b74ddf3-e8df-44e0-9f86-9f8447f66b2d,NO,NO 15/9-F-14,name 2016-07-30T23:15:00+02:00,name 2016-07-31T00:00:00+02:00,0,0,STUCK_PIPE,"Displaced cement with 41,5 m3 SW from cement unit at 1300 lpm / 85 bar, cycled DHSV 3x after bullheading 30 m3 of SW (while still pumping at 1300lpm).

Continued displacement by pumping 3 m3 contamination pill at 600lpm / 56 bar with cement unit. After bullheading 2,7 m3 contamination pill the formation started to pack off, pressure increased from 56 bar to a final squeeze pressure of 95 bar. Stopped pumping, final static pressure 57 bar.
Estimated TOC 2700 mMD.",VOLVE_DDR,15_9_F_14_2016_07_31.xml,XML_NODE_KEYWORD,HIGH
51d0adf6-ab07-453a-a6ac-8942ccbdc93d,NO,NO 15/9-F-14,name 2016-08-04T08:00:00+02:00,name 2016-08-04T08:15:00+02:00,754.3,754.3,MUD_LOSS,"Lined up on TT and flowchecked well for 10 min, initial loss rate 600 ltr/min. Lost for 7 to 8 min, then static.
Meanwhile: Performed TBT for POOH",VOLVE_DDR,15_9_F_14_2016_08_05.xml,XML_NODE_KEYWORD,HIGH
56b1f005-b765-4f9d-bc07-bfc0060fbf0a,NO,NO 15/9-F-14,name 2016-08-04T16:30:00+02:00,name 2016-08-04T16:45:00+02:00,338,338,KICK,Performed kick drill,VOLVE_DDR,15_9_F_14_2016_08_05.xml,XML_NODE_KEYWORD,HIGH
c262158c-b2e4-4083-853f-223f8f51ca0c,NO,NO 15/9-F-14,name 2016-08-04T20:45:00+02:00,name 2016-08-04T22:00:00+02:00,511,511,NPT,"M/U TDS and took up/down weights 82/74 ton.
Engaged fish. Worked string up/down several times with max 22 ton OP/WOB.
Pulled FLX free with 23 ton OP.
Pulled up 3 m and waited 30 min for elements to retract.",VOLVE_DDR,15_9_F_14_2016_08_05.xml,XML_NODE_KEYWORD,MEDIUM
32b0412c-61a4-4c89-814e-28e2821e7305,NO,NO 15/9-F-14,name 2016-08-07T13:30:00+02:00,name 2016-08-07T13:45:00+02:00,0,0,EQUIPMENT_FAILURE,Repaired elevator leak. Replaced valve on same,VOLVE_DDR,15_9_F_14_2016_08_08.xml,XML_NODE_KEYWORD,MEDIUM
fb48b6ef-bd8a-41ad-80ca-f424d54cec72,NO,NO 15/9-F-14,name 2016-08-08T14:30:00+02:00,name 2016-08-08T15:15:00+02:00,0,0,KICK,POOH w/ cutter from 136m to surface. Meanwhile performed kick drill 31 sek. L/D cutter,VOLVE_DDR,15_9_F_14_2016_08_09.xml,XML_NODE_KEYWORD,HIGH
e7eef56a-ecb8-4a62-a979-96ccea7a06c7,NO,NO 15/9-F-14,name 2016-08-10T00:00:00+02:00,name 2016-08-10T00:45:00+02:00,0,0,MUD_LOSS,"Continued milling 10 3/4in subsea csg hanger. 1970l/min, 9bar, 80-120rpm, 5-13kNm, 1-8t WOB. Heard sound and observed loss of WOB indicating casing parted from hanger. Total of 27cm milled.",VOLVE_DDR,15_9_F_14_2016_08_11.xml,XML_NODE_KEYWORD,HIGH
e647f14b-a610-412c-895b-210c46996587,NO,NO 15/9-F-14,name 2016-08-10T03:15:00+02:00,name 2016-08-10T03:45:00+02:00,0,0,MUD_LOSS,"Performed drops inspection and service on TDS. Observed loss in TT of +/- .8m3/hour. 
Inspected and confirmed no leak on surface",VOLVE_DDR,15_9_F_14_2016_08_11.xml,XML_NODE_KEYWORD,HIGH
0370e334-92c3-439e-8248-d49b3292b2bd,NO,NO 15/9-F-14,name 2016-08-10T03:45:00+02:00,name 2016-08-10T05:15:00+02:00,0,0,MUD_LOSS,"Continued monitoring well on TT while discussing way forward. Meanwhile TBT for POOH. Constant loss rate of 0,8m3/hour",VOLVE_DDR,15_9_F_14_2016_08_11.xml,XML_NODE_KEYWORD,HIGH
e6af5439-8cbe-4ac1-b845-77f3b6ee0e3c,NO,NO 15/9-F-14,name 2016-08-10T05:15:00+02:00,name 2016-08-10T06:15:00+02:00,0,0,MUD_LOSS,"POOH w/ milling BHA to surface. Losses decreased to +/- 0,4m3/hour while POOH",VOLVE_DDR,15_9_F_14_2016_08_11.xml,XML_NODE_KEYWORD,HIGH
00f1bcb3-9025-43c5-9e6d-60e18883bc86,NO,NO 15/9-F-14,name 2016-08-10T06:15:00+02:00,name 2016-08-10T07:00:00+02:00,0,0,MUD_LOSS,"L/D milling BHA. Inspected magnet. Very fine swarf observed, not possible to weigh. 
Loss rate less than 0,1m3/hour",VOLVE_DDR,15_9_F_14_2016_08_11.xml,XML_NODE_KEYWORD,HIGH
e994816e-c43e-4c44-97b0-b98a7ebf27ec,NO,NO 15/9-F-14,name 2016-08-12T18:00:00+02:00,name 2016-08-12T18:15:00+02:00,902,902,MUD_LOSS,"Flow checked well on trip tank. Well not static. Losses of 10,5m3/hour",VOLVE_DDR,15_9_F_14_2016_08_13.xml,XML_NODE_KEYWORD,HIGH
b8b434ea-e932-4820-b62e-7489c241b291,NO,NO 15/9-F-14,name 2016-08-13T04:00:00+02:00,name 2016-08-13T04:30:00+02:00,147,147,MUD_LOSS,"Opened BOP and monitored well on TT. Observed loss rate 4.8m3/hr. Released RTTS packer, loss rate increased to 10.8m3/hr",VOLVE_DDR,15_9_F_14_2016_08_14.xml,XML_NODE_KEYWORD,HIGH
c89181e6-59ee-4f31-80de-c21cc25be7d0,NO,NO 15/9-F-14,name 2016-08-13T04:30:00+02:00,name 2016-08-13T05:00:00+02:00,142.5,142.5,MUD_LOSS,"Picked up w/ RTTS packer to 142.5m (the depth above top shot of 10 3/4in csg perforation) 
Set RTTS at 142,5m. Well static. Pressure tested above RTTS to 20bar/5min and 50bar/5min. Good test. 
Released RTTS. Loss rate 10m3/hr",VOLVE_DDR,15_9_F_14_2016_08_14.xml,XML_NODE_KEYWORD,HIGH
47daab6b-8419-499d-a0b6-a685091931dd,NO,NO 15/9-F-14,name 2016-08-13T05:00:00+02:00,name 2016-08-13T05:45:00+02:00,155,155,MUD_LOSS,"M/U new stand. RIH and RTTS packer at 155m. (the depth below bottom shot of 10 3/4in csg perforation)
Loss rate 10m3/hr. Stopped TT pump and let level drop",VOLVE_DDR,15_9_F_14_2016_08_14.xml,XML_NODE_KEYWORD,HIGH
19a5803a-bb76-4293-bd4b-a8fcae7a5d17,NO,NO 15/9-F-14,name 2016-08-13T08:15:00+02:00,name 2016-08-13T11:30:00+02:00,0,0,MUD_LOSS,"Evaluated situation. Discussed situation w/ onshore organisation. Agreed way forward to attempt to cure losses w/ LCM pill
Meanwhile serviced drilling equipment. Housekeeping. Adjusted link tilt, 
Performed maintenance on PS21, TDS, greased both PRSs.",VOLVE_DDR,15_9_F_14_2016_08_14.xml,XML_NODE_KEYWORD,HIGH
987cd7be-e981-4195-81ca-11dd8eb63901,NO,NO 15/9-F-14,name 2016-08-13T12:00:00+02:00,name 2016-08-13T12:15:00+02:00,0,0,MUD_LOSS,"Continued mixing 400kg/m3 LCM pill in pump room. Hopper is packing off while mixing. Continued to mix manually. Worked good
Flow checked on TT. Loss rate 10m3/hr",VOLVE_DDR,15_9_F_14_2016_08_14.xml,XML_NODE_KEYWORD,HIGH
57378594-9087-4b93-bcc7-2e44631a840f,NO,NO 15/9-F-14,name 2016-08-13T14:00:00+02:00,name 2016-08-13T19:30:00+02:00,845,845,MUD_LOSS,"Continued mixing LCM pill while monitoring well. Loss rate 11m3/hrs. 
Meanwhile isolated and removed suction strainers in MP#2",VOLVE_DDR,15_9_F_14_2016_08_14.xml,XML_NODE_KEYWORD,HIGH
22d50005-24de-46cd-8b56-ce01ef626497,NO,NO 15/9-F-14,name 2016-08-13T19:30:00+02:00,name 2016-08-13T21:30:00+02:00,900,900,MUD_LOSS,"Pumped 15m3 1.3sg 400kg/m3 LCM pill @ 550 LPM. 
When pill starts to exit string, decreased pump rate to 160l/min. Lined up TT and kept volume in TT static by adjusting pump rate between 160-200l/min to avoid LCM going up annulus and avoid SW from annulus dropping down and mix with LCM. 
Pumped and pulled to top of stand when +/- 2 m3 LCM left in the DP string. Stopped pumping after all LCM volume out of the DP string.   
Loss rate during pumping and displacing LCM pill +/- 11m3/hr",VOLVE_DDR,15_9_F_14_2016_08_14.xml,XML_NODE_KEYWORD,HIGH
71ede395-d4ea-4dd3-a887-dc24c3288835,NO,NO 15/9-F-14,name 2016-08-13T21:30:00+02:00,name 2016-08-13T22:15:00+02:00,900,900,MUD_LOSS,Stop pumping and monitor well on TT for 30 min. Loss rate +/- 10 m3/hr,VOLVE_DDR,15_9_F_14_2016_08_14.xml,XML_NODE_KEYWORD,HIGH
0876a6f2-a207-410f-8291-1e95f310d67e,NO,NO 15/9-F-14,name 2016-09-12T07:15:00+02:00,name 2016-09-12T07:45:00+02:00,246,246,MUD_LOSS,"Closed annular preventer and lined up to monitor pressure.
Released RTTS packer, 25 ton OP.
No pressure observed below RTTS packer.
Opened annular preventer. Losses 13 m3/hr static.",VOLVE_DDR,15_9_F_14_2016_09_13.xml,XML_NODE_KEYWORD,HIGH
47dc6327-aaee-47c7-ad7e-61dd02c56886,NO,NO 15/9-F-14,name 2016-09-12T19:30:00+02:00,name 2016-09-12T20:00:00+02:00,892,892,MUD_LOSS,"Evaluated pressure trends.
Loss zone above 14"" casing cut.",VOLVE_DDR,15_9_F_14_2016_09_13.xml,XML_NODE_KEYWORD,HIGH
65ac8f46-d4e9-4b09-93fd-e9b1cfc8696c,NO,NO 15/9-F-14,name 2016-09-13T19:30:00+02:00,name 2016-09-13T20:00:00+02:00,147.5,147.5,MUD_LOSS,"WOC
Meanwhile:
Filled well from trip tank. No losses observed.
Closed UPR
Confirmed line-up and filled pipe.",VOLVE_DDR,15_9_F_14_2016_09_14.xml,XML_NODE_KEYWORD,HIGH
9af1da32-0499-45b1-9420-93f3e7d73f85,NO,NO 15/9-F-14,name 2016-09-13T20:00:00+02:00,name 2016-09-13T20:45:00+02:00,147.5,147.5,MUD_LOSS,"WOC
Meanwhile:
Opened UPR and B/O TDS.
Dropped ball.
M/U TDS and closed UPR.
Pumped with 160 lpm. Guns fired at 132 bar SPP, perforation interval: 144,5m - 147,5m.
Continued to circulate w/ 160 lpm / 3 bar.
Increased flow rate in steps to 1000 lpm / 10 bar. Observed losses.
Reduced rate to 750 lpm / 6 bar, loss rate 12 m3/hr. Max 0,65% gas during circulation in gas trap.
Circulated 2,5 x B/U, until decreasing gas trend.",VOLVE_DDR,15_9_F_14_2016_09_14.xml,XML_NODE_KEYWORD,HIGH
c7339de6-9bc5-442c-a85e-52e5461a517e,NO,NO 15/9-F-14,name 2016-09-13T20:45:00+02:00,name 2016-09-13T21:00:00+02:00,147.5,147.5,MUD_LOSS,"WOC
Meanwhile:
Opened UPR
Flowchecked well for 10 min, static losses 12 m3/hr.",VOLVE_DDR,15_9_F_14_2016_09_14.xml,XML_NODE_KEYWORD,HIGH
6d1f331c-c469-4698-b24c-5a44e9877743,NO,NO 15/9-F-14,name 2016-09-14T02:45:00+02:00,name 2016-09-14T03:00:00+02:00,878,878,MUD_LOSS,"Filled well from trip tank
Flowchecked well, 12m3/hr static losses.",VOLVE_DDR,15_9_F_14_2016_09_15.xml,XML_NODE_KEYWORD,HIGH
683e2bfc-d304-437f-97e3-ce76111d031f,NO,NO 15/9-F-14,name 2016-09-14T09:45:00+02:00,name 2016-09-14T11:00:00+02:00,868,868,MUD_LOSS,"Performed 20 bar pressure test down DP/below EZSV plug from cement unit. Pressure leaked off slowly.
Meanwhile: Filled hole (annulus) with trip tank pump, filled 10,61 m3. Montored well on TT, 11 m3/hr static losses. No change in pressure on cement unit.",VOLVE_DDR,15_9_F_14_2016_09_15.xml,XML_NODE_KEYWORD,HIGH
bb972805-a2aa-42a3-b615-452e90c4d62e,NO,NO 15/9-F-15,name 2007-11-20T10:45:00+01:00,name 2007-11-20T11:15:00+01:00,90,90,EQUIPMENT_FAILURE,"Made up to TDS and filled the 30"" conductor with sea water. Commenced to stab shoe into to the slot. Stopped operation due to posiblity of power failure in production module.",VOLVE_DDR,15_9_F_15_2007_11_21.xml,XML_NODE_KEYWORD,MEDIUM
5210fb1b-ebef-46f7-ad50-21ceea71ca75,NO,NO 15/9-F-15,name 2007-11-20T19:00:00+01:00,name 2007-11-21T00:00:00+01:00,220.6,220.6,EQUIPMENT_FAILURE,Waited for cement to set. Meanwhile serviced aft PRS. Repaired the auxiliary pump. Serviced the ROV.,VOLVE_DDR,15_9_F_15_2007_11_21.xml,XML_NODE_KEYWORD,MEDIUM
b48cf4e1-7f30-4912-b6f7-46f30fc739ef,NO,NO 15/9-F-15,name 2007-11-21T00:00:00+01:00,name 2007-11-21T05:00:00+01:00,220.6,220.6,EQUIPMENT_FAILURE,Continued waiting for cement to set. Meanwhile serviced AFT PRS. Repaired the auxiliary pump. Serviced the ROV.,VOLVE_DDR,15_9_F_15_2007_11_22.xml,XML_NODE_KEYWORD,MEDIUM
3a497825-2ac5-4ffc-a595-8ed996f75cda,NO,NO 15/9-F-15,name 2007-11-21T05:30:00+01:00,name 2007-11-21T06:00:00+01:00,220.6,220.6,NPT,Continued waiting for cement to set.,VOLVE_DDR,15_9_F_15_2007_11_22.xml,XML_NODE_KEYWORD,MEDIUM
c79e609f-9d20-4448-8cdd-b43de7e17801,NO,NO 15/9-F-15,name 2007-11-21T06:00:00+01:00,name 2007-11-21T06:30:00+01:00,220.6,220.6,NPT,Waited for cement to set. Meanwhile work on encode for aft PRS,VOLVE_DDR,15_9_F_15_2007_11_22.xml,XML_NODE_KEYWORD,MEDIUM
adae4c41-4fc1-4a8f-937f-264f9551d932,NO,NO 15/9-F-15,name 2007-12-29T13:15:00+01:00,name 2007-12-29T13:45:00+01:00,1218,1218,EQUIPMENT_FAILURE,"Trouble shooting failure on elevator. Meanwhile rigged up 20"" casing elevator. Attempted to move string with 28 MT overpull (250 MT on weight indicator).",VOLVE_DDR,15_9_F_15_2007_12_30.xml,XML_NODE_KEYWORD,MEDIUM
0a17985c-9c73-4d95-87c8-0bb2cc784842,NO,NO 15/9-F-15,name 2008-09-06T22:00:00+02:00,name 2008-09-06T23:30:00+02:00,0,0,NPT,Waited for production to bleed off pressure in water injector F-4 and F-5 flow lines.,VOLVE_DDR,15_9_F_15_2008_09_07.xml,XML_NODE_KEYWORD,MEDIUM
56a04e29-779a-469b-900b-5cb1ef86c700,NO,NO 15/9-F-15,name 2008-09-07T09:00:00+02:00,name 2008-09-07T11:45:00+02:00,80,80,NPT,Waited for sea to calm down to be able to run in with HPDR.,VOLVE_DDR,15_9_F_15_2008_09_08.xml,XML_NODE_KEYWORD,MEDIUM
0ef12f98-53b3-49ea-83aa-7d4edd1ff3b8,NO,NO 15/9-F-15,name 2008-09-08T02:30:00+02:00,name 2008-09-08T03:30:00+02:00,139.4,139.4,NPT,"Waited on production to start up Water injector F-4,  F-5 and Oil pruducer F-14. Meanwhile filled HPDR with water in preparation for testing. Pulled 10 MT tugger from guide funnel to surface.",VOLVE_DDR,15_9_F_15_2008_09_09.xml,XML_NODE_KEYWORD,MEDIUM
aed6657d-ddbf-40c2-bf88-6ba29902ee6d,NO,NO 15/9-F-15,name 2008-09-10T15:00:00+02:00,name 2008-09-10T16:00:00+02:00,127,127,EQUIPMENT_FAILURE,Repaired hydraulic leak in auto slips.,VOLVE_DDR,15_9_F_15_2008_09_11.xml,XML_NODE_KEYWORD,MEDIUM
8b88c3e1-1a9e-4c0f-abb2-0ec45440429e,NO,NO 15/9-F-15,name 2008-09-18T21:30:00+02:00,name 2008-09-18T21:45:00+02:00,695,695,EQUIPMENT_FAILURE,Held toolbox talk before continuing tripping after repairs.,VOLVE_DDR,15_9_F_15_2008_09_19.xml,XML_NODE_KEYWORD,MEDIUM
7d820dbd-9ab5-4029-ad35-a9c69965c850,NO,NO 15/9-F-15,name 2008-09-18T21:45:00+02:00,name 2008-09-18T22:30:00+02:00,854,854,ABNORMAL_OPERATION,"RIH with 17 1/2"" BHA on 5 1/2"" DP from 695 m to 854 m MD. Experienced problems with PRS and racking system.",VOLVE_DDR,15_9_F_15_2008_09_19.xml,XML_NODE_KEYWORD,LOW
b37295b3-da29-4870-80a2-5f26f303d48a,NO,NO 15/9-F-15,name 2008-09-19T09:30:00+02:00,name 2008-09-19T11:15:00+02:00,1355,1355,ABNORMAL_OPERATION,"Lined up cement unit to pump down pipe and BOP kill line. Pressure tested 20"" casing to 75 bar. Observed approx 1 % drop last 10 min of test. Attempted to resume drilling shoetrack, got problems with VICIS system / drilling controls.",VOLVE_DDR,15_9_F_15_2008_09_20.xml,XML_NODE_KEYWORD,LOW
adc7422b-c552-4c61-b727-450c0d6eb514,NO,NO 15/9-F-15,name 2008-09-19T11:15:00+02:00,name 2008-09-19T17:30:00+02:00,1355,1355,ABNORMAL_OPERATION,Circulated on well while working on problem with VICIS.,VOLVE_DDR,15_9_F_15_2008_09_20.xml,XML_NODE_KEYWORD,LOW
c6d3a5f5-aa53-458c-b8cc-c9dfc5e76285,NO,NO 15/9-F-15,name 2008-09-20T00:30:00+02:00,name 2008-09-20T02:00:00+02:00,1368,1368,ABNORMAL_OPERATION,"Mixed LCM pill. Had problems with plugged auger screw in dry additive system. Added calcarb and steelseal by manual means. Meanwhile circulated hole at 2000 lpm inside 20"" casing.",VOLVE_DDR,15_9_F_15_2008_09_21.xml,XML_NODE_KEYWORD,LOW
08f99ab1-3c82-4c6a-a1dc-a72476a31679,NO,NO 15/9-F-15,name 2008-09-20T04:30:00+02:00,name 2008-09-20T05:15:00+02:00,1381,1381,STUCK_PIPE,"RIH from 1338 m to 1380 m MD with 17 1/2"" BHA. Started pumping 1,44 sg OBM. Stepped up rate in increments to 3400 lpm / SPP 75 bar - verified returns. Rotated at 30 rpm / torque ~12 k Nm. After approx 34 m3 pumped observed pack off tendencies with SPP peaking rapidly to 180 bar. Stopped pumping. Trapped pressure on standpipe 32 bar. Bled off standpipe pressure.",VOLVE_DDR,15_9_F_15_2008_09_21.xml,XML_NODE_KEYWORD,HIGH
cd42c225-f65b-4570-b4c8-c2b325587a44,NO,NO 15/9-F-15,name 2008-09-20T19:30:00+02:00,name 2008-09-20T19:45:00+02:00,1337,1337,ABNORMAL_OPERATION,Flowchecked well - static. Rebooted VICIS system due to problems with ZMS.,VOLVE_DDR,15_9_F_15_2008_09_21.xml,XML_NODE_KEYWORD,LOW
e111b99c-c781-4d15-9e4b-bcc3dc145528,NO,NO 15/9-F-15,name 2008-09-20T20:15:00+02:00,name 2008-09-20T21:15:00+02:00,1297,1297,ABNORMAL_OPERATION,"Made up TDS. Emptied triptanks. POOH with 17 1/2"" BHA from 1329 m to 1297 m MD while pumping at 1500 lpm / SPP 26 bar. Prevailing problems with ZMS / VICIS / control system.",VOLVE_DDR,15_9_F_15_2008_09_21.xml,XML_NODE_KEYWORD,LOW
aa92a938-d346-44be-afe3-1ff2ff9dcd5a,NO,NO 15/9-F-15,name 2008-09-21T04:15:00+02:00,name 2008-09-21T05:15:00+02:00,1257,1257,ABNORMAL_OPERATION,Calibrated travelling block while POOH with stand - still problems with control system / ZMS limits. Racked back stand. Decieded to start POOH with reduced speed.,VOLVE_DDR,15_9_F_15_2008_09_22.xml,XML_NODE_KEYWORD,LOW
db9ce0ad-41fa-4abe-b32f-c2e603888cb8,NO,NO 15/9-F-15,name 2008-09-21T06:00:00+02:00,name 2008-09-21T12:30:00+02:00,127,127,ABNORMAL_OPERATION,"POOH with 17 1/2 BHA on 5 1/2"" DP from 1117 m to 127 m MD. Pulled at reduced speed due to problems with ZMS / control system.",VOLVE_DDR,15_9_F_15_2008_09_22.xml,XML_NODE_KEYWORD,LOW
a87b632d-36ff-4fe2-b137-e4a244f15c40,NO,NO 15/9-F-15,name 2008-09-21T13:15:00+02:00,name 2008-09-21T13:45:00+02:00,88,88,ABNORMAL_OPERATION,Removed PS-21 auto slips from rotary. Inserted masterbushing. Prevailing problems with ZMS / control system. Halted operation for troubleshooting.,VOLVE_DDR,15_9_F_15_2008_09_22.xml,XML_NODE_KEYWORD,LOW
9bcc78ca-4eb6-4668-8168-aa1a33abb08d,NO,NO 15/9-F-15,name 2008-09-21T13:45:00+02:00,name 2008-09-22T00:00:00+02:00,88,88,ABNORMAL_OPERATION,Troubleshot problems with ZMS / control system.,VOLVE_DDR,15_9_F_15_2008_09_22.xml,XML_NODE_KEYWORD,LOW
7b8b22d8-6b6d-44fc-9940-e0d308682633,NO,NO 15/9-F-15,name 2008-09-22T00:00:00+02:00,name 2008-09-22T00:30:00+02:00,88,88,ABNORMAL_OPERATION,Troubleshot problems with ZMS / control system. Got system up and running sufficiently to continue operations. Block/TDS out of ZMS. Discussed compensating measures.,VOLVE_DDR,15_9_F_15_2008_09_23.xml,XML_NODE_KEYWORD,LOW
3ff52465-768d-48ff-bc89-64b14853ba5e,NO,NO 15/9-F-15,name 2008-09-22T03:15:00+02:00,name 2008-09-22T03:45:00+02:00,3,3,ABNORMAL_OPERATION,Problems with ZMS. Rebooted ZMS system.,VOLVE_DDR,15_9_F_15_2008_09_23.xml,XML_NODE_KEYWORD,LOW
a3d8035c-1e32-4bd5-ac8f-541984460dbb,NO,NO 15/9-F-15,name 2008-09-22T11:30:00+02:00,name 2008-09-22T11:45:00+02:00,212,212,KICK,Conducted kick drill. Installed TIW. Meanwhile troubleshot ZMS / control system.,VOLVE_DDR,15_9_F_15_2008_09_23.xml,XML_NODE_KEYWORD,HIGH
a2e12fdb-d7f3-4566-9d28-d6df49bc21ce,NO,NO 15/9-F-15,name 2008-09-23T15:30:00+02:00,name 2008-09-23T16:00:00+02:00,140,140,ABNORMAL_OPERATION,Broke out swadge/cement hose from TDS. Not able to move TDS - problems with ZMS / control system.,VOLVE_DDR,15_9_F_15_2008_09_24.xml,XML_NODE_KEYWORD,LOW
3482803d-0e67-4d10-9b2a-ec5b2bb6109a,NO,NO 15/9-F-15,name 2008-09-23T18:00:00+02:00,name 2008-09-23T18:30:00+02:00,0,0,EQUIPMENT_FAILURE,Repaired hydraulic leak on Iron Roughneck,VOLVE_DDR,15_9_F_15_2008_09_24.xml,XML_NODE_KEYWORD,MEDIUM
7956e936-cfb7-47fb-99ea-a6ad0719d9c0,NO,NO 15/9-F-15,name 2008-09-24T05:00:00+02:00,name 2008-09-24T06:00:00+02:00,1307,1307,ABNORMAL_OPERATION,Performed slip and cut of drill line. Problems with deadline anchor.,VOLVE_DDR,15_9_F_15_2008_09_25.xml,XML_NODE_KEYWORD,LOW
b4b39348-b03e-42f9-a72c-06392b053aac,NO,NO 15/9-F-15,name 2008-09-24T06:00:00+02:00,name 2008-09-24T11:30:00+02:00,1307,1307,ABNORMAL_OPERATION,Had problems with bolts on deadline anchor spooler drum.,VOLVE_DDR,15_9_F_15_2008_09_25.xml,XML_NODE_KEYWORD,LOW
f5c8182d-e463-4fa9-9b84-2c4547a10331,NO,NO 15/9-F-15,name 2008-09-24T14:30:00+02:00,name 2008-09-24T18:15:00+02:00,1307,1307,ABNORMAL_OPERATION,Slip and cut drill line. Had problems with bolts on deadline anchor clamp.,VOLVE_DDR,15_9_F_15_2008_09_25.xml,XML_NODE_KEYWORD,LOW
be7e1eaa-3c22-4c29-b1c9-e6a1222fed61,NO,NO 15/9-F-15,name 2008-09-24T20:45:00+02:00,name 2008-09-24T22:30:00+02:00,1368,1368,STUCK_PIPE,Established parameters for washing down / cleaning rathole : Flow  3000 lpm / SPP 128 bar / Rotation 60 rpm / torque 6 kNm. Washed down from 1368 m to 1374 m MD. Observed sudden torque build up followed by pack off - pump pressure peaked at 180 bar. String free to move down. Regained circulation at 3000 lpm / 128 bar SPP. Worked string upwards and pulled into casing shoe at 1368 m MD while circulating at 3000 lpm.,VOLVE_DDR,15_9_F_15_2008_09_25.xml,XML_NODE_KEYWORD,HIGH
680c570d-bb57-4f85-8c4a-d8f2e88cec6e,NO,NO 15/9-F-15,name 2008-09-25T03:15:00+02:00,name 2008-09-25T03:30:00+02:00,1416,1416,MUD_LOSS,Observed pack-off tendencies at 1416 m MD. Pressure increased rapidly from 205 to 220 bar. Torque peaked at 25 kNm. Observed 8 m3 losses in active. Worked string and regained circulation. Discussed situation.,VOLVE_DDR,15_9_F_15_2008_09_26.xml,XML_NODE_KEYWORD,HIGH
8c818325-e6c9-4e76-bcb7-cbd6d9d3cf1c,NO,NO 15/9-F-15,name 2008-09-26T12:30:00+02:00,name 2008-09-26T19:00:00+02:00,1799,1799,NPT,"Halted drilling due to all cutting skips full. Pulled off btm. Circulated and reamed from 1796 m to 1760 m with 3560 lpm / SPP 171 bar / 80 rpm / torque 7 k Nm while waiting for boat.

Attempted to prepare content of slurry holding tank for injection, but were unable to get fluid within viscosity spec. 

Boat arrived location at 16:15. Transfered content of slurry holding tank to boat from 17:50 to 19:45.",VOLVE_DDR,15_9_F_15_2008_09_27.xml,XML_NODE_KEYWORD,MEDIUM
e8870742-de6e-4ab1-a3d6-eac583d4255d,NO,NO 15/9-F-15,name 2008-09-27T16:00:00+02:00,name 2008-09-27T19:15:00+02:00,2133,2133,NPT,Continued circulating and reaming from 2133 m to 2083 m with 3000 lpm / SPP 136 bar / 80 rpm / torque 9-11 k Nm while waiting for frac job in F-5.,VOLVE_DDR,15_9_F_15_2008_09_28.xml,XML_NODE_KEYWORD,MEDIUM
f0f0fcd3-61af-49f9-b021-4a1639d59308,NO,NO 15/9-F-15,name 2008-09-30T03:30:00+02:00,name 2008-09-30T06:00:00+02:00,0,0,MUD_LOSS,"RU 9 5/8"" csg handling equipment. RU FAC tool and long bails. Installed FMS. Changed to small wheels on csg tong and installed in front of aft iron roughneck.

Recorded steady loss of 100 ltr/hr throughout last 24 hrs.",VOLVE_DDR,15_9_F_15_2008_10_01.xml,XML_NODE_KEYWORD,HIGH
b8b79c0e-801c-4de9-bb07-448d359bae38,NO,NO 15/9-F-15,name 2008-09-30T12:45:00+02:00,name 2008-09-30T21:00:00+02:00,1362,1362,ABNORMAL_OPERATION,"RIH with 9 5/8"" csg from 40 m down to 20"" csg shoe at 1362 m. Filled every std using FAC tool. Tripping speed: 5-8 std/hr. Experienced problems with Odfjell elevator closing mechanisme. Had to function test and grease it every 6 stds.",VOLVE_DDR,15_9_F_15_2008_10_01.xml,XML_NODE_KEYWORD,LOW
239bb946-a42c-47ef-8b59-60683cc57378,NO,NO 15/9-F-15,name 2008-10-01T02:00:00+02:00,name 2008-10-01T06:00:00+02:00,1790,1790,NPT,Waited for CAN (climbers) to inspect upper part of fwd PRS.,VOLVE_DDR,15_9_F_15_2008_10_02.xml,XML_NODE_KEYWORD,MEDIUM
6da27ec1-3776-43a3-a514-c399859de4ca,NO,NO 15/9-F-15,name 2008-10-01T23:00:00+02:00,name 2008-10-02T00:00:00+02:00,1790,1790,NPT,"Circulated with 1000 lpm / 27 bar and reciprocated 9 5/8"" csg from 1790 m to 1783 m.

Waiting for CAN (climbers) to secure upper part of fwd PRS to derrick beam and install net.",VOLVE_DDR,15_9_F_15_2008_10_02.xml,XML_NODE_KEYWORD,MEDIUM
919d346e-5cc3-4660-bdd6-77c4d0daa7d1,NO,NO 15/9-F-15,name 2008-10-02T00:00:00+02:00,name 2008-10-02T06:00:00+02:00,1790,1790,NPT,"Circulated with 1000 lpm / 27 bar and reciprocated 9 5/8"" csg from 1790 m to 1783 m.

Waiting for CAN (climbers) to secure upper part of fwd PRS to derrick beam and install net. Meanwhile cleaned BOP, installed rubber skirts in wellhead module on F-5 and F-9 and performed general maintenance.",VOLVE_DDR,15_9_F_15_2008_10_03.xml,XML_NODE_KEYWORD,MEDIUM
3af71c94-5d2f-48ba-88d4-b050a0ed3c17,NO,NO 15/9-F-15,name 2008-10-05T03:15:00+02:00,name 2008-10-05T05:15:00+02:00,2516.7,2516.7,MUD_LOSS,"Established circulation with 1.44 OBM in 200 lpm steps up to 2000 lpm. Circulated one btms up volume (220 m3) at 2000 lpm / 40 bar loss free rate. 

Meanwhile held pre-job meeting for cmt job. Geoservices had black-out on their system.",VOLVE_DDR,15_9_F_15_2008_10_06.xml,XML_NODE_KEYWORD,HIGH
bccfcdd4-2c5c-48e7-a6ea-53fb5ef89f62,NO,NO 15/9-F-15,name 2008-10-05T08:45:00+02:00,name 2008-10-05T09:30:00+02:00,2516.7,2516.7,MUD_LOSS,"Zeroed stroke counters for mud pumps. Continued displacing cement with 86.8 m3 OBM at 2000 lpm / 40 bar using mud pumps. Wiper plug sheared at 120 bar / 3380 stks. Slowed down rate to 1000 lpm / 16 bar (FCP) approx 4 m3 prior to bump. No bump observed. Stopped after pumping 3980 strokes, theoretical volume + 1/2 shoe track. No losses during displacement. Monitored for back pressure. None observed.",VOLVE_DDR,15_9_F_15_2008_10_06.xml,XML_NODE_KEYWORD,HIGH
6bbd3e78-f497-4c32-8f65-f0d690d1c073,NO,NO 15/9-F-15,name 2008-10-05T10:30:00+02:00,name 2008-10-05T13:30:00+02:00,2516.7,2516.7,EQUIPMENT_FAILURE,Set seal assembly according to Vetco procedure. Performed line test of surface line against fail safe valve to 290 bar / 5 min. Ok. 28 ltrs pumped and 28 ltrs bled back.  Closed upper pipe ram and lined up TDS to trip tank to monitor for returns. Pressured up in stages to 207 bar below closed ram. Bled off pressure to zero. Opened rams and took 30 MT overpull (110 MT on weight indicator). Closed ram and pressure tested seal assembly 35/290 bar for 5/10 min. Dropped 1.5%. 380 ltrs pumped and 380 ltrs bled back. Reduced overpull to 3 MT. Rotated 4 right-hand turns and released PADPRT.,VOLVE_DDR,15_9_F_15_2008_10_06.xml,XML_NODE_KEYWORD,MEDIUM
3d5227a1-a645-491e-8ca9-584619b2e1b1,NO,NO 15/9-F-15,name 2008-11-11T23:00:00+01:00,name 2008-11-12T00:00:00+01:00,0,0,EQUIPMENT_FAILURE,Continued to repair earth connections on aft PRS using cherry picker.,VOLVE_DDR,15_9_F_15_2008_11_12.xml,XML_NODE_KEYWORD,MEDIUM
050a7a72-d904-4cff-a910-73e6f2eaf611,NO,NO 15/9-F-15,name 2008-11-12T00:00:00+01:00,name 2008-11-12T02:15:00+01:00,0,0,EQUIPMENT_FAILURE,Continued to repair earth connections on aft PRS using riding belt.,VOLVE_DDR,15_9_F_15_2008_11_13.xml,XML_NODE_KEYWORD,MEDIUM
bc850d5f-6695-4f16-9950-0dcbac5f7895,NO,NO 15/9-F-15,name 2008-11-12T20:00:00+01:00,name 2008-11-12T22:30:00+01:00,458,458,ABNORMAL_OPERATION,"RIH with 8 1/2"" BHA from 165 m to 458 m on 5"" DP in singles. Experienced problems with fingerboard (slow respons on finger opening function).",VOLVE_DDR,15_9_F_15_2008_11_13.xml,XML_NODE_KEYWORD,LOW
9b75d560-a4f8-4f0e-9b9a-3d99d370c511,NO,NO 15/9-F-15,name 2008-11-12T22:30:00+01:00,name 2008-11-12T23:45:00+01:00,581,581,ABNORMAL_OPERATION,"RIH with 8 1/2"" BHA from 458 m to 581 m on 5"" DP. Had problems with elevator locking mechanism.",VOLVE_DDR,15_9_F_15_2008_11_13.xml,XML_NODE_KEYWORD,LOW
679f3d1d-abe5-46ef-b92a-8543295e07c6,NO,NO 15/9-F-15,name 2008-11-13T01:30:00+01:00,name 2008-11-13T04:30:00+01:00,1059,1059,ABNORMAL_OPERATION,"RIH with 8 1/2"" BHA from 581 m to 1059 m on 5"" DP. Filled DP every 10 stds. Had problems with elevator locking mechanism and experienced slow respons on joy-stick function for drawworks.",VOLVE_DDR,15_9_F_15_2008_11_14.xml,XML_NODE_KEYWORD,LOW
92c3826d-92eb-4bbb-938e-a74c25760ba2,NO,NO 15/9-F-15,name 2008-11-13T05:00:00+01:00,name 2008-11-13T06:00:00+01:00,1390,1390,ABNORMAL_OPERATION,"RIH with 8 1/2"" BHA from 1059 m to 1390 m on 5"" DP. Filled DP every 10 stds. Experienced problems with fingerboard (slow respons on finger opening function).",VOLVE_DDR,15_9_F_15_2008_11_14.xml,XML_NODE_KEYWORD,LOW
c3f91f9f-f304-4245-afb0-f8e6bf88becb,NO,NO 15/9-F-15,name 2008-11-13T06:00:00+01:00,name 2008-11-13T08:15:00+01:00,1792,1792,ABNORMAL_OPERATION,"RIH with 8 1/2"" BHA from 1390 m to 1792 m on 5"" DP. Filled DP every 10 stds. Experienced problems with fingerboard (slow respons on finger opening function).",VOLVE_DDR,15_9_F_15_2008_11_14.xml,XML_NODE_KEYWORD,LOW
8294b3ce-8b3d-4add-ac19-e5c0b08bd70c,NO,NO 15/9-F-15,name 2008-11-14T01:30:00+01:00,name 2008-11-14T02:30:00+01:00,2539,2539,KICK,"RIH with 8 1/2"" BHA from 2440 m to 2514 m on 5 1/2 "" DP. Performed kick drill / 55 sec. MU TDS and broke circulation. Staged up pumps and washed down to 2539 m, Flow 2200 lpm / SPP 235 bar / String RPM 40 / TQ 8-10 kNm. Up weight 142 MT / Down weight 121 MT / Free rotation weight 130 MT.",VOLVE_DDR,15_9_F_15_2008_11_15.xml,XML_NODE_KEYWORD,HIGH
906ae6e3-045d-4c51-b13c-fc114877d52a,NO,NO 15/9-F-15,name 2008-11-14T18:45:00+01:00,name 2008-11-14T19:15:00+01:00,2883,2883,MUD_LOSS,Had 8 m3/hr losses in Ty formation at 2880-2883 m. Pulled off btm and flow checked well static. Ok.,VOLVE_DDR,15_9_F_15_2008_11_15.xml,XML_NODE_KEYWORD,HIGH
3005ab81-4ac3-4c68-9448-85add4c97efe,NO,NO 15/9-F-15,name 2008-11-14T19:15:00+01:00,name 2008-11-14T21:30:00+01:00,2883,2883,MUD_LOSS,"Staged up pumps to establish loss free rate. Meanwhile continued adding LCM chemicals to active and prepared 150 kg/m3 LCM pill in pit according contingency plan. Monitored losses while pumping and reciprocating pipe, Flow 440 lpm / SPP 25 bar / String RPM 10 / TQ 9-10 kNm. Average loss rate 1000 ltrs/hr.",VOLVE_DDR,15_9_F_15_2008_11_15.xml,XML_NODE_KEYWORD,HIGH
e2a3220c-4146-4abc-ae6f-19236e05994b,NO,NO 15/9-F-15,name 2008-11-14T23:15:00+01:00,name 2008-11-14T23:45:00+01:00,2843,2843,MUD_LOSS,Let LCM pill settle/soak. Monitored well on trip tank and rotated string with 5 rpm. No losses observed.,VOLVE_DDR,15_9_F_15_2008_11_15.xml,XML_NODE_KEYWORD,HIGH
c51af263-199b-40b3-945e-471bf49fd961,NO,NO 15/9-F-15,name 2008-11-15T00:00:00+01:00,name 2008-11-15T04:00:00+01:00,2876,2876,MUD_LOSS,Circulated btms up at 440 lpm while monitoring for losses. Increased flow rate in steps of 200 lpm to 1200 lpm. Had losses 1-1.5 m3/hr. Increased flow rate to 1400 lpm and had losses 6 m3/hr.,VOLVE_DDR,15_9_F_15_2008_11_16.xml,XML_NODE_KEYWORD,HIGH
a421166b-58f0-435e-a02b-9318bbab2acb,NO,NO 15/9-F-15,name 2008-11-15T04:00:00+01:00,name 2008-11-15T05:30:00+01:00,2860,2860,MUD_LOSS,Reduced flow rate to 600 lpm and monitored losses of 1 m3/hr while preparing second LCM pill with 200 kg/m3. Reciprocated string.,VOLVE_DDR,15_9_F_15_2008_11_16.xml,XML_NODE_KEYWORD,HIGH
4c92994a-9eef-435d-97dd-bfc8f2f0c2c9,NO,NO 15/9-F-15,name 2008-11-15T10:45:00+01:00,name 2008-11-15T13:15:00+01:00,2670,2670,MUD_LOSS,"POOH with 8 1/2"" BHA from 2735 m to 2670 m (above top of Ty formation). Staged up pumps to 1330 lpm and had 1 m3/hr losses that gradually was reduced down to zero.",VOLVE_DDR,15_9_F_15_2008_11_16.xml,XML_NODE_KEYWORD,HIGH
68433d2e-9a09-41e6-afeb-c4e55549bd83,NO,NO 15/9-F-15,name 2008-11-15T13:15:00+01:00,name 2008-11-15T16:00:00+01:00,2670,2670,MUD_LOSS,"Circulated and reciprocated pipe from 2670 m to 2641 m , Flow 1000 lpm / SPP 66 bar / String RPM 5 / TQ 5-7 kNm. Prepared for reducing mud weight down to 1.30 SG. Total loss since starting to loose mud on this section was approx 19 m3.",VOLVE_DDR,15_9_F_15_2008_11_16.xml,XML_NODE_KEYWORD,HIGH
6424d1b1-e83a-424d-815a-ed1c3770b8b9,NO,NO 15/9-F-15,name 2008-11-15T19:15:00+01:00,name 2008-11-15T22:00:00+01:00,2670,2670,MUD_LOSS,Staged up flow rate in 200 lpm increments to 1800 lpm above top LCM pill and monitored for losses. Had 1 m3/hr loss at 1600 lpm and 0.5 m3/hr loss at 1800 lpm.,VOLVE_DDR,15_9_F_15_2008_11_16.xml,XML_NODE_KEYWORD,HIGH
1df5c9d5-1350-4029-920f-d0f213c7c86f,NO,NO 15/9-F-15,name 2008-11-15T23:00:00+01:00,name 2008-11-16T00:00:00+01:00,2883,2883,MUD_LOSS,Broke circulation and staged up flow rate to 600 lpm whilst displacing out LCM pill to skip. Had 0.5 m3/hr losses.,VOLVE_DDR,15_9_F_15_2008_11_16.xml,XML_NODE_KEYWORD,HIGH
1b0f44b8-fc3a-41fb-83dc-92c6932892aa,NO,NO 15/9-F-15,name 2008-11-16T00:00:00+01:00,name 2008-11-16T02:00:00+01:00,2883,2883,MUD_LOSS,Staged up flow rate in 200 lpm increments to 1000 lpm while continuing to displace out LCM pill. Had 0.5 m3/hr losses at 1000 lpm.,VOLVE_DDR,15_9_F_15_2008_11_17.xml,XML_NODE_KEYWORD,HIGH
8efeae2f-0bf4-45f6-b694-fe35a8b3967b,NO,NO 15/9-F-15,name 2008-11-16T02:00:00+01:00,name 2008-11-16T05:00:00+01:00,2883,2883,MUD_LOSS,Staged up flow rate in 200 lpm increments from 1000 lpm to 1800 lpm. Meanwhile rotated and reciprocated pipe from 2883 m to 2855 m. Had 0.5-1.0 m3/hr losses at all flow rates. Up weight 152 MT / Down weight 127 MT / Free rotation weight 138 MT (10 rpm).,VOLVE_DDR,15_9_F_15_2008_11_17.xml,XML_NODE_KEYWORD,HIGH
88f6b167-b4e1-440e-8060-a6d525d0a779,NO,NO 15/9-F-15,name 2008-11-16T07:15:00+01:00,name 2008-11-16T08:00:00+01:00,2893,2893,MUD_LOSS,Stopped drilling due to 6 m3 losses/10 min. Discovered loss to be at shakers while changing screens. Changing screens was not communicated to drill floor.,VOLVE_DDR,15_9_F_15_2008_11_17.xml,XML_NODE_KEYWORD,HIGH
5d288905-0786-4fec-ad66-dcec6d23cfce,NO,NO 15/9-F-15,name 2008-11-16T11:00:00+01:00,name 2008-11-16T12:45:00+01:00,2915,2915,MUD_LOSS,PU off btm and reduced flow rate due to heavy losses of 36 m3/hr. Circulated at 450 lpm and staged up to find loss free rate at Flow 550 lpm / SPP 23 bar / String RPM 5 / TQ 5-6 kNm.,VOLVE_DDR,15_9_F_15_2008_11_17.xml,XML_NODE_KEYWORD,HIGH
69b5e573-954a-4633-9c7b-0b3a9ff187b8,NO,NO 15/9-F-15,name 2008-11-16T15:15:00+01:00,name 2008-11-16T21:00:00+01:00,2775,2775,MUD_LOSS,Staged up pumps in 200 lpm increments to 1800 lpm above top LCM pill at 2775 m. Had 0.7 m3/hr losses at 1800 lpm.,VOLVE_DDR,15_9_F_15_2008_11_17.xml,XML_NODE_KEYWORD,HIGH
63624967-4738-4303-a56b-918adebb37a0,NO,NO 15/9-F-15,name 2008-11-17T00:00:00+01:00,name 2008-11-17T03:00:00+01:00,2914,2914,MUD_LOSS,Continued staging up pumps in 200 lpm increments from 1000 lpm to 1800 lpm while rotating and reciprocating pipe slowly. Had 0.5 m3/hr losses at 1800 lpm.,VOLVE_DDR,15_9_F_15_2008_11_18.xml,XML_NODE_KEYWORD,HIGH
29651da0-5edd-48f2-b0c3-bbd2f34ee508,NO,NO 15/9-F-15,name 2008-11-21T09:30:00+01:00,name 2008-11-21T10:00:00+01:00,2519,2519,KICK,Flow checked well - static. Performed kick drill 45sec. Serviced the TDS.,VOLVE_DDR,15_9_F_15_2008_11_22.xml,XML_NODE_KEYWORD,HIGH
b65fcca6-98fc-4a6a-b7e4-5a99071b2815,NO,NO 15/9-F-15,name 2008-11-22T14:30:00+01:00,name 2008-11-22T15:00:00+01:00,0,0,ABNORMAL_OPERATION,"Changed out BX elevators due to latching problem, back up set would not work, installed original elevator & investigated problem with latch.",VOLVE_DDR,15_9_F_15_2008_11_23.xml,XML_NODE_KEYWORD,LOW
5bd6d8b2-9f06-43db-bdf1-291e171c7259,NO,NO 15/9-F-15,name 2008-11-23T06:00:00+01:00,name 2008-11-23T07:00:00+01:00,2532,2532,ABNORMAL_OPERATION,"Trouble shoot problem to activate permit, SAP system down.",VOLVE_DDR,15_9_F_15_2008_11_24.xml,XML_NODE_KEYWORD,LOW
aa4c0e17-3206-48b6-859f-4e4dcf5f0c97,NO,NO 15/9-F-15,name 2008-11-23T09:45:00+01:00,name 2008-11-23T12:00:00+01:00,2532,2532,MUD_LOSS,"Removed TIW valve. Made up to TDS, broke circulation and circulated bottoms up at shoe. Staged up pump rate in 10 spm increments, while monitoring for losses.
Meanwhile made up TIW & grey valves & rigged up for pressure testing. Stopped rotation, serviced AFT PRS, TDS and travelling block.",VOLVE_DDR,15_9_F_15_2008_11_24.xml,XML_NODE_KEYWORD,HIGH
4221dac2-3a42-4776-a30a-3e038fdc3153,NO,NO 15/9-F-15,name 2008-11-23T18:30:00+01:00,name 2008-11-23T21:30:00+01:00,3581,3581,MUD_LOSS,"Broke circulation, staged up flow rate & RPM in 10 spm increments & monitored for losses. Established loss free circulation rate to 1700 l/m / 20 rpm / SPP 160 bars. Added 3 sacks/ hour of LCM.",VOLVE_DDR,15_9_F_15_2008_11_24.xml,XML_NODE_KEYWORD,HIGH
0d9be311-fb85-4180-8514-501d65c8d958,NO,NO 15/9-F-15,name 2008-11-23T22:15:00+01:00,name 2008-11-23T23:30:00+01:00,3632,3632,MUD_LOSS,"Continued to RIH while logging to 3632m, 30 m/hour, 1500 l/m, 60 rpm increased to 120 rpm due to stick slip, max ECD 1.46 sg EMW.  Got downhole losses 12 m³/hour. Stopped RIH, cut back pumps and rpm.",VOLVE_DDR,15_9_F_15_2008_11_24.xml,XML_NODE_KEYWORD,HIGH
4fe1f443-c16b-4d77-b01e-78fdb46a063b,NO,NO 15/9-F-15,name 2008-11-23T23:30:00+01:00,name 2008-11-24T00:00:00+01:00,3632,3632,MUD_LOSS,Started to establish loss free pump rate.,VOLVE_DDR,15_9_F_15_2008_11_24.xml,XML_NODE_KEYWORD,HIGH
a4a2c700-6fcb-40da-86f4-95eb17a2077c,NO,NO 15/9-F-15,name 2008-11-24T00:00:00+01:00,name 2008-11-24T00:30:00+01:00,3632,3632,MUD_LOSS,"Continued to establish pump rate - 1500 l/m and 80 rpm with losses, 3-4 m³/h.",VOLVE_DDR,15_9_F_15_2008_11_25.xml,XML_NODE_KEYWORD,HIGH
6fdbb10e-7508-478a-b6f2-02cc6529c909,NO,NO 15/9-F-15,name 2008-11-24T00:30:00+01:00,name 2008-11-24T02:15:00+01:00,3660,3660,MUD_LOSS,"RIH while logging from 3626 m to 3660m at 20 m/hour, 80 rpm, 1500 l/m, max ECD 1.46 sg EMW. Losses increased to 8m³/hour and SPP picked up. Mud weight in return uneven, max 1.38 SG.",VOLVE_DDR,15_9_F_15_2008_11_25.xml,XML_NODE_KEYWORD,HIGH
36f26a01-fa75-4a11-82f4-e002bdc3095a,NO,NO 15/9-F-15,name 2008-11-24T07:00:00+01:00,name 2008-11-24T09:00:00+01:00,3660,3660,MUD_LOSS,"Continued to condition mud, attempted to stage up pump rate. Monitored for losses, average losses 3½ m³/hour @ 1300 lpm.",VOLVE_DDR,15_9_F_15_2008_11_25.xml,XML_NODE_KEYWORD,HIGH
e7e52248-6a06-4d7c-9a7f-1f7ef5e2f830,NO,NO 15/9-F-15,name 2008-11-24T09:00:00+01:00,name 2008-11-24T11:30:00+01:00,3660,3660,MUD_LOSS,Lined up pit #13 & pump 8½ m³ LCM pill. Staged up flow rate to 1300 lpm & monitored loss rate. Circulated LCM pill out of hole to skips. Average losses 3½ m³.  Meanwhile prepared equipment for pulling wet.,VOLVE_DDR,15_9_F_15_2008_11_25.xml,XML_NODE_KEYWORD,HIGH
7c346508-ecfc-4248-87de-ba208210a29f,NO,NO 15/9-F-15,name 2008-11-24T14:00:00+01:00,name 2008-11-24T19:00:00+01:00,3660,3660,MUD_LOSS,"Flushed across BOP prior to open up pipe ram. Broke circulation, staged up to 20 RPM, staged up mud pumps to 800lpm. Decided to cut mud weight. Bled into active to reduce mud weight to 1.32 SG. Circulated to even mud weight. Total losses approx. 5½ m³.",VOLVE_DDR,15_9_F_15_2008_11_25.xml,XML_NODE_KEYWORD,HIGH
fcb80014-d073-46b6-8a51-c9895f0f9a3c,NO,NO 15/9-F-15,name 2008-11-25T06:00:00+01:00,name 2008-11-25T07:00:00+01:00,2649,2649,MUD_LOSS,"Continued to pull out to 2649m. Staged up flow rate in increments to establish loss free rate, with 5 rpm on string.",VOLVE_DDR,15_9_F_15_2008_11_26.xml,XML_NODE_KEYWORD,HIGH
c7512f02-aac2-447d-8cf8-ba89dce2ccc1,NO,NO 15/9-F-15,name 2008-11-25T07:00:00+01:00,name 2008-11-25T14:30:00+01:00,2649,2649,MUD_LOSS,"Continued to stage up flow rate to 1750 lpm, to establish loss free rate. Staged up RPM  from 10 to 160, continued monitoring for losses. 
Initial loss rate 3.7m³/hour at 1750l/m. Observed decrease in loss rate while stepping up RPM from 100 to 160. Final loss rate 800 lpm at 1750 lpm / 160 rpm with decreasing trend, total losses 12.3m³. Final ECD 1.29 sg EMW.
Staged down flow rate & RPM in increments of 10 SPM & 10 RPM.",VOLVE_DDR,15_9_F_15_2008_11_26.xml,XML_NODE_KEYWORD,HIGH
50555233-54ce-460e-bedc-520f9b274380,NO,NO 15/9-F-15,name 2008-11-25T15:30:00+01:00,name 2008-11-25T19:15:00+01:00,3660,3660,MUD_LOSS,"Broke off TDS, RIH from 2654m to 3660m filling every 10 stds. No losses downhole.",VOLVE_DDR,15_9_F_15_2008_11_26.xml,XML_NODE_KEYWORD,HIGH
435ea6ce-45eb-49f3-aaec-1f6a1c8ec4dd,NO,NO 15/9-F-15,name 2008-11-25T19:15:00+01:00,name 2008-11-25T23:15:00+01:00,3660,3660,MUD_LOSS,"Staged up pumps to 1000 l/m, circulated out LCM pill. Staged up RPM to 30. Circulated two times bottoms up. Max ECD 1.37 sg EMW.
Time                    Actual loss m³     Loss m³/hour
19,45-20,00                  0,56                  2,24
20,00-20,15                 1,87                  7,48
20,15-20,30                 1,79                  7,16
20,30-20,45                 1,55                  6,2
20,45-21,00                 1,5                    6
21,00-21,15                 0,1                    0,4
21,15-23,15                 0,8                    0,4",VOLVE_DDR,15_9_F_15_2008_11_26.xml,XML_NODE_KEYWORD,HIGH
8f6efdc4-652d-4196-a58f-b6be9d3d2a00,NO,NO 15/9-F-15,name 2008-11-25T23:15:00+01:00,name 2008-11-26T00:00:00+01:00,3660,3660,MUD_LOSS,"2315-0000
Staged up pumps 1100 - 1300 lpm at RPM 30, for drilling parameters. Observed loss rate. LCM pill still coming over shakers. ECD at 1300 lpm: 1.38 sg EMW.
Time                     Actual loss m³      Loss m³/hour
23,15-23,30                 1,5                         6
23,30-23,45                 0,25                       1
23,45-00,00                 0,24                       0,96",VOLVE_DDR,15_9_F_15_2008_11_26.xml,XML_NODE_KEYWORD,HIGH
d5148616-199f-41c4-9323-b249d37dce3a,NO,NO 15/9-F-15,name 2008-11-26T00:00:00+01:00,name 2008-11-26T01:45:00+01:00,3660,3660,MUD_LOSS,"Continued staging up pumps 1300 - 1700 lpm and RPM 30-120, for drilling parameters. Observed loss rate. LCM pill still coming over shakers. Max ECD 1.40 sg EMW.
Time                   Actual loss m³       Loss m³/hour
00,00-00,15                0,16                    0,64
00,15-00,30                0,15                    0,6 
00,30-00,45                1,04                    4,16 
00,45-01,00                0,68                    2,52 
01,00-01,15                0,2                      0,8 
01,15-01,30                0,15                    0,6 
01,30-01,45                0,74                    2,96",VOLVE_DDR,15_9_F_15_2008_11_27.xml,XML_NODE_KEYWORD,HIGH
9f8a0f2e-9689-4535-b457-84aef68ca2a4,NO,NO 15/9-F-15,name 2008-11-26T03:00:00+01:00,name 2008-11-26T06:00:00+01:00,3682.5,3682.5,MUD_LOSS,"Started drilling and brake in new bit. Drilled 8 1/2"" hole from 3670 m to 3682.5m. Flow 1700 lpm / SPP 145-150 bars / String RPM 80-160 / / TQ 12-20 kNm / WOB 4-11 MT / ECD 1.38-1.42 EMW / ROP 3-10 m/hr. MUD weight 1.32 SG. 
Averaged losses 2,6 m³/hour.",VOLVE_DDR,15_9_F_15_2008_11_27.xml,XML_NODE_KEYWORD,HIGH
59969cee-f02e-4df6-9eef-fb9f30f14fc4,NO,NO 15/9-F-15,name 2008-11-26T06:00:00+01:00,name 2008-11-26T11:15:00+01:00,3734,3734,MUD_LOSS,"Continued drilling 8½"" hole from 3682.5 m to 3734 m. Flow 1700 lpm / SPP 150 bars / String RPM 160 /  TQ 16-22 kNm / WOB 5-9 MT / ECD 1.42-1.43 EMW / ROP 10-20 m/hr. MUD weight 1.32 SG. 
Losses 2-3 m³/hr",VOLVE_DDR,15_9_F_15_2008_11_27.xml,XML_NODE_KEYWORD,HIGH
bbb1ac85-62d6-4f4a-b98b-644211e07fac,NO,NO 15/9-F-15,name 2008-11-26T11:15:00+01:00,name 2008-11-26T12:15:00+01:00,3734,3734,MUD_LOSS,"Pulled off bottom and circulated to clean hole, due to increasing trend in losses, loss rate increased to approx. 6 m³/hr. ECD 1.43 SG EMW.
Meanwhile discussed further plan with onshore organisation.",VOLVE_DDR,15_9_F_15_2008_11_27.xml,XML_NODE_KEYWORD,HIGH
a3e3c26a-1e83-49db-91b0-815c51f13d41,NO,NO 15/9-F-15,name 2008-11-26T12:15:00+01:00,name 2008-11-26T19:00:00+01:00,3785,3785,MUD_LOSS,"Continued drilling 8½"" hole from 3734 m to 3785 m. Flow 1700 lpm / SPP 155 bars / String RPM 180 / TQ 16-22 kNm / WOB 5-9 MT / ECD 1.42 EMW. MUD weight 1.32 SG. Controlled ROP at 10 m/hr. 
Connection at 13:30, 3743 m, 9.3 m³ returns over connection period. 1,14 m³/min.
Connection at 18:00, 3785 m, 7,9 m³ returns over connection period. 1,69 m³/min.
Average losses 1,4 m³/hr",VOLVE_DDR,15_9_F_15_2008_11_27.xml,XML_NODE_KEYWORD,HIGH
0372eec4-406c-47eb-a96a-a67622458e4c,NO,NO 15/9-F-15,name 2008-11-26T19:00:00+01:00,name 2008-11-27T00:00:00+01:00,3834,3834,MUD_LOSS,"Continued drilling 8½"" hole from 3734 m to 3834 m. Flow 1700 lpm / SPP 155 bars / String RPM 180 /  TQ 16-19 kNm / WOB 1-4 MT / ECD 1.42 EMW. MUD weight 1.32 SG. Controlled ROP at 10 m/hr. Up weight 171 MT / Down weight 121 MT / Free rotational weight 137 MT.
Connection at 22:15, 3823 m, 13,5 m³ returns over connection period. 1,32 m³/min.
Average losses 1,4 m³/hr",VOLVE_DDR,15_9_F_15_2008_11_27.xml,XML_NODE_KEYWORD,HIGH
1b7c680e-5d3c-42dc-8c17-55279afb385a,NO,NO 15/9-F-15,name 2008-11-27T00:00:00+01:00,name 2008-11-27T06:00:00+01:00,3889,3889,MUD_LOSS,"Continued drilling 8½"" hole from 3834 m to 3889 m. Flow 1700 lpm / SPP 155 bars / String RPM 180 / TQ 14-16 kNm / WOB 1-2 MT / ECD 1.42 EMW. MUD weight 1.32 SG. Controlled ROP at 10 m/hr. Up weight 173 MT / Down weight 125 MT / Free rotational weight 144 MT.
Connection at 03:15, 3864 m,10.7m³ returns over connection period. 1,29 m3/min.
Losses per hour from 00:00 hrs to 01:45 average 1,4 m³/hr.
Losses per hour from 01:45 hrs to 05:00 average 1,2 m³/hr.",VOLVE_DDR,15_9_F_15_2008_11_28.xml,XML_NODE_KEYWORD,HIGH
2d1437c1-0a51-4d86-b53d-7a3455f50539,NO,NO 15/9-F-15,name 2008-11-27T19:00:00+01:00,name 2008-11-28T00:00:00+01:00,4050,4050,MUD_LOSS,"Continued drilling 8½"" hole from 4008 m to 4050 m. Flow 1700 lpm / SPP 158 bars / String RPM 180 / TQ 16-18 kNm / WOB 1-2 MT / ECD 1.42-1.43 EMW. MUD weight 1.32 SG. Controlled ROP at 10 m/hr. Up weight 173 MT / Down weight 128 MT / Free rotational weight 148 MT.
Average losses 1.5 m³/hr.
Connection at 4026m, 11.8m³ gains, 1.9% max connection gas observed. 1.18m³/min.",VOLVE_DDR,15_9_F_15_2008_11_28.xml,XML_NODE_KEYWORD,HIGH
129971dd-62ff-4097-9552-1f4ef0766681,NO,NO 15/9-F-15,name 2008-11-28T00:00:00+01:00,name 2008-11-28T01:30:00+01:00,4064,4064,MUD_LOSS,"Continued drilling 8½"" hole from 4050 m to 4064 m. Flow 1700 lpm / SPP 158 bars / String RPM 180 / TQ 16-18 kNm / WOB 1-3 MT / ECD 1.43 EMW. MUD weight 1.32 SG. Controlled ROP at 10 m/hr. 
Average losses 1.65 m³/hr.
Tagged stringer at 4064mMD/3160m TVD.",VOLVE_DDR,15_9_F_15_2008_11_29.xml,XML_NODE_KEYWORD,HIGH
c3d05acb-ae0d-469f-b783-4ce3c4c89ec8,NO,NO 15/9-F-15,name 2008-11-28T01:30:00+01:00,name 2008-11-28T02:15:00+01:00,4067,4067,MUD_LOSS,"Drilled through stringer with reduced WOB/RPM 5MT/120. Flow 1700 lpm / SPP 158 bars / String RPM 120 / TQ 16-20 kNm / WOB 5 MT / ECD 1.43 EMW. MUD weight 1.32 SG.
Average losses 1.65 m³/hr.
Connection at 4067m, 10.3m³ gains, No connection gas observed. 1.71m³/min.",VOLVE_DDR,15_9_F_15_2008_11_29.xml,XML_NODE_KEYWORD,HIGH
157fb1ed-9141-478d-81d4-2fdac98ad522,NO,NO 15/9-F-15,name 2008-11-28T02:15:00+01:00,name 2008-11-28T04:45:00+01:00,4090,4090,MUD_LOSS,"Continued drilling 8½"" hole from 4067 m to 4090 m (TD). Flow 1700 lpm / SPP 160 bars / String RPM 180 / TQ 16-18 kNm / WOB 2-11 MT / ECD 1.43 EMW. MUD weight 1.32 SG. Controlled ROP at 10 m/hr. Up weight 173 MT / Down weight 128 MT / Free rotational weight 148 MT.
Average losses 4.7 m³/hr.",VOLVE_DDR,15_9_F_15_2008_11_29.xml,XML_NODE_KEYWORD,HIGH
22c8f0a3-5415-41a8-9a86-f77fa48fab3f,NO,NO 15/9-F-15,name 2008-11-28T04:45:00+01:00,name 2008-11-28T06:00:00+01:00,4060,4060,MUD_LOSS,"Pulled of bottom started circulating hole clean reciprocating the string. Zero rpm pulling up and 80 rpm working down, pump rate to 1850 lpm / SPP 180 bars / ECD 1,42 EMW. Average losses 0.5m³/hr.",VOLVE_DDR,15_9_F_15_2008_11_29.xml,XML_NODE_KEYWORD,HIGH
20022d0c-8f1c-4009-92e7-19cc6713c17e,NO,NO 15/9-F-15,name 2008-11-29T05:15:00+01:00,name 2008-11-29T05:45:00+01:00,706,706,ABNORMAL_OPERATION,Perform Gyro rotation shots at 706m. Problems with PS-21 slip.,VOLVE_DDR,15_9_F_15_2008_11_30.xml,XML_NODE_KEYWORD,LOW
7ea55361-0a56-492e-9773-9e9585ecceb8,NO,NO 15/9-F-15,name 2008-11-29T05:45:00+01:00,name 2008-11-29T06:00:00+01:00,706,706,ABNORMAL_OPERATION,PS-21 slips unable to hold DP. Investigated problem.,VOLVE_DDR,15_9_F_15_2008_11_30.xml,XML_NODE_KEYWORD,LOW
49e0e074-dda5-49a7-bd18-3a15084cba83,NO,NO 15/9-F-15,name 2008-11-29T06:00:00+01:00,name 2008-11-29T06:15:00+01:00,706,706,EQUIPMENT_FAILURE,Repaired PS-21 slips.,VOLVE_DDR,15_9_F_15_2008_11_30.xml,XML_NODE_KEYWORD,MEDIUM
2b2f39d6-759f-45d0-80e3-611b6a646310,NO,NO 15/9-F-15,name 2008-11-29T21:15:00+01:00,name 2008-11-29T21:45:00+01:00,2648,2648,KICK,RIH open hole from 2534m to 2648m. Performed kick drill 41 sec.,VOLVE_DDR,15_9_F_15_2008_11_30.xml,XML_NODE_KEYWORD,HIGH
9da9c079-c18c-4c62-94b8-79718eb8cb85,NO,NO 15/9-F-15,name 2008-11-30T03:00:00+01:00,name 2008-11-30T05:30:00+01:00,4086,4086,MUD_LOSS,"Started to circulation. Increased rate from 500 lpm to 1500 lpm, observed max loss rate 6 m³/hr. Beamed back the rate to 1250 lpm 77 bars. Total losses during circulation 4.3m³.  Maximum gas at bottoms up 2%.
Meanwhile held pre-job meeting prior to perform cement job.",VOLVE_DDR,15_9_F_15_2008_12_01.xml,XML_NODE_KEYWORD,HIGH
bc10121a-d9ac-49a5-8301-2580525addb7,NO,NO 15/9-F-15,name 2008-11-30T05:30:00+01:00,name 2008-11-30T06:00:00+01:00,4086,4086,EQUIPMENT_FAILURE,Attempted to pressure test line from cmt unit to standpipe on rig floor. No go due to minor cmt pump issue and wash pipe failure.,VOLVE_DDR,15_9_F_15_2008_12_01.xml,XML_NODE_KEYWORD,MEDIUM
b3f8e9b7-8962-4438-8571-bc54bc58980d,NO,NO 15/9-F-15,name 2008-12-01T08:45:00+01:00,name 2008-12-01T13:00:00+01:00,2034,2034,MUD_LOSS,"Loaded 2x sponge balls and circulated with 1,32sg OBM, 120 rpm/1000 lpm observed losses (1.6m³). Reduced to 120 rpm/500 lpm. Circulated w/ stable returns until cement plug set up.",VOLVE_DDR,15_9_F_15_2008_12_02.xml,XML_NODE_KEYWORD,HIGH
a715b1bd-e39d-4bd8-b587-ac823589e50c,NO,NO 15/9-F-15,name 2008-12-01T13:15:00+01:00,name 2008-12-01T13:30:00+01:00,2034,2034,KICK,Racked back one stand. Conducted kick drill 50 sec.,VOLVE_DDR,15_9_F_15_2008_12_02.xml,XML_NODE_KEYWORD,HIGH
e2744ecb-8f83-4db5-b9ee-20b99938d6bd,NO,NO 15/9-F-15,name 2008-12-01T21:15:00+01:00,name 2008-12-01T21:30:00+01:00,241,241,EQUIPMENT_FAILURE,"POOH with 3½"" DP, laid out singles from 250-241m. HTS roller failed.",VOLVE_DDR,15_9_F_15_2008_12_02.xml,XML_NODE_KEYWORD,MEDIUM
196cc9d9-3f7c-4a26-b18b-fb9db5728b79,NO,NO 15/9-F-15,name 2008-12-01T21:30:00+01:00,name 2008-12-01T21:45:00+01:00,241,241,EQUIPMENT_FAILURE,"HTS rollers failed to stop. As running HTS and Rollers in manual. Rollers did not stop after command. This caused 3½"" DP to tip off the last Roller post. The DP end landed on the Cantilever. No personnel in area due to area had been barried prior to commencing operation. Installed FOSV and monitored on trip tank.",VOLVE_DDR,15_9_F_15_2008_12_02.xml,XML_NODE_KEYWORD,MEDIUM
e835b86f-74ff-4dd6-9c9c-12c68995f556,NO,NO 15/9-F-15,name 2008-12-02T19:00:00+01:00,name 2008-12-02T22:00:00+01:00,2631,2631,MUD_LOSS,"Continued washing down from 2401m to 2587m w/ 2500 lpm, SPP 167-175bars. Tight/overpull at 2587mt. Started rotation at 20rpm. Continued to wash/ream down from 2587m to 2629, Torq 5-10 kNm. Occasionally WOB at 5 mt for a few seconds, otherwise no WOB.
Took weight at 2629m 10 MT. Washed through. Reamed to 2631 m. Stopped rotation and set down 10 MT with 2500 lpm, firm cement at 2631m (TD).
50/50 cement/formation over the shakers. No gain/losses during clean out.",VOLVE_DDR,15_9_F_15_2008_12_03.xml,XML_NODE_KEYWORD,HIGH
650aba15-b738-4653-a3c6-ac85f20c8dd8,NO,NO 15/9-F-15,name 2008-12-02T22:00:00+01:00,name 2008-12-03T00:00:00+01:00,2621,2621,MUD_LOSS,"Circulated hole with 2500 lpm 80 rpm and reciprocated the string. Size of the cutting in return: Cement Ø1"" and formation chips 2"" x ½"" x 1/8"". Circulated 3 bottoms up. After 2nd bottoms up 90 % formations cuttings back. No gain/losses during clean out. Decided to pump out to 9 5/8"" casing shoe.",VOLVE_DDR,15_9_F_15_2008_12_03.xml,XML_NODE_KEYWORD,HIGH
ebf8d0d1-892a-479d-bf07-9367263977d0,NO,NO 15/9-F-15,name 2008-12-03T01:15:00+01:00,name 2008-12-03T03:00:00+01:00,2521,2521,ABNORMAL_OPERATION,Circulated hole clean inside the shoe at 2500 lpm no rotation. 2 bottoms up before hole clean. Meanwhile serviced TDS. Problem with trip tank.,VOLVE_DDR,15_9_F_15_2008_12_04.xml,XML_NODE_KEYWORD,LOW
62a68d26-e3d8-4e0e-a2e3-7dd83f029cd4,NO,NO 15/9-F-15,name 2008-12-03T07:45:00+01:00,name 2008-12-03T09:30:00+01:00,125,125,ABNORMAL_OPERATION,Hold tool box talk and racked back/laid out BHA. Problem with BX elevator.,VOLVE_DDR,15_9_F_15_2008_12_04.xml,XML_NODE_KEYWORD,LOW
9999a2cf-6ec6-4983-8fd6-cb594b9341f2,NO,NO 15/9-F-15,name 2008-12-03T09:30:00+01:00,name 2008-12-03T09:45:00+01:00,125,125,EQUIPMENT_FAILURE,Investigated leak on BX elevators and repaired same.,VOLVE_DDR,15_9_F_15_2008_12_04.xml,XML_NODE_KEYWORD,MEDIUM
8834d3f7-4875-42ec-849b-4bb2fec461d1,NO,NO 15/9-F-15,name 2008-12-03T11:15:00+01:00,name 2008-12-03T12:00:00+01:00,0,0,NPT,Boat in. Waited for crane.,VOLVE_DDR,15_9_F_15_2008_12_04.xml,XML_NODE_KEYWORD,MEDIUM
d0c5c7ea-6a46-4e78-9dbc-97c3cb1e254e,NO,NO 15/9-F-15,name 2008-12-03T21:15:00+01:00,name 2008-12-03T21:30:00+01:00,2631,2631,MUD_LOSS,"Pulled up to 2631m. Continued circulating with 2500 lpm, 233 bars and 100-120 rpm, reciprocating the string. Some cuttings over shakers. No gain or losses during circulation.
Meanwhile prepared 6m³ 1.34 SG WBM Hi-vis pill. Problem with mixing the pill.",VOLVE_DDR,15_9_F_15_2008_12_04.xml,XML_NODE_KEYWORD,HIGH
fb1d57cb-08a1-4fa5-b5de-016d9e2fbba9,NO,NO 15/9-F-15,name 2008-12-03T21:30:00+01:00,name 2008-12-03T22:45:00+01:00,2631,2631,ABNORMAL_OPERATION,Problem with mixing. Found hopper blocked and cell feeder did shut off.,VOLVE_DDR,15_9_F_15_2008_12_04.xml,XML_NODE_KEYWORD,LOW
1429d0be-d6fe-4c36-a318-1086debb05b7,NO,NO 15/9-F-15,name 2008-12-04T04:30:00+01:00,name 2008-12-04T05:00:00+01:00,2127,2127,ABNORMAL_OPERATION,Continued POOH from 2229 m to 2127m. Problem with PRS.,VOLVE_DDR,15_9_F_15_2008_12_05.xml,XML_NODE_KEYWORD,LOW
449bf20b-08fb-409e-957b-c1253e495aa8,NO,NO 15/9-F-15,name 2008-12-04T08:00:00+01:00,name 2008-12-04T09:45:00+01:00,299,299,EQUIPMENT_FAILURE,"POOH with cement stinger on 5"" DP from 1928 m to 299 m MD. Stopped filling well on 2 last stands of 5"" DP in order to allow mud column to drop for forthcomming repair of diverter seals. Trip speed 930 m/hrs.",VOLVE_DDR,15_9_F_15_2008_12_05.xml,XML_NODE_KEYWORD,MEDIUM
e11fc14d-fd63-473d-a681-0081824c9199,NO,NO 15/9-F-15,name 2008-12-04T12:45:00+01:00,name 2008-12-04T13:00:00+01:00,0,0,NPT,Waited on cement. Meanwhile held toolbox talk for removal of diverter.,VOLVE_DDR,15_9_F_15_2008_12_05.xml,XML_NODE_KEYWORD,MEDIUM
4d1c8f95-ff53-4fb8-967f-64e99822ee5d,NO,NO 15/9-F-15,name 2008-12-04T13:00:00+01:00,name 2008-12-04T13:30:00+01:00,0,0,NPT,Waited on cement. Meanwhile prepared for pulling diverter. Removed autoslips from RT. Picked up diverter pullling tool. Prepared diverter inserts.,VOLVE_DDR,15_9_F_15_2008_12_05.xml,XML_NODE_KEYWORD,MEDIUM
14c08a32-1aa6-4a54-9f7f-493b81192e96,NO,NO 15/9-F-15,name 2008-12-04T13:30:00+01:00,name 2008-12-04T15:00:00+01:00,0,0,NPT,Waited on cement. Meanwhile disengaged diverter overshot mechanical seal. Installed 18 inch and 10 inch inserts in diverter. Engaged pulling tool and pulled diveter.,VOLVE_DDR,15_9_F_15_2008_12_05.xml,XML_NODE_KEYWORD,MEDIUM
11498ed4-7b4d-4ae9-ae4f-52e788ddb0f3,NO,NO 15/9-F-15,name 2008-12-04T15:00:00+01:00,name 2008-12-04T16:30:00+01:00,0,0,NPT,Waited on cement. Meanwhile laid down diverter horizontally.,VOLVE_DDR,15_9_F_15_2008_12_05.xml,XML_NODE_KEYWORD,MEDIUM
b96eddb3-f756-4197-a061-21f94493fe4a,NO,NO 15/9-F-15,name 2008-12-04T16:30:00+01:00,name 2008-12-04T18:00:00+01:00,0,0,NPT,Waited on cement. Meanwhile changed primary seal in diverter overshot.,VOLVE_DDR,15_9_F_15_2008_12_05.xml,XML_NODE_KEYWORD,MEDIUM
0fb21981-35b0-4c26-847d-61061808ad4f,NO,NO 15/9-F-15,name 2008-12-04T18:00:00+01:00,name 2008-12-04T22:00:00+01:00,0,0,NPT,Changed primary seal in diverter overshot. Meanwhile waited on cement.,VOLVE_DDR,15_9_F_15_2008_12_05.xml,XML_NODE_KEYWORD,MEDIUM
6eff172a-52f3-4926-96b4-f2d3f50afafe,NO,NO 15/9-F-15,name 2008-12-06T17:45:00+01:00,name 2008-12-06T18:30:00+01:00,0,0,EQUIPMENT_FAILURE,Repaired hydraulic leakage on PRS hose fitting.,VOLVE_DDR,15_9_F_15_2008_12_07.xml,XML_NODE_KEYWORD,MEDIUM
c42798d7-75e3-490d-93fa-26c9b4a351de,NO,NO 15/9-F-15,name 2008-12-07T11:15:00+01:00,name 2008-12-07T11:30:00+01:00,1420,1420,ABNORMAL_OPERATION,"Held toolbox talk for pulling 9 5/8"" casing. Had problem with PRS flush joint elevator.",VOLVE_DDR,15_9_F_15_2008_12_08.xml,XML_NODE_KEYWORD,LOW
b906ed17-bff8-44f3-9ad8-fd54c7cec9b4,NO,NO 15/9-F-15,name 2008-12-07T11:30:00+01:00,name 2008-12-07T11:45:00+01:00,1420,1420,ABNORMAL_OPERATION,Troubleshot problem with PRS elevator.,VOLVE_DDR,15_9_F_15_2008_12_08.xml,XML_NODE_KEYWORD,LOW
743d1a72-34e4-42b2-80cb-ff20a867a33c,NO,NO 15/9-F-15,name 2008-12-07T18:30:00+01:00,name 2008-12-07T20:30:00+01:00,1121,1121,ABNORMAL_OPERATION,"POOH with 9 5/8"" 53,5# C95 casing from 1277 m to 1121 m MD. Pulling speed 7 jnts/hr. Had problems with HTS tailing arm and casing tong.",VOLVE_DDR,15_9_F_15_2008_12_08.xml,XML_NODE_KEYWORD,LOW
3490f361-b0a5-4a57-babb-74d2635a3bd7,NO,NO 15/9-F-15,name 2008-12-08T07:15:00+01:00,name 2008-12-08T08:45:00+01:00,0,0,STUCK_PIPE,"Broke and laid out 5 1/2"" HWDP and 8 1/4"" DC. Broke and laid down 10 3/4"" Bowen spear and pack off assy. Changed dies in PRS.",VOLVE_DDR,15_9_F_15_2008_12_09.xml,XML_NODE_KEYWORD,HIGH
d83a2687-c0c2-4d1b-b68e-1b4c4b389bf8,NO,NO 15/9-F-15,name 2008-12-09T00:15:00+01:00,name 2008-12-09T04:30:00+01:00,0,0,NPT,"Waited on cement to set up. Meanwhile tested FOSV. Re-arranged stands of 9 5/8"" casing racked back in derrick. Moved stands to aft setback area, doped box end of stands.",VOLVE_DDR,15_9_F_15_2008_12_10.xml,XML_NODE_KEYWORD,MEDIUM
bbc12229-004d-4d4d-a973-d3a0e9bc93f2,NO,NO 15/9-F-15,name 2008-12-09T07:15:00+01:00,name 2008-12-09T10:30:00+01:00,108,108,ABNORMAL_OPERATION,"Continued to make up 17 1/2"" drilling BHA. Had problems to access fingerboard with PRS due to conflict with dual latch bracket. Set ZMS in override and ran PRS manually. Made up and ran stand with jar and 8 1/4"" DC. Made up and ran stand with accelerator and 8 1/4"" DC. Installed totco ring. Made up 6 5/8"" reg x 5 1/2 FH box crossover. Had problems with PRS when attempting to pick up stand of 5 1/2"" HWDP.",VOLVE_DDR,15_9_F_15_2008_12_10.xml,XML_NODE_KEYWORD,LOW
5311966c-3ae7-41b6-b265-697df45fd992,NO,NO 15/9-F-15,name 2008-12-09T10:30:00+01:00,name 2008-12-09T11:45:00+01:00,108,108,ABNORMAL_OPERATION,Troubleshot PRS weight indicator and PRS elevator problems.,VOLVE_DDR,15_9_F_15_2008_12_10.xml,XML_NODE_KEYWORD,LOW
be437284-5c65-4c7d-89ff-ace3591c7dc4,NO,NO 15/9-F-15,name 2008-12-09T11:45:00+01:00,name 2008-12-09T12:30:00+01:00,147,147,ABNORMAL_OPERATION,"Made up stand of 5 1/2"" HWDP. Removed masterbushing. Installed autoslips in RT. RIH with 17 1/2"" BHA on 5 1/2"" DP to 147 m MD. Prevailing problems with PRS when attempting to pick up stands of 5 1/2"" HWDP.",VOLVE_DDR,15_9_F_15_2008_12_10.xml,XML_NODE_KEYWORD,LOW
d68f0617-aec9-4e0b-bb00-727308009af4,NO,NO 15/9-F-15,name 2008-12-10T06:00:00+01:00,name 2008-12-10T19:00:00+01:00,228,228,ABNORMAL_OPERATION,"Troubleshot problems with aft PRS. Found fault to be in control system, not supplying enable signal to solenoid valve which regulates the hydraulic pressure to the gripper claw. Meanwhile perfomed cleaning and general PM in drilling areas.",VOLVE_DDR,15_9_F_15_2008_12_11.xml,XML_NODE_KEYWORD,LOW
76da6dcd-d882-4995-84ea-988354aac605,NO,NO 15/9-F-15,name 2008-12-11T10:30:00+01:00,name 2008-12-11T15:00:00+01:00,1378,1378,KICK,"Drilled cement below 20"" shoe and new formation from 1368 m to 1381 m MD. Encountered soft cement underneath shoe. Initiated kick-off. Drilling parameters : 4000 lpm / SPP 190 bar / ECD 1,43-1,44 / 1-2 MT WOB / 60 RPM / Torque 6-10 kNm.

****Operations transferred to F-15****",VOLVE_DDR,15_9_F_15_2008_12_12.xml,XML_NODE_KEYWORD,HIGH
8921088e-9cfb-417a-b6a9-0c5931adacdd,NO,NO 15/9-F-15 A,name 2008-12-12T11:30:00+01:00,name 2008-12-12T15:00:00+01:00,1635,1635,ABNORMAL_OPERATION,"Drilled and oriented 17 1/2"" hole from 1608 m to 1635 m MD. Got problems with cuttings handling. Mill loop on active tank got blocked. Worked to unblock line. Meanwhile continued drilling at lower ROP and routed cuttings to skips as required. Drilling parameters : 4000 lpm / SPP 195 bar / 2-3 MT WOB / 130 RPM / torque 8-10 kNm / ECD 1,44. Controlled ROP to 5-10 m/hrs as dictated by cuttings handling and toubleshoting.",VOLVE_DDR,15_9_F_15_A_2008_12_13.xml,XML_NODE_KEYWORD,LOW
95f07614-6ed7-410c-ba6b-e2ad85fe7a16,NO,NO 15/9-F-15 A,name 2008-12-13T00:00:00+01:00,name 2008-12-13T03:30:00+01:00,1801,1801,ABNORMAL_OPERATION,"Drilled and oriented 17 1/2"" hole from 1761 m to 1801 m MD. Drilling paramaters : 4500 lpm / SPP 245 bar / 6-8 MT WOB / 130 RPM / torque 10-13 kNm / ECD 1,43-1,44. Controlled ROP to 20 m/hrs due to cuttings handling. Performed MWD survey on connections. Downlinked powerdrive according to DD instructions. Had problems with spooling on PRS lift wire drums.",VOLVE_DDR,15_9_F_15_A_2008_12_14.xml,XML_NODE_KEYWORD,LOW
044c6655-1640-4710-a6c6-c61a679d1b5d,NO,NO 15/9-F-15 A,name 2008-12-13T03:30:00+01:00,name 2008-12-13T04:00:00+01:00,1801,1801,ABNORMAL_OPERATION,Removed flush joint elevator on PRS in order to fix spooling problem. Ran gripper head to floor and re-spooled drums. Meanwhile reamed on stand and downlinked powerdrive.,VOLVE_DDR,15_9_F_15_A_2008_12_14.xml,XML_NODE_KEYWORD,LOW
d927b07b-5520-45d0-876a-5bf1e91b0670,NO,NO 15/9-F-15 A,name 2008-12-13T06:30:00+01:00,name 2008-12-13T11:15:00+01:00,1841,1841,NPT,"Waited on weather. Winds > 65 knots, i.e. in excess for PRS operational limit. Meanwhile performed MWD surevy and downlinked powerdrive. Reciprocated on stand from 1841 m to 1801 m MD. Parameters : 3000 lpm / SPP 120 bar / 50 RPM /  torque 9 kNm / ECD 1,43-1,44.",VOLVE_DDR,15_9_F_15_A_2008_12_14.xml,XML_NODE_KEYWORD,MEDIUM
f0459b90-896c-4abc-b06c-df3c4b4c794d,NO,NO 15/9-F-15 A,name 2008-12-14T00:00:00+01:00,name 2008-12-14T02:00:00+01:00,2084,2084,ABNORMAL_OPERATION,"Drilled and oriented 17 1/2"" hole from 2047 m MD to 2084 m MD. Drilling parameters : 4500 lpm / SPP 261 bar / 2-3 MT WOB / 140 RPM / Torque 9-13 kNm / ECD 1,45. Controlled ROP to 20 m/hrs due to cuttings handling. Performed MWD survey on connections. Downlinked powerdrive according to DD instructions. Experienced problems when picking up 5 1/2"" stand. Meanwhile made up 13 3/8"" casing stands in foxhole.",VOLVE_DDR,15_9_F_15_A_2008_12_15.xml,XML_NODE_KEYWORD,LOW
3c798764-a4c4-4fa7-ae9f-63bfad5b9397,NO,NO 15/9-F-15 A,name 2008-12-15T00:00:00+01:00,name 2008-12-15T03:45:00+01:00,2447,2447,EQUIPMENT_FAILURE,"Drilled and oriented 17 1/2"" hole from 2401 m to 2447 m MD. Drilling parameters : 4000-4500 lpm / SPP 222-276 bar / 7-9 MT WOB / 125-140 RPM / torque 18-22 kNm / ECD 1,45-1,46. Controlled ROP to 20 m/hrs due to cuttings handling. Performed MWD survey on connections. Downlinked powerdrive according to DD instructions. Prepared manriding operation for inspecting and repairing hydraulic leak on PRS.",VOLVE_DDR,15_9_F_15_A_2008_12_16.xml,XML_NODE_KEYWORD,MEDIUM
81711a2d-b6ec-4b3a-9d97-b45a970a5b3d,NO,NO 15/9-F-15 A,name 2008-12-15T23:00:00+01:00,name 2008-12-16T00:00:00+01:00,2565,2565,MUD_LOSS,Lined up to triptank and flowcheked well. Observed static losses to well in order of 350 l/hrs. Checked trip tank line up - ok.,VOLVE_DDR,15_9_F_15_A_2008_12_16.xml,XML_NODE_KEYWORD,HIGH
187b48f2-0491-40ce-9429-1906ea40e226,NO,NO 15/9-F-15 A,name 2008-12-16T02:30:00+01:00,name 2008-12-16T03:00:00+01:00,2568,2568,MUD_LOSS,"Lined up triptank and flowchecked well - prevailing loss trend - still loosing approx 350 l/hrs. Discussed situation, decided to start POOH.",VOLVE_DDR,15_9_F_15_A_2008_12_17.xml,XML_NODE_KEYWORD,HIGH
55c2fa75-523f-4d33-926e-6b9be9e7c19b,NO,NO 15/9-F-15 A,name 2008-12-16T05:45:00+01:00,name 2008-12-16T06:00:00+01:00,1764,1764,MUD_LOSS,Flowchecked well 15 min due to apparently decreasing loss trend. Well static.,VOLVE_DDR,15_9_F_15_A_2008_12_17.xml,XML_NODE_KEYWORD,HIGH
ced4b202-0669-4b25-bd45-68b3daef60a9,NO,NO 15/9-F-15 A,name 2008-12-16T09:15:00+01:00,name 2008-12-16T10:30:00+01:00,1357,1357,MUD_LOSS,Flow checked well at casing shoe. Observed static losses of 130 /l/hrs. Removed skirt on TDS torque wrench and took measurements for Tesco equipment as required.,VOLVE_DDR,15_9_F_15_A_2008_12_17.xml,XML_NODE_KEYWORD,HIGH
35324614-1d61-4e79-a8ac-82625cf65915,NO,NO 15/9-F-15 A,name 2008-12-17T08:45:00+01:00,name 2008-12-17T09:00:00+01:00,140,140,ABNORMAL_OPERATION,Removed masterbushing and installed PS-30 slips. Had problems with hydraulics on PS-30.,VOLVE_DDR,15_9_F_15_A_2008_12_18.xml,XML_NODE_KEYWORD,LOW
10987eb2-187a-4aeb-80a3-e393c84060fc,NO,NO 15/9-F-15 A,name 2008-12-17T19:30:00+01:00,name 2008-12-17T20:45:00+01:00,914,914,ABNORMAL_OPERATION,"Ran 13 3/8"" - P110 - 72# casing from 808 m to 914 m MD. Had problems with HTS rollers.",VOLVE_DDR,15_9_F_15_A_2008_12_18.xml,XML_NODE_KEYWORD,LOW
41bf51d8-c553-42c6-84d7-2c26af95873a,NO,NO 15/9-F-15 A,name 2008-12-17T20:45:00+01:00,name 2008-12-17T21:15:00+01:00,914,914,ABNORMAL_OPERATION,Troubleshot problems with HTS rollers.,VOLVE_DDR,15_9_F_15_A_2008_12_18.xml,XML_NODE_KEYWORD,LOW
f29cc143-cc6b-442e-a5a1-e31c96d65fcb,NO,NO 15/9-F-15 A,name 2008-12-18T12:15:00+01:00,name 2008-12-18T16:00:00+01:00,1467,1467,ABNORMAL_OPERATION,"Ran 13 3/8"" P110 72# casing from 1371 m to 1467 m MD. Running speed 2 jnts/hr, restricted by alignment/stabbing problems when using PRS pick up tool.",VOLVE_DDR,15_9_F_15_A_2008_12_19.xml,XML_NODE_KEYWORD,LOW
52627f65-6232-4814-8574-be3ea6f781d7,NO,NO 15/9-F-15 A,name 2008-12-18T18:00:00+01:00,name 2008-12-18T19:00:00+01:00,1500,1500,KICK,Ran 13 3/8¿ P110 72# casing from 1476 m to 1500 m MD. Encountered tight spot at 1481 m MD. Stepped up pumps to 900 lpm. Appled 3 rpm within 15 kNm limit. Worked restriction every 12 m indicating centralizers hanging up in shoe or kick off area. Max set down weight 25 MT. Set casing joint in foxhole prior to making 2nd grip with PRS pick up tool - this method seemed to make the stabbing more accurate.,VOLVE_DDR,15_9_F_15_A_2008_12_19.xml,XML_NODE_KEYWORD,HIGH
18e6d517-7376-46d2-9c2f-319b07755fa1,NO,NO 15/9-F-15 A,name 2008-12-18T20:30:00+01:00,name 2008-12-18T21:45:00+01:00,1532,1532,STUCK_PIPE,Encountered tight spot at 1532 m MD. Not able to pass with 25 MT setdown weight. Worked string several times in attempt to pass restriction. Pumped at 1000 lpm / 10 bar and rotated 5 RPM within 15 kNm limit. Increased set down weight to 30 MT and passed restriction. Observed pack off  / rapid pressure build up to 20 bar - shut down pumps.,VOLVE_DDR,15_9_F_15_A_2008_12_19.xml,XML_NODE_KEYWORD,HIGH
1e39ed63-bbbc-4bd2-9ea6-06d1141c3ce4,NO,NO 15/9-F-15 A,name 2008-12-21T09:15:00+01:00,name 2008-12-21T14:00:00+01:00,140,140,EQUIPMENT_FAILURE,"Sat seal assembly according to vetco procedure. Landing string dropped 8 1/4"". Performed line test of surface line against fail safe valve to 345 bar / 10 min. Ok. Closed lower pipe ram and lined up TDS to trip tank to monitor for returns. Pressured up in stages to 207 bar below closed ram. Bled off pressure to zero. Pumped 350 ltrs and got 300 ltrs back. Opened rams and took 45 MT overpull. Closed ram and pressure tested seal assembly 35/345 bar for 5/10 min. Dropped 3.5 bar (1 %) / 15 min. 550 ltrs pumped and 450 ltrs bled back. Reduced overpull to 3 MT. Rotated 4 right-hand turns and released.",VOLVE_DDR,15_9_F_15_A_2008_12_22.xml,XML_NODE_KEYWORD,MEDIUM
668c32a3-8098-49e5-a19c-c8d286a9bcdb,NO,NO 15/9-F-15 A,name 2008-12-22T09:15:00+01:00,name 2008-12-22T12:00:00+01:00,139,139,EQUIPMENT_FAILURE,"Pressure tested TDS, lower- and upper IBOP and kelly hose to 30 bar/345 bar for 5/10 min. 

Meanwhile repaired CRI pumps and manifold. Cleaned threads on 5 1/2"" DP on cantilever.",VOLVE_DDR,15_9_F_15_A_2008_12_23.xml,XML_NODE_KEYWORD,MEDIUM
2601a5fb-2e67-446d-9422-7ac25603298a,NO,NO 15/9-F-15 A,name 2008-12-22T12:00:00+01:00,name 2008-12-22T14:00:00+01:00,0,0,EQUIPMENT_FAILURE,"RD test line to BOP. POOH and LD BOP test plug assembly.

Meanwhile repaired CRI pumps and manifold. Cleaned threads on 5 1/2"" DP on cantilever.",VOLVE_DDR,15_9_F_15_A_2008_12_23.xml,XML_NODE_KEYWORD,MEDIUM
30eafbe3-39d1-4499-b042-1bbb8f747fd7,NO,NO 15/9-F-15 A,name 2008-12-22T17:00:00+01:00,name 2008-12-22T19:00:00+01:00,0,0,EQUIPMENT_FAILURE,"Continued LO 17 1/2"" BHA. Meanwhile repaired CRI pumps and manifold.",VOLVE_DDR,15_9_F_15_A_2008_12_23.xml,XML_NODE_KEYWORD,MEDIUM
fabc00cd-2c85-4e2b-9c70-81d0aede4d5d,NO,NO 15/9-F-15 A,name 2008-12-23T16:00:00+01:00,name 2008-12-23T16:15:00+01:00,2480,2480,KICK,LO single and performed kick drill in 38 sek.,VOLVE_DDR,15_9_F_15_A_2008_12_24.xml,XML_NODE_KEYWORD,HIGH
b0b53a74-d386-46c7-a0c2-dfb0b83a1b1a,NO,NO 15/9-F-15 A,name 2008-12-25T00:00:00+01:00,name 2008-12-25T00:45:00+01:00,1081,1081,ABNORMAL_OPERATION,Investigated problem with HTS belt. Re-sat encoder,VOLVE_DDR,15_9_F_15_A_2008_12_26.xml,XML_NODE_KEYWORD,LOW
00381f5b-da3b-4944-9d5e-48cb5637c2e6,NO,NO 15/9-F-15 A,name 2008-12-26T16:00:00+01:00,name 2008-12-26T21:00:00+01:00,99,99,NPT,"PU 8 1/2"" BHA and RIH from surface to 42 m. Loaded sources into MWD tool. Continued PU 8 1/2"" BHA and RIH from 42 m to 99 m. Performed recalibration of block weight sensor while waiting on helicopter for 10 min.",VOLVE_DDR,15_9_F_15_A_2008_12_27.xml,XML_NODE_KEYWORD,MEDIUM
62f7ffef-cc2d-42d0-93f2-932072a6c56b,NO,NO 15/9-F-15 A,name 2008-12-30T17:30:00+01:00,name 2008-12-30T18:00:00+01:00,3095,3095,ABNORMAL_OPERATION,Circulated hole clean whilst investigating problem with PRS bladder on lower arm.,VOLVE_DDR,15_9_F_15_A_2008_12_31.xml,XML_NODE_KEYWORD,LOW
bb6e0b9d-55dd-43d1-bc03-4cd37cf50dbe,NO,NO 15/9-F-15 A,name 2008-12-30T18:00:00+01:00,name 2008-12-31T00:00:00+01:00,3142,3142,ABNORMAL_OPERATION,"Drilled 8 1/2"" hole from 3059 m to 3142 m in Shetland with 1.32 sg OBM. Drilling parameters : 2100-2150 lpm / SPP 144-152 bar / 150 RPM / torque 16-20 kNm / WOB 8-15 MT / ECD 1.37 sg EMW / ROP 5-30 m/hr.

Meanwhile prepared for MU and RB 10 3/4"" csg. Had to use emergency stop on HTS to stop 10 3/4"" csg joint which was moved too far forward and tilted onto drill flor. Investigated problem and recalibrated HTS joy stick.",VOLVE_DDR,15_9_F_15_A_2008_12_31.xml,XML_NODE_KEYWORD,LOW
3675c6b7-9530-44bd-8296-895c90b40e56,NO,NO 15/9-F-15 A,name 2009-01-01T03:30:00+01:00,name 2009-01-01T06:00:00+01:00,1933,1933,EQUIPMENT_FAILURE,Investigated and repaired hydraulic leak on hose in cable tray on aft PRS drag chain in derrick.,VOLVE_DDR,15_9_F_15_A_2009_01_02.xml,XML_NODE_KEYWORD,MEDIUM
1b052556-8b8f-4b33-b2fc-d67af0c2567e,NO,NO 15/9-F-15 A,name 2009-01-03T06:00:00+01:00,name 2009-01-04T00:00:00+01:00,3829,3829,EQUIPMENT_FAILURE,"Continued drilling 8½"" hole from 3481 m to 3829 m. Flow 2100 lpm / SPP 150-160 bars / String RPM 120-160  TQ 13-32 kNm / WOB 5-10 / ECD 1.39-1.41 EMW / MUD weight 1.34 SG / ROP 20-32 mph. Up weight 184 MT / Down weight 135 MT / Free rotational weight 152 MT.

Parallel activity: Made up 10-3/4"" CSG in std and rack back in derrick. Status: 18 std in derrick.
Unable to continue with making up 10-3/4"" CSG in std, due to male function of HTS. Started to repair same.",VOLVE_DDR,15_9_F_15_A_2009_01_04.xml,XML_NODE_KEYWORD,MEDIUM
f5d0cad4-f069-46c9-ac1a-a6e29614f337,NO,NO 15/9-F-15 A,name 2009-01-06T04:45:00+01:00,name 2009-01-06T05:00:00+01:00,4083,4083,NPT,"Held tool box talk and assemblied the Gyro data tool, waited for gyro to warm up to 40 degrees to check if working - not working.",VOLVE_DDR,15_9_F_15_A_2009_01_07.xml,XML_NODE_KEYWORD,MEDIUM
9b88f170-8add-4d3f-8445-0e32ec46983d,NO,NO 15/9-F-15 A,name 2009-01-06T14:00:00+01:00,name 2009-01-06T15:15:00+01:00,3300,3300,NPT,"ESD shut down on production, Waited on electrician to reset equipment on drill floor.",VOLVE_DDR,15_9_F_15_A_2009_01_07.xml,XML_NODE_KEYWORD,MEDIUM
6b899dbe-9e72-4343-8dc2-8c7cf2e1373f,NO,NO 15/9-F-15 A,name 2009-01-10T14:30:00+01:00,name 2009-01-10T15:15:00+01:00,2617,2617,ABNORMAL_OPERATION,Trouble shooted problem with elevators and change out same.,VOLVE_DDR,15_9_F_15_A_2009_01_11.xml,XML_NODE_KEYWORD,LOW
4bc8c874-e357-4e10-98b5-7c754e6cf075,NO,NO 15/9-F-15 A,name 2009-01-10T16:45:00+01:00,name 2009-01-10T17:30:00+01:00,1890,1890,ABNORMAL_OPERATION,Trouble shooted problem with elevators and change out same.,VOLVE_DDR,15_9_F_15_A_2009_01_11.xml,XML_NODE_KEYWORD,LOW
db9b80c7-c237-4630-a7b1-4fbdde52bee8,NO,NO 15/9-F-15 A,name 2009-01-10T19:00:00+01:00,name 2009-01-10T21:00:00+01:00,1035,1035,ABNORMAL_OPERATION,Trouble shooted elevator hydraulic problem.,VOLVE_DDR,15_9_F_15_A_2009_01_11.xml,XML_NODE_KEYWORD,LOW
64e4385f-22bd-49d1-a55a-c8efe516714f,NO,NO 15/9-F-15 A,name 2009-01-11T03:30:00+01:00,name 2009-01-11T06:00:00+01:00,0,0,NPT,Waited on weather. Wind 50 kts plus. Performed general maintenance.,VOLVE_DDR,15_9_F_15_A_2009_01_12.xml,XML_NODE_KEYWORD,MEDIUM
a7cf3d39-140b-4908-97e2-93ff2cfb6bd3,NO,NO 15/9-F-15 A,name 2009-01-12T17:15:00+01:00,name 2009-01-13T00:00:00+01:00,3090,3090,KICK,"Drilled and attempted to kick off cement from 3072m to 3090m. Parameters: Flow 2140 lpm / SPP 145 bars / String RPM 130  TQ 13 kNm / WOB 2-3 / ECD 1.38 EMW / MUD weight 1.34 SG / ROP 1,5 mph. Up weight 155 MT / Down weight 140 MT / Free rotational weight 149 MT. Cement in returns 60 - 70%.",VOLVE_DDR,15_9_F_15_A_2009_01_13.xml,XML_NODE_KEYWORD,HIGH
491d64d3-05aa-448f-b728-28a9d1ddaec4,NO,NO 15/9-F-15 A,name 2009-01-13T00:00:00+01:00,name 2009-01-13T03:00:00+01:00,3095,3095,KICK,Continued drilling and attempted to kick off from 3090m to 3095m. Parameters: Flow 2140 lpm / SPP 145 bars / String RPM 130  TQ 13 kNm / WOB 2-3 / ECD 1.39 EMW / MUD weight 1.34 SG / ROP 1-3 mph. Cement in returns 70 - 80%.,VOLVE_DDR,15_9_F_15_A_2009_01_14.xml,XML_NODE_KEYWORD,HIGH
d3b6ca1f-deca-4c7f-82cf-9c51844c4ce1,NO,NO 15/9-F-15 A,name 2009-01-13T03:00:00+01:00,name 2009-01-13T06:00:00+01:00,3141,3141,KICK,Continued drilling and attempted to kick off from 3095m to 3141m. Increased parameters: Flow 2140 lpm / SPP 140-150 bars / String RPM 150  TQ 13-15 kNm / WOB 2-3 / ECD 1.39 EMW / MUD weight 1.34 SG / ROP 10-40 mph. Cement in returns 80%.,VOLVE_DDR,15_9_F_15_A_2009_01_14.xml,XML_NODE_KEYWORD,HIGH
af313638-b248-4eaf-b3c9-9e72d4784164,NO,NO 15/9-F-15 A,name 2009-01-13T07:15:00+01:00,name 2009-01-13T12:15:00+01:00,3210,3210,KICK,"Kicked off at 3185m and drilled 8½"" hole to 3210m 50/50 cement/formation. Drilling parameters: Flow 2140 lpm / SPP 144 bars / String RPM 130 TQ 12-26 kNm / WOB 2-5 / ECD 1.4 EMW / MUD weight 1.34 SG / ROP 4-6 mph.",VOLVE_DDR,15_9_F_15_A_2009_01_14.xml,XML_NODE_KEYWORD,HIGH
54e9a76a-7e30-446b-8197-a84e5bf4a3aa,NO,NO 15/9-F-15 B,name 2009-01-14T15:30:00+01:00,name 2009-01-14T16:15:00+01:00,2531,2531,EQUIPMENT_FAILURE,"Held tool box talk prior to repair the Kelly hose. Greased auto slips, installed TIW . Cleared and cleaned the rig floor. Circulated over the T/T.",VOLVE_DDR,15_9_F_15_B_2009_01_15.xml,XML_NODE_KEYWORD,MEDIUM
b9e7f171-f833-43db-b8c1-bf1449e7a92d,NO,NO 15/9-F-15 B,name 2009-01-14T16:15:00+01:00,name 2009-01-14T19:00:00+01:00,2531,2531,EQUIPMENT_FAILURE,"Repaired the Kelly hose, O-ring bursted changed out same.",VOLVE_DDR,15_9_F_15_B_2009_01_15.xml,XML_NODE_KEYWORD,MEDIUM
d57149e2-173f-4880-a3b7-d5d52e31c14b,NO,NO 15/9-F-15 B,name 2009-01-17T04:30:00+01:00,name 2009-01-17T06:00:00+01:00,0,0,NPT,Waited on weather. Winds > 40 knots - cranes down. Meanwhile changed pneumatic control valve on TDS.,VOLVE_DDR,15_9_F_15_B_2009_01_18.xml,XML_NODE_KEYWORD,MEDIUM
639fa8c8-1c81-417c-8414-a2ca97ce30a0,NO,NO 15/9-F-15 B,name 2009-01-17T06:00:00+01:00,name 2009-01-17T10:45:00+01:00,0,0,NPT,"Waited on weather. Winds > 40 knots. Meanwhile worked on TDS pneumatic valve. Planned for making up BHA using PDM, HTS and rollers.",VOLVE_DDR,15_9_F_15_B_2009_01_18.xml,XML_NODE_KEYWORD,MEDIUM
bc3c5642-b11b-43ce-bbb7-3f49015f83c0,NO,NO 15/9-F-15 B,name 2009-01-18T15:00:00+01:00,name 2009-01-18T16:15:00+01:00,2562,2562,ABNORMAL_OPERATION,Encountered problem with DCI system - excessive solids bulid up in mill tank. Picked off bottom to 2554 m MD and circulated at 500 lpm / SPP 8 bar / 15 rpm while working on DCI system.,VOLVE_DDR,15_9_F_15_B_2009_01_19.xml,XML_NODE_KEYWORD,LOW
185d694f-fbf2-46c6-a5eb-50ea7ee9e12a,NO,NO 15/9-F-15 C,name 2009-01-19T04:30:00+01:00,name 2009-01-19T06:00:00+01:00,2590,2590,EQUIPMENT_FAILURE,"Downlinked Powerdrive. Drilled and oriented 12 1/4"" section from 2585 m to 2590 m MD. Drilling parameters : 3000 lpm / SPP ~160 bar / 130 rpm / Torque ~20 kNm / WOB ~1-5 MT / ECD 1,28. Controlled ROP to 10 m/hrs as dictated logistic challenges / weather conditions. Meanwhile performed cleaning/repairs in DCI system.",VOLVE_DDR,15_9_F_15_C_2009_01_20.xml,XML_NODE_KEYWORD,MEDIUM
b73ee100-50fd-4a5a-84f9-c488a8735331,NO,NO 15/9-F-15 C,name 2009-01-19T12:45:00+01:00,name 2009-01-19T14:00:00+01:00,2663,2663,ABNORMAL_OPERATION,"At 2663 m MD, got problems with Powerdrive - not able to maintain toolface/steering. Pulled out to 2654 m MD and downinked Powerdrive in attempt to regain steering.",VOLVE_DDR,15_9_F_15_C_2009_01_20.xml,XML_NODE_KEYWORD,LOW
cfc66e27-95c8-41cf-b042-97b152ab1052,NO,NO 15/9-F-15 C,name 2009-01-19T14:00:00+01:00,name 2009-01-19T14:15:00+01:00,2665,2665,ABNORMAL_OPERATION,Drilled ahead to 2665 m MD - prevailing problems in maintaining toolface with Powerdrive.,VOLVE_DDR,15_9_F_15_C_2009_01_20.xml,XML_NODE_KEYWORD,LOW
6f988814-82fe-47a3-bb46-aa4b14284f63,NO,NO 15/9-F-15 C,name 2009-01-19T18:15:00+01:00,name 2009-01-19T20:15:00+01:00,609,609,ABNORMAL_OPERATION,Troubleshot slack wire on PRS. Found mismatch on tension cyclinders - rectified problem.,VOLVE_DDR,15_9_F_15_C_2009_01_20.xml,XML_NODE_KEYWORD,LOW
08e42612-be18-475c-b9f0-dd16ad77e16e,NO,NO 15/9-F-15 C,name 2009-01-20T03:30:00+01:00,name 2009-01-20T04:00:00+01:00,606,606,KICK,Fiilled pipe and  performed shallow test of Powerdrive and MWD - ok. Performed kick-drill.,VOLVE_DDR,15_9_F_15_C_2009_01_21.xml,XML_NODE_KEYWORD,HIGH
ccdc3983-3eee-4baa-8273-d25581befb16,NO,NO 15/9-F-15 C,name 2009-01-20T18:00:00+01:00,name 2009-01-21T00:00:00+01:00,2790,2790,KICK,"Drilled and oriented 12 1/4"" hole section from 2745 m to 2790 m MD. Drilling prameters : 3200-3400 lpm / SPP 175-195 bar / 130 rpm / Torque 18-24 kNm / WOB 2-9 MT / ECD 1,27. ROP 3-8 m/hrs as determined by geology. Experienced high stick/slip and low ROP from ~2770 m MD (Ekofisk). 100% limestone shows at 2780 m MD. Performed kick drill.",VOLVE_DDR,15_9_F_15_C_2009_01_21.xml,XML_NODE_KEYWORD,HIGH
9f53df4d-ed1a-4be6-886f-3083cde91a89,NO,NO 15/9-F-15 C,name 2009-01-21T13:30:00+01:00,name 2009-01-21T16:00:00+01:00,2827,2827,MUD_LOSS,"Observed lost return to pit and falling standpipe pressure. Picked off bottom and reciprocated stand from 2827 m to 2841 m MD / 10 rpm.  No drop in active, annulus full, i.e. no downhole losses detected. Ivestigated situation. Inspected lines from pit to TDS, found no leakages. Closed IBOP and attmepted to pump, found that problem was related to the surface system.",VOLVE_DDR,15_9_F_15_C_2009_01_22.xml,XML_NODE_KEYWORD,HIGH
e86c8f1f-9f85-4880-9fa6-1068c2dd54d4,NO,NO 15/9-F-15 C,name 2009-01-21T19:00:00+01:00,name 2009-01-21T21:15:00+01:00,2853,2853,ABNORMAL_OPERATION,Found likely cause of problem to be blocked splitter valve in suction module. Not able to use pit#7 as active pit. Lined up to pump from pit #15 taking retuns to pit #15 and #7 and used mixpump for levelling the two pits. Stepped up pumprate to 3400 lpm and RIH to 2853 m MD.,VOLVE_DDR,15_9_F_15_C_2009_01_22.xml,XML_NODE_KEYWORD,LOW
2acf0c86-a85a-4e3b-815c-4bc66a73fcc0,NO,NO 15/9-F-15 C,name 2009-01-25T16:00:00+01:00,name 2009-01-25T19:45:00+01:00,2001,2001,ABNORMAL_OPERATION,Function tested spider elevator. Observed air supply problem from TDS. Troubleshot problem. Changed 2 way pneumatic valve on TDS.,VOLVE_DDR,15_9_F_15_C_2009_01_26.xml,XML_NODE_KEYWORD,LOW
1c5a41fe-2d78-4e73-ae20-6620de20c47c,NO,NO 15/9-F-15 C,name 2009-01-25T23:15:00+01:00,name 2009-01-26T00:00:00+01:00,2560,2560,MUD_LOSS,"Stabbed 10 3/4"" FAC packer into casing with 8 MT setdown. Commenced pumping, mud sprayed accross packer, not holding pressure. Set down 15 MT on FAC packer. Stepped up rate to 1330 lpm / SPP 31 bar. Circulated for 10 min, stable pressure and no losses. Took up/down weights 256/199 MT.",VOLVE_DDR,15_9_F_15_C_2009_01_26.xml,XML_NODE_KEYWORD,HIGH
494d0b42-f357-475c-b264-d3ba310f138e,NO,NO 15/9-F-15 C,name 2009-01-26T12:30:00+01:00,name 2009-01-26T12:45:00+01:00,2915,2915,ABNORMAL_OPERATION,"Mixed and pumped 1,9 sg silica cement at 800 lpm / CUP~55 bar. After pumping approx 15 m3 got problems with bulk transfer, not able to transfer from bulk tank#10 to surge tank.",VOLVE_DDR,15_9_F_15_C_2009_01_27.xml,XML_NODE_KEYWORD,LOW
ac3d8e58-9e37-44f2-8c57-efaba4e6f307,NO,NO 15/9-F-15 C,name 2009-01-27T18:45:00+01:00,name 2009-01-27T19:30:00+01:00,0,0,ABNORMAL_OPERATION,Troubleshot problem with hydraulic oil overheating. Ran other hydraulic equipment to cool hydraulic oil in main system.,VOLVE_DDR,15_9_F_15_C_2009_01_28.xml,XML_NODE_KEYWORD,LOW
59b9e967-bd65-4808-95ba-3d3a2a9c92c6,NO,NO 15/9-F-15 C,name 2009-01-28T14:30:00+01:00,name 2009-01-28T15:30:00+01:00,140,140,NPT,"Waited on production to shut in and bleed off wells F-14, F-4 and F-5.",VOLVE_DDR,15_9_F_15_C_2009_01_29.xml,XML_NODE_KEYWORD,MEDIUM
7a0bd8b8-7869-4f6c-ada3-9033fe45c698,NO,NO 15/9-F-15 C,name 2009-01-29T06:00:00+01:00,name 2009-01-30T00:00:00+01:00,0,0,NPT,"Waited on weather to run production riser.

Meanwhile :
-Brought thension cylinders to Centralizer deck
-Replaced tension cylinders
-Changed wire on drillfoor yellow and black tugger
-Trobleshot HTS - no clear fault indication - random behaviour at w.r.t. stop point
-Performed maintenance of drawwork
-Emptied pit #5 into skips",VOLVE_DDR,15_9_F_15_C_2009_01_30.xml,XML_NODE_KEYWORD,MEDIUM
a3cfe1a5-a94e-4f90-b24d-da25ad3f1aef,NO,NO 15/9-F-15 C,name 2009-01-30T00:00:00+01:00,name 2009-01-30T06:00:00+01:00,0,0,NPT,"Waited on weather to run production riser.

Meanwhile :
-Emptied pit#5 into skips
-Perfromed NDT on drilling equipment
-Changed oil on TDS
-Greased C/K manifold
-Tidied wellhead module
-ROV brushed, cleaned and inspceted F-15 wellhead",VOLVE_DDR,15_9_F_15_C_2009_01_31.xml,XML_NODE_KEYWORD,MEDIUM
37feb0b4-fb7b-4335-9838-ca5083993ac8,NO,NO 15/9-F-15 C,name 2009-01-30T06:00:00+01:00,name 2009-01-31T00:00:00+01:00,0,0,NPT,"Waited on weather to run production riser. Wind checks performed on rig floor, cantiliver and derrick.

Meanwhile :
-Cleared centralizer deck and brought thension cylinders down. 
-Cleared rig floor to access TDS.
-Inspected gasket on BOP stump and landed BOP. 
-MU NT2 connector on BOP stump. Opened BOP for 3 montly PM.
-Mixed and injected slop in F-14.
-Trouble shot on pipe handler (HTS) alignement.
-Performed NDT on drilling equipment.
-Brought tension cylinders up.",VOLVE_DDR,15_9_F_15_C_2009_01_31.xml,XML_NODE_KEYWORD,MEDIUM
9ede26c1-7c50-4ced-86b4-d3fc7249544e,NO,NO 15/9-F-15 C,name 2009-01-31T00:00:00+01:00,name 2009-01-31T06:00:00+01:00,0,0,NPT,"Waited on weather to run production riser.

Meanwhile :
-Performed NDT on drilling equipment.
-Re-landed and MU NT2 connector on BOP stump. Prepared for pressure testing BOP.
-Finished trouble shooting on pipe handler (HTS) alignement.
-Removed tension sylinders from rig floor.
-Removed riser spider and installed master bushings to access iron roughneck.
-Started to disassemble aft iron roughneck.
-Performed maintenace on kill and standpipe manifolds.",VOLVE_DDR,15_9_F_15_C_2009_02_01.xml,XML_NODE_KEYWORD,MEDIUM
d71f778a-301b-4251-a864-e00131dd0b7c,NO,NO 15/9-F-15 C,name 2009-01-31T06:00:00+01:00,name 2009-02-01T00:00:00+01:00,0,0,NPT,"Waited on weather to run production riser.

Meanwhile :
-Instructed used of deluge/foam system on wellhead to crew as a part off weekly drill.
-Pressure tested BOP on stump. Ok.
-Disassembled and moved aft iron roughneck.
-Disconnected fwd iron roughneck and moved to aft position.
-Installed iron roughneck in aft position.
-Installed two-part nylon protector guides and tension ring on F-15.
-Vibration tested slurry pump.",VOLVE_DDR,15_9_F_15_C_2009_02_01.xml,XML_NODE_KEYWORD,MEDIUM
1c87ce95-1040-4a65-800a-34fd03b8e8f4,NO,NO 15/9-F-15 C,name 2009-02-01T00:00:00+01:00,name 2009-02-01T03:00:00+01:00,0,0,NPT,"Waited on weather to run production riser.

Meanwhile :
-Function tested iron roughneck in aft position.
-Cleaned lower shakers.
-RU to run tuggers through F-10 opening on centralizer deck.
-Worked on motor for slurry pump.
-Removed master bushings. Installed and function tested riser spider.
-Built scaffolding/barriers around deck openings.",VOLVE_DDR,15_9_F_15_C_2009_02_02.xml,XML_NODE_KEYWORD,MEDIUM
1cd5ce65-f148-495d-9c33-9568b24c9cf3,NO,NO 15/9-F-15 C,name 2009-02-01T06:30:00+01:00,name 2009-02-01T10:00:00+01:00,0,0,NPT,"Waited on weather to run production riser. Informed Production to shut down F-4, F-5 and F-14 at 08:10.

Meanwhile :
-Performed rig maintenace
-Routed tuggers to guide TBC/production riser.",VOLVE_DDR,15_9_F_15_C_2009_02_02.xml,XML_NODE_KEYWORD,MEDIUM
a203247d-ba79-4cdd-b18c-fac409d1b886,NO,NO 15/9-F-15 C,name 2009-02-01T15:00:00+01:00,name 2009-02-02T00:00:00+01:00,37,37,NPT,"Waited on weather to run production riser. Informed Production to re-start wells at 15:05.

Meanwhile :
-Performed rig maintenace
-Performed derrick inspection/PM's in derrick.
-Assembled slurry pump.
-Cleaned lower shakers
-Performed 3-yearly maintenace on valve C3
-Finished function test of iron roughneck",VOLVE_DDR,15_9_F_15_C_2009_02_02.xml,XML_NODE_KEYWORD,MEDIUM
383899c9-dcba-4e80-af30-00af81905c51,NO,NO 15/9-F-15 C,name 2009-02-02T00:00:00+01:00,name 2009-02-02T06:00:00+01:00,37,37,NPT,"Waited on weather to run production riser. 

Meanwhile :
-Performed rig maintenace
-Performed NDT on drilling equipment
-Performed 3-yearly maintenace on valve C3
-Cleaned lower shakers
-Installed rollers on PRS lower arm",VOLVE_DDR,15_9_F_15_C_2009_02_03.xml,XML_NODE_KEYWORD,MEDIUM
48380722-8043-45bf-8f4f-141b0dca1517,NO,NO 15/9-F-15 C,name 2009-02-02T06:00:00+01:00,name 2009-02-03T00:00:00+01:00,37,37,NPT,"Waited on weather to run production riser.

Meanwhile :
-Performed 5-yearly maintenance on choke manifold (C13 and C16)
-Performed maintenance on slips.
-Performed maintenace on drag chain on main deck.
-Cleaned lower shakers
-Changed rollers on aft PRS
-Trouble shot E-stop on fwd iron roughneck",VOLVE_DDR,15_9_F_15_C_2009_02_03.xml,XML_NODE_KEYWORD,MEDIUM
7854fd39-32a5-4966-8f86-76445fcd5afa,NO,NO 15/9-F-15 C,name 2009-02-03T00:00:00+01:00,name 2009-02-03T06:00:00+01:00,37,37,NPT,"Waited on weather to run production riser. 

Meanwhile :
-Performed 5-yearly maintenance on choke manifold (C13 and C16)
-Cleaned lower shakers
-Installed flush joint on aft PRS
-Performed NDT on drilling equipment
-Emptied water from below BOP NT2 connector",VOLVE_DDR,15_9_F_15_C_2009_02_04.xml,XML_NODE_KEYWORD,MEDIUM
16a510bb-f9cb-4981-b4bf-486d48eafb87,NO,NO 15/9-F-15 C,name 2009-02-03T06:00:00+01:00,name 2009-02-04T00:00:00+01:00,37,37,NPT,"Waited on weather to run production riser. 

Meanwhile :
-Performed 5-yearly maintenance on choke manifold; C16
-Cleaned lower shakers
-Re-arranged the half-moon hatches in moonpool to avoid hanging up when RIH with PR
-Cleaned and backloaded lifting eyes for BOP
-Replaced hang-off supporters for flowline on XMT deck
-Cleared rig floor off flush joint elevators, cherry picker, slings etc
-Performed NDT on drilling equipment
-Errected scaffolding around moonpool hatches",VOLVE_DDR,15_9_F_15_C_2009_02_04.xml,XML_NODE_KEYWORD,MEDIUM
a08180a7-840c-4afc-97ca-adc6817640ad,NO,NO 15/9-F-15 C,name 2009-02-04T00:00:00+01:00,name 2009-02-04T03:00:00+01:00,37,37,NPT,"Waited on weather to run production riser. Informed Production to shut down F-4, F-5 and F-14 at 01:35 hrs.

Meanwhile :
-Performed 5-yearly maintenance on standpipe manifold; C8
-Cleaned lower shakers
-Recovered moonpool 10 MT tugger from seabed
-Held tool box meeting for untangeling guide wires and running PR",VOLVE_DDR,15_9_F_15_C_2009_02_05.xml,XML_NODE_KEYWORD,MEDIUM
7f46d158-b700-4837-ae51-ced324df4436,NO,NO 15/9-F-15 C,name 2009-02-04T19:45:00+01:00,name 2009-02-04T21:15:00+01:00,139,139,ABNORMAL_OPERATION,Re-checked line-up. Ok. Investigated problem. Made manrider permit and checked manual IBOP. Found manual IBOP to be in closed position. Opened manual IBOP and performed line-up check by applying 15 bar. Ok.,VOLVE_DDR,15_9_F_15_C_2009_02_05.xml,XML_NODE_KEYWORD,LOW
ce05e3b1-3b1a-482a-b68c-87c4a8d29166,NO,NO 15/9-F-15 C,name 2009-02-06T09:00:00+01:00,name 2009-02-06T14:15:00+01:00,0,0,EQUIPMENT_FAILURE,"Moved BOP to well centre and MU NT2 connector. Installed BOP tension cylinders.

Meanwhile continued to chang out saver sub on TDS, repaired spinners on iron roughneck and LO PR RT with cut riser section.",VOLVE_DDR,15_9_F_15_C_2009_02_07.xml,XML_NODE_KEYWORD,MEDIUM
f301646b-59b6-40c0-a6bf-ddc238b2c67d,NO,NO 15/9-F-15 C,name 2009-02-06T14:15:00+01:00,name 2009-02-06T15:15:00+01:00,0,0,EQUIPMENT_FAILURE,Prepared to run diverter. Meanwhile trouble shot tension cylinder failure on F-15.,VOLVE_DDR,15_9_F_15_C_2009_02_07.xml,XML_NODE_KEYWORD,MEDIUM
d739ac5b-be75-4028-a6a6-14247fc57b95,NO,NO 15/9-F-15 C,name 2009-02-07T16:00:00+01:00,name 2009-02-07T16:30:00+01:00,0,0,EQUIPMENT_FAILURE,Repaired loose fitting on PRS hose. Stopped operation due to exhaust fumes on drill floor.,VOLVE_DDR,15_9_F_15_C_2009_02_08.xml,XML_NODE_KEYWORD,MEDIUM
d082e9db-fca6-4f58-ba54-8dc52f3a8791,NO,NO 15/9-F-15 C,name 2009-02-07T17:45:00+01:00,name 2009-02-07T18:30:00+01:00,0,0,EQUIPMENT_FAILURE,Continued to repaire loose fitting on PRS hose. Observed new leak while testing PRS.,VOLVE_DDR,15_9_F_15_C_2009_02_08.xml,XML_NODE_KEYWORD,MEDIUM
523a6b16-7b21-4411-88b5-cd5b8e80d109,NO,NO 15/9-F-15 C,name 2009-02-14T00:30:00+01:00,name 2009-02-14T03:45:00+01:00,680,680,KICK,"Continued to POOH with 8½"" BHA from 2898m to 680m. Pulling speed 682 m/hour. Performed kick drill: 60 sec responce time.",VOLVE_DDR,15_9_F_15_C_2009_02_15.xml,XML_NODE_KEYWORD,HIGH
ce904970-e249-42b6-94b1-5ff67139785c,NO,NO 15/9-F-15 C,name 2009-02-14T14:00:00+01:00,name 2009-02-14T15:00:00+01:00,0,0,ABNORMAL_OPERATION,Picked up float joint and attempted to MU first connection. Problems with Weatherford tong stabbing guide alignment and remote control system. Laid out float and shoe due to damaged threads.,VOLVE_DDR,15_9_F_15_C_2009_02_15.xml,XML_NODE_KEYWORD,LOW
c2d0fd54-090d-476c-b10c-278ee7ed7b02,NO,NO 15/9-F-15 C,name 2009-02-16T07:15:00+01:00,name 2009-02-16T08:00:00+01:00,2131,2131,KICK,Performed kick drill: 60 sec. Cleared and cleaned rig floor prior to slip & cut drill line. Meanwhile removed ps-21 slips and installed master bushings.,VOLVE_DDR,15_9_F_15_C_2009_02_17.xml,XML_NODE_KEYWORD,HIGH
b1982a77-5421-49d2-98a2-96fe0b602dfa,NO,NO 15/9-F-15 C,name 2009-02-16T11:45:00+01:00,name 2009-02-16T14:30:00+01:00,2131,2131,EQUIPMENT_FAILURE,"Held tool box talk and repaired junction block gland on upper aft PRS. De-isolated TDS, draw works, PRS.",VOLVE_DDR,15_9_F_15_C_2009_02_17.xml,XML_NODE_KEYWORD,MEDIUM
1c3b6ee1-beae-469c-9572-c2d2bf365b90,NO,NO 15/9-F-15 C,name 2009-02-17T01:00:00+01:00,name 2009-02-17T01:30:00+01:00,80,80,ABNORMAL_OPERATION,Changed to backup elevators due to problems with primary elevators.,VOLVE_DDR,15_9_F_15_C_2009_02_18.xml,XML_NODE_KEYWORD,LOW
3e28037a-d5d4-4685-b4e6-2b84cdfde494,NO,NO 15/9-F-15 C,name 2009-02-17T07:15:00+01:00,name 2009-02-17T08:00:00+01:00,1413,1413,ABNORMAL_OPERATION,Problem with BX elevator function investigated. Installed gauges on elevators & tested same.,VOLVE_DDR,15_9_F_15_C_2009_02_18.xml,XML_NODE_KEYWORD,LOW
39173692-6260-49ce-aa36-b26005395450,NO,NO 15/9-F-15 C,name 2009-02-20T06:00:00+01:00,name 2009-02-20T13:45:00+01:00,0,0,NPT,"Prepared for running completion: Prepared casing tong and control unit. Made up jnt # 258 THG landing string.

Waited for services personnel to arrive, delayed due to fog yesterday.
Meanwhile cleaned shaker beds and pits. Prepared to install flow line on F-15.",VOLVE_DDR,15_9_F_15_C_2009_02_21.xml,XML_NODE_KEYWORD,MEDIUM
90926070-c80e-4496-8e34-0c51f4eeef50,NO,NO 15/9-F-15 C,name 2009-02-25T14:15:00+01:00,name 2009-02-25T16:45:00+01:00,2796,2796,ABNORMAL_OPERATION,Investigated problem. Found indication of communication between the ASV and DHSV chambers in the communication collar and running tool.,VOLVE_DDR,15_9_F_15_C_2009_02_26.xml,XML_NODE_KEYWORD,LOW
d0a609c9-9ece-4ef9-8db8-e1c83d576dd3,NO,NO 15/9-F-15 C,name 2009-02-26T12:30:00+01:00,name 2009-02-26T13:30:00+01:00,0,0,NPT,Waited on crane due to wind speed above 40 knots.,VOLVE_DDR,15_9_F_15_C_2009_02_27.xml,XML_NODE_KEYWORD,MEDIUM
49b72072-4262-477a-9fde-0a6821136f4e,NO,NO 15/9-F-15 C,name 2013-10-09T08:30:00+02:00,name 2013-10-09T09:00:00+02:00,0,0,NPT,Waited on confirmation from town on log data quality.,VOLVE_DDR,15_9_F_15_C_2013_10_10.xml,XML_NODE_KEYWORD,MEDIUM
fbf901e7-a047-4196-9f6b-4aea02208e0f,NO,NO 15/9-F-15 C,name 2013-10-10T20:15:00+02:00,name 2013-10-10T20:45:00+02:00,0,0,STUCK_PIPE,RIH w/ jarring toolstring and engaged FLO at 477 m.,VOLVE_DDR,15_9_F_15_C_2013_10_11.xml,XML_NODE_KEYWORD,HIGH
8fd2fd20-8bb4-4b53-b516-68ba5e234769,NO,NO 15/9-F-15 C,name 2013-10-10T22:15:00+02:00,name 2013-10-10T22:30:00+02:00,0,0,MUD_LOSS,POOH from 477 m to 284 m w/ 35 m/min. Observed loss of tension and weight. Stopped POOH.,VOLVE_DDR,15_9_F_15_C_2013_10_11.xml,XML_NODE_KEYWORD,HIGH
2550bc86-66bf-4a99-91b6-019c749df663,NO,NO 15/9-F-15 C,name 2013-10-12T14:45:00+02:00,name 2013-10-12T15:30:00+02:00,85,85,EQUIPMENT_FAILURE,Fitting burst on IRN. Isolated and repaired same.,VOLVE_DDR,15_9_F_15_C_2013_10_13.xml,XML_NODE_KEYWORD,MEDIUM
3c5bda5a-23f5-44bc-bdcf-6c6f73524c32,NO,NO 15/9-F-15 C,name 2013-10-12T18:30:00+02:00,name 2013-10-12T19:45:00+02:00,474,474,EQUIPMENT_FAILURE,"Recovered from blackout.
Re-started TDS and mud pumps. Unable to start drawworks lube oil pumps, troubleshot w/ electrician.
Maintenance department troubleshot rig power failure. 
Held TBT for picking up 3 1/2"" DP with night shift.",VOLVE_DDR,15_9_F_15_C_2013_10_13.xml,XML_NODE_KEYWORD,MEDIUM
dc5bcec8-ec3c-4e0d-bc22-d763268bb71a,NO,NO 15/9-F-15 C,name 2013-10-14T01:30:00+02:00,name 2013-10-14T03:15:00+02:00,28,28,ABNORMAL_OPERATION,"POOH on 3 1/2"" DP from 345 m to 28 m. Experienced problems racking stands in foldable fingerboard with fwd PRS.",VOLVE_DDR,15_9_F_15_C_2013_10_15.xml,XML_NODE_KEYWORD,LOW
493ae8f0-b47f-477c-9e7f-8bea0d6516bc,NO,NO 15/9-F-15 C,name 2013-10-15T18:30:00+02:00,name 2013-10-15T19:00:00+02:00,732,732,ABNORMAL_OPERATION,"POOH with 7"" tubing on 5 1/2"" DP from 761 m to 732 m. Set slips. Problem to get slips to hold.",VOLVE_DDR,15_9_F_15_C_2013_10_16.xml,XML_NODE_KEYWORD,LOW
e95afd9d-47ad-46fe-9060-566c6ba561ab,NO,NO 15/9-F-15 C,name 2013-10-17T07:00:00+02:00,name 2013-10-17T07:30:00+02:00,0,0,EQUIPMENT_FAILURE,Repaired leak on aft PRS.,VOLVE_DDR,15_9_F_15_C_2013_10_18.xml,XML_NODE_KEYWORD,MEDIUM
e02dda68-16ba-4488-ba6b-bbb83e918ddb,NO,NO 15/9-F-15 C,name 2013-10-18T19:00:00+02:00,name 2013-10-19T00:00:00+02:00,0,0,NPT,"Waited on weather to pull production riser.

Meanwhile performed general rig maintenance:
Assisted hydraulic mechanic on derrick work basket
Removed equipment from moonpool.
Maintenance and preparation for changing wires on fwd and aft PRS.

Held Statoil TOFS with deck crew #3 and third party personnel.",VOLVE_DDR,15_9_F_15_C_2013_10_19.xml,XML_NODE_KEYWORD,MEDIUM
1d73b2d4-c0e1-4ded-82ba-e16c98897810,NO,NO 15/9-F-15 C,name 2013-10-19T00:00:00+02:00,name 2013-10-19T07:00:00+02:00,0,0,NPT,"Waited on weather to pull production riser.

Meanwhile performed general rig maintenance:
Performed cleaning and housekeeping in shakers and pump room.
Prepared to change wire on aft manriding winch.
Removed drillfloor hatch to moonpool and transfered Xmas tree to maindeck.
Conducted high wind checks in derrick and drilling areas.",VOLVE_DDR,15_9_F_15_C_2013_10_20.xml,XML_NODE_KEYWORD,MEDIUM
1d0e6c96-f6ee-4cdf-91ee-e34fd5b3aafe,NO,NO 15/9-F-15 C,name 2013-10-19T07:00:00+02:00,name 2013-10-19T19:00:00+02:00,0,0,NPT,"Waited on weather to pull production riser.

Meanwhile performed general rig maintenance:
Cleaned and cleared cantilever.
Changed out wires on fwd and aft PRS.
Prepared for N/D BOP and diverter.
Changed wire on aft manriding winch.
Conducted high wind checks in derrick and drilling areas.
Prepared moonpool for deluge test.

Held TOFS with drill crew #2 and third party personnel.",VOLVE_DDR,15_9_F_15_C_2013_10_20.xml,XML_NODE_KEYWORD,MEDIUM
274a7c85-b1ac-4fee-99bf-757485bd76a9,NO,NO 15/9-F-15 C,name 2013-10-19T19:00:00+02:00,name 2013-10-20T00:00:00+02:00,0,0,NPT,"Waited on weather to pull production riser.

Meanwhile performed general rig maintenance:
Changed out wires on fwd and aft PRS.
Cleaning and housekeeping.
Maintained valves in pump room.",VOLVE_DDR,15_9_F_15_C_2013_10_20.xml,XML_NODE_KEYWORD,MEDIUM
086e8f16-4a51-455a-a0d0-c0d3fae07c53,NO,NO 15/9-F-15 C,name 2013-10-20T00:00:00+02:00,name 2013-10-20T07:00:00+02:00,0,0,NPT,"Waited on weather to pull production riser.

Meanwhile performed general rig maintenance:
Changed out wires on fwd and aft PRS.
Cleaning and housekeeping.
Replaced contingency kill hose on manifold in moonpool (for F-12). 
Pressure tested hose.",VOLVE_DDR,15_9_F_15_C_2013_10_21.xml,XML_NODE_KEYWORD,MEDIUM
32a6783c-d6a0-46cf-8bc5-b1a16dfd3fb2,NO,NO 15/9-F-15 C,name 2013-10-20T07:00:00+02:00,name 2013-10-20T19:00:00+02:00,0,0,NPT,"Waited on weather to pull production riser.

Meanwhile performed general rig maintenance:
Pressure tested contingency kill manifold in moonpool.
Performed pull test on fwd and aft PRS.
B/O and L/O damaged top single on DP stand #19, P/U and M/U single from deck. R/B stand.
Greased valves on kill manifold.
Function tested deluge system on drillfloor and moonpool.
R/D leaking low torque valve from kill manifold.
B/O and L/D 3 1/2"" from derrick.",VOLVE_DDR,15_9_F_15_C_2013_10_21.xml,XML_NODE_KEYWORD,MEDIUM
759bcc95-8ab4-4a8c-8fd7-b37d4d7eb18c,NO,NO 15/9-F-15 C,name 2013-10-20T19:00:00+02:00,name 2013-10-21T00:00:00+02:00,0,0,EQUIPMENT_FAILURE,"Waited on weather to pull production riser.

Meanwhile performed general rig maintenance:
B/O and L/D 3 1/2"" from derrick. 
Repaired leaking low torque valve.
Performed cleaning in pit- /pumproom.
Crew members participated in e-learning courses.",VOLVE_DDR,15_9_F_15_C_2013_10_21.xml,XML_NODE_KEYWORD,MEDIUM
1cf7689d-cc72-4cc6-b41d-c7c4f91598fc,NO,NO 15/9-F-15 C,name 2013-10-21T00:00:00+02:00,name 2013-10-21T07:00:00+02:00,0,0,NPT,"Waited on weather to pull production riser.

Meanwhile performed general rig maintenance:
P/T contingency kill manifold in moonpool.
Performed cleaning in pit- /pumproom.
Performed housekeeping in drilling areas.",VOLVE_DDR,15_9_F_15_C_2013_10_22.xml,XML_NODE_KEYWORD,MEDIUM
286b142a-008f-4908-8979-ee794e658ae8,NO,NO 15/9-F-15 C,name 2013-10-21T07:00:00+02:00,name 2013-10-21T19:00:00+02:00,0,0,NPT,"Waited on weather to pull production riser.

Meanwhile performed general rig maintenance:
Weekly inspection on aft IRN.
Performed high wind checks.
Changed out fwd PRS wire, interrupted job due to wind speed above 45 knts.
Performed cleaning and housekeeping in drilling areas.",VOLVE_DDR,15_9_F_15_C_2013_10_22.xml,XML_NODE_KEYWORD,MEDIUM
c6230bc0-f975-4c92-997b-64e20411a5a0,NO,NO 15/9-F-15 C,name 2013-10-21T19:00:00+02:00,name 2013-10-22T00:00:00+02:00,0,0,NPT,"Waited on weather to pull production riser.

Meanwhile performed general rig maintenance:
Continued to change out fwd PRS wires.
Performed cleaning and housekeeping in drilling areas.",VOLVE_DDR,15_9_F_15_C_2013_10_22.xml,XML_NODE_KEYWORD,MEDIUM
62c1e7db-b3a3-459c-bf36-4f6da72c2144,NO,NO 15/9-F-15 C,name 2013-10-22T00:00:00+02:00,name 2013-10-22T07:00:00+02:00,0,0,NPT,"Waited on weather to pull production riser.

Meanwhile performed general rig maintenance:
Rigged up kill contingency manifold for F-12 w/ new hoses.
Changed out fwd PRS wires.
Greased manifolds on drill floor.
Cleaned spacer pits.
Performed cleaning and housekeeping in drilling areas.",VOLVE_DDR,15_9_F_15_C_2013_10_23.xml,XML_NODE_KEYWORD,MEDIUM
37aa51a3-c143-44a8-8513-18b85d0be6f0,NO,NO 15/9-F-15 C,name 2013-10-22T07:00:00+02:00,name 2013-10-22T16:30:00+02:00,0,0,NPT,"Waited on weather to pull production riser.

Meanwhile performed general rig maintenance:
Calibrated fwd PRS after wire change out.
Tested drilling equipment after isolations.
Greased standpipe manifold.

Pressure tested production riser to 20/200 bar for 5/10 min.",VOLVE_DDR,15_9_F_15_C_2013_10_23.xml,XML_NODE_KEYWORD,MEDIUM
5b69adc2-c08c-4770-8962-304cda77f197,NO,NO 15/9-F-15 C,name 2013-10-22T16:30:00+02:00,name 2013-10-22T17:00:00+02:00,0,0,NPT,"Waited on weather to pull production riser.

Meanwhile:
P/U and M/U running tool for Archer Safelock plug. Checked tool on surface.",VOLVE_DDR,15_9_F_15_C_2013_10_23.xml,XML_NODE_KEYWORD,MEDIUM
333e2121-d574-47c4-a03b-96e2fc75e1c8,NO,NO 15/9-F-15 C,name 2013-10-22T17:00:00+02:00,name 2013-10-22T17:30:00+02:00,205,205,NPT,"Waited on weather to pull production riser.

Meanwhile:
RIH w/ running tool on 5 1/2"" DP from surface to 205 m.",VOLVE_DDR,15_9_F_15_C_2013_10_23.xml,XML_NODE_KEYWORD,MEDIUM
9b8560b5-e8e5-426a-9865-5552a8d50da5,NO,NO 15/9-F-15 C,name 2013-10-22T17:30:00+02:00,name 2013-10-22T17:45:00+02:00,205,205,NPT,"Waited on weather to pull production riser.

Meanwhile:
Installed PS 21 slips.",VOLVE_DDR,15_9_F_15_C_2013_10_23.xml,XML_NODE_KEYWORD,MEDIUM
73ac43a2-23aa-4369-b3e0-78aa529fac31,NO,NO 15/9-F-15 C,name 2013-10-22T17:45:00+02:00,name 2013-10-22T19:30:00+02:00,1538,1538,NPT,"Waited on weather to pull production riser.

Meanwhile:
RIH on 5 1/2"" DP from 205 m to 1538 m.  Avg. tripping speed 762 m/hr.",VOLVE_DDR,15_9_F_15_C_2013_10_23.xml,XML_NODE_KEYWORD,MEDIUM
97f60521-8e67-4125-a679-a208324ee21d,NO,NO 15/9-F-15 C,name 2013-10-22T19:30:00+02:00,name 2013-10-22T20:00:00+02:00,1538,1538,NPT,"Waited on weather to pull production riser.

Meanwhile:
Displaced production riser to 1,21 sg OBM. 2000 l/min and 30 bar. Diverted SW returns to dedicated pit.",VOLVE_DDR,15_9_F_15_C_2013_10_23.xml,XML_NODE_KEYWORD,MEDIUM
774b4b83-bfe1-4cfe-8890-8a4874146830,NO,NO 15/9-F-15 C,name 2013-10-22T20:00:00+02:00,name 2013-10-22T20:30:00+02:00,1810,1810,NPT,"Waited on weather to pull production riser.

Meanwhile:
RIH on 5 1/2"" to 1810 m. Established circulation and washed area above plug w/ 2400 lpm, 40 bar.",VOLVE_DDR,15_9_F_15_C_2013_10_23.xml,XML_NODE_KEYWORD,MEDIUM
20875dc0-9b5f-43bb-b57a-0b6f623956eb,NO,NO 15/9-F-15 C,name 2013-10-22T20:30:00+02:00,name 2013-10-22T21:15:00+02:00,1815,1815,NPT,"Waited on weather to pull production riser.

Meanwhile:
Engaged plug as per Archer instructions. Pressured up above ball valve to 30 bar. Attempted to open ball valve w/o success. Bleed pressure to 20 bar. Opened ball valve and observed pressure drop.",VOLVE_DDR,15_9_F_15_C_2013_10_23.xml,XML_NODE_KEYWORD,MEDIUM
13fbd0e2-0647-4c99-bb87-671e41500f44,NO,NO 15/9-F-15 C,name 2013-10-22T21:15:00+02:00,name 2013-10-22T21:45:00+02:00,1815,1815,NPT,"Waited on weather to pull production riser.

Meanwhile:
Released Safelock plug w/ 15 RH turns and let packer elements relax.",VOLVE_DDR,15_9_F_15_C_2013_10_23.xml,XML_NODE_KEYWORD,MEDIUM
e9b3501f-8064-4324-8952-64cd4f302914,NO,NO 15/9-F-15 C,name 2013-10-22T21:45:00+02:00,name 2013-10-22T22:15:00+02:00,1815,1815,NPT,"Waited on weather to pull production riser.

Meanwhile:
RIH below plug setting depth and confirmed plug free.
Flow checked well for 15 min. Well stable.",VOLVE_DDR,15_9_F_15_C_2013_10_23.xml,XML_NODE_KEYWORD,MEDIUM
21ffeafd-f24a-46d3-a720-4f79e4b8b6f8,NO,NO 15/9-F-15 C,name 2013-10-22T22:15:00+02:00,name 2013-10-23T00:00:00+02:00,1010,1010,NPT,"Waited on weather to pull production riser.

Meanwhile:
POOH w/ 9 5/8"" Safelock plug on 5 1/2"" DP from 1815 m to 1010 m. Avg. tripping speed 460 m/hr.",VOLVE_DDR,15_9_F_15_C_2013_10_23.xml,XML_NODE_KEYWORD,MEDIUM
fc7409ea-c927-4fc6-bef6-631fdc74d4ea,NO,NO 15/9-F-15 C,name 2013-10-23T00:00:00+02:00,name 2013-10-23T01:45:00+02:00,8,8,NPT,"Waited on weather to pull production riser.

Meanwhile:
POOH w/ 9 5/8"" Safelock plug on 5 1/2"" DP from 1010 m to 8 m. Avg. tripping speed 577 m/hr.",VOLVE_DDR,15_9_F_15_C_2013_10_24.xml,XML_NODE_KEYWORD,MEDIUM
abfd1303-9931-423d-a7a2-1218081dc808,NO,NO 15/9-F-15 C,name 2013-10-23T01:45:00+02:00,name 2013-10-23T02:00:00+02:00,0,0,NPT,"Waited on weather to pull production riser.

Meanwhile:
L/D the 9 5/8"" Safelock plug including RT.",VOLVE_DDR,15_9_F_15_C_2013_10_24.xml,XML_NODE_KEYWORD,MEDIUM
2f8dcc31-01af-45e4-a751-3269e88c6cd1,NO,NO 15/9-F-15 C,name 2013-10-23T02:00:00+02:00,name 2013-10-23T02:30:00+02:00,0,0,NPT,"Waited on weather to pull production riser.

Meanwhile:
Cleaned and cleared rig floor.",VOLVE_DDR,15_9_F_15_C_2013_10_24.xml,XML_NODE_KEYWORD,MEDIUM
e21ed340-6652-4cbe-94c6-68e977496e69,NO,NO 15/9-F-15 C,name 2013-10-23T02:30:00+02:00,name 2013-10-23T07:00:00+02:00,0,0,NPT,"Waited on weather and Weatherford casing crew - Helicopter cancelled due to fog

Meanwhile prepared for running 2 7/8"" cement stinger and setting P&A plugs in 7"" liner.",VOLVE_DDR,15_9_F_15_C_2013_10_24.xml,XML_NODE_KEYWORD,MEDIUM
b748444e-97e3-4884-b13b-8e4cb9b90d53,NO,NO 15/9-F-15 C,name 2013-10-23T07:00:00+02:00,name 2013-10-23T15:00:00+02:00,0,0,EQUIPMENT_FAILURE,"Waited on weather to pull production riser.

Meanwhile:
Performed inventory on rig floor and moonpool work aloft locker.
Tested BX elevators with 2 7/8"" inserts and 2 7/8"" tubing.
Rigged up 2 7/8"" auto slips and dog collar.
Performed general rig maintenance.
Repaired netting around cantilever handrails and logging unit deck.
Climbers inspected derrick work basket and manriding winch sheave in crown.",VOLVE_DDR,15_9_F_15_C_2013_10_24.xml,XML_NODE_KEYWORD,MEDIUM
c3e4fd7f-3858-4872-9bc8-f017c5ae8a1d,NO,NO 15/9-F-15 C,name 2013-10-23T15:00:00+02:00,name 2013-10-23T19:00:00+02:00,0,0,NPT,"Waited on weather to pull production riser.

Meanwhile:
Lifted equipment to rigfloor.
R/U casing tong, power frame and control equipment and function tested same.",VOLVE_DDR,15_9_F_15_C_2013_10_24.xml,XML_NODE_KEYWORD,MEDIUM
420bac8b-c32c-4aee-9b6c-4948897df626,NO,NO 15/9-F-15 C,name 2013-10-23T19:00:00+02:00,name 2013-10-23T23:30:00+02:00,420,420,NPT,"Waited on weather to pull production riser.

Meanwhile:
Picked up, made up and RIH open ended to 420 m w/ 45 joints of 2 7/8"" tubing, 10 jnts/hr.",VOLVE_DDR,15_9_F_15_C_2013_10_24.xml,XML_NODE_KEYWORD,MEDIUM
1becb02c-e6a5-4daf-ae08-14bfe48a53b2,NO,NO 15/9-F-15 C,name 2013-10-23T23:30:00+02:00,name 2013-10-24T00:00:00+02:00,420,420,NPT,"Waited on weather to pull production riser.

Meanwhile:
Changed to 5 1/2"" handling equipment. Installed x-over f/ 2 7/8"" to 3 1/2"" and f/ 3 1/2"" to 5 1/2"" DP.",VOLVE_DDR,15_9_F_15_C_2013_10_24.xml,XML_NODE_KEYWORD,MEDIUM
6a0b4c88-4cd4-4af9-8566-17a35e12a876,NO,NO 15/9-F-15 C,name 2013-10-27T16:30:00+01:00,name 2013-10-27T17:00:00+01:00,1829,1829,NPT,"Recorded up- / down- weights 125 / 108 tons. Set 9 5/8"" EZSV with 40 right hand turns, sheared with 23 tons up weight and waited 2 min. Set down 9 tons on plug and waited 2 min and confirmed 9 5/8"" EZSV runnig otol free by picking up 5 m. Top of packer 1828.6 m.",VOLVE_DDR,15_9_F_15_C_2013_10_28.xml,XML_NODE_KEYWORD,MEDIUM
4ef3d81d-e4ff-41ec-a985-c3579ae0f082,NO,NO 15/9-F-15 C,name 2013-10-30T09:30:00+01:00,name 2013-10-30T19:00:00+01:00,0,0,NPT,"Waited on weather.

Meanwhile:
Cleaned and tidied wellhead deck and drill floor.
Performed planned maintenance.
Cleaned BOP's prior to pressure test.
Installed BOP test mandrel.",VOLVE_DDR,15_9_F_15_C_2013_10_31.xml,XML_NODE_KEYWORD,MEDIUM
27b604d6-6f9f-4cb2-bae0-0b5fce0abe89,NO,NO 15/9-F-15 C,name 2013-10-30T19:00:00+01:00,name 2013-10-31T00:00:00+01:00,0,0,NPT,"Waited on weather.

Meanwhile:
Tested BOP's to 20 / 345 bar for 5 / 10 minutes.
Performed planned maintenance and general housekeeping.",VOLVE_DDR,15_9_F_15_C_2013_10_31.xml,XML_NODE_KEYWORD,MEDIUM
10943fc0-a174-4bb7-9648-01e55ec6eeae,NO,NO 15/9-F-15 C,name 2013-10-31T00:00:00+01:00,name 2013-10-31T07:00:00+01:00,0,0,NPT,"Waited on weather to run HPDR.

Meanwhile:
Tested BOP's to 20 / 345 bar for 5 / 10 minutes.
Performed planned maintenance and general housekeeping.",VOLVE_DDR,15_9_F_15_C_2013_11_01.xml,XML_NODE_KEYWORD,MEDIUM
b82c18b6-5812-48e7-8637-99bc80b5dece,NO,NO 15/9-F-15 C,name 2013-10-31T07:00:00+01:00,name 2013-10-31T19:00:00+01:00,0,0,NPT,"Waited on weather to run HPDR.

Meanwhile:
Tested BOP's and manifolds to 20 / 345 bar for 5 / 10 minutes.
Performed planned maintenance and general housekeeping.",VOLVE_DDR,15_9_F_15_C_2013_11_01.xml,XML_NODE_KEYWORD,MEDIUM
53dc4d94-cbfc-4d27-99aa-c36c04567bfc,NO,NO 15/9-F-15 C,name 2013-10-31T19:00:00+01:00,name 2013-11-01T00:00:00+01:00,0,0,NPT,"Waited on weather to run HPDR.

Meanwhile:
Installed hatches on well head deck.
Tested manifolds to 20 / 345 bar for 5 / 10 minutes.
Performed planned maintenance and general housekeeping.",VOLVE_DDR,15_9_F_15_C_2013_11_01.xml,XML_NODE_KEYWORD,MEDIUM
e9594ec8-071a-4cc2-aa9e-526ff3d64991,NO,NO 15/9-F-15 C,name 2013-11-01T00:00:00+01:00,name 2013-11-01T07:00:00+01:00,0,0,NPT,"Waited on weather to run HPDR.

Meanwhile:
Installed hatches on well head deck.
Performed planned maintenance and general housekeeping.",VOLVE_DDR,15_9_F_15_C_2013_11_02.xml,XML_NODE_KEYWORD,MEDIUM
8cd069c8-c3bd-4eb2-9d0f-f5e72e1dbb11,NO,NO 15/9-F-15 C,name 2013-11-01T07:00:00+01:00,name 2013-11-01T19:00:00+01:00,0,0,NPT,"Waited on weather to run HPDR.

Meanwhile:
Performed planned maintenance and general housekeeping.",VOLVE_DDR,15_9_F_15_C_2013_11_02.xml,XML_NODE_KEYWORD,MEDIUM
3a1cace4-54d8-4b8b-b9d2-85c5f58ab8c9,NO,NO 15/9-F-15 C,name 2013-11-01T19:00:00+01:00,name 2013-11-02T00:00:00+01:00,0,0,NPT,"Waited on weather to run HPDR.

Meanwhile:
Removed well head deck hatches from well F-10 and F-15.
Performed planned maintenance and general housekeeping.",VOLVE_DDR,15_9_F_15_C_2013_11_02.xml,XML_NODE_KEYWORD,MEDIUM
46462ac4-dc9b-4f3d-832a-d3a22f362610,NO,NO 15/9-F-15 C,name 2013-11-02T00:00:00+01:00,name 2013-11-02T03:45:00+01:00,0,0,NPT,"Waited on weather to run HPDR.

Meanwhile:
Performed planned maintenance and general housekeeping.
At 03:00 hrs informed Production to shut down according to yellow SIMOPS procedure.",VOLVE_DDR,15_9_F_15_C_2013_11_03.xml,XML_NODE_KEYWORD,MEDIUM
bc8c2fbf-9aaf-4580-ae6f-65449f93c0db,NO,NO 15/9-F-15 C,name 2013-11-02T03:45:00+01:00,name 2013-11-02T04:00:00+01:00,0,0,NPT,"Waited on weather to run HPDR.

Meanwhile:
Performed pre-job meeting prior to run HPDR.",VOLVE_DDR,15_9_F_15_C_2013_11_03.xml,XML_NODE_KEYWORD,MEDIUM
52fd949e-83ec-42e4-890f-6010b3803099,NO,NO 15/9-F-15 C,name 2013-11-02T06:00:00+01:00,name 2013-11-02T08:15:00+01:00,50,50,NPT,"Waited on weather prior to run through splash zone with riser.

Meanwhile:
Performed planned maintenance and general housekeeping.
Held pre-job meeting prior to run riser through splash zone.",VOLVE_DDR,15_9_F_15_C_2013_11_03.xml,XML_NODE_KEYWORD,MEDIUM
8c8db7f0-70ff-4d4b-8ff2-0695304ac60d,NO,NO 15/9-F-15 C,name 2013-11-04T20:15:00+01:00,name 2013-11-04T23:00:00+01:00,1396,1396,EQUIPMENT_FAILURE,"Picked up and released spear from hanger.
Laid out spear assembly to cantilever.
Attempted to brake out hanger, observed failure on casing tong.",VOLVE_DDR,15_9_F_15_C_2013_11_05.xml,XML_NODE_KEYWORD,MEDIUM
59360337-cea3-44ba-93be-4703b6f29dc4,NO,NO 15/9-F-15 C,name 2013-11-04T23:00:00+01:00,name 2013-11-04T23:15:00+01:00,1396,1396,EQUIPMENT_FAILURE,Repaired faulty electrical connection on casing tong.,VOLVE_DDR,15_9_F_15_C_2013_11_05.xml,XML_NODE_KEYWORD,MEDIUM
bf66f145-e14a-4470-a676-49820ee37f53,NO,NO 15/9-F-15 C,name 2013-11-05T03:15:00+01:00,name 2013-11-05T03:45:00+01:00,1283,1283,ABNORMAL_OPERATION,"POOH with 10 3/4"" casing from 1373 m to 1283 m.
Stopped due to problems with casing tong, not able to release grip.",VOLVE_DDR,15_9_F_15_C_2013_11_06.xml,XML_NODE_KEYWORD,LOW
c1078818-0494-44ef-bdb6-8bd378719890,NO,NO 15/9-F-15 C,name 2013-11-05T03:45:00+01:00,name 2013-11-05T04:00:00+01:00,1283,1283,EQUIPMENT_FAILURE,Repaired casing tong.,VOLVE_DDR,15_9_F_15_C_2013_11_06.xml,XML_NODE_KEYWORD,MEDIUM
54cacbaf-a586-4f90-bf3d-7d0d91d16b5d,NO,NO 15/9-F-15 D,name 2013-11-11T13:45:00+01:00,name 2013-11-11T21:45:00+01:00,1321,1321,MUD_LOSS,"Waited one weather.
Monitored well on triptank. Observed loss rate of 150 liter/hour.

Called in Ocean Price for cuttings discharge at 21:30 hrs.

Meanwhile:
Picked up and racked back 13 3/8"" casing in derrick.
Performed planned maintenance.",VOLVE_DDR,15_9_F_15_D_2013_11_12.xml,XML_NODE_KEYWORD,HIGH
5a27f4a6-0196-4590-966f-df016cfa62f9,NO,NO 15/9-F-15 D,name 2013-11-12T13:45:00+01:00,name 2013-11-12T18:00:00+01:00,1889,1889,EQUIPMENT_FAILURE,"Repaired leaking pipe on ISO tank #3.

Meanwhile:
Circulated hole clean with 4500 liter/min, 280 bar.
3 x bottoms up.
Racked back one stand each bottoms up.",VOLVE_DDR,15_9_F_15_D_2013_11_13.xml,XML_NODE_KEYWORD,MEDIUM
001bb18d-e2c0-45f9-95db-9de5ce5fd1ce,NO,NO 15/9-F-15 D,name 2013-11-12T18:00:00+01:00,name 2013-11-12T21:15:00+01:00,1970,1970,EQUIPMENT_FAILURE,"Repaired leaking pipe on ISO tank #3.

Meanwhile:
RIH with 17 1/2"" BHA from 1889 m to 1929.
Established circulation with 500 liter/min, 5 bar, 30 rpm, 8 kNm.
Reciprocated string between 1929 m and 1970 m.",VOLVE_DDR,15_9_F_15_D_2013_11_13.xml,XML_NODE_KEYWORD,MEDIUM
1df77bb5-3364-4016-a3f3-778adc3dbb81,NO,NO 15/9-F-15 D,name 2013-11-13T04:30:00+01:00,name 2013-11-13T06:45:00+01:00,1325,1325,NPT,"Waited one weather, not able to discharge cuttings to vessel due to hard weather.
Monitored well on triptank.",VOLVE_DDR,15_9_F_15_D_2013_11_14.xml,XML_NODE_KEYWORD,MEDIUM
1686e1bc-d2ae-44a9-93d1-9b066b6354e7,NO,NO 15/9-F-15 D,name 2013-11-13T08:30:00+01:00,name 2013-11-13T13:45:00+01:00,1325,1325,NPT,"Waited one weather, not able to discharge cuttings to vessel due to hard weather.
Monitored well on triptank.

Vessel came alongside at 12:00 hrs. Commenced cuttings discharge from rig ISO tanks.",VOLVE_DDR,15_9_F_15_D_2013_11_14.xml,XML_NODE_KEYWORD,MEDIUM
32eb467b-5637-4fea-8c8f-b0a3a99ad9e5,NO,NO 15/9-F-15 D,name 2013-11-14T00:00:00+01:00,name 2013-11-14T04:30:00+01:00,2089,2089,NPT,"Waited on weather/ISO tank vessel.

Meanwhile:
Circulated hole clean with 4330 liter/min, 277 bar.
3 x bottoms up.
Racked back one stand each bottoms up.",VOLVE_DDR,15_9_F_15_D_2013_11_15.xml,XML_NODE_KEYWORD,MEDIUM
6ae9a335-b62e-444b-ae41-04f99a752f98,NO,NO 15/9-F-15 D,name 2013-11-14T04:30:00+01:00,name 2013-11-14T04:45:00+01:00,2089,2089,NPT,"Waited on weather/ISO tank vessel.

Meanwhile performed flowcheck, well static.",VOLVE_DDR,15_9_F_15_D_2013_11_15.xml,XML_NODE_KEYWORD,MEDIUM
5eb511c4-c63a-4afd-b3fe-82219da78ad8,NO,NO 15/9-F-15 D,name 2013-11-14T04:45:00+01:00,name 2013-11-14T06:15:00+01:00,1362,1362,NPT,"Waited on weather/ISO tank vessel.

Meanwhile:
POOH wet into 20"" shoe with 17 1/2"" BHA on 5 1/2"" DP from 2089 m to 1362 m. Observed 5 - 8 t overpull at 1383 m bit depth.
Built 13 3/8"" casing stands and racked back same in derrick (47 stands racked in total).",VOLVE_DDR,15_9_F_15_D_2013_11_15.xml,XML_NODE_KEYWORD,MEDIUM
01e1fae3-986f-4588-8e23-b1ad86bdd88c,NO,NO 15/9-F-15 D,name 2013-11-14T06:15:00+01:00,name 2013-11-14T14:00:00+01:00,1362,1362,NPT,"Waited on weather/ISO tank vessel. Monitored well on trip tank.

Meanwhile:
Built 13 3/8"" casing stands and racked back same in derrick (54 stands racked in total).
Performed general rig maintenance.",VOLVE_DDR,15_9_F_15_D_2013_11_15.xml,XML_NODE_KEYWORD,MEDIUM
ed47dd46-a7e8-4a46-8f28-0e43b8c9b85c,NO,NO 15/9-F-15 D,name 2013-11-14T14:00:00+01:00,name 2013-11-14T16:30:00+01:00,1364,1364,NPT,"Waited on weather/ISO tank vessel.

Meanwhile:
RIH w/ 17 1/2"" BHA from 1362 m to 1384 m, 25 t down weight. Reamed from 1383 m to 1403 m w/ 3000 l/min, 170 bar, 25 RPM, 8-29 kNm. Backreamed interval.
RIH f/ 1363 m to 1401 m, 25 t down weight. Reamed from 1401 m to 1405 m w/ 4000 l/min, 174 bar, 25 RPM, 8-19 kNm. Washed in f/ 1405 m to 1440 m, no restriction.
Pumped OOH f/ 1440 m to 1403 m w/ 4000 lpm, 174 bar.
POOH f/ 1403 m to 1362 m, 15 t drag at 1378 m, observed 1/4 turn on string.
Wiped stand from 1363 m to 1403 m, no restriction. 
POOH from 1403 m to 1364 m into 20"" shoe.",VOLVE_DDR,15_9_F_15_D_2013_11_15.xml,XML_NODE_KEYWORD,MEDIUM
11874b2a-2984-4526-8103-5dd3dc8e978c,NO,NO 15/9-F-15 D,name 2013-11-14T16:30:00+01:00,name 2013-11-14T19:00:00+01:00,1364,1364,NPT,"Waited on weather/ISO tank vessel.

Meanwhile:
Built 13 3/8"" casing stands and racked back same in derrick (59 stands racked in total).
Performed general rig maintenance.",VOLVE_DDR,15_9_F_15_D_2013_11_15.xml,XML_NODE_KEYWORD,MEDIUM
83810b69-b422-40aa-a1d8-ad0a3452bcd3,NO,NO 15/9-F-15 D,name 2013-11-14T19:00:00+01:00,name 2013-11-15T00:00:00+01:00,1364,1364,NPT,"Waited on weather/ISO tank vessel.

Meanwhile:
Isolated drill floor equipment and performed maintenance on fwd and aft PRS, TDS, block and dolly.
Performed manriding in derrick after wind speed below 30 kts.",VOLVE_DDR,15_9_F_15_D_2013_11_15.xml,XML_NODE_KEYWORD,MEDIUM
99aae482-0b5f-4406-9246-801d38032351,NO,NO 15/9-F-15 D,name 2013-11-15T00:00:00+01:00,name 2013-11-15T03:00:00+01:00,1364,1364,NPT,"Waited on weather/ISO tank vessel.

Meanwhile:
Performed maintenance on fwd and aft PRS, TDS, block and dolly.
Performed general rig maintenance.",VOLVE_DDR,15_9_F_15_D_2013_11_16.xml,XML_NODE_KEYWORD,MEDIUM
f98621ac-cf38-45cb-9553-ec62f483248c,NO,NO 15/9-F-15 D,name 2013-11-15T03:00:00+01:00,name 2013-11-15T06:00:00+01:00,1364,1364,NPT,"Waited on weather/ISO tank vessel.

Meanwhile:
Troubleshot power supply issues on fwd PRS.
De-isolated drill floor equipment.
Built 13 3/8"" casing stands and racked same in derrick (62 stands racked in total)",VOLVE_DDR,15_9_F_15_D_2013_11_16.xml,XML_NODE_KEYWORD,MEDIUM
2339fd0e-78ff-45f8-8e51-df5b3b609d75,NO,NO 15/9-F-15 D,name 2013-11-15T06:00:00+01:00,name 2013-11-15T07:30:00+01:00,1593,1593,NPT,"Waited on weather/ISO tank vessel.

Meanwhile:
Held TBT and removed FOSV from string.
RIH w/ 17 1/2"" BHA from 1364 m to 1502 m, 20 t down weight. 
Reamed in from 1502 m to 1593 m w/ 3000 lpm, 165 bar, 30 rpm and 10 - 20 kNm.",VOLVE_DDR,15_9_F_15_D_2013_11_16.xml,XML_NODE_KEYWORD,MEDIUM
ed177c3f-6ace-4f92-bbd7-71617d81efd4,NO,NO 15/9-F-15 D,name 2013-11-15T07:30:00+01:00,name 2013-11-15T13:30:00+01:00,2190,2190,NPT,"Waited on weather/ISO tank vessel.

Meanwhile:
RIH from 1593 m to 2131 m.
Filled pipe and established parameters. Down linked.
Circulated B/U and reciprocated string f/ 2131 m - 2171 m, 3300 lpm, 185 bar, 80 rpm, 8 - 17 kNm.
Connected ISO tank vessel and emptied 1/2 ISO tank on rig.
Established drilling parameters and washed in from 2171 m to 2190 m",VOLVE_DDR,15_9_F_15_D_2013_11_16.xml,XML_NODE_KEYWORD,MEDIUM
ea5b4774-7fae-4659-9dbd-c75f3afb1963,NO,NO 15/9-F-15 D,name 2013-11-19T07:45:00+01:00,name 2013-11-19T09:45:00+01:00,2612.3,2612.3,MUD_LOSS,Increased flow in steps to 2500 l/min/ 51 bar. Conditioned mud while circulating. Conducted TBT for cement job and tested cement hose prior to cement job. Circulated tot. 210 m3. No losses to formation.,VOLVE_DDR,15_9_F_15_D_2013_11_20.xml,XML_NODE_KEYWORD,HIGH
b24a9e35-9202-4d84-8153-516f369eb882,NO,NO 15/9-F-15 D,name 2013-11-23T17:30:00+01:00,name 2013-11-24T00:00:00+01:00,3260,3260,EQUIPMENT_FAILURE,"Drilled 12 1/4"" hole from 3178 m to 3260 m, average ROP: 12,6 m/hr.
WOB 12 - 15 t. 3500 l/min/ 220 - 225 bar. 120 rpm / 20 - 30 kNm. ECD 1,30 sg. 

Added 4 sacks/stand to maintain background LCM particle concentration (Stealseal 100/400, Baracarb 50/150).
Built 9 5/8"" casing stands offline and racked same in derrick (63 stands racked in total). Repaired leakage in fwd hydraulic system manifold.",VOLVE_DDR,15_9_F_15_D_2013_11_24.xml,XML_NODE_KEYWORD,MEDIUM
235cd4aa-6568-4fd7-baf3-bb25bfa6fd9b,NO,NO 15/9-F-15 D,name 2013-11-24T06:45:00+01:00,name 2013-11-24T07:15:00+01:00,3299,3299,MUD_LOSS,Flowchecked well on T/T. Observed 440 l/h losses.,VOLVE_DDR,15_9_F_15_D_2013_11_25.xml,XML_NODE_KEYWORD,HIGH
d319128f-a8d2-4d7f-b418-d2fb6728997b,NO,NO 15/9-F-15 D,name 2013-11-25T21:30:00+01:00,name 2013-11-26T00:00:00+01:00,3296,3296,MUD_LOSS,"Increased flow in 250 l/min steps to 1700 l/min/ 46 bar. Observed loss tendency, 2,5 m/h. Reduced pump rate to loss free rate at 1600 l/min/40 bar. Conditioned mud while circ. until MW in/out 1,28 sg.",VOLVE_DDR,15_9_F_15_D_2013_11_26.xml,XML_NODE_KEYWORD,HIGH
88b0c4e0-53c3-4bbb-8c51-211c0e06e733,NO,NO 15/9-F-15 D,name 2013-11-28T01:45:00+01:00,name 2013-11-28T02:00:00+01:00,1000,1000,KICK,Removed PS-21 slps from rotary. Performed kick drill with crew.,VOLVE_DDR,15_9_F_15_D_2013_11_29.xml,XML_NODE_KEYWORD,HIGH
c0f9634f-305d-4e8f-ae8e-d46a09b08934,NO,NO 15/9-F-15 D,name 2013-12-02T09:00:00+01:00,name 2013-12-02T09:15:00+01:00,223,223,KICK,"Performed kick drill with crew, 65 sec.",VOLVE_DDR,15_9_F_15_D_2013_12_03.xml,XML_NODE_KEYWORD,HIGH
387de2e1-4220-4ddd-9ccb-1dd50c66c153,NO,NO 15/9-F-15 D,name 2013-12-03T03:30:00+01:00,name 2013-12-03T04:00:00+01:00,48,48,ABNORMAL_OPERATION,Weatherford casing crew changed dies and attempted to solve the problem.,VOLVE_DDR,15_9_F_15_D_2013_12_04.xml,XML_NODE_KEYWORD,LOW
07124f27-99ca-4223-a8ef-942815b6685f,NO,NO 15/9-F-15 D,name 2013-12-05T07:15:00+01:00,name 2013-12-05T09:00:00+01:00,2889,2889,NPT,"Waited on weather.
Connected TDS to drill string. Broke circulation, circulated 1x liner volume 30 m3 with 440 ltr, 55 bar. Recordet rotating torque with 20 rpm, 15 kNm, 150 ton. Took up/down weight, 180/130 ton.",VOLVE_DDR,15_9_F_15_D_2013_12_06.xml,XML_NODE_KEYWORD,MEDIUM
b4d388c0-4bf9-446c-884a-1fe16d0ca19a,NO,NO 15/9-F-15 D,name 2013-12-05T09:00:00+01:00,name 2013-12-05T21:00:00+01:00,2889,2889,NPT,"Waited on weather.
Monitored well on trip tank. Broke circulation every 2 hrs.
Pressure tested mud hoses.
Housekeeping in sack store and heavy tool store.
Electrician inspected Drawworks.
Cleaned in pump room and pit room.
Crew partake in E-learning course.",VOLVE_DDR,15_9_F_15_D_2013_12_06.xml,XML_NODE_KEYWORD,MEDIUM
458b46d5-1fe6-4538-835f-5f9fa5d2d8ba,NO,NO 15/9-F-15 D,name 2013-12-05T21:00:00+01:00,name 2013-12-06T00:00:00+01:00,2889,2889,NPT,"Waited on weather. 
Established circulation with 450 lpm, 55 bar. Circulated and conditioned mud prior to RIH with liner. Circulated 1x btm's up.",VOLVE_DDR,15_9_F_15_D_2013_12_06.xml,XML_NODE_KEYWORD,MEDIUM
f9fe9e5c-3e3f-4abb-96e7-3147431bdfd9,NO,NO 15/9-F-15 D,name 2013-12-06T00:00:00+01:00,name 2013-12-06T03:45:00+01:00,2889,2889,NPT,"Waited on weather. 
Circulated and conditioned mud with 450 lpm, 50 bar prior to RIH with liner. Circulated 1x btm's up.",VOLVE_DDR,15_9_F_15_D_2013_12_07.xml,XML_NODE_KEYWORD,MEDIUM
9a80cd8e-41e2-4bd4-903c-4adc678ed18e,NO,NO 15/9-F-15 D,name 2013-12-06T03:45:00+01:00,name 2013-12-06T05:45:00+01:00,2889,2889,NPT,"Waited on weather. 
Lined up on trip tank and observed well.  
Broke circulation every 2 hrs.
Evaluated weather conditions 60 kt.
Prepared to start RIH with 7"" liner.",VOLVE_DDR,15_9_F_15_D_2013_12_07.xml,XML_NODE_KEYWORD,MEDIUM
944d0bc8-d78b-47e0-9d52-ffd3b9902647,NO,NO 15/9-F-15 D,name 2013-12-06T05:45:00+01:00,name 2013-12-06T06:00:00+01:00,2889,2889,NPT,"Waited on weather. 
Performed pre job meeting with crew prior to start RIH with 7"" liner on 5 1/2"" DP.",VOLVE_DDR,15_9_F_15_D_2013_12_07.xml,XML_NODE_KEYWORD,MEDIUM
78f9fd34-6f60-418c-8fdd-a1dd2b03a013,NO,NO 15/9-F-15 D,name 2013-12-07T04:00:00+01:00,name 2013-12-07T06:00:00+01:00,4683,4683,MUD_LOSS,"Established circulation in steps of 200 lpm to 900 lpm, 10 m3 loss was observed Reduced flow to 700 lpm, 90 bar, no loss observed. Established rotation with 20 rpm, 20-26 kNm.
Pressure tested rig up to 345 bar.",VOLVE_DDR,15_9_F_15_D_2013_12_08.xml,XML_NODE_KEYWORD,HIGH
41e245c2-9f13-4a58-beac-0def0ce1610a,NO,NO 15/9-F-15 D,name 2013-12-07T09:45:00+01:00,name 2013-12-07T11:15:00+01:00,4683,4683,MUD_LOSS,"Displaced the cement with 62 m3 of 1,32 SG OBM with 700 lpm 134 bar. Rotated with 25 rpm, 20-29 kNm. 
Plug was not bumped. FCP 157 bar with 800 lpm. No losses during cementing and displacing",VOLVE_DDR,15_9_F_15_D_2013_12_08.xml,XML_NODE_KEYWORD,HIGH
9e7e68dc-fb9c-4ae4-8c08-c7a9f19f1321,NO,NO 15/9-F-15 D,name 2013-12-08T04:30:00+01:00,name 2013-12-08T06:00:00+01:00,613,613,NPT,"Waited on cement.
Performed general rig service.",VOLVE_DDR,15_9_F_15_D_2013_12_09.xml,XML_NODE_KEYWORD,MEDIUM
fd65448d-7087-47b1-a724-232ee253f0ef,NO,NO 15/9-F-15 D,name 2013-12-08T06:00:00+01:00,name 2013-12-08T09:45:00+01:00,613,613,NPT,"Waited on cement.
Performed preventive maintenance on drill floor equipment.",VOLVE_DDR,15_9_F_15_D_2013_12_09.xml,XML_NODE_KEYWORD,MEDIUM
057e1d19-a34f-4f2d-a4b9-263711bba1a0,NO,NO 15/9-F-15 D,name 2013-12-09T17:00:00+01:00,name 2013-12-09T18:30:00+01:00,0,0,NPT,Skidded BOP to above BOP test stump. Installed gasket and cleaned inside NT 2 connector. Waited on scaffolders prior to land BOP on test stump.,VOLVE_DDR,15_9_F_15_D_2013_12_10.xml,XML_NODE_KEYWORD,MEDIUM
d0ff4deb-dc7c-4fa4-a1e0-5f4e84f77bb7,NO,NO 15/9-F-15 D,name 2013-12-13T07:15:00+01:00,name 2013-12-13T08:30:00+01:00,0,0,NPT,"Waited on production to shut down.


Meanwhile prepared to run Multibowl WH.",VOLVE_DDR,15_9_F_15_D_2013_12_14.xml,XML_NODE_KEYWORD,MEDIUM
33bbb97e-02f6-4db3-a774-ba003f21d1f2,NO,NO 15/9-F-15 D,name 2013-12-15T11:30:00+01:00,name 2013-12-15T12:30:00+01:00,0,0,NPT,"Applied 130 bar to adjustable sub setting tool, picked up to 2 Ton overpull and bled off pressure.
Rotated string 14,5 turns clockwise.
Took 22 Ton overpull and pressured up to 130 bar.
Bled off pressure, rotated clockwise untill reading 11000 Nm, weight dropped off.
Waited 3 minutes and retrieved adjustable sub setting tool to surface.",VOLVE_DDR,15_9_F_15_D_2013_12_16.xml,XML_NODE_KEYWORD,MEDIUM
abccba29-6773-46e0-843d-f7337cb96e7d,NO,NO 15/9-F-15 D,name 2013-12-17T11:30:00+01:00,name 2013-12-17T12:45:00+01:00,4010,4010,ABNORMAL_OPERATION,"Emptied trip tank.
Problems with empty trip tank due to thick mud.
Made up TDS and filled pipe, broke circulation with 550 liter/min, 75 bar, circulated 15 minutes.",VOLVE_DDR,15_9_F_15_D_2013_12_18.xml,XML_NODE_KEYWORD,LOW
c778d9f7-27b7-4be2-b233-1a4b5ce023cf,NO,NO 15/9-F-15 D,name 2013-12-18T02:15:00+01:00,name 2013-12-18T04:30:00+01:00,1120,1120,STUCK_PIPE,"POOH with 6"" clean out BHA on 3 1/2"" DP from 1634 m to 1120 m.
Average tripping speed 295 meter/hour.
Observed stuck finger in 3 1/2"" DP fingerboard.",VOLVE_DDR,15_9_F_15_D_2013_12_19.xml,XML_NODE_KEYWORD,HIGH
eba8efc7-77c1-4972-b5d6-d59cf442f0c2,NO,NO 15/9-F-15 D,name 2013-12-18T04:30:00+01:00,name 2013-12-18T05:00:00+01:00,1120,1120,STUCK_PIPE,"Repaired stuck finger in 3 1/2"" DP fingerboard.",VOLVE_DDR,15_9_F_15_D_2013_12_19.xml,XML_NODE_KEYWORD,HIGH
b72dd491-15ce-46c5-8736-64fa732f8be0,NO,NO 15/9-F-15 D,name 2013-12-19T03:45:00+01:00,name 2013-12-19T04:45:00+01:00,2821,2821,EQUIPMENT_FAILURE,"Experienced problems with aft iron roughneck.
Isolated IRN and investigated failure. 
Meanwhile broke circulation w/ 120 l/min, 28 bar.",VOLVE_DDR,15_9_F_15_D_2013_12_20.xml,XML_NODE_KEYWORD,MEDIUM
9b2ca51c-7331-42a0-92ab-7575b5b30f3d,NO,NO 15/9-F-15 D,name 2013-12-19T04:45:00+01:00,name 2013-12-19T07:45:00+01:00,2821,2821,EQUIPMENT_FAILURE,Repaired aft IRN. Meanwhile monitored well on T/T.,VOLVE_DDR,15_9_F_15_D_2013_12_20.xml,XML_NODE_KEYWORD,MEDIUM
8dc73517-154f-4bd1-8772-4a744c8eb1e4,NO,NO 15/9-F-15 D,name 2013-12-26T21:00:00+01:00,name 2013-12-26T22:00:00+01:00,0,0,NPT,"Waited on production department to confirm wells depressurized. 
Meanwhile prepared for installation of BOP riser and arranged equipment on pipe deck.",VOLVE_DDR,15_9_F_15_D_2013_12_27.xml,XML_NODE_KEYWORD,MEDIUM
9e64953d-74bc-4174-9355-4cd2eef303fe,NO,NO 15/9-F-15 D,name 2013-12-27T23:30:00+01:00,name 2013-12-28T00:00:00+01:00,1430,1430,NPT,"Waited on weather to P/U clean-out assembly #2 (tieback mill, well commissioner, magnets). Wind speed above crane limit.

Meanwhile cleaned in drilling areas, performed high wind checks and housekeeping.",VOLVE_DDR,15_9_F_15_D_2013_12_28.xml,XML_NODE_KEYWORD,MEDIUM
791c5003-6d4f-4c51-ac21-f1ac069c365e,NO,NO 15/9-F-15 D,name 2013-12-28T00:00:00+01:00,name 2013-12-28T06:00:00+01:00,1430,1430,NPT,"Waited on weather to P/U clean-out assembly #2. Wind speed above crane limit.

Meanwhile cleaned in drilling areas, performed high wind checks and housekeeping.",VOLVE_DDR,15_9_F_15_D_2013_12_29.xml,XML_NODE_KEYWORD,MEDIUM
d98a81d1-ae49-48b8-b3ff-54583321d2b6,NO,NO 15/9-F-15 D,name 2014-01-04T00:00:00+01:00,name 2014-01-04T01:15:00+01:00,3174,3174,ABNORMAL_OPERATION,"R/U wireline equipment.
Started to P/U GS toolstring.
Problem with winch brake band occured.",VOLVE_DDR,15_9_F_15_D_2014_01_05.xml,XML_NODE_KEYWORD,LOW
c8768aaf-8441-4cda-b5a8-8d9d8ad42e49,NO,NO 15/9-F-15 D,name 2014-01-04T01:15:00+01:00,name 2014-01-04T01:45:00+01:00,3174,3174,ABNORMAL_OPERATION,Trouble shooted WL winch brake band problem.,VOLVE_DDR,15_9_F_15_D_2014_01_05.xml,XML_NODE_KEYWORD,LOW
ebe61405-0596-4d07-93d7-d29cc43935bf,NO,NO 15/9-F-15 D,name 2014-01-04T02:00:00+01:00,name 2014-01-04T02:30:00+01:00,3174,3174,ABNORMAL_OPERATION,"Opened DHSV and RIH with GS tool on WL to 264 m.
Problems with spooling arm occured.",VOLVE_DDR,15_9_F_15_D_2014_01_05.xml,XML_NODE_KEYWORD,LOW
229562c4-4afc-4904-8936-2bad23441a6d,NO,NO 15/9-F-15 D,name 2014-01-04T02:30:00+01:00,name 2014-01-04T02:45:00+01:00,3174,3174,ABNORMAL_OPERATION,Trouble shooted wireline winch spooling arm problem,VOLVE_DDR,15_9_F_15_D_2014_01_05.xml,XML_NODE_KEYWORD,LOW
0a316565-3306-4732-ba3d-5a6d0cf55852,NO,NO 15/9-F-15 D,name 2014-01-04T04:15:00+01:00,name 2014-01-04T05:00:00+01:00,3174,3174,NPT,"Engaged GS pulling tool and released EVO plug.
Waited for element to retract.",VOLVE_DDR,15_9_F_15_D_2014_01_05.xml,XML_NODE_KEYWORD,MEDIUM
761ced0a-e76b-4ad8-864a-a5912a1a9cc4,NO,NO 15/9-F-15 D,name 2014-01-15T14:00:00+01:00,name 2014-01-15T15:00:00+01:00,0,0,NPT,"Prepared and handed over well to production. Await decision for F-1 operation.
Operation completed continued operation on 15/9 F-99. Await decision for F-1 operation.",VOLVE_DDR,15_9_F_15_D_2014_01_16.xml,XML_NODE_KEYWORD,MEDIUM
1a1dc59d-069d-4de6-b69d-af6e0e2ce1ac,NO,NO 15/9-F-15 D,name 2015-08-08T11:00:00+02:00,name 2015-08-08T14:30:00+02:00,3500,3500,KICK,"RIH w/BHA #1 by gravity from 0 m to 3500 m, WHP 68 bar. Toolstring stopped at 3500 m. 
Depth:                  P/U Weight:
500 m                  1020 lbs
1000 m                1475 lbs
1500 m                2070 lbs
2000 m                2740 lbs
3000 m                3750 lbs
3500 m                4000 lbs
Friction factor calculated to 0,25. 
Held well control drill after DHSV was passed and verified open: Leak in GIH.",VOLVE_DDR,15_9_F_15_D_2015_08_09.xml,XML_NODE_KEYWORD,HIGH
6957186a-2d33-46c1-9834-e869b4db364e,NO,NO 15/9-F-15 D,name 2015-08-10T00:00:00+02:00,name 2015-08-10T04:30:00+02:00,0,0,EQUIPMENT_FAILURE,"Not able to continue operation with cable. Had to order new cable from onshore.
Meanwhile: Checked tractor failure. Cleaned drill floor. Prepared Add-on drum to be shipped onshore.",VOLVE_DDR,15_9_F_15_D_2015_08_11.xml,XML_NODE_KEYWORD,MEDIUM
843c34af-9e97-4d94-89d3-d1766c5d542b,NO,NO 15/9-F-15 D,name 2015-08-10T04:30:00+02:00,name 2015-08-10T06:00:00+02:00,0,0,NPT,Waited on new cable from onshore.,VOLVE_DDR,15_9_F_15_D_2015_08_11.xml,XML_NODE_KEYWORD,MEDIUM
4252bb0e-88e4-4516-91dd-a1d4220ae030,NO,NO 15/9-F-15 D,name 2015-08-10T06:00:00+02:00,name 2015-08-10T18:00:00+02:00,0,0,NPT,Waited on new cable from onshore.,VOLVE_DDR,15_9_F_15_D_2015_08_11.xml,XML_NODE_KEYWORD,MEDIUM
7b9e16ed-5efe-4dbd-86ee-17677b9a0879,NO,NO 15/9-F-15 D,name 2015-08-10T18:00:00+02:00,name 2015-08-11T00:00:00+02:00,0,0,NPT,Waited on new cable from onshore.,VOLVE_DDR,15_9_F_15_D_2015_08_11.xml,XML_NODE_KEYWORD,MEDIUM
c2dca650-f607-4275-b8a3-1b90f6584458,NO,NO 15/9-F-15 D,name 2015-08-11T00:00:00+02:00,name 2015-08-11T06:00:00+02:00,0,0,KICK,"Waited on new cable from onshore.
Meanwhile: Performed well control drill with service companies involved in operation.",VOLVE_DDR,15_9_F_15_D_2015_08_12.xml,XML_NODE_KEYWORD,HIGH
bb067a99-a8ab-4c97-959b-5f5eaad1d103,NO,NO 15/9-F-15 D,name 2015-08-11T06:00:00+02:00,name 2015-08-11T09:15:00+02:00,0,0,NPT,Waited on new cable from onshore.,VOLVE_DDR,15_9_F_15_D_2015_08_12.xml,XML_NODE_KEYWORD,MEDIUM
909c7cc3-e52b-4218-9ff8-0a9e845605e4,NO,NO 15/9-F-15 D,name 2015-08-11T09:35:00+02:00,name 2015-08-11T11:55:00+02:00,0,0,NPT,"Waited on ""green light"" form onshore to cut cable.",VOLVE_DDR,15_9_F_15_D_2015_08_12.xml,XML_NODE_KEYWORD,MEDIUM
b29d6d14-7e2d-4c74-916c-3be23fb8ae24,NO,NO 15/9-F-15 D,name 2015-08-13T15:25:00+02:00,name 2015-08-13T16:00:00+02:00,0,0,ABNORMAL_OPERATION,"Function tested BHA on deck, had some problems with telemetri. Altus not able to communicate with tractor.",VOLVE_DDR,15_9_F_15_D_2015_08_14.xml,XML_NODE_KEYWORD,LOW
b53dfd6e-4c8c-422d-bcf8-d952782b7414,NO,NO 15/9-F-15 D,name 2015-08-13T16:00:00+02:00,name 2015-08-13T18:00:00+02:00,0,0,ABNORMAL_OPERATION,Altus tractor troubleshoted communication problems with tractor.  Altus tractor re-started surface equipment and function tested OK.,VOLVE_DDR,15_9_F_15_D_2015_08_14.xml,XML_NODE_KEYWORD,LOW
1b2712d5-91f5-4059-bcb0-a05049fe5b9e,NO,NO 15/9-F-15 D,name 2016-07-14T03:45:00+02:00,name 2016-07-14T04:30:00+02:00,2957,2957,ABNORMAL_OPERATION,Experienced communication problems w/ csg tong. Changed door sensor,VOLVE_DDR,15_9_F_15_D_2016_07_15.xml,XML_NODE_KEYWORD,LOW
f016171f-8668-46fe-a4e0-ffa55093a8df,NO,NO 15/9-F-15 D,name 2016-07-14T06:00:00+02:00,name 2016-07-14T06:15:00+02:00,2874,2874,ABNORMAL_OPERATION,Experienced communication problems w/ csg tong,VOLVE_DDR,15_9_F_15_D_2016_07_15.xml,XML_NODE_KEYWORD,LOW
7bf49df5-bf64-461f-8494-0995e65b4896,NO,NO 15/9-F-15 D,name 2016-07-15T08:45:00+02:00,name 2016-07-15T09:15:00+02:00,2510,2510,EQUIPMENT_FAILURE,"Repaired sensor on casing tong.
Meanwhile: Performed housekeeping on drill floor.",VOLVE_DDR,15_9_F_15_D_2016_07_16.xml,XML_NODE_KEYWORD,MEDIUM
367e2975-c9b8-4a01-bf9f-2c7bf29c117a,NO,NO 15/9-F-15 D,name 2016-07-15T21:15:00+02:00,name 2016-07-15T22:15:00+02:00,2764,2764,EQUIPMENT_FAILURE,Investigated fault on VFD failure on drawworks motor #3. De-assigned motor #3.,VOLVE_DDR,15_9_F_15_D_2016_07_16.xml,XML_NODE_KEYWORD,MEDIUM
5c0fc049-f3c3-45cb-8539-9ca344d73296,NO,NO 15/9-F-15 D,name 2016-07-16T17:15:00+02:00,name 2016-07-16T17:45:00+02:00,0,0,STUCK_PIPE,"POOH with spear and fish. Secured 10 3/4"" tie-back casing in rotary.
Released spear and R/B same. Internal thread sleeve from adjustment sub stuck at grapple.",VOLVE_DDR,15_9_F_15_D_2016_07_17.xml,XML_NODE_KEYWORD,HIGH
267b5235-6d1f-4b59-8d84-1de39a927454,NO,NO 15/9-F-15 D,name 2016-07-19T09:00:00+02:00,name 2016-07-19T09:45:00+02:00,36,36,EQUIPMENT_FAILURE,Checked TDS after milling operation. Found hydraulic leak and repaired same.,VOLVE_DDR,15_9_F_15_D_2016_07_20.xml,XML_NODE_KEYWORD,MEDIUM
f15da946-8eba-47bc-b520-2d737302c130,NO,NO 15/9-F-15 D,name 2016-07-22T14:45:00+02:00,name 2016-07-22T19:00:00+02:00,681,681,EQUIPMENT_FAILURE,Troubleshoot and started repairing FWD PRS.,VOLVE_DDR,15_9_F_15_D_2016_07_23.xml,XML_NODE_KEYWORD,MEDIUM
5baf73db-afb4-4858-846f-e3e9b468c498,NO,NO 15/9-F-15 D,name 2016-07-22T19:00:00+02:00,name 2016-07-22T21:00:00+02:00,681,681,EQUIPMENT_FAILURE,Continued troubleshooting and repairing FWD PRS,VOLVE_DDR,15_9_F_15_D_2016_07_23.xml,XML_NODE_KEYWORD,MEDIUM
dfc5211e-e4a8-4bbe-8235-054d380158c2,NO,NO 15/9-F-15 D,name 2016-07-24T09:00:00+02:00,name 2016-07-24T15:45:00+02:00,0,0,STUCK_PIPE,"Troubleshoot issue with stuck lock pin on dead line anchor.
Replaced sheared off pins on dead line anchor motor. Removed stuck lock pin.
Assembled motor.",VOLVE_DDR,15_9_F_15_D_2016_07_25.xml,XML_NODE_KEYWORD,HIGH
fb161160-31b0-4f36-82fc-4b7fa6f5ede8,NO,NO 15/9-F-15 D,name 2016-07-24T23:30:00+02:00,name 2016-07-25T00:00:00+02:00,0,0,EQUIPMENT_FAILURE,"Investigated and started to repair hydraulic leak on AFT PRS.
Meanwhile: Cleaned deck for hydraulic oil.",VOLVE_DDR,15_9_F_15_D_2016_07_25.xml,XML_NODE_KEYWORD,MEDIUM
0b34c836-0b97-4a47-87bb-ebd68cb004ff,NO,NO 15/9-F-15 D,name 2016-07-25T00:00:00+02:00,name 2016-07-25T07:00:00+02:00,0,0,EQUIPMENT_FAILURE,"Continued repairing leakage on AFT PRS.
Meanwhile: Started to repair FWD PRS",VOLVE_DDR,15_9_F_15_D_2016_07_26.xml,XML_NODE_KEYWORD,MEDIUM
0555b1c6-2e6d-4169-a251-9ef5fe118cd1,NO,NO 15/9-F-15 D,name 2016-07-25T07:00:00+02:00,name 2016-07-25T15:15:00+02:00,0,0,EQUIPMENT_FAILURE,"Continued repairing both PRS's.
Function tested AFT PRS and confirmed no leakages.

Pulled electrical cable through drag chain on FWD PRS.
Meanwhile: Performed drops inspection on AFT PRS.",VOLVE_DDR,15_9_F_15_D_2016_07_26.xml,XML_NODE_KEYWORD,MEDIUM
2bd2752d-73de-4c4a-96ae-41a2127deb10,NO,NO 15/9-F-15 D,name 2016-07-27T02:45:00+02:00,name 2016-07-27T04:00:00+02:00,0,0,MUD_LOSS,"Prepared to run RTTS.
Measured 8 1/4"" DC joints and verified RTTS measurements.
Opened BSR and observed 600ltr instant loss on TT followed by stable lossrate of 1,08 m3/hr.",VOLVE_DDR,15_9_F_15_D_2016_07_28.xml,XML_NODE_KEYWORD,HIGH
02e3520f-e910-4c65-b061-199db7778eb1,NO,NO 15/9-F-15 D,name 2016-07-27T04:00:00+02:00,name 2016-07-27T04:45:00+02:00,26,26,MUD_LOSS,"P/U 3 singles 8 1/4"" DC from cantilever and RIH to 26 mMD.
Loss rate 1,08 m3/hr",VOLVE_DDR,15_9_F_15_D_2016_07_28.xml,XML_NODE_KEYWORD,HIGH
86040ca8-f8a3-4023-b2ba-379b083d7d7c,NO,NO 15/9-F-15 D,name 2016-07-27T04:45:00+02:00,name 2016-07-27T05:30:00+02:00,80,80,MUD_LOSS,"P/U and M/U 3 stands 8 1/4"" DC from set-back and RIH from 26 mMD to 80 mMD.
Loss rate 1,08 m3/hr",VOLVE_DDR,15_9_F_15_D_2016_07_28.xml,XML_NODE_KEYWORD,HIGH
98b4546e-40b2-4ac6-8d3d-2502d5781a0f,NO,NO 15/9-F-15 D,name 2016-07-27T05:30:00+02:00,name 2016-07-27T06:15:00+02:00,98,98,MUD_LOSS,"P/U and M/U the RTTS plug and storm valve. RIH to 98 mMD.
Loss rate 1,08 m3/hr",VOLVE_DDR,15_9_F_15_D_2016_07_28.xml,XML_NODE_KEYWORD,HIGH
bc27ec81-3486-4571-af52-c7415e8a02eb,NO,NO 15/9-F-15 D,name 2016-07-27T06:15:00+02:00,name 2016-07-27T06:30:00+02:00,218,218,MUD_LOSS,"RIH w/ RTTS plug on 5 1/2""  DP from 98 mMD to 218 mMD.
Loss rate 1,08 m3/hr",VOLVE_DDR,15_9_F_15_D_2016_07_28.xml,XML_NODE_KEYWORD,HIGH
4e1e6d00-9b6f-446d-9c0a-02d8ef91e22c,NO,NO 15/9-F-15 D,name 2016-07-27T06:30:00+02:00,name 2016-07-27T06:45:00+02:00,218,218,MUD_LOSS,"M/D TDS and took up/down weight 92/87 ton.
Loss rate 1,08m3/hr",VOLVE_DDR,15_9_F_15_D_2016_07_28.xml,XML_NODE_KEYWORD,HIGH
c7c5f5ea-c8c9-4c1b-9acd-c91495422248,NO,NO 15/9-F-15 D,name 2016-07-27T06:45:00+02:00,name 2016-07-27T07:00:00+02:00,226,226,MUD_LOSS,"RIH from 218 mMD to 226 mMD and set plug above perforations on 13 3/8"" csg and below 13 3/8"" CH, mid packer element at 141,7mMD.
Set down 19 ton on plug. Losses stopped.
Monitored well on TT.",VOLVE_DDR,15_9_F_15_D_2016_07_28.xml,XML_NODE_KEYWORD,HIGH
bb43620b-e999-421a-a845-44e35a2a1996,NO,NO 15/9-F-15 D,name 2016-07-27T10:45:00+02:00,name 2016-07-27T11:00:00+02:00,236,236,MUD_LOSS,"Released RTTS plug, 92 ton up weight. Waited 3 minutes for rubber elements to retract.
RIH and set RTTS plug below perforations in 13 3/8"" csg at 150 mMD (mid packer element). Sat down 16 ton.
Loss rate 1,2 m3/hr.",VOLVE_DDR,15_9_F_15_D_2016_07_28.xml,XML_NODE_KEYWORD,HIGH
bab26ad3-786e-4cba-a0e2-aa15959d10ff,NO,NO 15/9-F-15 D,name 2016-07-27T11:00:00+02:00,name 2016-07-27T12:00:00+02:00,236,236,MUD_LOSS,"Pressure tested cement inside 13 3/8"" casing.
Pressured up below RTTS to 50bar/10min, OK.
Pumped 10 ltrs  from 10 bar to 50 bar, bled back same.
Losses on TT, 1,2 m3/hr.",VOLVE_DDR,15_9_F_15_D_2016_07_28.xml,XML_NODE_KEYWORD,HIGH
32bafef2-d13d-47da-b320-b5e0a2f09559,NO,NO 15/9-F-15 D,name 2016-07-27T12:00:00+02:00,name 2016-07-27T12:15:00+02:00,236,236,NPT,Released RTTS plug. Waited 3 minutes for rubber elements to retract.,VOLVE_DDR,15_9_F_15_D_2016_07_28.xml,XML_NODE_KEYWORD,MEDIUM
49909373-b723-46ac-9df7-09319643e992,NO,NO 15/9-F-15 D,name 2016-07-27T12:30:00+02:00,name 2016-07-27T13:30:00+02:00,98,98,MUD_LOSS,"B/O storm valve.
Inspected RTTS and storm valve.
M/U storm valve to RTTS plug.
Loss rate 1,2 m3/hr",VOLVE_DDR,15_9_F_15_D_2016_07_28.xml,XML_NODE_KEYWORD,HIGH
a0a024cd-aaca-4a15-96a6-6e00ce581f99,NO,NO 15/9-F-15 D,name 2016-07-27T13:45:00+02:00,name 2016-07-27T14:15:00+02:00,226,226,MUD_LOSS,"Set RTTS plug at 141,7 mMD (above perforations in 13 3/8"" csg) w/ 4 stnd 8 1/4"" DC below. Losses stopped.
Backed out from storm valve, 18 turns LH.
Top storm valve at 134,34 mMD.",VOLVE_DDR,15_9_F_15_D_2016_07_28.xml,XML_NODE_KEYWORD,HIGH
2e030606-1f86-43c3-b536-314ef8589cad,NO,NO 15/9-F-15 D,name 2016-09-15T13:00:00+02:00,name 2016-09-15T13:15:00+02:00,130,130,NPT,"Released RTTS packer. Waited 10 min for packer elements to retract.
Observed trip tank slowly decreasing, then leveling out.",VOLVE_DDR,15_9_F_15_D_2016_09_16.xml,XML_NODE_KEYWORD,MEDIUM
0f2c95dc-8a1d-4183-9a24-d13d57f1e941,NO,NO 15/9-F-15 D,name 2016-09-15T13:15:00+02:00,name 2016-09-15T13:30:00+02:00,130,130,MUD_LOSS,"Flowchecked well, 90 ltr loss over 15 min.",VOLVE_DDR,15_9_F_15_D_2016_09_16.xml,XML_NODE_KEYWORD,HIGH
023185f0-171a-4d1a-90b2-f079ebf2a125,NO,NO 15/9-F-15 D,name 2016-09-15T17:00:00+02:00,name 2016-09-15T17:45:00+02:00,0,0,MUD_LOSS,"Attempted to pressure test OH to surface cement plug to 115 bar, pressure bled off after reaching 10 bar.
Static losses 1,2 m3/hr.",VOLVE_DDR,15_9_F_15_D_2016_09_16.xml,XML_NODE_KEYWORD,HIGH
d6c6230c-ba0c-4611-a342-cb5c74f2e96f,NO,NO 15/9-F-15 D,name 2016-09-16T01:15:00+02:00,name 2016-09-16T01:30:00+02:00,0,0,MUD_LOSS,"Cleaned and cleared drill floor.
Static losses 0,5 m3/hr over 10 min.",VOLVE_DDR,15_9_F_15_D_2016_09_17.xml,XML_NODE_KEYWORD,HIGH
359d48e8-1c33-47e6-a9a2-b59c33d87fef,NO,NO 15/9-F-15 D,name 2016-09-16T05:30:00+02:00,name 2016-09-16T05:45:00+02:00,285,285,EQUIPMENT_FAILURE,Repaired hydraulic leak IRN.,VOLVE_DDR,15_9_F_15_D_2016_09_17.xml,XML_NODE_KEYWORD,MEDIUM
2ec10503-a940-4c90-aa48-009c14f21295,NO,NO 15/9-F-15 D,name 2016-09-16T08:15:00+02:00,name 2016-09-16T08:45:00+02:00,690,690,MUD_LOSS,"Attempted to pressure test below EZSV to 20 bar, meanwhile monitored trip tank, observed 500 l/min losses. Failed test",VOLVE_DDR,15_9_F_15_D_2016_09_17.xml,XML_NODE_KEYWORD,HIGH
c9f2f5c7-64be-488b-8cdb-0471827a2054,NO,NO 15/9-F-15 D,name 2016-10-17T01:30:00+02:00,name 2016-10-17T01:45:00+02:00,0,0,NPT,"Waited on weather to pull production riser

Meanwhile:
Performed TBT for skidding",VOLVE_DDR,15_9_F_15_D_2016_10_18.xml,XML_NODE_KEYWORD,MEDIUM
31d29861-e12a-49ed-bdfd-d1b34c31124b,NO,NO 15/9-F-15 D,name 2016-10-17T01:45:00+02:00,name 2016-10-17T02:30:00+02:00,0,0,NPT,"Waited on weather to pull production riser

Meanwhile:
Skidded cantilever to F-15 D",VOLVE_DDR,15_9_F_15_D_2016_10_18.xml,XML_NODE_KEYWORD,MEDIUM
363d190a-dff0-42c5-a702-229e034a0cdc,NO,NO 15/9-F-15 D,name 2016-10-17T02:30:00+02:00,name 2016-10-17T04:45:00+02:00,0,0,NPT,"Waited on weather to pull production riser

Meanwhile:
Removed hatch and hole covers.
Performed TBT with ongoing crew
Build scaffolding around hole openings",VOLVE_DDR,15_9_F_15_D_2016_10_18.xml,XML_NODE_KEYWORD,MEDIUM
85a3aa7e-577d-423d-84ff-e57167c38a8f,NO,NO 15/9-F-15 D,name 2016-10-17T04:45:00+02:00,name 2016-10-17T05:30:00+02:00,0,0,NPT,"Waited on weather to pull production riser

Meanwhile:
Installed scaffolding around hole openings in moonpool and WH
Performed TBT for installing NT2 connector and P/U cutter BHA
Cleaned shaker pits",VOLVE_DDR,15_9_F_15_D_2016_10_18.xml,XML_NODE_KEYWORD,MEDIUM
bb440229-10fb-4573-aa59-eb6c3f0b3810,NO,NO 15/9-F-15 D,name 2016-10-17T05:30:00+02:00,name 2016-10-17T06:00:00+02:00,0,0,NPT,"Waited on weather to pull production riser
Significant wave height 5,1m

Meanwhile:
Installed NT2 connector on Multibowl",VOLVE_DDR,15_9_F_15_D_2016_10_18.xml,XML_NODE_KEYWORD,MEDIUM
38279380-4229-48e5-a67b-8441e2f3deb3,NO,NO 15/9-F-15 D,name 2016-10-17T06:00:00+02:00,name 2016-10-17T06:30:00+02:00,0,0,NPT,"Waited on weather to pull production riser

Meanwhile:
P/U Cutter BHA. Tested cutters on surface; Motor started at 100 lpm, knifes opened at 200 lpm.",VOLVE_DDR,15_9_F_15_D_2016_10_18.xml,XML_NODE_KEYWORD,MEDIUM
87260d13-6c7b-4313-a267-aad90e439b37,NO,NO 15/9-F-15 D,name 2016-10-17T06:30:00+02:00,name 2016-10-17T07:45:00+02:00,0,0,NPT,"Waited on weather to pull production riser

Meanwhile:
RIH with cutter assy, 2 std 5 1/2"" DP and Multibowl RT
Engaged Multibowl RT in Multibowl.",VOLVE_DDR,15_9_F_15_D_2016_10_18.xml,XML_NODE_KEYWORD,MEDIUM
55f74460-af23-43f3-a4f8-c04e7a3fc765,NO,NO 15/9-F-15 D,name 2016-10-17T08:30:00+02:00,name 2016-10-17T11:45:00+02:00,0,0,NPT,"Waited on weather to pull production riser

Removed riser tension system.
Cleared rig floor for riser equipment from previous wells.",VOLVE_DDR,15_9_F_15_D_2016_10_18.xml,XML_NODE_KEYWORD,MEDIUM
5b34fd4c-4a99-46fc-bb53-829b83af5e2c,NO,NO 15/9-F-15 D,name 2016-10-17T11:45:00+02:00,name 2016-10-17T12:00:00+02:00,0,0,NPT,"Waited on weather to pull production riser

Meanwhile:
Performed TBT for displacing riser to clean SW",VOLVE_DDR,15_9_F_15_D_2016_10_18.xml,XML_NODE_KEYWORD,MEDIUM
b566d1f3-bd3b-4dfa-a83d-99ce2e57579e,NO,NO 15/9-F-15 D,name 2016-10-17T12:00:00+02:00,name 2016-10-17T13:30:00+02:00,0,0,NPT,"Waited on weather to pull production riser

Meanwhile:
R/U hoses from Multibowl to kill manifold in order to take returns to pit.",VOLVE_DDR,15_9_F_15_D_2016_10_18.xml,XML_NODE_KEYWORD,MEDIUM
f68a5cf1-07a7-47a2-9189-403cc1f9cf49,NO,NO 15/9-F-15 D,name 2016-10-17T13:30:00+02:00,name 2016-10-17T14:45:00+02:00,0,0,NPT,"Waited on weather to pull production riser

Meanwhile:
Removed boat collision stool
Cleaned shakers and pits.",VOLVE_DDR,15_9_F_15_D_2016_10_18.xml,XML_NODE_KEYWORD,MEDIUM
1e09d92a-a707-4b8d-b4c0-1c504cf69f01,NO,NO 15/9-F-15 D,name 2016-10-17T14:45:00+02:00,name 2016-10-17T17:15:00+02:00,0,0,NPT,"Waited on weather to pull production riser
Significant wave height reduced from 4,7m to 4m

Meanwhile:
Continued removing boat collision stool",VOLVE_DDR,15_9_F_15_D_2016_10_18.xml,XML_NODE_KEYWORD,MEDIUM
eec363c3-04d6-47e6-ba7a-43241c856368,NO,NO 15/9-F-1,name 2007-12-03T02:00:00+01:00,name 2007-12-03T03:30:00+01:00,221,221,ABNORMAL_OPERATION,Attempted to mix and pump cement. Had severe problems transferring dry X-lite cement from bulk system to surge tank. Automatic transfer system was not working. Could not keep a steady transfer rate by manual operation. Not possible to obtain prescribed cement slurry. Pumped 12 m3 cement of varying weights at slow rate. Aborted operation.,VOLVE_DDR,15_9_F_1_2007_12_04.xml,XML_NODE_KEYWORD,LOW
78745582-4951-48eb-8a6e-3afca92edde1,NO,NO 15/9-F-1,name 2007-12-03T08:00:00+01:00,name 2007-12-03T19:30:00+01:00,221,221,NPT,"Waited on cement to set up.

Meanwhile :
-Retrieved hotstab and guidewire
-Continued work on aft PRS
-Installed new rubber conveyor belt on HTS
-Started work on tensioner cylinders on F-14
-General PM on drillfloor",VOLVE_DDR,15_9_F_1_2007_12_04.xml,XML_NODE_KEYWORD,MEDIUM
1db58c34-a02e-456b-9a54-af46eaaf396b,NO,NO 15/9-F-1,name 2013-07-22T06:00:00+02:00,name 2013-07-22T12:15:00+02:00,36,36,ABNORMAL_OPERATION,"P/U and M/U 26"" mud motor steerable BHA to 36 m. Plugged-in MWD tools. Observed communication problems between Bi-communicational pulse module and gyro sub.",VOLVE_DDR,15_9_F_1_2013_07_23.xml,XML_NODE_KEYWORD,LOW
6c995394-a68b-4b17-84c6-9be8d25e770f,NO,NO 15/9-F-1,name 2013-07-22T12:15:00+02:00,name 2013-07-22T14:15:00+02:00,0,0,EQUIPMENT_FAILURE,Troubleshoot tool communication failure.,VOLVE_DDR,15_9_F_1_2013_07_23.xml,XML_NODE_KEYWORD,MEDIUM
a88cdf1c-3a72-4093-8b9a-106006ef9d0c,NO,NO 15/9-F-1,name 2013-07-28T19:00:00+02:00,name 2013-07-29T00:00:00+02:00,0,0,NPT,"Waited on weather. Cranes down due to wind speed above 40 knots.

Meanwhile: Function tested rig up, slips, elevator, tongs and HTS.",VOLVE_DDR,15_9_F_1_2013_07_29.xml,XML_NODE_KEYWORD,MEDIUM
ab6e4111-a0f9-4b31-86af-d962fed2c25e,NO,NO 15/9-F-1,name 2013-07-29T00:00:00+02:00,name 2013-07-29T01:15:00+02:00,0,0,NPT,Waited on weather. Cranes down due to wind speed above 40 knots.,VOLVE_DDR,15_9_F_1_2013_07_30.xml,XML_NODE_KEYWORD,MEDIUM
66257835-f257-4f56-935a-6e4fda48e1b6,NO,NO 15/9-F-1,name 2013-08-01T09:45:00+02:00,name 2013-08-01T10:15:00+02:00,92,92,NPT,Waited on crane due to handling of boat.,VOLVE_DDR,15_9_F_1_2013_08_02.xml,XML_NODE_KEYWORD,MEDIUM
568c66bf-dcb3-4b0c-bfc4-23f715f1d2f6,NO,NO 15/9-F-1,name 2013-08-06T21:30:00+02:00,name 2013-08-06T22:45:00+02:00,2062,2062,ABNORMAL_OPERATION,"Drilled and oriented 17 1/2"" hole from 2054m MD to 2062m MD with 2000-4000 lpm, 80-243 bar, 140 rpm, 9-12 kNm, 2-4 MT and 1.40-1.41 sg ECD.

Drilled with reduced ROP due to pump problems.

Meanwhile: Troubleshot mud pumps. Electronic pop-off tripping at low pressures.",VOLVE_DDR,15_9_F_1_2013_08_07.xml,XML_NODE_KEYWORD,LOW
1d23e1de-fd96-448e-8e4e-19422e04ca00,NO,NO 15/9-F-1,name 2013-08-09T07:00:00+02:00,name 2013-08-09T07:15:00+02:00,2329,2329,EQUIPMENT_FAILURE,Repaired finger in DP finger board.,VOLVE_DDR,15_9_F_1_2013_08_10.xml,XML_NODE_KEYWORD,MEDIUM
2d12d2e3-b341-4c7e-b33b-ebf4c5f3d69d,NO,NO 15/9-F-1,name 2013-08-09T09:30:00+02:00,name 2013-08-09T10:15:00+02:00,1042,1042,EQUIPMENT_FAILURE,"POOH with 17 1/2"" BHA on 5 1/2""  DP from 1326 m to 1042 m.
Restricted tripping speed to 1 min/stand.
Stopped tripping due to encoderfailure on Aft PRS.",VOLVE_DDR,15_9_F_1_2013_08_10.xml,XML_NODE_KEYWORD,MEDIUM
ec5fc119-03ba-4be9-b867-9f606e30a7cd,NO,NO 15/9-F-1,name 2013-08-09T10:15:00+02:00,name 2013-08-09T10:45:00+02:00,1042,1042,EQUIPMENT_FAILURE,"Troubleshoot Aft PRS and reset same, not able to eliminate encoder failure.
Continued tripping using fwd PRS.",VOLVE_DDR,15_9_F_1_2013_08_10.xml,XML_NODE_KEYWORD,MEDIUM
206f4805-8ad1-4472-8464-c72f8587f9f1,NO,NO 15/9-F-1,name 2013-08-10T02:45:00+02:00,name 2013-08-10T03:30:00+02:00,63,63,ABNORMAL_OPERATION,"Picked up shoe track from derrick, made up to double, Baker locked connection and RIH to 63 m.
Experienced problems with running centralizers through slips, removed guides on slips and filled string to enable centralizers to run through.",VOLVE_DDR,15_9_F_1_2013_08_11.xml,XML_NODE_KEYWORD,LOW
397926c8-b79f-491f-bf97-13b4b9472954,NO,NO 15/9-F-1,name 2013-08-10T05:30:00+02:00,name 2013-08-10T06:00:00+02:00,210,210,ABNORMAL_OPERATION,"Experienced problems with casing tong, not able to release grip.",VOLVE_DDR,15_9_F_1_2013_08_11.xml,XML_NODE_KEYWORD,LOW
1041aa6a-bfe9-42aa-aa85-12b1ecc08905,NO,NO 15/9-F-1,name 2013-08-11T16:30:00+02:00,name 2013-08-11T19:00:00+02:00,2596,2596,STUCK_PIPE,"Established circulation and increased rate in steps to 2200 liter/min, 29 bar.
Observed pack off at 2200 liter/min, reduced rate to at 1800 liter/min, 21 bar
Meanwhile performed pre-job meeting prior to cement job.

Rig air supply from production shut down.",VOLVE_DDR,15_9_F_1_2013_08_12.xml,XML_NODE_KEYWORD,HIGH
400c7894-f718-435f-87c4-c4ed15b113b8,NO,NO 15/9-F-1,name 2013-08-12T00:00:00+02:00,name 2013-08-12T01:45:00+02:00,2596,2596,MUD_LOSS,"Displaced cement to rig floor with 3000 liter of drill water.
Observed top wiper plug shear.
Zeroed volume counters.
Continued to displace cement using rig pumps with OBM at 1800 liter/min, 0-60 bar.
Observed bottom wiper plug landing with 136 bar.
Observed loss of full returns after 180 m3 pumped.
Reduced rate to 1400 liter/min, still not full returns.
Reduced rate to 500 liter/min after 181,5 m3 pumped.
Displaced with theoretical volume + 1/2 shoe track volume 186,4 m3 + 1,25 m3 = 187,6 m3.
Top plug did not bump.
Recorded FCP 60 bar.  
Lost 10,2 m3 during cement displacement.",VOLVE_DDR,15_9_F_1_2013_08_13.xml,XML_NODE_KEYWORD,HIGH
aec2cb86-7e5b-4404-a8ae-d8701f9bdabf,NO,NO 15/9-F-1,name 2013-08-12T18:00:00+02:00,name 2013-08-13T00:00:00+02:00,0,0,NPT,"Waited on cement.

Meanwhile;

Performed planned maintenence on TDS and travelling block.

Restarted V-ICIS.

Replaced wash pipe.

Measured TDS / dolly alignment using laser equipment.

Replaced solenoid valve on aft PRS",VOLVE_DDR,15_9_F_1_2013_08_13.xml,XML_NODE_KEYWORD,MEDIUM
2785b316-9446-4e2c-8277-b5a7bf9a8aee,NO,NO 15/9-F-1,name 2013-08-13T00:00:00+02:00,name 2013-08-13T01:45:00+02:00,0,0,NPT,"Waited on cement.

Meanwhile;
Pressure tested manifolds to 20 / 345 bar - 5 / 10 minutes.
Performed planned maintenence on TDS and travelling block.
Installed BHA Wash Tool.",VOLVE_DDR,15_9_F_1_2013_08_14.xml,XML_NODE_KEYWORD,MEDIUM
a5841585-1b05-43a4-805b-5e422ff399c1,NO,NO 15/9-F-1,name 2013-08-13T17:45:00+02:00,name 2013-08-13T18:30:00+02:00,2601,2601,NPT,"Dropped gyro. 
Waited for gyro to initialize.",VOLVE_DDR,15_9_F_1_2013_08_14.xml,XML_NODE_KEYWORD,MEDIUM
1400314d-0ffd-49ff-af6d-880057892d2a,NO,NO 15/9-F-1,name 2013-08-15T16:30:00+02:00,name 2013-08-15T16:45:00+02:00,3253,3253,EQUIPMENT_FAILURE,"Pulled off bottom and trouble shoot Sonic tool failure. 
Sonic tool not fuctional.",VOLVE_DDR,15_9_F_1_2013_08_16.xml,XML_NODE_KEYWORD,MEDIUM
7dc197c2-660c-423e-b4a2-563513f3de6b,NO,NO 15/9-F-1,name 2013-08-20T01:15:00+02:00,name 2013-08-20T02:00:00+02:00,877,877,EQUIPMENT_FAILURE,"Repaired electical failure on iron roughneck.
Meanwhile observed well on trip tank.",VOLVE_DDR,15_9_F_1_2013_08_21.xml,XML_NODE_KEYWORD,MEDIUM
8d647bb5-9e5e-4414-9834-a88e29a630b2,NO,NO 15/9-F-1,name 2013-08-22T21:30:00+02:00,name 2013-08-22T22:00:00+02:00,2601,2601,KICK,"Reamed back through shoe, broke out double and racked same. M/U new stand to enable continues kick-off",VOLVE_DDR,15_9_F_1_2013_08_23.xml,XML_NODE_KEYWORD,HIGH
d840e06d-f94b-4cb8-8b50-b0fe0f519013,NO,NO 15/9-F-1,name 2013-08-22T22:30:00+02:00,name 2013-08-22T23:00:00+02:00,2601,2601,STUCK_PIPE,"Stuck with flex stab in 13 3/8"" shoe, stab 5 m behind bit. Attempted to free string and regaining circulation by working 40 kNm torque in string and keeping 60 bar pressure on string. Pressure dropping off and flow reported in flowline.",VOLVE_DDR,15_9_F_1_2013_08_23.xml,XML_NODE_KEYWORD,HIGH
5dc3fd9e-1dea-4925-8268-a5250566d0b9,NO,NO 15/9-F-1,name 2013-08-23T01:30:00+02:00,name 2013-08-23T03:00:00+02:00,2610,2610,KICK,"Started to kick off from 2602 m. Send downlink to set tool in hold mode. Drilled from 2602 m to 2610 m, 2000 lpm, 113 bar, 80 rpm, 8 - 12 kNm, 2 - 4 tons WOB, Controlled ROP 5 m/h.",VOLVE_DDR,15_9_F_1_2013_08_24.xml,XML_NODE_KEYWORD,HIGH
a125ac95-0982-49be-8c7b-56dfa5befe02,NO,NO 15/9-F-1 A,name 2013-08-24T03:00:00+02:00,name 2013-08-24T04:30:00+02:00,3094,3094,ABNORMAL_OPERATION,"Drilled and oriented 8 1/2"" hole from 3070 m to 3094 m, average ROP: 15 m/hr.
WOB 5 - 8 tonne. 2400 l/min/ 183 bar.  160 rpm / 15 - 20 kNm. ECD 1,39 SG. 

Experienced problems in achieving required build rate, controlled ROP to 15 m/hr, set build force to 97%, reduced walk force.
Increased MW from 1,28 SG to 1,32 SG.
Maintained LCM background concentration",VOLVE_DDR,15_9_F_1_A_2013_08_25.xml,XML_NODE_KEYWORD,LOW
8c8b8424-f36c-4bd1-9ff0-c24f76ab48e9,NO,NO 15/9-F-1 A,name 2013-08-29T12:30:00+02:00,name 2013-08-29T15:30:00+02:00,2617,2617,KICK,"Kicked off from 2604 m. Drilled from 2604 m to 2617 m, WOB 3 - 5 tonne. 2800 l/min/ 153 bar.  40 rpm / 13 - 17 kNm. Controlled ROP to 5 m/hr.
Drilled as per Baker DD instructions. 
Bending moment and NB Inc. indicating successful sidetrack at 2617 m.
Last Report on F-1 A, continue reporting on F-1 B.",VOLVE_DDR,15_9_F_1_A_2013_08_30.xml,XML_NODE_KEYWORD,HIGH
5b986b36-cab5-4115-92c7-847feb950c5c,NO,NO 15/9-F-1 B,name 2013-08-29T15:30:00+02:00,name 2013-08-29T17:00:00+02:00,2627,2627,KICK,"Continued to kick off from F-1 A. Drilled 12 1/4""  hole from 2617 m to 2627 m as per Baker DD instructions. WOB 2 - 5 tonne. 2800 l/min/ 153 bar.  40 rpm / 13 - 17 kNm.

Started bleeding in LCM premix, 4m3 per stand for drilling Ty Fm.",VOLVE_DDR,15_9_F_1_B_2013_08_30.xml,XML_NODE_KEYWORD,HIGH
9ca380b4-538b-46be-bf69-d3b8f860b2db,NO,NO 15/9-F-1 B,name 2013-08-30T19:30:00+02:00,name 2013-08-30T21:15:00+02:00,3071,3071,EQUIPMENT_FAILURE,"Circulated hole clean w/ 3500 l/min/ 210 - 212 bar, ECD 1,30 SG. Circulated total 3 B/U, 690 m3.
Racked one stand.
Meanwhile repaired hydraulic leak on TDS allignment cylinder. Serviced TDS and dolly.",VOLVE_DDR,15_9_F_1_B_2013_08_31.xml,XML_NODE_KEYWORD,MEDIUM
93f04ce5-4582-4c0b-838b-8fa3e5e557e9,NO,NO 15/9-F-1 B,name 2013-09-01T23:15:00+02:00,name 2013-09-02T00:00:00+02:00,3090,3090,MUD_LOSS,Increased flow in 250 l/min steps to 2500 l/min/ 80 bar. Let flow and pressure stabilize on each step. No losses to formation.,VOLVE_DDR,15_9_F_1_B_2013_09_02.xml,XML_NODE_KEYWORD,HIGH
87b9e76f-6c45-43e4-bcbf-4f1c2c4e7c82,NO,NO 15/9-F-1 B,name 2013-09-02T00:00:00+02:00,name 2013-09-02T01:00:00+02:00,3090,3090,MUD_LOSS,"Circulated prior to cement job 2500 l/min  80 - 85 bar.  After 1,15 x B/U experienced a 5 bar pressure drop and indication of losses. Checked surface equipment, ok.",VOLVE_DDR,15_9_F_1_B_2013_09_03.xml,XML_NODE_KEYWORD,HIGH
60e16081-fee0-4c7e-a3db-ada2eba5fcda,NO,NO 15/9-F-1 B,name 2013-09-02T01:00:00+02:00,name 2013-09-02T02:30:00+02:00,3090,3090,MUD_LOSS,"Established loss free rate at 1350 lpm/ 45 bar. Lost 3,2 m3 of mud in total during circulation. Held TBT prior to cement job.",VOLVE_DDR,15_9_F_1_B_2013_09_03.xml,XML_NODE_KEYWORD,HIGH
038d0704-daae-497f-b090-8b10f9d61650,NO,NO 15/9-F-1 B,name 2013-09-02T02:30:00+02:00,name 2013-09-02T05:15:00+02:00,3090,3090,MUD_LOSS,"Pumped 22 m3 of 1,60 SG spacer with rig pumps, pumped with loss free rate 1350 lpm.
Lined up from cement unit and verified line-up.
Released dart for bottom plug, verified flag indication.
Mixed and pumped 14 m3 1,90 SG slurry at 680 lpm, Released top dart and observed top plug release at 950 l pumped and 82 bar. 
Chased cement w/ rigpumps and 2500 lpm. Displaced cement with 1300 - 1600 lpm. 
Used bottom plug landing shear to calibrate pump efficieny: 95,6%
Displaced cement into annulus with 2000 lpm, following pump plan. Bumped top plug at 5190 strokes (95,6% efficency). 
Pressured up to 70 bar above final circulation pressure of 55 bar.
Checked for back flow, floats holding.
Lost in total 8 m3 OBM to formation.",VOLVE_DDR,15_9_F_1_B_2013_09_03.xml,XML_NODE_KEYWORD,HIGH
03d51cae-1f87-429a-b0b3-2b8bfe34dd7a,NO,NO 15/9-F-1 B,name 2013-09-02T06:15:00+02:00,name 2013-09-02T08:00:00+02:00,139,139,EQUIPMENT_FAILURE,"Leak on Halliburton cement unit, trouble shoot and repaired same.",VOLVE_DDR,15_9_F_1_B_2013_09_03.xml,XML_NODE_KEYWORD,MEDIUM
8fe83ccf-eda9-484f-8aba-532ca5d35799,NO,NO 15/9-F-1 B,name 2013-09-07T19:30:00+02:00,name 2013-09-07T20:15:00+02:00,334,334,EQUIPMENT_FAILURE,Experienced problems with casing tong guide arm. Not possible to retract due to faulty shuttle valve. Attempted to repair shuttle valve - no go. Continued in manual mode.,VOLVE_DDR,15_9_F_1_B_2013_09_08.xml,XML_NODE_KEYWORD,MEDIUM
eee21f3a-fa6e-483a-9dd3-5fd85c71bd30,NO,NO 15/9-F-1 B,name 2013-09-14T13:30:00+02:00,name 2013-09-15T00:00:00+02:00,0,0,NPT,"Waited on weather.

Meanwhile: Performed general maintenance. Serviced forward and aft pipe racking systems.",VOLVE_DDR,15_9_F_1_B_2013_09_15.xml,XML_NODE_KEYWORD,MEDIUM
17009c0f-6779-4222-899e-33154e8f0d47,NO,NO 15/9-F-1 B,name 2013-09-15T00:00:00+02:00,name 2013-09-16T00:00:00+02:00,0,0,NPT,"Waited for weather.

Time:     Significant waveheight:     Wind speed:
00:00     1.7 m                                  8.0 kt
06:00     1.4 m                                  23.0 kt
12:00     4.2 m                                  34.0 kt
18:00     5.0 m                                  21.0 kt
24:00     3.2 m                                  17.0 kt

Meanwhile: Performed general maintenance. Split tension ring. Moved tension ring to moon pool. Installed tension ring. Performed 5 year choke manifold service. Installed top cover onto F-1 split hatch. Greased and inspected top drive and travelling block. Housekeeping.",VOLVE_DDR,15_9_F_1_B_2013_09_16.xml,XML_NODE_KEYWORD,MEDIUM
750dd252-1433-4714-b89b-3427d685edd3,NO,NO 15/9-F-1 B,name 2013-09-16T00:00:00+02:00,name 2013-09-17T00:00:00+02:00,0,0,NPT,"Waited for weather for running production riser.

Time:     Significant waveheight:     Wind speed:
00:00     3.2 m                                  17.0 kt
06:00     2.9 m                                  8.0 kt
12:00     2.3 m                                  15.0 kt
18:00     1.9 m                                  16.0 kt
24:00     3.6 m                                  22.0 kt

Meanwhile: Performed general maintenance. Continued performing 5 year choke manifold service. Cleaned pits. Lifted wing valves for multibowl to rig floor. Lowered same through rotary. Changed bladders on Koomey bottles. Pressure tested BOP on stump to 345 bar. Housekeeping.",VOLVE_DDR,15_9_F_1_B_2013_09_17.xml,XML_NODE_KEYWORD,MEDIUM
0dde6b24-f9ef-4f7b-b306-2e23279826e8,NO,NO 15/9-F-1 B,name 2013-09-17T00:00:00+02:00,name 2013-09-18T00:00:00+02:00,0,0,NPT,"Waiting on weather for running production riser.

Time:     Significant waveheight:     Wind speed:
00:00     3.6 m                                  22.0 kt
06:00     3.6 m                                  24.0 kt
12:00     3.5 m                                  22.0 kt
18:00     2.8 m                                  18.0 kt
24:00     2.6 m                                  13.0 kt

Meanwhile: Changed out wires on moonpool tuggers. Changed oil cooler on top drive. Greased manifolds. Performed drive chain check on mud pump #1. Performed general mainenance.",VOLVE_DDR,15_9_F_1_B_2013_09_18.xml,XML_NODE_KEYWORD,MEDIUM
f2f2b31e-085a-407a-8827-922f44cee8a5,NO,NO 15/9-F-1 B,name 2013-09-18T00:00:00+02:00,name 2013-09-18T11:00:00+02:00,0,0,EQUIPMENT_FAILURE,"Waiting on weather.

Time:     Significant waveheight:     Wind speed:
00:00     2,5 m                                  14.0 kt
06:00     2,2 m                                    9.0 kt

At 09:40 hrs commenced shut down of production.
At 11:00 hrs production shut down completed.

Meanwhile: 
Pressure tested kill and choke manifold, standpipe manifold, upper and lower IBOPs. 
Performed general maintenance and housekeeping.
Troubleshot leak on TDS oil cooler, repaired same.
Prepared riser guide funnel on deck.",VOLVE_DDR,15_9_F_1_B_2013_09_19.xml,XML_NODE_KEYWORD,MEDIUM
e6024df3-5f2d-4dba-80d5-31eed91e4a24,NO,NO 15/9-F-1 B,name 2013-09-18T13:45:00+02:00,name 2013-09-18T15:00:00+02:00,0,0,NPT,"Waited on the crane handling supply vessel.
Meanwhile performed general maintenance and housekeeping.",VOLVE_DDR,15_9_F_1_B_2013_09_19.xml,XML_NODE_KEYWORD,MEDIUM
20d10bc4-f6fd-4a53-8616-43beb07fad46,NO,NO 15/9-F-1 B,name 2013-09-19T02:15:00+02:00,name 2013-09-19T10:00:00+02:00,38,38,NPT,"Waiting on weather.

Time:     Significant waveheight:     Wind speed:
03:00     2,5 m                                  22,0 kt
06:00     2,2 m                                  16,0 kt
09:00     2,1 m                                  10,0 kt     

Meanwhile performing planned maintenance and housekeeping.
Replaced faulty fingers in DP fingerboard.
Performed pre-job meeting prior to run production riser.",VOLVE_DDR,15_9_F_1_B_2013_09_20.xml,XML_NODE_KEYWORD,MEDIUM
6c945320-37b3-462f-ba20-3effaff223f5,NO,NO 15/9-F-1 B,name 2013-09-20T16:45:00+02:00,name 2013-09-21T00:00:00+02:00,0,0,NPT,"Waited on parts for cutting tool.

Meanwhile performed planned maintenance and housekeeping.
Moved multi bowl to drill floor.
Transferred X-mass tree from deck to moonpool.",VOLVE_DDR,15_9_F_1_B_2013_09_21.xml,XML_NODE_KEYWORD,MEDIUM
5e18d00c-fbd0-4b90-a7b3-208fcad219df,NO,NO 15/9-F-1 B,name 2013-09-21T00:00:00+02:00,name 2013-09-21T03:45:00+02:00,0,0,NPT,"Waited on parts for cutting tool.

Meanwhile performed planned maintenance and housekeeping.",VOLVE_DDR,15_9_F_1_B_2013_09_22.xml,XML_NODE_KEYWORD,MEDIUM
fa362da4-5478-4106-8acc-1de355a7d007,NO,NO 15/9-F-1 B,name 2013-09-24T17:45:00+02:00,name 2013-09-24T18:00:00+02:00,650,650,EQUIPMENT_FAILURE,Repaired sensor on HTS.,VOLVE_DDR,15_9_F_1_B_2013_09_25.xml,XML_NODE_KEYWORD,MEDIUM
6c90d78a-3a32-40fc-90e2-c16f8fcc3f4b,NO,NO 15/9-F-1 B,name 2013-09-30T04:30:00+02:00,name 2013-09-30T07:00:00+02:00,0,0,STUCK_PIPE,"Rigged up and prepared equipment for perforation.
Made up perforation tool string and tested same.

Meanwhile:
Filled lubricator with MEG.
Leak tested WL lubricator and Quick Test Sub rig up to 30 / 200 bar - 5 /10 minutes.
Observed WL string stuck.",VOLVE_DDR,15_9_F_1_B_2013_10_01.xml,XML_NODE_KEYWORD,HIGH
afe69f65-ca51-4429-872b-8b29dacbebe1,NO,NO 15/9-F-1 B,name 2013-09-30T07:00:00+02:00,name 2013-09-30T10:00:00+02:00,0,0,STUCK_PIPE,"Observed WL string stuck.Not able to pull through lubricator tubes.
Broke QTS sub and released wire and tool.
Re-tested WL lubricator and Quick Test Sub rig up to 30 / 200 bar - 5 /10 minutes.",VOLVE_DDR,15_9_F_1_B_2013_10_01.xml,XML_NODE_KEYWORD,HIGH
38e0e3dc-262d-4e8f-a9a1-b9bc1c050ca7,NO,NO 15/9-F-1 B,name 2013-10-03T19:00:00+02:00,name 2013-10-03T20:00:00+02:00,0,0,NPT,Monitored and bled off WHP f/90 - 60 bar while waiting on decision for next operation.,VOLVE_DDR,15_9_F_1_B_2013_10_04.xml,XML_NODE_KEYWORD,MEDIUM
5c7be33a-c57f-4011-ba24-a0c8861f413e,NO,NO 15/9-F-1 B,name 2013-10-04T13:15:00+02:00,name 2013-10-04T19:00:00+02:00,0,0,NPT,"Waited on new seal rings for perforation toolstring, ETA Maersk Inspirer 19:00 hrs w/ helicopter.

Meanwhile performed general rig maintenance.
Opened BOP ram doors. Inspected and measured rams and cavities.",VOLVE_DDR,15_9_F_1_B_2013_10_05.xml,XML_NODE_KEYWORD,MEDIUM
0fd89914-df87-4851-a6af-3798704bcc44,NO,NO 15/9-F-1 B,name 2013-10-04T19:00:00+02:00,name 2013-10-05T00:00:00+02:00,0,0,NPT,"Waited on new seal rings for perforation toolstring. Helicopter cancelled due to fog. New ETA for seal rings 07:00 hrs w/ supply boat Rem Hrist.

Meanwhile performed general rig maintenance.
Cleaned and inspected all BOP seals prior to closing ram doors. Closed ram doors and prepared BOP for pressure testing.
Installed scaffold under NT-2 connector.
Torqued up bolts on standpipe valve #6.",VOLVE_DDR,15_9_F_1_B_2013_10_05.xml,XML_NODE_KEYWORD,MEDIUM
78b475d5-a707-4fbf-b0fe-daa36482980e,NO,NO 15/9-F-1 B,name 2013-10-05T00:00:00+02:00,name 2013-10-05T07:00:00+02:00,0,0,NPT,"Waited on new seal rings for perforation toolstring.

Meanwhile performed general rig maintenance.
Prepared BOP for pressure testing.
Performed pressure testing of standpipe manifold and BOP.",VOLVE_DDR,15_9_F_1_B_2013_10_06.xml,XML_NODE_KEYWORD,MEDIUM
66d8a539-5c8b-4577-8d81-8762c07e1053,NO,NO 15/9-F-1 B,name 2013-12-21T15:20:00+01:00,name 2013-12-21T17:15:00+01:00,0,0,ABNORMAL_OPERATION,"Leak tested XMT cross to 120 bar for 10 min. Negative. Had problem getting good high pressure leak test. Opened/closed HMV two times with MMV closed. Opened MMV and leak tested XMT cross to 120 bar for 10 min. Negative. Opened/closed PWV three times. Pumped up XMT cross with max rate up to 160 bar, pressure dropped and stabilized at 120 bar. Leak tested XMT cross to 120 bar for 10 min.",VOLVE_DDR,15_9_F_1_B_2013_12_22.xml,XML_NODE_KEYWORD,LOW
8451339a-d721-4b32-8791-7a7a582f111c,NO,NO 15/9-F-1 B,name 2013-12-23T03:15:00+01:00,name 2013-12-23T03:45:00+01:00,0,0,KICK,"Performed TBT and well controll drill prior to P/U and install BHA#2, 4.72"" OD guns into lubricator.",VOLVE_DDR,15_9_F_1_B_2013_12_24.xml,XML_NODE_KEYWORD,HIGH
2b2d3f47-ab10-43de-b69e-d1a73d8fb344,NO,NO 15/9-F-1 B,name 2014-02-04T00:00:00+01:00,name 2014-02-04T01:30:00+01:00,0,0,EQUIPMENT_FAILURE,"Attempted to P/U first 2 7/8"" joint from HTS. Unable to tilt and close center latch elevator, bail rotator not designed for this type of elevator. Evaluated different options. Attempted to tilt elevator using tugger. Unable to latch elevator. 
Discussed situation and decided to go ahead with TDS repair/change out of torque encoder.",VOLVE_DDR,15_9_F_1_B_2014_02_05.xml,XML_NODE_KEYWORD,MEDIUM
f064e63a-cbb1-4106-a19c-03ffbeadca51,NO,NO 15/9-F-1 B,name 2014-02-04T07:00:00+01:00,name 2014-02-04T09:30:00+01:00,0,0,EQUIPMENT_FAILURE,"Decided to repair TDS and prepare for production riser retrieval to meet upcoming weather window.
Maersk technical crew continued to test TDS and troubleshot fault.",VOLVE_DDR,15_9_F_1_B_2014_02_05.xml,XML_NODE_KEYWORD,MEDIUM
62096820-59ad-43b4-aae4-ae51f5781d09,NO,NO 15/9-F-1 B,name 2014-02-05T16:45:00+01:00,name 2014-02-05T18:15:00+01:00,26,26,STUCK_PIPE,"Evaluated situation. Discussed situation w/ onshore organisation and DrilQuip technical support.
Decision made to break out tieback adapter and recover same with stuck DQ tool.",VOLVE_DDR,15_9_F_1_B_2014_02_06.xml,XML_NODE_KEYWORD,HIGH
688e6f6c-d01d-4afb-9d7a-9decbc0b8a9f,NO,NO 15/9-F-1 B,name 2014-02-05T18:45:00+01:00,name 2014-02-05T19:45:00+01:00,0,0,STUCK_PIPE,"POOH w/ 10 3/4"" tieback and stuck adjustable setting tool on 5 1/2"" DP stand. B/O double and R/B same in double latch.",VOLVE_DDR,15_9_F_1_B_2014_02_06.xml,XML_NODE_KEYWORD,HIGH
262f3f09-4dff-4057-bb46-3c0e571d646a,NO,NO 15/9-F-1 B,name 2014-02-06T01:00:00+01:00,name 2014-02-06T01:15:00+01:00,140,140,STUCK_PIPE,"Performed TBT for B/U and handling of casing hanger, stuck DQ tool and DP joint in one assembly.",VOLVE_DDR,15_9_F_1_B_2014_02_07.xml,XML_NODE_KEYWORD,HIGH
0616c8e8-420d-4cf3-9c6c-58d982f39c99,NO,NO 15/9-F-1 B,name 2014-02-07T04:30:00+01:00,name 2014-02-07T06:00:00+01:00,0,0,NPT,"Waiting on crane and supply vessel to clear congested decks and drill floor due poor weather conditions in the past few days.
Maenwhile prepare to retreive HP production risers.",VOLVE_DDR,15_9_F_1_B_2014_02_08.xml,XML_NODE_KEYWORD,MEDIUM
bafc4e35-a1cc-4345-b7f9-34f2bafdb127,NO,NO 15/9-F-1 B,name 2014-02-07T06:00:00+01:00,name 2014-02-07T08:15:00+01:00,0,0,NPT,"Waiting on crane and supply vessel to clear congested decks and drill floor due poor weather conditions in the past few days.
Meanwhile held TBT and landed BOP on NT2 connector. Isolated TDS. Performed rig floor PMs.",VOLVE_DDR,15_9_F_1_B_2014_02_08.xml,XML_NODE_KEYWORD,MEDIUM
09cd0532-c819-46b0-9764-4ce2c08fddd4,NO,NO 15/9-F-1 B,name 2014-02-07T15:00:00+01:00,name 2014-02-07T15:30:00+01:00,0,0,NPT,Waited on deck to prepare for receiving Risers from drillfloor.,VOLVE_DDR,15_9_F_1_B_2014_02_08.xml,XML_NODE_KEYWORD,MEDIUM
b686a151-c45e-4e93-bf37-1a815ab4a7d5,NO,NO 15/9-F-1 B,name 2014-02-08T00:00:00+01:00,name 2014-02-08T00:30:00+01:00,0,0,NPT,"Waited on weather.
Meanwhile:
Isolated system and held TBT for TDS brake disc job.",VOLVE_DDR,15_9_F_1_B_2014_02_09.xml,XML_NODE_KEYWORD,MEDIUM
67fc86db-9bcf-42fc-a774-a0d1a1ddab59,NO,NO 15/9-F-1 B,name 2014-02-08T00:30:00+01:00,name 2014-02-08T06:00:00+01:00,0,0,NPT,"Waited on weather.
Meanwhile:
Performed job on TDS brake disc.
Simultaneously ran Riser Guide Funnel and landed same onto Wellhead. Installed debris cap.",VOLVE_DDR,15_9_F_1_B_2014_02_09.xml,XML_NODE_KEYWORD,MEDIUM
2a56174e-d2f1-4c20-bb93-bd973c7bf9cf,NO,NO 15/9-F-1 B,name 2014-02-08T06:00:00+01:00,name 2014-02-08T13:30:00+01:00,0,0,NPT,"Waited on weather.
Meanwhile:
Performed job on TDS brake disc. Tested same.
Simultaneously M/U BOP NT2 connector. Startet to pressure test BOP to 20/345 bar for 5/10 min.
ROV installed VX ring.",VOLVE_DDR,15_9_F_1_B_2014_02_09.xml,XML_NODE_KEYWORD,MEDIUM
2289e498-bdb0-419b-9a93-fa811e1b357e,NO,NO 15/9-F-1 B,name 2014-02-08T13:30:00+01:00,name 2014-02-08T19:00:00+01:00,0,0,NPT,"Waited on Weather.
Meanwhile continued testing BOP to 20/345 bar for 5/10 min. Performed general PMs and cleaned and cleared in drilling areas.",VOLVE_DDR,15_9_F_1_B_2014_02_09.xml,XML_NODE_KEYWORD,MEDIUM
9e3024ca-38ab-416d-80ab-e21fcde7d468,NO,NO 15/9-F-1 B,name 2014-02-08T19:00:00+01:00,name 2014-02-08T21:30:00+01:00,0,0,NPT,"Waited on Weather.
Meanwhile held TBT and pulled Hotstab lines from Moonpool to rigfloor. Function tested Drilling Riser Connector. Held TBT and L/D Connector to deck.",VOLVE_DDR,15_9_F_1_B_2014_02_09.xml,XML_NODE_KEYWORD,MEDIUM
1d0da23f-b035-4d32-972e-bc6698ea4146,NO,NO 15/9-F-1 B,name 2014-02-08T21:30:00+01:00,name 2014-02-09T00:00:00+01:00,0,0,NPT,"Waited on Weather.
Tested Kelly hose, lower and upper IBOP to 20/345 bar for 5/10 min. Performed general PMs and cleaned and cleared in drilling areas.",VOLVE_DDR,15_9_F_1_B_2014_02_09.xml,XML_NODE_KEYWORD,MEDIUM
4cb36af7-21d5-4902-9393-1cd45ebb569f,NO,NO 15/9-F-1 B,name 2014-02-09T00:00:00+01:00,name 2014-02-09T04:00:00+01:00,0,0,NPT,"Waited on Weather.
Meanwhile tested manifolds to 20/345 bar for 5/10 min.. 
Performed general PMs and cleaned and cleared in drilling areas. Performed service on PRS and TDS.",VOLVE_DDR,15_9_F_1_B_2014_02_10.xml,XML_NODE_KEYWORD,MEDIUM
c102c10e-3639-4a82-bb58-de100c3b451f,NO,NO 15/9-F-1 B,name 2014-02-09T04:00:00+01:00,name 2014-02-09T06:00:00+01:00,0,0,NPT,"Waited on Weather.
Meanwhile held TBT and P/U Drilling Riser Connector. Changed out casing tong to 2 7/8"".",VOLVE_DDR,15_9_F_1_B_2014_02_10.xml,XML_NODE_KEYWORD,MEDIUM
25736e33-d15e-4df6-b440-044b53ca7633,NO,NO 15/9-F-1 B,name 2014-02-09T06:00:00+01:00,name 2014-02-09T21:00:00+01:00,0,0,NPT,"Waited on Weather.
Meanwhile moved XMT. Performed general maintenance and cleaned and cleared in drilling areas. Assisted deckcrew preparing backload. Pressure tested Choke manifold to 20/345 bar for 5/10 min.",VOLVE_DDR,15_9_F_1_B_2014_02_10.xml,XML_NODE_KEYWORD,MEDIUM
e0fd8a47-1963-48bd-84ce-3d8fc3d31f3a,NO,NO 15/9-F-1 B,name 2014-02-09T21:00:00+01:00,name 2014-02-09T22:00:00+01:00,0,0,NPT,"Waited on Weather.
Meanwhile re-function tested Drilling Riser Connector.",VOLVE_DDR,15_9_F_1_B_2014_02_10.xml,XML_NODE_KEYWORD,MEDIUM
33f808f3-8185-4871-b1c5-ada3c6b65882,NO,NO 15/9-F-1 B,name 2014-02-09T22:00:00+01:00,name 2014-02-10T00:00:00+01:00,0,0,NPT,"Waited on Weather.
Meanwhile performed general maintenance and cleaned and cleared in drilling areas. Continued pressure testing Choke manifold to 20/345 bar for 5/10 min.",VOLVE_DDR,15_9_F_1_B_2014_02_10.xml,XML_NODE_KEYWORD,MEDIUM
cfe3fd51-fc4c-4313-b159-46f7c925e758,NO,NO 15/9-F-1 B,name 2014-02-10T00:00:00+01:00,name 2014-02-10T05:00:00+01:00,0,0,NPT,"Waited on Weather.
Meanwhile performed general maintenance and cleaned and cleared in drilling areas.
Production shut down at 05:00 hrs.",VOLVE_DDR,15_9_F_1_B_2014_02_11.xml,XML_NODE_KEYWORD,MEDIUM
c17d86e1-7543-49e5-b334-58a4f2b847d9,NO,NO 15/9-F-1 B,name 2014-02-12T03:15:00+01:00,name 2014-02-12T03:30:00+01:00,605,605,KICK,Held TBT prior to pulling plug with focus on well control.,VOLVE_DDR,15_9_F_1_B_2014_02_13.xml,XML_NODE_KEYWORD,HIGH
dec7f727-991c-4cc6-9005-bb3ff926d3c3,NO,NO 15/9-F-1 B,name 2014-02-12T03:30:00+01:00,name 2014-02-12T04:30:00+01:00,605,605,EQUIPMENT_FAILURE,Trouble shoot BOP UPS failure alarm.,VOLVE_DDR,15_9_F_1_B_2014_02_13.xml,XML_NODE_KEYWORD,MEDIUM
ec2e696c-d11c-47ec-8eb8-917cc3b62a75,NO,NO 15/9-F-1 B,name 2014-02-12T05:30:00+01:00,name 2014-02-12T06:00:00+01:00,617,617,NPT,"Applied 3 RPM and latched onto plug.
Applied 30 bar pressure on DP before opening plug.
Confirmed latch with 10 T overpull. Waited 10 min for plug element to retract.",VOLVE_DDR,15_9_F_1_B_2014_02_13.xml,XML_NODE_KEYWORD,MEDIUM
80ef0434-f0ad-404e-8287-0b28a553da20,NO,NO 15/9-F-1 B,name 2014-02-12T18:30:00+01:00,name 2014-02-12T18:45:00+01:00,350,350,KICK,Changed dies in casing tong. Broke down well control assy. M/U XO with casing tong.,VOLVE_DDR,15_9_F_1_B_2014_02_13.xml,XML_NODE_KEYWORD,HIGH
d0f42fcf-389e-4448-a208-413063f6f44b,NO,NO 15/9-F-1 B,name 2014-02-13T06:00:00+01:00,name 2014-02-13T07:00:00+01:00,3144,3144,NPT,"Pumped 8 m3 1,60 SG spacer with rig pump.
Changed lineup to cement unit. Applied 30 bar behind IBOP.
Waited for crewchange.",VOLVE_DDR,15_9_F_1_B_2014_02_14.xml,XML_NODE_KEYWORD,MEDIUM
fdc5b171-51da-4cc2-9639-278655cd98a2,NO,NO 15/9-F-1 B,name 2014-02-13T11:30:00+01:00,name 2014-02-13T12:00:00+01:00,2490,2490,KICK,"Performed kick drill while flowchecking well on triptank for 15 min. Well static.
Pumped 3 m3 slug and chased same.",VOLVE_DDR,15_9_F_1_B_2014_02_14.xml,XML_NODE_KEYWORD,HIGH
51d76be4-c3ea-4ab8-81f2-adf75228ab73,NO,NO 15/9-F-1 B,name 2014-02-13T13:15:00+01:00,name 2014-02-13T14:00:00+01:00,1200,1200,ABNORMAL_OPERATION,"POOH cement stinger on 5 1/2"" DP from 1800 to 1200 m.
PRS encoder problems occured.",VOLVE_DDR,15_9_F_1_B_2014_02_14.xml,XML_NODE_KEYWORD,LOW
dab45ab3-c8c4-4e08-a8be-324b922a5193,NO,NO 15/9-F-1 B,name 2014-02-13T14:00:00+01:00,name 2014-02-13T14:15:00+01:00,1300,1300,ABNORMAL_OPERATION,Changed from aft PRS to forward PRS due to encoder problem.,VOLVE_DDR,15_9_F_1_B_2014_02_14.xml,XML_NODE_KEYWORD,LOW
db614cdf-c3a3-4239-8750-ed10bd69f0c3,NO,NO 15/9-F-1 B,name 2014-02-13T19:45:00+01:00,name 2014-02-13T20:15:00+01:00,110,110,EQUIPMENT_FAILURE,Repaired leaking hydraulic fitting on BX elevator.,VOLVE_DDR,15_9_F_1_B_2014_02_14.xml,XML_NODE_KEYWORD,MEDIUM
ede61d9c-6492-488f-a760-67a951ffee28,NO,NO 15/9-F-1 B,name 2014-02-14T05:00:00+01:00,name 2014-02-14T05:15:00+01:00,2188,2188,KICK,"Performed kick drill. 
Stabbed FOSV and closed same in 55 sec.",VOLVE_DDR,15_9_F_1_B_2014_02_15.xml,XML_NODE_KEYWORD,HIGH
137499d8-410a-406d-9a4a-d35be27e46c5,NO,NO 15/9-F-1 B,name 2014-02-14T23:45:00+01:00,name 2014-02-15T00:00:00+01:00,534,534,EQUIPMENT_FAILURE,Repaired leaking hose on forward PRS.,VOLVE_DDR,15_9_F_1_B_2014_02_15.xml,XML_NODE_KEYWORD,MEDIUM
4fd5d1d4-5b50-4d1e-97a0-92d68a3c223c,NO,NO 15/9-F-1 B,name 2014-02-15T00:00:00+01:00,name 2014-02-15T01:30:00+01:00,534,534,EQUIPMENT_FAILURE,Continued repairing leaking hose on PRS.,VOLVE_DDR,15_9_F_1_B_2014_02_16.xml,XML_NODE_KEYWORD,MEDIUM
4e45375a-b601-434e-b04e-c0dc528e7096,NO,NO 15/9-F-1 B,name 2014-02-15T02:00:00+01:00,name 2014-02-15T03:45:00+01:00,815,815,NPT,"Waited on Weather due to wind above the 65 knots limitation of PRS.
Monitored well on Trip Tank.",VOLVE_DDR,15_9_F_1_B_2014_02_16.xml,XML_NODE_KEYWORD,MEDIUM
9510d864-038c-486b-8352-c2c07682a41b,NO,NO 15/9-F-1 B,name 2014-02-15T21:00:00+01:00,name 2014-02-15T21:15:00+01:00,119,119,KICK,"Performed kick drill.
Stabbed FOSV and closed same in 55 sec.",VOLVE_DDR,15_9_F_1_B_2014_02_16.xml,XML_NODE_KEYWORD,HIGH
aafdc2e8-d06e-4674-a7eb-dc9f18969bdf,NO,NO 15/9-F-1 B,name 2014-02-16T07:15:00+01:00,name 2014-02-16T08:45:00+01:00,1314,1314,ABNORMAL_OPERATION,"Rigged up handling equipment for 10 3/4"" casing.
Problems with tong occured.",VOLVE_DDR,15_9_F_1_B_2014_02_17.xml,XML_NODE_KEYWORD,LOW
b3300412-7895-45a8-bc97-fc8e0746b723,NO,NO 15/9-F-1 B,name 2014-02-16T09:45:00+01:00,name 2014-02-16T11:00:00+01:00,1314,1314,EQUIPMENT_FAILURE,"Trouble shot issues with casing door function. Changed out tong.
Coupling between Tong and IRN failed.",VOLVE_DDR,15_9_F_1_B_2014_02_17.xml,XML_NODE_KEYWORD,MEDIUM
fe49e930-ce72-491f-b825-7cfae9618289,NO,NO 15/9-F-1 B,name 2014-02-16T11:00:00+01:00,name 2014-02-16T11:45:00+01:00,1314,1314,EQUIPMENT_FAILURE,Coupling between Tong and IRN failed. Fixed same.,VOLVE_DDR,15_9_F_1_B_2014_02_17.xml,XML_NODE_KEYWORD,MEDIUM
3b63ae7c-4c55-43ca-b06b-dd0b5c9bcc46,NO,NO 15/9-F-1 B,name 2014-02-16T22:00:00+01:00,name 2014-02-16T22:30:00+01:00,850,850,ABNORMAL_OPERATION,Troubleshot problems with casing tong. Not able to run in automatic mode.,VOLVE_DDR,15_9_F_1_B_2014_02_17.xml,XML_NODE_KEYWORD,LOW
d0b36c05-de3e-40b4-a9ad-511cf65bfbb7,NO,NO 15/9-F-1 B,name 2014-02-20T07:30:00+01:00,name 2014-02-20T09:45:00+01:00,1302,1302,NPT,"WOC.
Circulated btm's up and clean. Started to wait on cement.",VOLVE_DDR,15_9_F_1_B_2014_02_21.xml,XML_NODE_KEYWORD,MEDIUM
2b84ab25-25c4-4115-a751-7cdeef52e8e0,NO,NO 15/9-F-1 C,name 2014-02-22T00:00:00+01:00,name 2014-02-22T02:00:00+01:00,1522,1522,NPT,"Drilled 17 1/2"" hole from 1502 m to 1522 m with 4000 lpm, 240 bar, 130 rpm, 7-11 kNm, 2-3 WOB. Controled ROP 12 m/hr due to waiting on weather to discharge cuttings to cuttings vessel. ECD 1,43 SG. Max gas 0,03 %. Obtained surveys as required.",VOLVE_DDR,15_9_F_1_C_2014_02_23.xml,XML_NODE_KEYWORD,MEDIUM
b1a460c2-3fbe-4e75-99d9-5f7c07d23ccb,NO,NO 15/9-F-1 C,name 2014-02-22T02:30:00+01:00,name 2014-02-22T03:45:00+01:00,1531,1531,NPT,"Drilled 17 1/2"" hole from 1522 m to 1531 m with 4000 lpm, 240 bar, 130 rpm, 5-7 kNm, 10 WOB. Controled ROP 12 m/hr due to waiting on weather to discharge cuttings to cuttings vessel. ECD 1,43 SG. Max gas 0,03 %. Obtained surveys as required.",VOLVE_DDR,15_9_F_1_C_2014_02_23.xml,XML_NODE_KEYWORD,MEDIUM
f83d66c9-2e4c-46e9-b08a-41938093c1ac,NO,NO 15/9-F-1 C,name 2014-02-22T04:00:00+01:00,name 2014-02-22T05:00:00+01:00,1540,1540,NPT,"Drilled 17 1/2"" hole from 1531 m to 1540 m with 4000 lpm, 240 bar, 130 rpm, 6-15 kNm, 10 WOB. Controled ROP 12 m/hr due to waiting on weather to discharge cuttings to cuttings vessel.. ECD 1,44 SG. Max gas 0,02 %. Obtained surveys as required.",VOLVE_DDR,15_9_F_1_C_2014_02_23.xml,XML_NODE_KEYWORD,MEDIUM
8778461b-e3bf-436e-af4b-55d06f376b17,NO,NO 15/9-F-1 C,name 2014-02-22T05:00:00+01:00,name 2014-02-22T06:00:00+01:00,1540,1540,NPT,"Waited one weather, not able to discharge cuttings to vessel due to bad weather.                           Circulated btm's up due to full iso tanks with 4000 lpm, 235 bar, 130-140 rpm, 3-6 kNm. ECD 1,43 SG. Max gas 0,02 %. Reciprocated pipe.",VOLVE_DDR,15_9_F_1_C_2014_02_23.xml,XML_NODE_KEYWORD,MEDIUM
f9a258a0-b1fd-4398-b34d-4d33a0b567a5,NO,NO 15/9-F-1 C,name 2014-02-22T10:00:00+01:00,name 2014-02-22T10:30:00+01:00,1321,1321,KICK,"WOW.
POOH with 17 1/2"" BHA on 5 1/2"" DP from 1509 m to 1321 m, 27 m inside 20"" shoe. No drag observed when entered 20"" shoe at 1348 m.
Performed kick drill with crew",VOLVE_DDR,15_9_F_1_C_2014_02_23.xml,XML_NODE_KEYWORD,HIGH
eafae5b4-5811-4016-b491-f5bf24cf3f4c,NO,NO 15/9-F-1 C,name 2014-02-23T01:00:00+01:00,name 2014-02-23T04:45:00+01:00,1684,1684,NPT,"Waited one weather, not able to discharge cuttings to vessel due to bad weather.
Circulated btm's up due to full iso tanks with 4200 lpm, 257 bar, 130 rpm, 4-6 kNm. ECD 1,42 SG. Max gas 0,01 %. Reciprocated pipe from 1684 m to 1644 m. Total volume pumped 821 m3.",VOLVE_DDR,15_9_F_1_C_2014_02_24.xml,XML_NODE_KEYWORD,MEDIUM
d99ff3fa-252f-4c40-a55a-e83a994554ab,NO,NO 15/9-F-1 C,name 2014-02-23T08:00:00+01:00,name 2014-02-23T08:15:00+01:00,1320,1320,KICK,"WOW.
Performed kick drill with crew.",VOLVE_DDR,15_9_F_1_C_2014_02_24.xml,XML_NODE_KEYWORD,HIGH
17739d36-e5f6-46b6-8064-397ce39c3ce3,NO,NO 15/9-F-1 C,name 2014-02-24T00:00:00+01:00,name 2014-02-24T06:00:00+01:00,1320,1320,NPT,"Waited one weather, not able to discharge cuttings to vessel due to bad weather.
Performed high wind checks.
General rig service and preventive maintenance on drilling equipment.
Cleaned drilling modul, pump room, pit rom and shakers areas.",VOLVE_DDR,15_9_F_1_C_2014_02_25.xml,XML_NODE_KEYWORD,MEDIUM
987631bb-a893-446b-a75b-a9d3d4f65071,NO,NO 15/9-F-1 C,name 2014-02-25T10:00:00+01:00,name 2014-02-25T11:30:00+01:00,1864,1864,NPT,"Waited one weather, not able to discharge cuttings to vessel due to bad weather.
Circulated btm's up due to full iso tanks with 4300 lpm, 285 bar, 130 rpm, 4-10 kNm. ECD 1,43 SG. Max gas 0,06 %. Reciprocated pipe from 1684 m to 1644 m. Total volume pumped 282 m3.",VOLVE_DDR,15_9_F_1_C_2014_02_26.xml,XML_NODE_KEYWORD,MEDIUM
87ed4332-dea3-4fcb-b307-90047aefe632,NO,NO 15/9-F-1 C,name 2014-02-26T00:45:00+01:00,name 2014-02-26T05:00:00+01:00,2088,2088,NPT,"Waited one weather from 00:45 to 04:15 hrs. 
Not able to discharge cuttings to vessel due to bad weather.
Circulated well clean with with 4200 lpm, 265 bar, 130 rpm, 4-6 kNm. ECD 1,44 SG. Max gas 0,02 %.",VOLVE_DDR,15_9_F_1_C_2014_02_27.xml,XML_NODE_KEYWORD,MEDIUM
2725c133-30bc-41cc-bd76-ae5cb06321bc,NO,NO 15/9-F-1 C,name 2014-02-27T08:45:00+01:00,name 2014-02-27T12:00:00+01:00,2088,2088,ABNORMAL_OPERATION,"Problem with aft PRS, reset and parked same. Use fwd PRS, unplanned release of stand into derrick.
 
Hold SJA meeting and Tool box talk prior to retrieving stand.

Retrieved stand from Derrick as per plan/Procedure.

Rotated drill string every 15/30 mins ,4 kNm free torque observed.",VOLVE_DDR,15_9_F_1_C_2014_02_28.xml,XML_NODE_KEYWORD,LOW
0a3cff14-75d4-4c80-b3e3-a1639f17c3b1,NO,NO 15/9-F-1 C,name 2014-03-01T09:15:00+01:00,name 2014-03-01T11:30:00+01:00,2507.8,2507.8,MUD_LOSS,"Circulated 1 x casing 195 m3 with 2500 lpm, 35 bar. No losses observed.
Performed pre-job meeting prior to perform cement job.
Surface line tested to 27 bar.
Trapped 20 bar behind lower IBOP.",VOLVE_DDR,15_9_F_1_C_2014_03_02.xml,XML_NODE_KEYWORD,HIGH
5757513d-c38f-4543-9874-73d4c15fc4c8,NO,NO 15/9-F-1 C,name 2014-03-03T09:00:00+01:00,name 2014-03-03T10:15:00+01:00,2474,2474,NPT,"WOW.
Waited on deck crane. 
Pick up off bottom due to unable to arrange cutting skip with crane. Continued to displace well to 1.28 SG OBM with 3000 lpm, 190 bar. Cement cuttings to skips.",VOLVE_DDR,15_9_F_1_C_2014_03_04.xml,XML_NODE_KEYWORD,MEDIUM
451067c7-11c9-41a9-b359-4e006983697c,NO,NO 15/9-F-1 C,name 2014-03-05T01:30:00+01:00,name 2014-03-05T02:00:00+01:00,3042,3042,ABNORMAL_OPERATION,"Pulled back to 3042 m. Set slips, B/O DP single and retracted TDS prior to drop gyro. Problem with Gyro communication prior to P/U. M/U DP single.",VOLVE_DDR,15_9_F_1_C_2014_03_06.xml,XML_NODE_KEYWORD,LOW
e6609234-9f71-41a8-ae34-5220a43a08df,NO,NO 15/9-F-1 C,name 2014-03-07T20:45:00+01:00,name 2014-03-07T21:15:00+01:00,3047,3047,MUD_LOSS,Decreased flow to 1500 l/min/ 35 bar due to potential slight losses. Circulated tot. 115 m3.,VOLVE_DDR,15_9_F_1_C_2014_03_08.xml,XML_NODE_KEYWORD,HIGH
88110f51-c083-4122-82ac-96f1d09d1758,NO,NO 15/9-F-1 C,name 2014-03-07T22:45:00+01:00,name 2014-03-08T00:00:00+01:00,3047,3047,MUD_LOSS,"Displaced cement with 1500 l/min and 14 - 47 bar 1,28 sg OBM using rig pumps. Encountered losses and reduced rate to 1400 l/min, 48 - 54 bar. Reduced rate further to 1300 l/min, 52 - 71 bar. Bottom plug sheared after 4490 strokes with 153 bar. 
Reduced rate on last 2 m3 to 500 l/min, 53 bar. Bumped top plug after 5170 strokes/112 m3 (94,9 % eff).
Lost 8 m3 during displacement.",VOLVE_DDR,15_9_F_1_C_2014_03_08.xml,XML_NODE_KEYWORD,HIGH
f76d13b9-4ef4-49f4-8686-6bdd18a164da,NO,NO 15/9-F-1 C,name 2014-03-08T22:00:00+01:00,name 2014-03-09T00:00:00+01:00,0,0,EQUIPMENT_FAILURE,Commenced annular BOP repair. Removed annular top housing using dual lifting arrangement with chain hoists and moonpool overhead crane.,VOLVE_DDR,15_9_F_1_C_2014_03_09.xml,XML_NODE_KEYWORD,MEDIUM
930d3cbb-34ef-43e7-8d1e-f06ba342bcd4,NO,NO 15/9-F-1 C,name 2014-03-11T10:00:00+01:00,name 2014-03-11T10:15:00+01:00,3033,3033,NPT,Waited on gyro survey as per Scientific instructions.,VOLVE_DDR,15_9_F_1_C_2014_03_12.xml,XML_NODE_KEYWORD,MEDIUM
45785d48-0d70-437b-a6c4-ab009a3657e4,NO,NO 15/9-F-1 C,name 2014-03-18T00:45:00+01:00,name 2014-03-18T02:00:00+01:00,4087,4087,MUD_LOSS,"Increased flow in steps to 1500 l/min/ 176 bar. Reduced rate to 1100 l/min, 155 bar after observing slight loss tendency. Verified rotation with 20 rpm, swivel still leaking. Stopped rotation.",VOLVE_DDR,15_9_F_1_C_2014_03_19.xml,XML_NODE_KEYWORD,HIGH
fee9418d-d515-48a7-b3a8-a586c6a17b99,NO,NO 15/9-F-1 C,name 2014-03-18T02:30:00+01:00,name 2014-03-18T04:45:00+01:00,4087,4087,MUD_LOSS,"Lined up through cement hose and verified line-up. Dropped dart # 1 for bottom plug. Mixed and pumped 18,4 m3 1,90 sg cement slurry w/ 650 l/min. Pumped 890 l drill water after cement job. Rotated liner while pumping cement, stoped rotation due to leaking swivel.

Released dart # 2 for top plug. Displaced cement with 900 l/min. Slowed down to 700 l/min prior to first dart releasing bottom WP at 570 strokes, 61 bar SPP. 
Continued pumping with 900 l/min/ 35 - 96 bar. Reduced pump rate at 1350 strokes to 700 l/min/ 67 bar. Observed second dart releasing top WP. Continued displacement with 1000 l/min. Established liner rotation with 20 rpm prior to cement entering the annulus. Lowered rate to 800 l/min after experiencing potential loss indications.
Slowed down to 500 l/min on the last 2 m3. Bumped the plug after 2430 strokes / 52,7 m3, 95 % pump efficiency, 120 bar. No losses to the formation.",VOLVE_DDR,15_9_F_1_C_2014_03_19.xml,XML_NODE_KEYWORD,HIGH
5fcc4013-0ae5-4e90-80a0-58a79aa09816,NO,NO 15/9-F-1 C,name 2014-03-21T06:00:00+01:00,name 2014-03-21T07:30:00+01:00,1487,1487,EQUIPMENT_FAILURE,"Continued POOH with Scraper assy on 5 1/2"" DP from 1871 to 1487 m while L/D drillpipe to deck.
HTS belt failed.",VOLVE_DDR,15_9_F_1_C_2014_03_22.xml,XML_NODE_KEYWORD,MEDIUM
efdcf2fe-1634-4689-a3e0-73831e2ae50d,NO,NO 15/9-F-1 C,name 2014-03-22T21:00:00+01:00,name 2014-03-23T00:00:00+01:00,0,0,NPT,"Waited on Weather window (12 hrs) for disconnecting and pulling HPDR.
Meanwhile performed maintenance and started to change out wire on aft PRS.",VOLVE_DDR,15_9_F_1_C_2014_03_23.xml,XML_NODE_KEYWORD,MEDIUM
77a3a2a8-915c-4918-a88c-5603a999c990,NO,NO 15/9-F-1 C,name 2014-03-23T00:00:00+01:00,name 2014-03-23T06:00:00+01:00,0,0,NPT,"Waited on Weather window (12 hrs) for disconnecting and pulling HPDR.
Meanwhile performed maintenance jobs and continued to change out wire on aft PRS.
Installed 2 guidewires.",VOLVE_DDR,15_9_F_1_C_2014_03_24.xml,XML_NODE_KEYWORD,MEDIUM
76a32bbf-a653-4e40-9316-c4501f9ed5fc,NO,NO 15/9-F-1 C,name 2014-03-23T06:00:00+01:00,name 2014-03-24T00:00:00+01:00,0,0,NPT,"Waited on Weather window (12 hrs) for disconnecting and pulling HPDR.
Meanwhile performed maintenance jobs and pressure tested BOP and manifolds to 20/345bar 5/10min. Spotted Well Partner equipment on rig floor.",VOLVE_DDR,15_9_F_1_C_2014_03_24.xml,XML_NODE_KEYWORD,MEDIUM
9524c1c0-feda-4583-b906-286d02bc527d,NO,NO 15/9-F-1 C,name 2014-03-24T00:00:00+01:00,name 2014-03-24T06:15:00+01:00,0,0,NPT,"Waited on Weather window (12 hrs) for disconnecting and pulling HPDR.
Meanwhile performed maintenance jobs and pressure tested manifolds to 20/345bar 5/10min.
Rigged up hot stab sheaves in moonpool.
Advised Production to shut down at 05:43 hrs.",VOLVE_DDR,15_9_F_1_C_2014_03_25.xml,XML_NODE_KEYWORD,MEDIUM
335a081e-23aa-45c6-a277-d4ccac1ed62a,NO,NO 15/9-F-1 C,name 2014-03-25T03:30:00+01:00,name 2014-03-25T04:45:00+01:00,12,12,NPT,"Due to limited deckspace, waited for loading a riser basket from boat and emptying it.
Problems with Port crane occured.",VOLVE_DDR,15_9_F_1_C_2014_03_26.xml,XML_NODE_KEYWORD,MEDIUM
7900f268-ccdb-4418-9488-db544ca7c7f0,NO,NO 15/9-F-1 C,name 2014-03-25T04:45:00+01:00,name 2014-03-25T17:15:00+01:00,0,0,EQUIPMENT_FAILURE,"Waited on Crane repair: Trouble shot problem with fluctating pressure on Port Crane emergency brake.
Started to change out pump.

Hoisted Tension joint above RKB. Closed spider and secured C-plates on top. Informed Production to start up at 13:00 hrs.

Meanwhile pressure tested TDS auto/man IBOP and Kelly hose to 20/345 bar for 5/10 min.
M/U RT for Production Riser to std and racked in derrick. Performed maintenance and derrick inspection.",VOLVE_DDR,15_9_F_1_C_2014_03_26.xml,XML_NODE_KEYWORD,MEDIUM
04623f05-bb69-4ac8-a600-18baa3e562d4,NO,NO 15/9-F-1 C,name 2014-03-26T00:00:00+01:00,name 2014-03-26T11:00:00+01:00,0,0,EQUIPMENT_FAILURE,"Waited on crane repair.
Meanwhile performed maintenance including 5 yearly on choke manifold valve C7.
Assisted on crane repair.",VOLVE_DDR,15_9_F_1_C_2014_03_27.xml,XML_NODE_KEYWORD,MEDIUM
c8e86dfc-6123-4d25-8019-bc0dd6f83406,NO,NO 15/9-F-1 C,name 2014-03-26T20:30:00+01:00,name 2014-03-26T21:30:00+01:00,0,0,NPT,Waited while deck personnel handled shuttle helicopter.,VOLVE_DDR,15_9_F_1_C_2014_03_27.xml,XML_NODE_KEYWORD,MEDIUM
cb088b60-82b7-4b63-9d66-0e4257d8c770,NO,NO 15/9-F-1 C,name 2014-03-26T23:00:00+01:00,name 2014-03-27T00:00:00+01:00,0,0,NPT,Waited on weather window for running Production Riser.,VOLVE_DDR,15_9_F_1_C_2014_03_27.xml,XML_NODE_KEYWORD,MEDIUM
995e00af-9f12-4732-9cfb-b05cc04ec85f,NO,NO 15/9-F-1 C,name 2014-03-27T00:00:00+01:00,name 2014-03-27T10:00:00+01:00,0,0,NPT,"Waited on weather window for running Production Riser.
Meanwhile cleaned  and cleared in drilling areas, and performed PMs.
Production advised to shut-down at 09:00 hrs.",VOLVE_DDR,15_9_F_1_C_2014_03_28.xml,XML_NODE_KEYWORD,MEDIUM
3c5ecc73-7bf9-478a-9adb-f8d05982ab53,NO,NO 15/9-F-1 C,name 2014-03-27T10:30:00+01:00,name 2014-03-27T11:30:00+01:00,0,0,NPT,Waiting on weather / Production shut down.,VOLVE_DDR,15_9_F_1_C_2014_03_28.xml,XML_NODE_KEYWORD,MEDIUM
f3c3288f-8ed0-4a7f-b9c1-1fdca5b57a5e,NO,NO 15/9-F-1 C,name 2014-03-27T14:30:00+01:00,name 2014-03-27T15:45:00+01:00,38,38,ABNORMAL_OPERATION,"Ran double Production Riser from 30 to 38 m (second double) and tested connection to 207 bar for 5 min.
Problems with port Crane occured.",VOLVE_DDR,15_9_F_1_C_2014_03_28.xml,XML_NODE_KEYWORD,LOW
e0aa0a9f-3f5f-4b84-af3b-3f887cb3748e,NO,NO 15/9-F-1 C,name 2014-03-27T18:15:00+01:00,name 2014-03-27T18:45:00+01:00,66,66,EQUIPMENT_FAILURE,Deck crew performed TOFS and evaluated use of port Crane due to earlier equipment failures.,VOLVE_DDR,15_9_F_1_C_2014_03_28.xml,XML_NODE_KEYWORD,MEDIUM
0f886605-1392-4e6e-8296-62a4c2aa9320,NO,NO 15/9-F-1 C,name 2014-03-27T19:15:00+01:00,name 2014-03-27T20:15:00+01:00,66,66,NPT,Waited due to deck personnel handling shuttle helicopter.,VOLVE_DDR,15_9_F_1_C_2014_03_28.xml,XML_NODE_KEYWORD,MEDIUM
5342ae6a-45f2-4813-988f-422539b486be,NO,NO 15/9-F-1 C,name 2014-03-29T10:30:00+01:00,name 2014-03-29T10:45:00+01:00,0,0,ABNORMAL_OPERATION,"P/U BOP test tool and M/U same.
RIH with Test tool to 20 m.
Problems getting test on Test tool.",VOLVE_DDR,15_9_F_1_C_2014_03_30.xml,XML_NODE_KEYWORD,LOW
adf80c86-02fd-48bf-87df-3ab17262bbc1,NO,NO 15/9-F-1 C,name 2014-03-29T13:45:00+01:00,name 2014-03-29T14:30:00+01:00,150,150,NPT,"Pumped 15 m3 hiVis and displaced same with seawater at 2500 LPM/5 bar.
Waited 10 min. Jetted area from 150 to 130 m with 3000 LPM/220 bar and 10 RPM/1-2 kNm.",VOLVE_DDR,15_9_F_1_C_2014_03_30.xml,XML_NODE_KEYWORD,MEDIUM
a7daec0c-49d8-4b10-85d6-56b7b17f3fbb,NO,NO 15/9-F-1 C,name 2014-03-31T02:45:00+02:00,name 2014-03-31T10:00:00+02:00,0,0,NPT,"Waited for equipment.
Meanwhile performed maintenance. Serviced drilling equipment. Washed down in drilling areas.",VOLVE_DDR,15_9_F_1_C_2014_04_01.xml,XML_NODE_KEYWORD,MEDIUM
7ff1dc60-6ac0-4f92-93e3-f4021029e9b4,NO,NO 15/9-F-1 C,name 2014-03-31T11:00:00+02:00,name 2014-03-31T11:15:00+02:00,0,0,NPT,Deck crew on helideck: Waited on crane.,VOLVE_DDR,15_9_F_1_C_2014_04_01.xml,XML_NODE_KEYWORD,MEDIUM
9d810c3c-d5d4-4000-9184-af20c06d1b21,NO,NO 15/9-F-1 C,name 2014-03-31T12:00:00+02:00,name 2014-03-31T12:45:00+02:00,145,145,NPT,Waited while HiVis pill was prepared.,VOLVE_DDR,15_9_F_1_C_2014_04_01.xml,XML_NODE_KEYWORD,MEDIUM
bb9e6891-88d2-449c-9d64-e8c12dd98ade,NO,NO 15/9-F-1 C,name 2014-03-31T19:00:00+02:00,name 2014-04-01T00:00:00+02:00,121,121,NPT,"Waited for equipment.
Meanwhile performed daily checks and washed down in shaker room and Pump room. Performed maintenance.",VOLVE_DDR,15_9_F_1_C_2014_04_01.xml,XML_NODE_KEYWORD,MEDIUM
3890fcc5-cdc3-416a-b626-42badc246bbf,NO,NO 15/9-F-1 C,name 2014-04-01T00:00:00+02:00,name 2014-04-01T09:00:00+02:00,121,121,NPT,"Waited for equipment.
Meanwhile performed daily checks and PMs. Washed down in Pump room, Sack store and Moonpool.
Removed ROV equipment from Moonpool.",VOLVE_DDR,15_9_F_1_C_2014_04_02.xml,XML_NODE_KEYWORD,MEDIUM
5d9cd360-3be0-4dee-9523-d032aa6551c7,NO,NO 15/9-F-1 C,name 2014-04-02T12:00:00+02:00,name 2014-04-02T13:30:00+02:00,27,27,ABNORMAL_OPERATION,Brainstorm. Discussed problem with town.,VOLVE_DDR,15_9_F_1_C_2014_04_03.xml,XML_NODE_KEYWORD,LOW
746cb31c-4cae-4705-8e2c-f50e4ceed842,NO,NO 15/9-F-1 C,name 2014-04-06T06:00:00+02:00,name 2014-04-06T07:00:00+02:00,2931,2931,EQUIPMENT_FAILURE,"Lined up kill test line to cement unit. Pressure tested kill test line to 35/345 bar, 5/10 min. Test failed.
Flushed line and prepared for re-testing of line.",VOLVE_DDR,15_9_F_1_C_2014_04_07.xml,XML_NODE_KEYWORD,MEDIUM
998ffd96-7913-4530-a5e9-7f3f1a0c5d7b,NO,NO 15/9-F-1 C,name 2014-04-06T12:30:00+02:00,name 2014-04-06T13:30:00+02:00,2912,2912,NPT,Latched onto EVO plug @ 2912 m. Work free plug. Waited to allow element to relax.,VOLVE_DDR,15_9_F_1_C_2014_04_07.xml,XML_NODE_KEYWORD,MEDIUM
2f07afe8-f42b-4c5c-a16a-67045ad576e3,NO,NO 15/9-F-1 C,name 2014-04-07T06:00:00+02:00,name 2014-04-07T09:00:00+02:00,0,0,EQUIPMENT_FAILURE,"Terminate control lines.
Meanwhile break out 7"" csg swedge and X-O.
Repaired leak on forw PRS.",VOLVE_DDR,15_9_F_1_C_2014_04_08.xml,XML_NODE_KEYWORD,MEDIUM
07f3b43d-3cfd-408f-aad7-ce291836f32f,NO,NO 15/9-F-1 C,name 2014-04-13T03:00:00+02:00,name 2014-04-13T03:30:00+02:00,3260,3260,EQUIPMENT_FAILURE,Attempted to tractor down from 3260 m. No success due to tractor failure. Troubleshoot on tractor.,VOLVE_DDR,15_9_F_1_C_2014_04_14.xml,XML_NODE_KEYWORD,MEDIUM
b320ec22-39d1-44b1-a856-587683a97210,NO,NO 15/9-F-1 C,name 2014-04-13T03:30:00+02:00,name 2014-04-13T06:00:00+02:00,730,730,EQUIPMENT_FAILURE,POOH with gun assembly no 6. due to tractor failure from 3260 m to 730 m. Mis-run.,VOLVE_DDR,15_9_F_1_C_2014_04_14.xml,XML_NODE_KEYWORD,MEDIUM
15fb6028-a75a-4b9e-8cdc-64ce66a6a132,NO,NO 15/9-F-1 C,name 2014-04-13T08:45:00+02:00,name 2014-04-13T09:15:00+02:00,0,0,EQUIPMENT_FAILURE,Broke out lubricator at QST. Set back gun assembly no. 6. L/D tractor assembly due to tractor failure.,VOLVE_DDR,15_9_F_1_C_2014_04_14.xml,XML_NODE_KEYWORD,MEDIUM
eba2f4ec-92ae-482a-994f-d387e2f81d90,NO,NO 15/9-F-1 C,name 2014-04-14T02:00:00+02:00,name 2014-04-14T05:00:00+02:00,3300,3300,ABNORMAL_OPERATION,RIH with perforation string no 7. on WL using tractor from 3250 m to 3280 m. Problems to get down with tractor. Worked down with tractor to 3300 m.,VOLVE_DDR,15_9_F_1_C_2014_04_15.xml,XML_NODE_KEYWORD,LOW
851f6943-427f-4f6d-8c44-0fc2033f1539,NO,NO 15/9-F-1 C,name 2014-04-14T19:45:00+02:00,name 2014-04-14T20:15:00+02:00,483,483,ABNORMAL_OPERATION,Problems to pass DHSV @ 483 m. After 5 attempt able to pass DHSV.,VOLVE_DDR,15_9_F_1_C_2014_04_15.xml,XML_NODE_KEYWORD,LOW
7f9f2ee1-d221-419d-998e-3a9303d36a87,NO,NO 15/9-F-1 C,name 2014-04-14T22:45:00+02:00,name 2014-04-14T23:15:00+02:00,2930,2930,ABNORMAL_OPERATION,Problems to pass Mule Shoe @ 2930 m. After several attempt able to pass Mule Shoe @ 2930 m.,VOLVE_DDR,15_9_F_1_C_2014_04_15.xml,XML_NODE_KEYWORD,LOW
46d1fe09-72e4-410f-90a7-a0b994e1e6bb,NO,NO 15/9-F-1 C,name 2014-11-28T07:15:00+01:00,name 2014-11-28T07:45:00+01:00,0,0,NPT,Waited on production for pumping MEG for equalizing pressure above DHSV.,VOLVE_DDR,15_9_F_1_C_2014_11_29.xml,XML_NODE_KEYWORD,MEDIUM
46d51241-e1d5-412a-bf94-46ecab511389,NO,NO 15/9-F-1 C,name 2014-11-28T09:40:00+01:00,name 2014-11-28T12:40:00+01:00,2925,2925,KICK,"Continued RIH to 2925 m.
Meanwhile: Held well control drill, lost air supply to grease injection skid. Held debrief.
Depth      P/U weight
500 m       1100 lbs
1000 m     1730 lbs
1500 m     2450 lbs
2000 m     3050 lbs
2500 m     3900 lbs",VOLVE_DDR,15_9_F_1_C_2014_11_29.xml,XML_NODE_KEYWORD,HIGH
764fe151-f263-4d50-991c-9e0d9e498fec,NO,NO 15/9-F-1 C,name 2014-11-28T20:10:00+01:00,name 2014-11-28T23:20:00+01:00,3660,3660,KICK,"Started IC pass pulling 0,5 m/min from 3785 up to 3480 m according to program. 
Meanwhile performed well control drill: Leak below BOP.",VOLVE_DDR,15_9_F_1_C_2014_11_29.xml,XML_NODE_KEYWORD,HIGH
865b045d-2f4f-49b7-af27-6975d6219ff5,NO,NO 15/9-F-1 C,name 2014-12-02T14:20:00+01:00,name 2014-12-02T14:45:00+01:00,0,0,NPT,Waited on production department for measuring benzene.,VOLVE_DDR,15_9_F_1_C_2014_12_03.xml,XML_NODE_KEYWORD,MEDIUM
2c866317-1ce5-4eec-8ba0-1a42cdfe5556,NO,NO 15/9-F-1 C,name 2014-12-05T13:50:00+01:00,name 2014-12-05T14:45:00+01:00,0,0,NPT,"Flowed well to stabilize pressure and rate. FWHP approx. 75 bar. BHP approx. 257 bar.
Meanwhile: Waited for crane.",VOLVE_DDR,15_9_F_1_C_2014_12_06.xml,XML_NODE_KEYWORD,MEDIUM
352636db-4350-4cb7-816b-055eb8c79e4d,NO,NO 15/9-F-1 C,name 2014-12-05T19:25:00+01:00,name 2014-12-05T20:45:00+01:00,0,0,NPT,Waited for crane.,VOLVE_DDR,15_9_F_1_C_2014_12_06.xml,XML_NODE_KEYWORD,MEDIUM
2107051c-a43a-42de-a2a2-a967b958db24,NO,NO 15/9-F-1 C,name 2016-06-16T04:00:00+02:00,name 2016-06-16T04:30:00+02:00,4094,4094,ABNORMAL_OPERATION,Halliburton investigated problem. Air in system.,VOLVE_DDR,15_9_F_1_C_2016_06_17.xml,XML_NODE_KEYWORD,LOW
0aaf1b97-a154-46a7-8912-8f7595ac385e,NO,NO 15/9-F-1 C,name 2016-06-19T07:30:00+02:00,name 2016-06-19T08:00:00+02:00,0,0,KICK,"Performed muster drill.
Meanwhile: Performed table top excercise on well control.",VOLVE_DDR,15_9_F_1_C_2016_06_20.xml,XML_NODE_KEYWORD,HIGH
7e247000-ae73-442c-abc0-4a9ac2d21872,NO,NO 15/9-F-1 C,name 2016-06-22T08:45:00+02:00,name 2016-06-22T09:30:00+02:00,0,0,NPT,"Prepared to P/U spear BHA. Waited on deck crew to handle helicopter prior to pick up spear.
L/O 2 ea 5 1/2"" DP singles on cantilever and measured same.",VOLVE_DDR,15_9_F_1_C_2016_06_23.xml,XML_NODE_KEYWORD,MEDIUM
da240158-4450-4545-bc28-97947532987c,NO,NO 15/9-F-1 C,name 2016-06-23T19:00:00+02:00,name 2016-06-23T19:45:00+02:00,811,811,EQUIPMENT_FAILURE,Performed TBT with all involved personnel for PRS repair,VOLVE_DDR,15_9_F_1_C_2016_06_24.xml,XML_NODE_KEYWORD,MEDIUM
7916530c-2628-447b-9ba1-9fdad11fba95,NO,NO 15/9-F-1 C,name 2016-06-27T15:30:00+02:00,name 2016-06-27T18:00:00+02:00,0,0,EQUIPMENT_FAILURE,Repaired leaking fitting on BOP,VOLVE_DDR,15_9_F_1_C_2016_06_28.xml,XML_NODE_KEYWORD,MEDIUM
0598e349-edfd-407a-901c-2793172b68c4,NO,NO 15/9-F-1 C,name 2016-06-29T08:00:00+02:00,name 2016-06-29T09:45:00+02:00,692,692,NPT,"Waited on further instructions, Meanwhile carried ou rig floor maintenance and PM",VOLVE_DDR,15_9_F_1_C_2016_06_30.xml,XML_NODE_KEYWORD,MEDIUM
4ddf0e64-6598-4650-ac6a-b0effde61ef3,NO,NO 15/9-F-1 C,name 2016-06-29T12:45:00+02:00,name 2016-06-29T18:00:00+02:00,2362,2362,STUCK_PIPE,"Observed overpull when picking up work string between 138t and 300t on martin decker. String stuck @ 2362m.  Tried to work string free. Max pulled to 320t, max torque 40knm, sat down all string weight. No success to get string free. Evaluated further steps, started mobilizing WL cutter equipment to cut inside DP.",VOLVE_DDR,15_9_F_1_C_2016_06_30.xml,XML_NODE_KEYWORD,HIGH
9b721502-5ce5-4e92-962d-58746bfb7b2c,NO,NO 15/9-F-1 C,name 2016-06-29T18:00:00+02:00,name 2016-06-29T19:00:00+02:00,2362,2362,NPT,"Waited on further instructions, meanwhile drillfloor prepared to work on PRS",VOLVE_DDR,15_9_F_1_C_2016_06_30.xml,XML_NODE_KEYWORD,MEDIUM
d9fac364-6d2d-49c8-ae16-2121767f52e2,NO,NO 15/9-F-1 C,name 2016-06-29T19:00:00+02:00,name 2016-06-30T00:00:00+02:00,2362,2362,EQUIPMENT_FAILURE,Waited for WL cutting equipment and personnel to be mobilized. Meanwhile worked on repairing forward PRS,VOLVE_DDR,15_9_F_1_C_2016_06_30.xml,XML_NODE_KEYWORD,MEDIUM
73b49701-a60b-4e0e-80f4-716b4e721265,NO,NO 15/9-F-1 C,name 2016-06-30T00:00:00+02:00,name 2016-06-30T10:00:00+02:00,2362,2362,EQUIPMENT_FAILURE,Waited for WL cutting equipment and personnel to be mobilized. Meanwhile worked on repairing forward PRS. Greased manifolds,VOLVE_DDR,15_9_F_1_C_2016_07_01.xml,XML_NODE_KEYWORD,MEDIUM
53994a2a-6e0c-4271-953c-6894f8a5d822,NO,NO 15/9-F-1 C,name 2016-06-30T10:00:00+02:00,name 2016-06-30T12:00:00+02:00,2362,2362,NPT,Waited for WL cutting equipment and personnel to be mobilized. Meanwhile test run forward PRS,VOLVE_DDR,15_9_F_1_C_2016_07_01.xml,XML_NODE_KEYWORD,MEDIUM
cbca2d23-b6d5-4146-a2ce-e9fc8572076d,NO,NO 15/9-F-1 C,name 2016-06-30T12:00:00+02:00,name 2016-06-30T13:30:00+02:00,2362,2362,EQUIPMENT_FAILURE,Waited for WL cutting equipment to be mobilized. Meanwhile worked on repairing forward PRS. L/O stand of 7in tbg,VOLVE_DDR,15_9_F_1_C_2016_07_01.xml,XML_NODE_KEYWORD,MEDIUM
8edadc32-4ba6-4f22-9c6a-0a63a21019f1,NO,NO 15/9-F-1 C,name 2016-06-30T13:30:00+02:00,name 2016-06-30T16:00:00+02:00,2362,2362,EQUIPMENT_FAILURE,"Waited for WL cutting equipment to be mobilized. Meanwhile worked on repairing forward PRS, trouble shoot PRS setdown load indication. Prepared for WL work. Changed out PS21 to master bushings, cleared rig floor.",VOLVE_DDR,15_9_F_1_C_2016_07_01.xml,XML_NODE_KEYWORD,MEDIUM
f2c5c4ee-da03-4a0d-b491-8d0647d98798,NO,NO 15/9-F-1 C,name 2016-06-30T16:00:00+02:00,name 2016-06-30T19:00:00+02:00,2362,2362,NPT,"Waited for WL cutting equipment to be mobilized. Meanwhile L/O 7in tbg stand from derrick. Rig down csg tong equipment, prepared to break out and changed spear assembly",VOLVE_DDR,15_9_F_1_C_2016_07_01.xml,XML_NODE_KEYWORD,MEDIUM
71017d39-abf4-401d-8faa-e3445d993fa9,NO,NO 15/9-F-1 C,name 2016-07-01T18:45:00+02:00,name 2016-07-01T23:00:00+02:00,868,868,EQUIPMENT_FAILURE,Repaired leak on aft PRS. Changed out burst hose on main arm,VOLVE_DDR,15_9_F_1_C_2016_07_02.xml,XML_NODE_KEYWORD,MEDIUM
78e76a9e-19ce-4d03-a032-d0dc0dd51a44,NO,NO 15/9-F-1 C,name 2016-07-03T07:30:00+02:00,name 2016-07-03T07:45:00+02:00,30,30,KICK,Performed weekly fire drill. Kick drill 42 sec to secure the well.,VOLVE_DDR,15_9_F_1_C_2016_07_04.xml,XML_NODE_KEYWORD,HIGH
19a227e3-71cb-4d8d-ad34-13eedfbead84,NO,NO 15/9-F-1 C,name 2016-07-07T05:00:00+02:00,name 2016-07-07T16:00:00+02:00,0,0,MUD_LOSS,"Continued to layout 7in pipe from derrick. Layed out 9x stands. Meanwhile continued w/ maintenance work on TDS and DW. Function tested BOP. Continued preparation to N/D BOP. Losses 1,6m3/hour. Meamwhile evaluated with onshore organization further plans",VOLVE_DDR,15_9_F_1_C_2016_07_08.xml,XML_NODE_KEYWORD,HIGH
b8bd848e-ae94-4ea1-b96b-fbf8bf996be1,NO,NO 15/9-F-1 C,name 2016-07-07T16:15:00+02:00,name 2016-07-07T18:00:00+02:00,0,0,MUD_LOSS,"RIH 3x stands 8,25in DC and RTTS BHA. Losses 1,6m3/hour",VOLVE_DDR,15_9_F_1_C_2016_07_08.xml,XML_NODE_KEYWORD,HIGH
f6dbf8be-ad2e-4f60-8df5-74100fdb3d6b,NO,NO 15/9-F-1 C,name 2016-07-07T18:00:00+02:00,name 2016-07-07T18:30:00+02:00,132,132,MUD_LOSS,"RIH on 5,5in DP to 130 w/ RTTS plug BHA. M/U pup joint for space out and connected TDS. Placed RTTS packer at 131,5m (middle element). Filled pipe and broke circulation. Recorded up/down weights 88t/84t. Losses 1,6m3/hour",VOLVE_DDR,15_9_F_1_C_2016_07_08.xml,XML_NODE_KEYWORD,HIGH
b3b1f0a0-35f5-4295-934c-856c2f6076e9,NO,NO 15/9-F-1 C,name 2016-07-07T18:30:00+02:00,name 2016-07-07T18:45:00+02:00,132,132,MUD_LOSS,"Set RTTS Plug at 131,5m (middle element). Closed UPR on BOP and lined up cement unit for pressure test below RTTS via drill string. Losses stopped after RTTS packer was set",VOLVE_DDR,15_9_F_1_C_2016_07_08.xml,XML_NODE_KEYWORD,HIGH
4f7a276e-f50b-4a0d-b064-74f773725f7b,NO,NO 15/9-F-1 C,name 2016-07-07T19:30:00+02:00,name 2016-07-07T20:30:00+02:00,0,0,MUD_LOSS,"Released RTTS plug, POOH w/ RTTS BHA, losses 1,6m3/hour",VOLVE_DDR,15_9_F_1_C_2016_07_08.xml,XML_NODE_KEYWORD,HIGH
74f957d0-50e0-4d86-9c2c-4455a6224204,NO,NO 15/9-F-1 C,name 2016-09-17T16:45:00+02:00,name 2016-09-17T17:00:00+02:00,715,715,EQUIPMENT_FAILURE,Performed pressure test below EZSV with cement unit. Failed,VOLVE_DDR,15_9_F_1_C_2016_09_18.xml,XML_NODE_KEYWORD,MEDIUM
d2ad7bbf-a42f-412b-b783-09ace67d917d,NO,NO 15/9-F-4,name 2007-06-10T10:30:00+02:00,name 2007-06-10T11:00:00+02:00,222,222,ABNORMAL_OPERATION,Due to problems with PRS at connection - reciprocated pipe and made extra sweep with hi-vis.,VOLVE_DDR,15_9_F_4_2007_06_11.xml,XML_NODE_KEYWORD,LOW
7617cd89-e162-44cc-846c-db666a5624a7,NO,NO 15/9-F-4,name 2007-06-10T20:30:00+02:00,name 2007-06-10T21:00:00+02:00,256.5,256.5,ABNORMAL_OPERATION,Had problems to release torque wrench when attempting to unscrew from topdrive. Troubleshot problem.,VOLVE_DDR,15_9_F_4_2007_06_11.xml,XML_NODE_KEYWORD,LOW
2be9dfd2-c18a-468f-b223-a3bee3cab31e,NO,NO 15/9-F-4,name 2007-06-12T18:15:00+02:00,name 2007-06-13T00:00:00+02:00,251,251,NPT,"Waited on cement to set up.

Meanwhile :
-Cleared and tidied rigfloor
-PV on drillfloor equipment
-Flushed and cleaned cement unit
-Inspected seabed for cement returns - inconcluisve due to poor visiblity",VOLVE_DDR,15_9_F_4_2007_06_13.xml,XML_NODE_KEYWORD,MEDIUM
fca824df-b02b-4dcb-adb9-1594f41ef80f,NO,NO 15/9-F-4,name 2007-06-13T00:00:00+02:00,name 2007-06-13T04:00:00+02:00,251,251,NPT,"Waited on cement to set up.

Meanwhile :
-PV on drillfloor equipment
-FG inspection on drillfloor
-Grinded down weld seam on LP riser",VOLVE_DDR,15_9_F_4_2007_06_14.xml,XML_NODE_KEYWORD,MEDIUM
bf8f629b-7f02-4ff8-87ec-b3dbeb08682e,NO,NO 15/9-F-4,name 2007-10-12T18:30:00+02:00,name 2007-10-12T21:15:00+02:00,0,0,NPT,"Waited on crane to finish loading/backloading supply boat due to urgent need for supply boat going to shore.

Meanwhile:
-Cleared and tidied drillfloor
-Dressed PS-30 with 5 1/2"" die holders/dies",VOLVE_DDR,15_9_F_4_2007_10_13.xml,XML_NODE_KEYWORD,MEDIUM
3549c3f7-e78f-4e66-a927-22805a2996fb,NO,NO 15/9-F-4,name 2007-10-13T06:00:00+02:00,name 2007-10-13T06:30:00+02:00,265,265,NPT,Pumped 15 m3 hi-vis sweep on bottom. Had to wait for WL gyro unit to become operational.,VOLVE_DDR,15_9_F_4_2007_10_14.xml,XML_NODE_KEYWORD,MEDIUM
14aaadd2-d662-4343-b2fd-ea813f00d5c7,NO,NO 15/9-F-4,name 2007-10-13T06:30:00+02:00,name 2007-10-13T07:45:00+02:00,223,223,NPT,"Had to wait for WL gyro unit to become purged and operational. This was caused by downtime on STB crane during the night, not able to do the lift in due time. Circulated at 3500 lpm and reciprocated pipe. Racked back stand and pulled bit inside conductor shoe to 223 m MD.",VOLVE_DDR,15_9_F_4_2007_10_14.xml,XML_NODE_KEYWORD,MEDIUM
41ca6b53-ce8e-4b46-b7f5-e11df12ee2cd,NO,NO 15/9-F-4,name 2007-10-15T20:45:00+02:00,name 2007-10-15T22:30:00+02:00,110,110,EQUIPMENT_FAILURE,Removed automatic slips and installed masterbushing. Pulled 4 stands. Meanwhile prepared for repairing leakage on TDS.,VOLVE_DDR,15_9_F_4_2007_10_16.xml,XML_NODE_KEYWORD,MEDIUM
9ec4403a-23bc-4d63-8025-bde037187025,NO,NO 15/9-F-4,name 2007-10-15T22:30:00+02:00,name 2007-10-16T00:00:00+02:00,110,110,EQUIPMENT_FAILURE,Parked TDS and repaired leakage on TDS gear box system.,VOLVE_DDR,15_9_F_4_2007_10_16.xml,XML_NODE_KEYWORD,MEDIUM
078202c3-a3c3-4aca-a551-0f368f83f69d,NO,NO 15/9-F-4,name 2007-10-16T00:00:00+02:00,name 2007-10-16T01:30:00+02:00,110,110,EQUIPMENT_FAILURE,Repaired leakage on TDS gear box system.,VOLVE_DDR,15_9_F_4_2007_10_17.xml,XML_NODE_KEYWORD,MEDIUM
05146287-66e1-49d3-a44f-2eca5e5f9a67,NO,NO 15/9-F-4,name 2007-10-16T15:30:00+02:00,name 2007-10-16T17:00:00+02:00,43,43,STUCK_PIPE,Casing tong stuck on casing coupling. Removed die carrier to release the grip.,VOLVE_DDR,15_9_F_4_2007_10_17.xml,XML_NODE_KEYWORD,HIGH
96fbf78c-1f4d-49ba-9413-b4856a4cb9d4,NO,NO 15/9-F-4,name 2007-10-16T17:00:00+02:00,name 2007-10-16T17:30:00+02:00,55,55,ABNORMAL_OPERATION,"Ran 1 joint of 13 3/8"" casing. Still problems with torque setting on casing tong.",VOLVE_DDR,15_9_F_4_2007_10_17.xml,XML_NODE_KEYWORD,LOW
8b1148b0-ddc3-4584-b797-c07481eb28fb,NO,NO 15/9-F-4,name 2007-10-16T17:30:00+02:00,name 2007-10-16T18:00:00+02:00,55,55,EQUIPMENT_FAILURE,Repaired casing tong. Changed sensor and cable. Adjusted dump valve setting.,VOLVE_DDR,15_9_F_4_2007_10_17.xml,XML_NODE_KEYWORD,MEDIUM
c4c2c3a0-d629-4d04-9fbe-f928ce5bd8c8,NO,NO 15/9-F-4,name 2007-10-16T18:00:00+02:00,name 2007-10-16T21:00:00+02:00,115,115,ABNORMAL_OPERATION,"Ran 13 3/8"" casing from 55 m to 200 m MD. Filled casing with seawater. Got problems functioning PS-30 slips.",VOLVE_DDR,15_9_F_4_2007_10_17.xml,XML_NODE_KEYWORD,LOW
9036154a-ff70-4ab0-8561-86861d9a27e0,NO,NO 15/9-F-4,name 2007-10-17T18:00:00+02:00,name 2007-10-17T19:45:00+02:00,1351,1351,ABNORMAL_OPERATION,Circulated and condtioned well before cementing. Pumped at 2300 lpm. Standpipe pressure decreased from 37 bar to 20 bar after 200 m3 pumped. Prepared for pumping cement. Observed problem with mudpumps.,VOLVE_DDR,15_9_F_4_2007_10_18.xml,XML_NODE_KEYWORD,LOW
35dc5bb5-85a6-4ab5-97e3-04ead86fcb00,NO,NO 15/9-F-4,name 2007-10-18T08:45:00+02:00,name 2007-10-18T09:30:00+02:00,0,0,NPT,Waited on crane due to helicopter arrival.,VOLVE_DDR,15_9_F_4_2007_10_19.xml,XML_NODE_KEYWORD,MEDIUM
afbb1f72-c316-43b8-be5d-88598af3ad79,NO,NO 15/9-F-4,name 2007-10-19T11:30:00+02:00,name 2007-10-19T13:30:00+02:00,138,138,NPT,Waited on weather for improved landing condition. Meanwhile installed coax cable between ROV unit and drillfloor to improve viewing conditions for driller.,VOLVE_DDR,15_9_F_4_2007_10_20.xml,XML_NODE_KEYWORD,MEDIUM
0ebeb3fb-9f10-49f3-981e-7685175bfe75,NO,NO 15/9-F-4,name 2007-10-20T18:15:00+02:00,name 2007-10-20T22:45:00+02:00,0,0,EQUIPMENT_FAILURE,"Not able to break studs on NT-2 connector. Attempted to adjust BOP to neutral weight on the NT-2 conncetor - still not able to break studs. Torque tool socket adapter broke, repaired adapter. Traced new and more powerful adapter and used same for making/breaking. Re-made all studs in attempt to break the jammed studs. Untorqued the 4 studs in question - ok. Continued BOP nippling operation.

Meanwhile :
-Serviced TDS
-Removed support beams on forward PRS
-Tested standpipe standpipe manifold 5/10 min 20/345 bar",VOLVE_DDR,15_9_F_4_2007_10_21.xml,XML_NODE_KEYWORD,MEDIUM
2a3da8f4-014e-41a1-9448-c7da45caaa84,NO,NO 15/9-F-4,name 2007-10-22T00:00:00+02:00,name 2007-10-22T01:30:00+02:00,0,0,EQUIPMENT_FAILURE,Laid down jar from derrick. Picked up new jar from deck and made up to BHA. Meanwhile worked to repair leaking flange. Observed that flange appeared to be biased towards one side.,VOLVE_DDR,15_9_F_4_2007_10_23.xml,XML_NODE_KEYWORD,MEDIUM
3deaf708-b8f5-4c8e-8978-16da2b7143ba,NO,NO 15/9-F-4,name 2007-10-22T08:15:00+02:00,name 2007-10-22T09:15:00+02:00,1300,1300,KICK,"Ran in hole with 12 1/4"" drilling BHA from 1000 m to 1300 m MD. Performed kick drill.",VOLVE_DDR,15_9_F_4_2007_10_23.xml,XML_NODE_KEYWORD,HIGH
56acd089-1735-4a0e-b298-a0af2dcad105,NO,NO 15/9-F-4,name 2007-10-23T19:15:00+02:00,name 2007-10-23T21:15:00+02:00,1585,1585,EQUIPMENT_FAILURE,"Decided to pull 12 1/4"" drilling BHA into casing shoe for TDS repair. Circulated hole clean with 2-3 bottoms up at 3500 lpm.",VOLVE_DDR,15_9_F_4_2007_10_24.xml,XML_NODE_KEYWORD,MEDIUM
fb3cb66d-1470-4b2f-8861-423b9e9d6e79,NO,NO 15/9-F-4,name 2007-10-25T09:00:00+02:00,name 2007-10-25T09:30:00+02:00,1748,1748,ABNORMAL_OPERATION,Picked off bottom due to problems with cutting shute blocking up. Circulated 2000 lpm / 65 bar.,VOLVE_DDR,15_9_F_4_2007_10_26.xml,XML_NODE_KEYWORD,LOW
79b38b2b-858e-4c26-820e-78262dde88d1,NO,NO 15/9-F-4,name 2007-10-25T12:00:00+02:00,name 2007-10-26T00:00:00+02:00,1340,1340,EQUIPMENT_FAILURE,"Waiting on Siemens software update. Meanwhile: 

- Flow checked well before POOH (static).
- POOH from 1750 m to 1530 m. Up weight 140 MT / Down weight 124 MT. Monitored well on trip tank at 1530 m. Ok.
- POOH from 1530 to inside csg shoe at 1340 m MD.
- Continued with PMs and housekeeping/cleaning.
- Continued injecting cuttings into F-12 and flushed with 2 x annulus volumes of water.
- Repaired Barite hopper B.",VOLVE_DDR,15_9_F_4_2007_10_26.xml,XML_NODE_KEYWORD,MEDIUM
989eaf99-08b9-4b3b-bc65-92308af7c287,NO,NO 15/9-F-4,name 2007-10-26T00:00:00+02:00,name 2007-10-26T00:30:00+02:00,1340,1340,NPT,Waiting on Siemens software update.,VOLVE_DDR,15_9_F_4_2007_10_27.xml,XML_NODE_KEYWORD,MEDIUM
6d5be858-761a-452e-bd2c-7f45c9054b4a,NO,NO 15/9-F-4,name 2007-10-30T09:00:00+01:00,name 2007-10-30T10:00:00+01:00,0,0,ABNORMAL_OPERATION,Sorted out power supply problem for csg. tong.,VOLVE_DDR,15_9_F_4_2007_10_31.xml,XML_NODE_KEYWORD,LOW
e8d2e326-e52f-43a8-bf3a-e13c5b209e2f,NO,NO 15/9-F-4,name 2007-11-01T19:30:00+01:00,name 2007-11-01T20:00:00+01:00,2369,2369,EQUIPMENT_FAILURE,Performed maintenace on flush joint elevator. Changed dies in csg tong. Meanwhile repaired camera on PDM.,VOLVE_DDR,15_9_F_4_2007_11_02.xml,XML_NODE_KEYWORD,MEDIUM
65f5492e-cbae-40d5-ac4f-3c9199db48d3,NO,NO 15/9-F-4,name 2007-11-02T13:45:00+01:00,name 2007-11-02T14:30:00+01:00,2760.5,2760.5,EQUIPMENT_FAILURE,Lined up top drive to trip tank to monitor returns. Tested surface lines against fail safe valve to 207 bar / 10 min. Closed upper pipe ram and applied 207 bar to set seal assembly.,VOLVE_DDR,15_9_F_4_2007_11_03.xml,XML_NODE_KEYWORD,MEDIUM
b8915de3-b518-4f4c-af46-0eb3bf99bbac,NO,NO 15/9-F-4,name 2007-11-04T19:30:00+01:00,name 2007-11-04T20:30:00+01:00,0,0,ABNORMAL_OPERATION,Software problems due to black-out. Could not operate break on draw work.,VOLVE_DDR,15_9_F_4_2007_11_05.xml,XML_NODE_KEYWORD,LOW
deb989d9-9c59-4d38-afa6-cedb4cfe46a8,NO,NO 15/9-F-4,name 2008-02-07T20:30:00+01:00,name 2008-02-07T20:45:00+01:00,350,350,NPT,Waited for element to retract.,VOLVE_DDR,15_9_F_4_2008_02_08.xml,XML_NODE_KEYWORD,MEDIUM
194a94c3-8d34-45ed-bb58-ede059e378f7,NO,NO 15/9-F-4,name 2008-02-15T02:00:00+01:00,name 2008-02-15T04:45:00+01:00,3327,3327,ABNORMAL_OPERATION,"Continued drilling 8 1/2"" hole section from 3302 m to 3327 m MD. Drilling parameters : Flow 2100-2200 lpm / SPP 216-238 bar / String RPM 180 / WOB 3-8 MT / Torque 11-20 kNm / ECD 1,61-1,63 sg. Limited ROP to and cut back flowrate to 2100 lpm due to increasing ECD. Downlinked powerdrive to stop build. Got problems with mudpump#2 and mudpump#3.",VOLVE_DDR,15_9_F_4_2008_02_16.xml,XML_NODE_KEYWORD,LOW
fb12d1e0-4dc3-48a6-9c84-cb7ed0571b26,NO,NO 15/9-F-4,name 2008-02-16T05:30:00+01:00,name 2008-02-16T06:00:00+01:00,110,110,STUCK_PIPE,"Removed PS-21 slips. Inserted masterbushing and bowls. Worked to free 2 3/4"" drift which was stuck in jar.",VOLVE_DDR,15_9_F_4_2008_02_17.xml,XML_NODE_KEYWORD,HIGH
c404c1ed-feb6-478a-8b93-6b66b5b50dbb,NO,NO 15/9-F-4,name 2008-02-16T14:15:00+01:00,name 2008-02-16T19:00:00+01:00,0,0,EQUIPMENT_FAILURE,Removed lid and inspected inside PRS upper drive. Found rotational dragchain in AFT PRS upper drive to be damaged. Identified origin of loose bar (FG) to be cross member in rotational dragchain. Assessed damage. Decided to perform repair of dragchain.,VOLVE_DDR,15_9_F_4_2008_02_17.xml,XML_NODE_KEYWORD,MEDIUM
037d9bd4-849d-4dde-bc69-1913111a5a72,NO,NO 15/9-F-4,name 2008-02-16T19:00:00+01:00,name 2008-02-17T00:00:00+01:00,0,0,EQUIPMENT_FAILURE,"Repaired rotational dragchain in AFT PRS upper drive.

Meanwhile :
-Built cable head for WL
-Laid out MDT tools
-Rigged load sensors on WL unit",VOLVE_DDR,15_9_F_4_2008_02_17.xml,XML_NODE_KEYWORD,MEDIUM
346484ec-31ab-48dc-b60a-d25f364856f3,NO,NO 15/9-F-4,name 2008-02-17T00:00:00+01:00,name 2008-02-17T01:00:00+01:00,0,0,EQUIPMENT_FAILURE,Repaired rotational dragchain in AFT PRS upper drive. Meanwhile tested MDT tools,VOLVE_DDR,15_9_F_4_2008_02_18.xml,XML_NODE_KEYWORD,MEDIUM
bc8296de-d83b-41a2-b008-aaf46172a817,NO,NO 15/9-F-4,name 2008-02-17T01:00:00+01:00,name 2008-02-17T02:15:00+01:00,0,0,EQUIPMENT_FAILURE,Repaired rotational dragchain in AFT PRS upper drive. Temporarily halted testing of MDT tools due to loading of drillpipe onto cantilever/pipe-deck.,VOLVE_DDR,15_9_F_4_2008_02_18.xml,XML_NODE_KEYWORD,MEDIUM
93045666-911d-487b-a327-479a706a7712,NO,NO 15/9-F-4,name 2008-02-17T02:15:00+01:00,name 2008-02-17T03:15:00+01:00,0,0,EQUIPMENT_FAILURE,Repaired rotational dragchain in AFT PRS upper drive. Meanwhile tested MDT tools.,VOLVE_DDR,15_9_F_4_2008_02_18.xml,XML_NODE_KEYWORD,MEDIUM
08c5af81-6311-44cd-a9e9-9bb0aa94c37e,NO,NO 15/9-F-4,name 2008-02-17T16:30:00+01:00,name 2008-02-17T17:45:00+01:00,2671,2671,EQUIPMENT_FAILURE,"Pulled MDT tool from 3245 m to 2671 m MD inside 9 5/8"" casing shoe. Troubleshot tool failure - negative.",VOLVE_DDR,15_9_F_4_2008_02_18.xml,XML_NODE_KEYWORD,MEDIUM
54ca717b-c583-4e0b-851f-f8a83608f4a6,NO,NO 15/9-F-4,name 2008-02-18T08:15:00+01:00,name 2008-02-18T09:30:00+01:00,3245,3245,STUCK_PIPE,Obatined pressure point sample at 3245 m MD in Heather. Attmepted to RIH - cable stuck with MDT at 3345 m MD.,VOLVE_DDR,15_9_F_4_2008_02_19.xml,XML_NODE_KEYWORD,HIGH
48d757e8-1421-477d-8303-52ff43cc8666,NO,NO 15/9-F-4,name 2008-02-18T09:30:00+01:00,name 2008-02-18T10:15:00+01:00,3245,3245,STUCK_PIPE,Worked MDT toolstring and found string to be stuck. No tension on cable head observed when pulling surface tension of max pull 12000 llbs - wire probably stuck/keyseated in formation. Depth on mechanical counter 3233 m MD.,VOLVE_DDR,15_9_F_4_2008_02_19.xml,XML_NODE_KEYWORD,HIGH
49f5b3fb-bf4e-4371-83b9-7ed509d4df50,NO,NO 15/9-F-4,name 2008-02-18T14:30:00+01:00,name 2008-02-18T22:00:00+01:00,3245,3245,STUCK_PIPE,Worked WL several times. Slacked off to 5000 lbs and picked up to max tension 12000 lbs several tiems - not able to make progress. Prepared for doing cut and thread fishing on drillpipe. Prepared fishing procedure. Decided to do fluid sampling at stuck point in Heather prior to fishing.,VOLVE_DDR,15_9_F_4_2008_02_19.xml,XML_NODE_KEYWORD,HIGH
e66b135d-0c44-437d-9a34-fb87b8969809,NO,NO 15/9-F-4,name 2008-02-20T06:00:00+01:00,name 2008-02-20T15:15:00+01:00,780,780,STUCK_PIPE,"Ran 5 1/2"" DP singles over 7/48 wireline from 268 m to 780 m MD according to cut and thread procedure. Laid out singles #26 and #28 due to stuck protectors.",VOLVE_DDR,15_9_F_4_2008_02_21.xml,XML_NODE_KEYWORD,HIGH
7ed383c7-00a3-4f04-847f-365206acf76c,NO,NO 15/9-F-4,name 2008-02-21T18:00:00+01:00,name 2008-02-21T18:30:00+01:00,1750,1750,EQUIPMENT_FAILURE,Repaired hydraulic leakage on TDS.,VOLVE_DDR,15_9_F_4_2008_02_22.xml,XML_NODE_KEYWORD,MEDIUM
181291d4-6c63-48fd-b9d6-4d2aa34e9fdf,NO,NO 15/9-F-4,name 2008-02-22T19:00:00+01:00,name 2008-02-23T00:00:00+01:00,2707,2707,EQUIPMENT_FAILURE,"Waited on weather. Winds 60-70 knots.

Meanwhile :
-Inspected and greased PDM, HTS, IR, PS-21 and DP elevators
-Inspected TDS torque wrench
-Repaired trip tank pump
-Installed drag chain guide on AFT PRS
-Pressure tested standpipe and kill manifolds",VOLVE_DDR,15_9_F_4_2008_02_23.xml,XML_NODE_KEYWORD,MEDIUM
928286bd-702c-41ca-9964-798dae0c2b51,NO,NO 15/9-F-4,name 2008-02-23T00:00:00+01:00,name 2008-02-23T04:15:00+01:00,2707,2707,NPT,"Waited on weather. Winds 50-60 knots.

Meanwhile :
-Installed drag chain guide on AFT PRS
-Pressure tested standpipe and kill manifolds",VOLVE_DDR,15_9_F_4_2008_02_24.xml,XML_NODE_KEYWORD,MEDIUM
d76203e3-4b7a-434f-8a76-83b5b01b44a3,NO,NO 15/9-F-4,name 2008-02-23T21:00:00+01:00,name 2008-02-24T00:00:00+01:00,2996,2996,STUCK_PIPE,"RIH with 5"" DP from 2750 m to 2996 m MD, held wireline tension contant at ~7000 lbs. Made up TDS to each stand to limit backflow. At 2835 m MD, got indications on downhole tension that WL and fish were free, attempted to pull fish free with 12000 lbs WL tension - negative - WL still stuck.",VOLVE_DDR,15_9_F_4_2008_02_24.xml,XML_NODE_KEYWORD,HIGH
3e3a360f-7dd3-4dee-9ca7-6a0b1ce64325,NO,NO 15/9-F-4,name 2008-02-26T11:00:00+01:00,name 2008-02-26T11:30:00+01:00,2759,2759,KICK,"Held toolbox talk prior to RIH with MDT toolstring on 5"" DP / 7/46 cable. Went through well control contingencies. Function tested hydraulic wireline cutter - ok.",VOLVE_DDR,15_9_F_4_2008_02_27.xml,XML_NODE_KEYWORD,HIGH
a75b40a6-9bbc-4c14-aa9d-551742ab0bb1,NO,NO 15/9-F-4,name 2008-02-27T02:45:00+01:00,name 2008-02-27T04:30:00+01:00,3412.5,3412.5,EQUIPMENT_FAILURE,"Performed fluid sampling at 3412,5 m MD. Monitored well on trip tank. Observed downhole tool failure. Adequate sample not obtained from this station.",VOLVE_DDR,15_9_F_4_2008_02_28.xml,XML_NODE_KEYWORD,MEDIUM
13f9467a-904e-4b8d-932a-f4af8ad7f802,NO,NO 15/9-F-4,name 2008-02-27T04:30:00+01:00,name 2008-02-27T05:15:00+01:00,3412.5,3412.5,EQUIPMENT_FAILURE,Troubleshot tool failure. Not able to function probe and pumps indicating problems with high voltage circuit. Checked surface equipment and confirmed ok. Discussed situation. Decided to start pulling out of hole.,VOLVE_DDR,15_9_F_4_2008_02_28.xml,XML_NODE_KEYWORD,MEDIUM
7f24209b-793a-43fe-b841-9d750551a161,NO,NO 15/9-F-4,name 2008-02-27T15:00:00+01:00,name 2008-02-27T15:30:00+01:00,2550,2550,ABNORMAL_OPERATION,"POOH with MDT toolstring on 5 1/2"" DP from 2751 m to 2550 m MD. Got problems with drawwork.",VOLVE_DDR,15_9_F_4_2008_02_28.xml,XML_NODE_KEYWORD,LOW
129c9e33-87c8-4213-bfda-b19216871a0a,NO,NO 15/9-F-4,name 2008-02-27T15:30:00+01:00,name 2008-02-27T16:00:00+01:00,2550,2550,ABNORMAL_OPERATION,Troubleshot problems with drawwork.,VOLVE_DDR,15_9_F_4_2008_02_28.xml,XML_NODE_KEYWORD,LOW
b78baccf-3ff5-4d0c-bdb4-dfbfcac5b61c,NO,NO 15/9-F-4,name 2008-03-03T00:30:00+01:00,name 2008-03-03T01:45:00+01:00,0,0,NPT,Re-arranged DP in derrick whilst waiting for new pack-off for spear assembly to arrive with helicopter.,VOLVE_DDR,15_9_F_4_2008_03_04.xml,XML_NODE_KEYWORD,MEDIUM
58ba0a47-09cb-46fc-beb8-4ccdd32b41c7,NO,NO 15/9-F-4,name 2008-03-03T12:00:00+01:00,name 2008-03-03T18:00:00+01:00,2466,2466,EQUIPMENT_FAILURE,Repaired AFT PRS dragchain. RD equipment from repair and cleared rig floor. Meanwhile monitored well on trip tank.,VOLVE_DDR,15_9_F_4_2008_03_04.xml,XML_NODE_KEYWORD,MEDIUM
c83c50bc-ea1a-407c-a1ce-a12890de5880,NO,NO 15/9-F-4,name 2008-03-03T20:00:00+01:00,name 2008-03-03T21:00:00+01:00,2563,2563,EQUIPMENT_FAILURE,"Continued to RIH 1.5 m and activated grapple with 3 left hand turns. First attempt to engage grapple failed, but the second attempt was sucessfull. Took 10 MT overpull. Established circulation at 265 lpm / 32 bar. PU to 191 MT (10 MT above liner weight) and circulated for 15 min. PU to 226 MT (45 MT overpull) and observed 7"" liner break free.",VOLVE_DDR,15_9_F_4_2008_03_04.xml,XML_NODE_KEYWORD,MEDIUM
ccf68564-7d10-4372-93f9-36af19addbb6,NO,NO 15/9-F-4,name 2008-03-11T17:15:00+01:00,name 2008-03-11T18:00:00+01:00,13,13,EQUIPMENT_FAILURE,Repaired damaged fittings on HTS rollers.,VOLVE_DDR,15_9_F_4_2008_03_12.xml,XML_NODE_KEYWORD,MEDIUM
946d4ade-3314-484c-9058-4ac6933517bb,NO,NO 15/9-F-4,name 2008-03-14T20:30:00+01:00,name 2008-03-14T21:30:00+01:00,831,831,EQUIPMENT_FAILURE,Repaired hydraulic leak on Aft PRS.,VOLVE_DDR,15_9_F_4_2008_03_15.xml,XML_NODE_KEYWORD,MEDIUM
056734cf-c10a-4ea9-af26-2d8a0c3a2e05,NO,NO 15/9-F-4,name 2008-03-17T06:00:00+01:00,name 2008-03-17T07:00:00+01:00,474,474,NPT,Continued waiting due to exhaust fumes blowing into the rig floor.,VOLVE_DDR,15_9_F_4_2008_03_18.xml,XML_NODE_KEYWORD,MEDIUM
6d5a760f-7b48-4162-8cb3-3b8becbd42a0,NO,NO 15/9-F-4,name 2008-03-28T06:00:00+01:00,name 2008-03-28T19:00:00+01:00,0,0,NPT,"Waited on weather.

Meanwhile :
-Cleared XMT deck for reception of F-4 flexible hose
-Transferred F-4 flexible hose to XMT deck
-Suspended flexibel hose in roof and jacked to position for hook up
-Landed BOP on test stump and made up NT-2 connector
-Tested door seal on BOP",VOLVE_DDR,15_9_F_4_2008_03_29.xml,XML_NODE_KEYWORD,MEDIUM
02742507-cacb-4653-8c4e-0527e1a99ce6,NO,NO 15/9-F-4,name 2008-03-28T19:00:00+01:00,name 2008-03-29T00:00:00+01:00,0,0,NPT,"Waited on weather.

Meanwhile :
-Worked on hooking up flexible hose
-Assisted production in equalizing across DHSV",VOLVE_DDR,15_9_F_4_2008_03_29.xml,XML_NODE_KEYWORD,MEDIUM
f436ab8d-8333-495e-a000-bebfd3510c85,NO,NO 15/9-F-4,name 2008-03-29T00:00:00+01:00,name 2008-03-29T06:00:00+01:00,0,0,NPT,"Waited on weather.

Meanwhile :
-Worked on hooking up flexible hose
-Tested BOP - 6 month 15 K test - had lekage on test stump
-Changed gasket on test stump and made up NT-2 connector
-Lifted F-4 XMT to moonpool
-Transferred tension cylinders for F-14 to XMT deck",VOLVE_DDR,15_9_F_4_2008_03_30.xml,XML_NODE_KEYWORD,MEDIUM
ca84c63a-8c81-4c9c-9c19-51adf3d6d36a,NO,NO 15/9-F-4,name 2008-03-29T06:00:00+01:00,name 2008-03-29T20:00:00+01:00,0,0,EQUIPMENT_FAILURE,"Waited on weather for running production riser.

Meanwhile :
-Performed 6 month BOP test to 15 K
-Repaired 10 MT tugger in moonopol
-Moved guide funnel to F-4 and installed debris cover
-Performed derrick inspection",VOLVE_DDR,15_9_F_4_2008_03_30.xml,XML_NODE_KEYWORD,MEDIUM
e9aa0551-e343-4ccc-9164-bc86ec235dcd,NO,NO 15/9-F-4,name 2008-03-29T20:00:00+01:00,name 2008-03-30T00:00:00+01:00,0,0,EQUIPMENT_FAILURE,"Waited on weather for running production riser.

Meanwhile :
-Performed repair of BX elevator
-Lifted TBC joint to drillfllor
-Performed pre-operational checks on TBC",VOLVE_DDR,15_9_F_4_2008_03_30.xml,XML_NODE_KEYWORD,MEDIUM
b6b13094-f7a2-4a8d-afc5-a8b2fa6bdc77,NO,NO 15/9-F-4,name 2008-04-03T07:00:00+02:00,name 2008-04-03T08:00:00+02:00,3,3,ABNORMAL_OPERATION,"Picked up first 10 3/4"" joint and stabbed on to tie-back adapter. Had problems with Mærsk casing tong. Not able to get torque/turn curves on computer.",VOLVE_DDR,15_9_F_4_2008_04_04.xml,XML_NODE_KEYWORD,LOW
ca476b17-00c2-4f86-81dd-fd3436b54f0f,NO,NO 15/9-F-4,name 2008-04-03T08:00:00+02:00,name 2008-04-03T09:00:00+02:00,3,3,ABNORMAL_OPERATION,Investigated problem with casing tong.,VOLVE_DDR,15_9_F_4_2008_04_04.xml,XML_NODE_KEYWORD,LOW
5c584ef6-fa61-4441-a548-d430b0aad2b9,NO,NO 15/9-F-4,name 2008-04-04T10:15:00+02:00,name 2008-04-04T11:00:00+02:00,28,28,NPT,"Pressured up on drillpipe to 140 bar to activate horizontal dogs. Pulled back 0,4 m and confirmed engaged in vertical dog profile by 9 MT overpull. Rotated string with 22 righthand turns. Observed colored band through B-annulus outlet to confirm adjustment sub collapsing. Increased overpull to 30 MT and continued rotating until TDS stalled out on 9 kNm and overpull reduced. Slacked off string to 28,4 m MD mark and waited for 2 min. Bleed off pressure on DP. Obtained a total of 17"" travel on adjustment sub.",VOLVE_DDR,15_9_F_4_2008_04_05.xml,XML_NODE_KEYWORD,MEDIUM
9db026ad-b832-4162-a877-d48ef7e4b3ba,NO,NO 15/9-F-4,name 2008-04-04T20:00:00+02:00,name 2008-04-05T00:00:00+02:00,0,0,EQUIPMENT_FAILURE,"Parked aft PRS for repair. Performed repair work on aft PRS. Broke out and re-thightended in total 24 allen/hex bolts with prescribed momentum (600 ft lbs). Replaced broken bolt. 

Meanwhile :
-Installed BX3 elevator in bails
-Brought Vetco/BOT equipment to cantilever",VOLVE_DDR,15_9_F_4_2008_04_05.xml,XML_NODE_KEYWORD,MEDIUM
5084d18b-358e-4748-b57a-278a5ba469a7,NO,NO 15/9-F-4,name 2008-04-05T00:00:00+02:00,name 2008-04-05T02:30:00+02:00,0,0,EQUIPMENT_FAILURE,Repaired aft PRS. Meanwhile prepared for rigging casing running equipment.,VOLVE_DDR,15_9_F_4_2008_04_06.xml,XML_NODE_KEYWORD,MEDIUM
294b1b56-8337-4b34-85d2-32cb67e6e2e2,NO,NO 15/9-F-4,name 2008-04-06T10:45:00+02:00,name 2008-04-06T11:30:00+02:00,0,0,ABNORMAL_OPERATION,Held toolbox talk and prepared for running casing drift. Experienced problems with programming PDM.,VOLVE_DDR,15_9_F_4_2008_04_07.xml,XML_NODE_KEYWORD,LOW
3411d2ad-3d86-4c84-800c-ff9b1319faaa,NO,NO 15/9-F-4,name 2008-04-06T21:45:00+02:00,name 2008-04-07T00:00:00+02:00,223,223,KICK,"POOH with 9,567"" drift on 5 1/2"" DP from 580 m to 223 m MD. Laid out singles on deck when pulling out. Performed kick drill.",VOLVE_DDR,15_9_F_4_2008_04_07.xml,XML_NODE_KEYWORD,HIGH
f17160df-3c62-4843-a3e0-595fa9161f15,NO,NO 15/9-F-4,name 2008-04-07T11:15:00+02:00,name 2008-04-07T12:00:00+02:00,610,610,NPT,"Latched onto plug and confirmed by 10 MT overpull. No pressure observed on standpipe but slight gain in triptank indicating equlized plug. Rotated at 5 rpm righthand while holding 3 MT overpull, released plug with 10 turns, no gain observed. Pulled back 5 m and waited for elastomer element to relax.",VOLVE_DDR,15_9_F_4_2008_04_08.xml,XML_NODE_KEYWORD,MEDIUM
97062a8e-7a1b-4ba2-891d-995735706b23,NO,NO 15/9-F-4,name 2008-04-07T20:45:00+02:00,name 2008-04-07T22:30:00+02:00,0,0,KICK,"Made up secondary bowl protector pulling tool. RIH and latched secondary bowl protector. Strapped pipe while POOH, measured 20,45 m to tubing hanger landing shoulder. Made up kick assembly.",VOLVE_DDR,15_9_F_4_2008_04_08.xml,XML_NODE_KEYWORD,HIGH
e5f941e0-10dc-4939-b8b4-c1897722cb19,NO,NO 15/9-F-4,name 2008-04-08T00:00:00+02:00,name 2008-04-08T00:30:00+02:00,0,0,KICK,Re-arranged kick joint. Re-booted PDM and tested same.,VOLVE_DDR,15_9_F_4_2008_04_09.xml,XML_NODE_KEYWORD,HIGH
2fca1378-3c3b-4520-835d-a881a4f85676,NO,NO 15/9-F-4,name 2008-04-08T12:15:00+02:00,name 2008-04-08T19:00:00+02:00,48,48,KICK,"Found casing tong to be programmed with wrong torque values. Optimum torque set to 15660 ft lbs instead of 15660 Nm. Two tubing connections on assy#2 overtorqued. No back-up assembly available. Discussed situation. Evaluated and discussed further actions with town. Got confirmation that VamTop thread should be good within 30% overtorque. Decided to do drift run through overtorqued couplings to verify no deformation or restrictions. 

Meanwhile :
-Repaired handrails and kick plates in derrick
-Removed 10 allen/hex bolts from fwd PRS",VOLVE_DDR,15_9_F_4_2008_04_09.xml,XML_NODE_KEYWORD,HIGH
40caaa52-437e-4484-acd9-66dd376127e7,NO,NO 15/9-F-4,name 2008-04-11T03:30:00+02:00,name 2008-04-11T06:00:00+02:00,2643,2643,NPT,"Held tool box talk prior to PU tubing hanger. PU and MU tubing hanger with handling tool to space-out pup joints sitting in the slips. Secured control line with clamp on pup joint coupling. RD control line cable sheave and terminated cable to TH. Wrapped control line 5 times and fed control line thru TH using swagelok fittings above and below hanger. Plugged off penetration holes in TH with 3/8"" NPT blind plugs. Leak tested TH fittings through 1/8"" test port to 35 bar/5 min.",VOLVE_DDR,15_9_F_4_2008_04_12.xml,XML_NODE_KEYWORD,MEDIUM
a83b1ca9-47f1-4c5e-b7ed-6b1c0e060e4f,NO,NO 15/9-F-4,name 2008-04-12T13:15:00+02:00,name 2008-04-12T14:00:00+02:00,0,0,NPT,Waited on production  to shut in well. Meanwhile removed 2 HP hoses connected to WH.,VOLVE_DDR,15_9_F_4_2008_04_13.xml,XML_NODE_KEYWORD,MEDIUM
2fa89726-1809-4dfd-bf15-5444997242d7,NO,NO 15/9-F-4,name 2008-04-13T15:30:00+02:00,name 2008-04-13T16:15:00+02:00,0,0,NPT,Waited on production to shut in well.,VOLVE_DDR,15_9_F_4_2008_04_14.xml,XML_NODE_KEYWORD,MEDIUM
f4db1fbf-11db-458c-b48f-9694059699a4,NO,NO 15/9-F-4,name 2008-04-14T06:00:00+02:00,name 2008-04-14T07:30:00+02:00,0,0,EQUIPMENT_FAILURE,Trouble shoot line up from cmt unit through valves and hose from moonpool to KWV due to failing line test. Detected exhaust fumes in WH area.,VOLVE_DDR,15_9_F_4_2008_04_15.xml,XML_NODE_KEYWORD,MEDIUM
40b3b847-2c82-49d5-95bf-f17fb8b802f9,NO,NO 15/9-F-4,name 2008-04-14T08:30:00+02:00,name 2008-04-14T10:15:00+02:00,0,0,EQUIPMENT_FAILURE,Attempted to pressure test XMT body and VG 63 ring to 30/380 bar for 5/10 min against dart in BPV. Failed due to leaking dart/BPV.,VOLVE_DDR,15_9_F_4_2008_04_15.xml,XML_NODE_KEYWORD,MEDIUM
49c12f6a-7bbf-4a5c-942b-ef0b74a71843,NO,NO 15/9-F-4,name 2008-04-14T12:30:00+02:00,name 2008-04-14T13:00:00+02:00,0,0,EQUIPMENT_FAILURE,Attempted to pressure test XMT body and VG 63 ring to 30/380 bar for 5/10 min against dart in BPV. Failed due to leaking dart/BPV.,VOLVE_DDR,15_9_F_4_2008_04_15.xml,XML_NODE_KEYWORD,MEDIUM
5c1f967c-d2ae-4f42-a367-13270f99ee8f,NO,NO 15/9-F-4,name 2008-04-15T06:00:00+02:00,name 2008-04-15T12:00:00+02:00,0,0,EQUIPMENT_FAILURE,"Installed instrumentation on F-4 XMT. Connected umbilical to bulk head plate.

Meanwhile changed out chain on HTS, emptied trip tank and repaired sensor on gate valve shakers. Started to change out one tension cylinder on F-14. Carried out work scope with climbers in derrick.",VOLVE_DDR,15_9_F_4_2008_04_16.xml,XML_NODE_KEYWORD,MEDIUM
1956969a-9a7e-4637-b404-82c6fbf785dd,NO,NO 15/9-F-4,name 2008-04-15T12:00:00+02:00,name 2008-04-15T12:45:00+02:00,0,0,NPT,Waited on production to restart after production shut-down.,VOLVE_DDR,15_9_F_4_2008_04_16.xml,XML_NODE_KEYWORD,MEDIUM
dcfb070f-2998-4905-9d11-66d0425c6737,NO,NO 15/9-F-4,name 2008-04-15T19:30:00+02:00,name 2008-04-15T21:30:00+02:00,0,0,EQUIPMENT_FAILURE,"Tested annulus pressure transmitters on XMT.

Meanwhile worked on Varco bolts on aft PRS. Built suspended scaffolding for repair on fwd PRS. parked and landed BOP on test stump.",VOLVE_DDR,15_9_F_4_2008_04_16.xml,XML_NODE_KEYWORD,MEDIUM
8a4531bd-f4e5-4bfd-8adf-4296aae44ef3,NO,NO 15/9-F-4,name 2008-04-16T17:00:00+02:00,name 2008-04-17T00:00:00+02:00,0,0,NPT,"Waiting on WL equipment and personnel to arrive on rig. Completed commisioning of XMT 38 hrs ahead of plan.

Meanwhile erected scaffolding platform for fwd PRS and performed 3-montly maintenance on BOP.",VOLVE_DDR,15_9_F_4_2008_04_17.xml,XML_NODE_KEYWORD,MEDIUM
d76f5258-159b-4774-966e-7d18e407176f,NO,NO 15/9-F-4,name 2008-04-17T00:00:00+02:00,name 2008-04-17T06:00:00+02:00,0,0,NPT,"Waiting on WL equipment and personnel to arrive on rig. 

Meanwhile erected scaffolding platform for fwd PRS and performed 3-montly maintenance on BOP.",VOLVE_DDR,15_9_F_4_2008_04_18.xml,XML_NODE_KEYWORD,MEDIUM
84eaebc5-f0f6-41b0-9f79-9502a24e2153,NO,NO 15/9-F-4,name 2008-04-17T06:00:00+02:00,name 2008-04-17T11:00:00+02:00,0,0,NPT,"Waiting on WL equipment and personnel to arrive on rig. 

Meanwhile performed derrick inspection with climbers and performed 3-montly maintenace on BOP.",VOLVE_DDR,15_9_F_4_2008_04_18.xml,XML_NODE_KEYWORD,MEDIUM
1bac7390-4b29-4c60-be17-17231c451b51,NO,NO 15/9-F-4,name 2008-04-19T00:00:00+02:00,name 2008-04-19T01:15:00+02:00,0,0,NPT,"RIH WL toolstring for pulling NPR plug from surface to TRSCSSV at 496 m MDRT. Found that TRSCSSV was closed. Decided not to wait for cmt unit - production needed to equalize and open TRSCSSV on F-12 to re-start production. 

Hooked up pump on rig floor to needle valve on lubricator to equalize and open TRSCSSV in F-4. Ran through TRSCSSV at 496 m MDRT and verified that it was fully open.",VOLVE_DDR,15_9_F_4_2008_04_20.xml,XML_NODE_KEYWORD,MEDIUM
96d7bb59-233e-4596-a46e-86724172674b,NO,NO 15/9-F-4,name 2008-04-19T03:00:00+02:00,name 2008-04-19T04:00:00+02:00,0,0,NPT,RIH and latched GS pulling tool into NPR plug at 2649.7 m. Jared down to equalize ports in the plug. Waited 15 min for pressure across plug to equalize. Pressure dropped to 10 bar. Bleed off pressure. Released NPR plug by jaring up once. Got 150 kg increase in string weight. Waited 30 min to allow elements to retract.,VOLVE_DDR,15_9_F_4_2008_04_20.xml,XML_NODE_KEYWORD,MEDIUM
f6325518-42cf-408b-845a-8864b71f1c3c,NO,NO 15/9-F-4,name 2008-04-19T04:00:00+02:00,name 2008-04-19T06:00:00+02:00,0,0,NPT,"POOH with NPR plug. Observed that weight dropped back to up weight while POOH. RIH and latched GS pulling tool into NPR plug at 2649.7 m. Pressured up well to 10 bar. Jarred down to equalize ports in the plug. Waited 15 min for pressure across plug to equalize. No pressure drop observed. 

Released NPR plug by jaring up 105 hits. Adjusted stress point on cable after 60 hits with jar. Got approx 300 kg increase in string weight. Bleed off pressure. Waited 30 min to allow elements to retract.",VOLVE_DDR,15_9_F_4_2008_04_20.xml,XML_NODE_KEYWORD,MEDIUM
b1606cf3-bb9a-4f8f-9fdd-bd7daddf3240,NO,NO 15/9-F-4,name 2010-09-24T07:45:00+02:00,name 2010-09-24T09:15:00+02:00,0,0,NPT,Waited due to broken bolt in the wheel for KWV. Mechanic attempted to chang bolt without success and found a temporary solution.,VOLVE_DDR,15_9_F_4_2010_09_25.xml,XML_NODE_KEYWORD,MEDIUM
0f94b9e1-950b-4140-8624-c3096a3fd6bb,NO,NO 15/9-F-4,name 2012-09-12T00:00:00+02:00,name 2012-09-12T06:00:00+02:00,0,0,NPT,"Waited on Mearsk electrician, prior to hook up all wireline units. Electrician busy with other jobs.
Meanwhile lifted BOP down to BOP deck through hatch on drill floor and prepared wireline equipment.",VOLVE_DDR,15_9_F_4_2012_09_13.xml,XML_NODE_KEYWORD,MEDIUM
21756823-cc14-4f21-96cf-90619b57a616,NO,NO 15/9-F-4,name 2012-09-12T06:00:00+02:00,name 2012-09-12T09:00:00+02:00,0,0,NPT,"Waited on Mearsk electrician, prior to hook up all wireline units. Electrician busy with other jobs.
Meanwhile prepared wireline equipment.",VOLVE_DDR,15_9_F_4_2012_09_13.xml,XML_NODE_KEYWORD,MEDIUM
64e22bc8-41f5-44d4-bd12-4c52469739d3,NO,NO 15/9-F-4,name 2012-09-12T17:00:00+02:00,name 2012-09-12T21:00:00+02:00,0,0,NPT,"Waited for Production Department to prepare well for handover. Meanwhile built cable head and megged same. Tried to connect logging unit to internet, no success.",VOLVE_DDR,15_9_F_4_2012_09_13.xml,XML_NODE_KEYWORD,MEDIUM
72fe71ad-4e9a-4772-b362-23430cdac1c6,NO,NO 15/9-F-4,name 2012-09-12T21:00:00+02:00,name 2012-09-12T21:30:00+02:00,0,0,NPT,Waited for Production Department to prepare well for handover. Meanwhile held start up meeting with night crew.,VOLVE_DDR,15_9_F_4_2012_09_13.xml,XML_NODE_KEYWORD,MEDIUM
2e563971-1a8d-4321-b4a6-1034db6c3492,NO,NO 15/9-F-4,name 2012-09-12T21:30:00+02:00,name 2012-09-13T00:00:00+02:00,0,0,NPT,Waited for Production Department to prepare well for handover. Meanwhile tested counter system and RST tool.,VOLVE_DDR,15_9_F_4_2012_09_13.xml,XML_NODE_KEYWORD,MEDIUM
22b1754e-9118-4c4c-b37e-d0a7b987ae4f,NO,NO 15/9-F-4,name 2012-09-13T00:00:00+02:00,name 2012-09-13T06:00:00+02:00,0,0,NPT,Waited for Production Department to prepare well for handover. Meanwhile tested RST tool.,VOLVE_DDR,15_9_F_4_2012_09_14.xml,XML_NODE_KEYWORD,MEDIUM
3a8f70a5-3318-48ca-a8c2-d30ebec447b7,NO,NO 15/9-F-4,name 2012-09-13T06:00:00+02:00,name 2012-09-13T10:30:00+02:00,0,0,NPT,Waited for Production Department to prepare well for handover. Meanwhile tested RST tool.,VOLVE_DDR,15_9_F_4_2012_09_14.xml,XML_NODE_KEYWORD,MEDIUM
09d2e75a-e74d-4ac1-8c09-b1405fb4f6d6,NO,NO 15/9-F-4,name 2012-09-14T02:00:00+02:00,name 2012-09-14T02:15:00+02:00,0,0,KICK,Held well controll drill prior to RIH.,VOLVE_DDR,15_9_F_4_2012_09_15.xml,XML_NODE_KEYWORD,HIGH
98509a99-1c9c-4142-a8dd-c3fdf843e0dd,NO,NO 15/9-F-4,name 2016-10-02T09:45:00+02:00,name 2016-10-02T13:00:00+02:00,0,0,EQUIPMENT_FAILURE,Flushed manifolds after cement job. Worked aloft in derrick to repair crown grease system. Lined up and prepare to pressure test BOP. Meanwhile WOC,VOLVE_DDR,15_9_F_4_2016_10_03.xml,XML_NODE_KEYWORD,MEDIUM
4d223ff2-b895-47bc-ab7b-b77ffb3dcdd2,NO,NO 15/9-F-4,name 2016-10-04T05:30:00+02:00,name 2016-10-04T06:15:00+02:00,0,0,EQUIPMENT_FAILURE,"Attempted to engage THRT to TH. No success, POOH, checked THRT, observed shear pins sheared prematurely. Repaired THRT",VOLVE_DDR,15_9_F_4_2016_10_05.xml,XML_NODE_KEYWORD,MEDIUM
52a04e5a-efca-4205-9f52-b3c1763ebd41,NO,NO 15/9-F-4,name 2016-10-05T16:00:00+02:00,name 2016-10-05T17:00:00+02:00,2365,2365,KICK,"RIH w/ 5,5in DP from 2084m to 2365m. Average tripping speed 612 m/hour. Performed kick drill. Meanwhile WOC",VOLVE_DDR,15_9_F_4_2016_10_06.xml,XML_NODE_KEYWORD,HIGH
ee97c41c-728d-4c50-98e3-fa12137d0576,NO,NO 15/9-F-4,name 2016-10-06T02:00:00+02:00,name 2016-10-06T02:30:00+02:00,2405,2405,NPT,"Waited for cement, total of 2 hours from 1st tagging attempt",VOLVE_DDR,15_9_F_4_2016_10_07.xml,XML_NODE_KEYWORD,MEDIUM
712fc834-66bd-45d0-abf3-4b56c0118d43,NO,NO 15/9-F-4,name 2016-10-10T10:45:00+02:00,name 2016-10-10T13:15:00+02:00,0,0,NPT,"Waited on supply boat with equipment for pulling production riser

Meanwhile:
L/O 3 1/2"" DP from set-back.
Meanwhile: Performed PMs.",VOLVE_DDR,15_9_F_4_2016_10_11.xml,XML_NODE_KEYWORD,MEDIUM
e3c59ade-cc55-427d-93f9-b73b18b66843,NO,NO 15/9-F-4,name 2016-10-10T13:15:00+02:00,name 2016-10-10T15:00:00+02:00,0,0,NPT,"Waited on supply boat with equipment for pulling production riser

Meanwhile:
Canged handling equipment to handle 5 1/2"" DP.
L/O 5 1/2"" DP from set-back.",VOLVE_DDR,15_9_F_4_2016_10_11.xml,XML_NODE_KEYWORD,MEDIUM
e9dfb327-80d6-4a83-ac6a-1e51c74aaed9,NO,NO 15/9-F-4,name 2016-10-11T15:30:00+02:00,name 2016-10-11T19:00:00+02:00,0,0,NPT,"Waited on supply boat for riser equipment

Meanwhile:
Performed housekeeping on cantilever. Removed pipes and equipment from cantilever to make space for riser joints.
Assisted crane with backload. Continued cleaning shaker pits.",VOLVE_DDR,15_9_F_4_2016_10_12.xml,XML_NODE_KEYWORD,MEDIUM
b744441f-9119-4d0d-b26b-3680049151d2,NO,NO 15/9-F-5,name 2007-11-15T07:00:00+01:00,name 2007-11-15T09:00:00+01:00,0,0,EQUIPMENT_FAILURE,Held tool box talk with day shift. Removed hatch cover from F-5 at well bay area. Failure on TDS.,VOLVE_DDR,15_9_F_5_2007_11_16.xml,XML_NODE_KEYWORD,MEDIUM
27c2dd49-494b-4a0b-b681-4d245c148502,NO,NO 15/9-F-5,name 2007-11-18T04:00:00+01:00,name 2007-11-18T06:00:00+01:00,220.8,220.8,NPT,"Waited on cement to set. Meanwhile prepared for wire change on FWD PRS, General maintenance. Started injecting slop into F-12 annulus.",VOLVE_DDR,15_9_F_5_2007_11_19.xml,XML_NODE_KEYWORD,MEDIUM
44e4f85a-9843-4919-a5c5-547a34d6027c,NO,NO 15/9-F-5,name 2007-11-18T06:00:00+01:00,name 2007-11-18T16:00:00+01:00,220.8,220.8,NPT,Waited on cement to set. Meanwhile function tested rotating link adapter and torque wrench. Prepared cantilever for skidding to F-15. Performed general maintenance on the rig floor. Injected slop into F-12 injection annulus.,VOLVE_DDR,15_9_F_5_2007_11_19.xml,XML_NODE_KEYWORD,MEDIUM
bb222137-ee2b-4a5f-ab58-3c91068effb9,NO,NO 15/9-F-5,name 2007-12-17T11:00:00+01:00,name 2007-12-17T11:30:00+01:00,35,35,ABNORMAL_OPERATION,Checked oil in PRS and serviced same; experienced communication problems to TDS.,VOLVE_DDR,15_9_F_5_2007_12_18.xml,XML_NODE_KEYWORD,LOW
70e35b0b-64b7-4b85-9be1-e53fab2e2f75,NO,NO 15/9-F-5,name 2008-07-10T21:45:00+02:00,name 2008-07-10T23:30:00+02:00,0,0,ABNORMAL_OPERATION,Changed burst disk in turbine cooling system and rectified problem. Re-sat all rig systems.,VOLVE_DDR,15_9_F_5_2008_07_11.xml,XML_NODE_KEYWORD,LOW
54cd174c-bfec-497c-a0b6-551839c9d9a7,NO,NO 15/9-F-5,name 2008-07-11T10:00:00+02:00,name 2008-07-11T13:00:00+02:00,0,0,NPT,"Waited on production to bean up F-14. 

Meanwhile:
- lifted tension cylinders for F-9 to rig floor and placed them next to riser spider for easy acess when lifting them down to WH.
- pressure tested standpipe manifolds
- PU and MU drill collars from deck.",VOLVE_DDR,15_9_F_5_2008_07_12.xml,XML_NODE_KEYWORD,MEDIUM
3c012337-2dd2-4019-9fa4-6ceb9ad93df9,NO,NO 15/9-F-5,name 2008-07-11T13:00:00+02:00,name 2008-07-11T14:45:00+02:00,0,0,NPT,"Waited on production to stop production on F-14 and F-12 for heavy lift. 

Meanwhile continued PU and MU drill collars from deck and pressure testing standpipe manifolds.",VOLVE_DDR,15_9_F_5_2008_07_12.xml,XML_NODE_KEYWORD,MEDIUM
e1fefa23-8b80-447f-bab9-6491605443cf,NO,NO 15/9-F-5,name 2008-07-12T19:15:00+02:00,name 2008-07-12T20:00:00+02:00,0,0,NPT,"Waited for production operator to transfer weight from HPDR to tension cylinders.

Meanwhile carried out housekeeping on centralizer deck.",VOLVE_DDR,15_9_F_5_2008_07_13.xml,XML_NODE_KEYWORD,MEDIUM
4d0ac1e1-c26d-4a39-a594-36d6274989e3,NO,NO 15/9-F-5,name 2008-07-13T15:30:00+02:00,name 2008-07-13T16:00:00+02:00,0,0,ABNORMAL_OPERATION,Filled riser with SW using cmt unit and held tool box talk prior to MU test plug assembly. Had problem with BX-elevators.,VOLVE_DDR,15_9_F_5_2008_07_14.xml,XML_NODE_KEYWORD,LOW
61299fcd-11f0-4a3e-9b89-9b8f8f8079d2,NO,NO 15/9-F-5,name 2008-07-14T05:45:00+02:00,name 2008-07-14T06:00:00+02:00,92,92,NPT,Rig shut down. Waiting on production to free electrican to re-set drill floor equipment.,VOLVE_DDR,15_9_F_5_2008_07_15.xml,XML_NODE_KEYWORD,MEDIUM
2c3032cd-d80c-44a3-8264-454bec0c2e11,NO,NO 15/9-F-5,name 2008-07-14T06:00:00+02:00,name 2008-07-14T07:00:00+02:00,92,92,NPT,Waiting on production to free electrican to re-set drill floor equipment.,VOLVE_DDR,15_9_F_5_2008_07_15.xml,XML_NODE_KEYWORD,MEDIUM
b8bd0595-5968-46cc-80fa-609fe8f68cd0,NO,NO 15/9-F-5,name 2008-07-16T00:00:00+02:00,name 2008-07-16T06:00:00+02:00,1653,1653,ABNORMAL_OPERATION,"Drilled 12 1/4"" hole section from 1522 m to 1653 m MD. Drilling parameters : Flow 3300-3500 lpm / SPP 159-179 bar / String RPM 120 / WOB 2-4 MT / Torque 13-17 kNm / ECD 1.37-1.38 sg EMW / Drilled with limited ROP 20-40 m/hr due to problems transfering slurry from milling tank through active tank to holding tank.  

Meanwhile MU and RB 9 5/8"" csg. stds. A total of 14 stds 9 5/8"" csg RB in derrick.",VOLVE_DDR,15_9_F_5_2008_07_17.xml,XML_NODE_KEYWORD,LOW
f9093554-63ff-41f6-b931-5d23251d6803,NO,NO 15/9-F-5,name 2008-07-16T06:00:00+02:00,name 2008-07-16T06:45:00+02:00,1672,1672,ABNORMAL_OPERATION,"Drilled 12 1/4"" hole section from 1653 m to 1672 m MD. Drilling parameters : Flow 3500 lpm / SPP 179 bar / String RPM 120 / WOB 2-4 MT / Torque 13-17 kNm / ECD 1.38 sg EMW / Drilled with limited ROP 20-40 m/hr due to problems transfering slurry from milling tank through active tank to holding tank. Stopped drilling to investigate TDS.

Meanwhile MU and RB 9 5/8"" csg. stds.",VOLVE_DDR,15_9_F_5_2008_07_17.xml,XML_NODE_KEYWORD,LOW
c6c27a54-982a-4a28-b3c6-736f4fcf1e0c,NO,NO 15/9-F-5,name 2008-07-16T12:00:00+02:00,name 2008-07-16T15:30:00+02:00,1793,1793,ABNORMAL_OPERATION,"Circulated while reciprocating drill string; Circulation parameters : Flow 2800 lpm / SPP 117 bar / String RPM 50 / Torque 8-12 kNm / ECD 1.36 sg EMW  due to problems with mill pump and slurry system. 

Meanwhile MU and RB 9 5/8"" csg. stds.",VOLVE_DDR,15_9_F_5_2008_07_17.xml,XML_NODE_KEYWORD,LOW
55566169-def0-4a73-b23c-8bdbab3696c0,NO,NO 15/9-F-5,name 2008-07-16T18:00:00+02:00,name 2008-07-16T22:30:00+02:00,1862,1862,ABNORMAL_OPERATION,"Circulated while reciprocating drill string; Circulation parameters : Flow 1000-2000 lpm / SPP 22-30 bar / String RPM 50 / Torque 5-9 kNm / ECD 1.37 sg EMW  due to problems with mill pump and slurry system. 

Meanwhile MU and RB 9 5/8"" csg. stds.",VOLVE_DDR,15_9_F_5_2008_07_17.xml,XML_NODE_KEYWORD,LOW
63dfdebc-a246-446e-a5e7-ba039e4b17ec,NO,NO 15/9-F-5,name 2008-07-17T15:45:00+02:00,name 2008-07-17T18:00:00+02:00,1876,1876,KICK,RIH from 1383m to 1551m. Performed kick drill 29 sec. Continued RIH from 1551m to 1876m.,VOLVE_DDR,15_9_F_5_2008_07_18.xml,XML_NODE_KEYWORD,HIGH
7d13febf-c531-4ae2-90b2-643fd11c30d6,NO,NO 15/9-F-5,name 2008-07-17T19:00:00+02:00,name 2008-07-17T22:15:00+02:00,1955,1955,ABNORMAL_OPERATION,"Drilled 12¼"" hole section from 1895 m to 1955 m MD. Drilling parameters : Flow 3500 lpm / SPP 180 bar / String RPM 150 / WOB 2-5 MT / Torque 9-21 kNm / ECD 1.37-1.38 sg EMW / ROP 25-40 m/hour
Problems pumping slurry from active tank to Slurry holding tank due to high viscosity.

Simultaneously MU and RB 9 5/8"" csg. stds.",VOLVE_DDR,15_9_F_5_2008_07_18.xml,XML_NODE_KEYWORD,LOW
910a3888-3664-40b2-87c3-7993cd46a56e,NO,NO 15/9-F-5,name 2008-07-20T19:00:00+02:00,name 2008-07-20T19:15:00+02:00,526,526,KICK,Performed kick drill. Informed drill crew about the use of escape mask.,VOLVE_DDR,15_9_F_5_2008_07_21.xml,XML_NODE_KEYWORD,HIGH
b8ac979a-a640-484d-bd33-86abe6a9683a,NO,NO 15/9-F-5,name 2008-07-21T00:45:00+02:00,name 2008-07-21T01:30:00+02:00,0,0,NPT,Held tool box talk and picked up and made up jet sub and wear bushing RT. Stopped operations due to exhaust fumes on drill floor. Waiting time recorded on F-99.,VOLVE_DDR,15_9_F_5_2008_07_22.xml,XML_NODE_KEYWORD,MEDIUM
4c35a978-b613-42a4-b1fd-425380674887,NO,NO 15/9-F-5,name 2008-07-23T07:00:00+02:00,name 2008-07-23T08:30:00+02:00,2916,2916,MUD_LOSS,"Broke circ & picked up in stage to 2000 LPM, 77 bars, took losses, reduced to 1000 LPM - loss free rate. Total lost  11m³.",VOLVE_DDR,15_9_F_5_2008_07_24.xml,XML_NODE_KEYWORD,HIGH
030d9762-de3b-4c97-b2f4-19c72106a81a,NO,NO 15/9-F-5,name 2008-07-23T13:15:00+02:00,name 2008-07-23T15:15:00+02:00,2921,2921,MUD_LOSS,"Displaced cmt with rig pumps 1000 LPM, at 2700 stk lost suction to MP changed from pit #7 to pit # 9 losses approx. 3 m³. Increased rate to 1500 LPM at 3200 stks. At 4082 stks btm plug sheared @ 135 bars. FCP 43 bars @ 1000 LPM, bumped plug at 4909 stks final pressure 113 bars. 96% pump efficiency.",VOLVE_DDR,15_9_F_5_2008_07_24.xml,XML_NODE_KEYWORD,HIGH
17cb367d-c82d-4ca3-8f8c-e4e5afac7de7,NO,NO 15/9-F-5,name 2008-07-25T00:45:00+02:00,name 2008-07-25T01:30:00+02:00,1502,1502,ABNORMAL_OPERATION,"Continued RIH with 8½"" BHA on 5½"" DP from 1339m to 1502m. Observed problem with TDS control software.
Parallel activity: Started injecting slops into F-14 annulus.",VOLVE_DDR,15_9_F_5_2008_07_26.xml,XML_NODE_KEYWORD,LOW
bdb8d7f0-a1ef-4ab8-8363-9c46a3063299,NO,NO 15/9-F-5,name 2008-07-25T15:00:00+02:00,name 2008-07-25T16:30:00+02:00,2927,2927,STUCK_PIPE,"Cleaned out rat hole in 1-2 m intervals from 2921m to 2927m. Experienced pack off and TDS stalled, 2nd time as reaming into shoe with bit at shoe. Also saw pack off with bit on bottom, stopped pumping slump pipe opposite direction of movement, No losses seen after pack off.",VOLVE_DDR,15_9_F_5_2008_07_26.xml,XML_NODE_KEYWORD,HIGH
0789e299-4ea2-403a-9ddb-f18d3645e79f,NO,NO 15/9-F-5,name 2008-07-26T00:00:00+02:00,name 2008-07-26T03:30:00+02:00,2994,2994,ABNORMAL_OPERATION,"Continued to drill 8½"" hole from 2945m to 2994m. Drilling parameters: Flow 2100 lpm / SPP 214-240 bars / String RPM 100-120 Bit 260-280 / WOB 8-13 MT / TQ 15-20 kNm / ROP 8-20 m/hour / ESD 1.379-1.393 SG / MUD weight 1.30 SG.
Problems operating the AFT PRS.
Took survey after every connection.",VOLVE_DDR,15_9_F_5_2008_07_27.xml,XML_NODE_KEYWORD,LOW
bf216351-78f7-4258-8441-9af66af008f7,NO,NO 15/9-F-5,name 2008-07-26T12:00:00+02:00,name 2008-07-26T19:00:00+02:00,3233,3233,ABNORMAL_OPERATION,"Continued to drill 8½"" hole from 3155m to 3233m. Drilling parameters: Flow 2100 lpm / SPP 240-250 bars / String RPM 100-130 Bit 260-290 / WOB 6-11 MT / TQ 16-30 kNm / ROP 2-50m/hour / ECD 1.536-1.570 SG / MUD weight 1.45 SG.
Reamed one single prior to connection when high ROP.Took survey after every connection.
Problems with CRI transfer pump on the active tank. 
Parallel operation: Made up 7"" liner in stands and racked back in derrick.",VOLVE_DDR,15_9_F_5_2008_07_27.xml,XML_NODE_KEYWORD,LOW
02b2719e-002f-43be-9ba7-f4278b9541ec,NO,NO 15/9-F-5,name 2008-07-30T02:15:00+02:00,name 2008-07-30T03:45:00+02:00,3700,3700,EQUIPMENT_FAILURE,"Send down link to set tool and took pressure point reading:
Bit depth 3694m, test depth 3660m. Bit depth 3677m, test depth 3643m. 
Were not able to achieve a good test in stead of StethoScope did not performed which could be interpreted as failure.",VOLVE_DDR,15_9_F_5_2008_07_31.xml,XML_NODE_KEYWORD,MEDIUM
d7554f9f-177e-47ae-83c8-47168afea9d4,NO,NO 15/9-F-5,name 2008-07-30T04:15:00+02:00,name 2008-07-30T06:00:00+02:00,3580,3580,EQUIPMENT_FAILURE,"Send down link to set tool and took pressure point reading:
Bit depth 3556m, test depth 3522m. 
Were not able to achieve a good test in stead of StethoScope did not performed which could be interpreted as failure.",VOLVE_DDR,15_9_F_5_2008_07_31.xml,XML_NODE_KEYWORD,MEDIUM
d0a8d4e3-5177-4d43-ae85-e5c8b819544e,NO,NO 15/9-F-5,name 2008-07-30T22:00:00+02:00,name 2008-07-30T22:15:00+02:00,10,10,NPT,Waited on crane due to helicopter.,VOLVE_DDR,15_9_F_5_2008_07_31.xml,XML_NODE_KEYWORD,MEDIUM
49ab7b74-adf6-49c5-bc30-22498cb70e24,NO,NO 15/9-F-5,name 2008-07-31T22:15:00+02:00,name 2008-07-31T23:00:00+02:00,3792,3792,MUD_LOSS,Stepped up rate in 500 lpm increments to check for stable returns / loss free rate. 500 lpm / 38 bar SPP. 1000 lpm / 66 bar SPP. 1500 lpm / 110 bar SPP. No losses observed.,VOLVE_DDR,15_9_F_5_2008_08_01.xml,XML_NODE_KEYWORD,HIGH
ff7c2cfc-d840-41f8-b211-3f4f1498261e,NO,NO 15/9-F-5,name 2008-08-01T02:00:00+02:00,name 2008-08-01T02:45:00+02:00,3792,3792,MUD_LOSS,"Displaced cement with 1,45 sg OBM using rig pumps. Pump rate 1200-1600 lpm. Observed shear of lower wiper plug at 432 strokes pumped, sheared out at 230 bar pressure. Observed bottom wiper plug in landing collar at 1254 strokes, sheared out at 74 bar. Observed no shear/pressure peak when upper dart landed in upper wiper plug.  Observed pressure bulid up from 5 bar to 136 bar when cement entered annulus after ~1300 strokes. Reduced rate to 500 lpm after 2130 strokes. Bumped plug after 2228 strokes with 190 bar (FCP ~100 bar). Pump effciency 97,8%. No losses observed during displacement.",VOLVE_DDR,15_9_F_5_2008_08_02.xml,XML_NODE_KEYWORD,HIGH
dda090fb-f622-4635-b6a3-9a6fe09f9f45,NO,NO 15/9-F-5,name 2008-08-04T06:00:00+02:00,name 2008-08-04T08:00:00+02:00,2201,2201,ABNORMAL_OPERATION,"POOH with cleaning assemblies on 5 1/2"" DP from 3011 m to 2201 m MD. Got problems with HPU indicating hydraulic leakage.",VOLVE_DDR,15_9_F_5_2008_08_05.xml,XML_NODE_KEYWORD,LOW
d333bd15-68ad-4ed9-a17f-6763b447edb5,NO,NO 15/9-F-5,name 2008-08-04T13:30:00+02:00,name 2008-08-04T20:30:00+02:00,920,920,ABNORMAL_OPERATION,"Troubleshot racking problem. Calibrated fwd PRS. Attempted to rack pipe with FWD PRS - negative. Calibrated AFT PRS, not able to rack pipe. Had problems with anti-collission system and pipe clashed with racking fingers. Fixed hydraulic leakge on HPU which may have caused malfunction on anti-collision system. Had problems with ""pipe set down"" function, system not registering when pipe set down. Parked AFT PRS. Continued to troubleshot FWD PRS. Attempted to rack stand of pipe - ok.",VOLVE_DDR,15_9_F_5_2008_08_05.xml,XML_NODE_KEYWORD,LOW
fbb7734a-4967-40dc-8b69-33c6aee4a3be,NO,NO 15/9-F-5,name 2008-08-12T09:15:00+02:00,name 2008-08-12T10:15:00+02:00,28.3,28.3,NPT,"Slacked off overpull and came down to 1st tool target (sealbore). Waited 2 minutes for horizontal dog crest to relax. Picked up again and got unexpected overpull of 4-5 MT 20 cm above 2nd tool target (latch groove). Slacked off pipe and picked up againg in attempt to free tool, got overpull at 2nd tool target. Made several attempts to free pipe by coming up and down with tool, not able to pass 2nd target. Pressured up on pipe to 120 bar. Re-attempted passing 2nd target - negative. Bled off pressure. Worked pipe with +/- 5 MT at 2nd target - not able to pass. Tool was free to move down.",VOLVE_DDR,15_9_F_5_2008_08_13.xml,XML_NODE_KEYWORD,MEDIUM
51b6069f-a2bc-4ef5-b450-459b66fac536,NO,NO 15/9-F-5,name 2008-08-14T07:00:00+02:00,name 2008-08-14T08:00:00+02:00,0,0,NPT,"Bled off pressure in DP, slacked off 1 m and waited 3 min to allow lock ring to be fully retracted. PU and POOH with adjustment sub actuation tool. Cleaned and cleared rig floor.",VOLVE_DDR,15_9_F_5_2008_08_15.xml,XML_NODE_KEYWORD,MEDIUM
111c5d29-b1e1-4dea-a771-90c0b78bab4b,NO,NO 15/9-F-5,name 2008-08-14T10:15:00+02:00,name 2008-08-14T11:30:00+02:00,20.8,20.8,EQUIPMENT_FAILURE,"MU TDS. Performed tool box meeting before lining up to test 10 3/4"" tie-back csg. Verified line-up and pressured up to leak test 10 3/4"" surface tie-back csg and 10 3/4"" x 9 5/8"" csg against VMB plug to 380 bar/10 min with cmt unit. 900 ltrs pumped. Test failed.",VOLVE_DDR,15_9_F_5_2008_08_15.xml,XML_NODE_KEYWORD,MEDIUM
cfd21ce4-f11f-4631-863b-bd8e40bc7cf2,NO,NO 15/9-F-5,name 2008-08-14T11:30:00+02:00,name 2008-08-14T12:15:00+02:00,20.8,20.8,EQUIPMENT_FAILURE,Performed line test to 380 bar/10 min with cmt unit. Test failed.,VOLVE_DDR,15_9_F_5_2008_08_15.xml,XML_NODE_KEYWORD,MEDIUM
e3296db9-5ace-476e-a8dd-3147f2270811,NO,NO 15/9-F-5,name 2008-08-14T12:15:00+02:00,name 2008-08-14T13:45:00+02:00,20.8,20.8,EQUIPMENT_FAILURE,Greased surface valves on STP manifold and performed line test. Test failed.,VOLVE_DDR,15_9_F_5_2008_08_15.xml,XML_NODE_KEYWORD,MEDIUM
6925dc6a-526d-4a88-9c63-ca4253000e96,NO,NO 15/9-F-5,name 2008-08-15T05:30:00+02:00,name 2008-08-15T06:00:00+02:00,632.5,632.5,NPT,"Latched on to and release VBM plug by applying 20 MT and then PU to 10 MT up weight on plug to verify that RT was properly latched on plug. Reduced weight on plug to 2 MT and pressured up DP to 30 bar (66 ltrs pumped) . Rotated DP 3/4"" turn RH to open ball valve. Pressure dropped from 30 bar to 4 bar. 

Rotated 15 turns RH to release plug. Pulled up to 632,5 m and waited 10 min to allow elements to fully retract. RIH to 636.5 m to ensure that plug was free.",VOLVE_DDR,15_9_F_5_2008_08_16.xml,XML_NODE_KEYWORD,MEDIUM
473f6828-837c-487b-aee7-ad7567680877,NO,NO 15/9-F-5,name 2008-08-18T09:15:00+02:00,name 2008-08-18T10:00:00+02:00,20.4,20.4,EQUIPMENT_FAILURE,Worked at hight and repaired hydraulic leak in FWD PRS.,VOLVE_DDR,15_9_F_5_2008_08_19.xml,XML_NODE_KEYWORD,MEDIUM
e3646329-8473-48c8-984b-71d3ec442eab,NO,NO 15/9-F-5,name 2008-10-05T20:16:00+02:00,name 2008-10-05T22:00:00+02:00,0,0,NPT,"Prepared ropes and equipment in derrick to be able to put fwd PRS back in position.

Meanwhile waited for supply boat to arrive with frac equipment. Continued to clear drill floor and perform general maintenance.",VOLVE_DDR,15_9_F_5_2008_10_06.xml,XML_NODE_KEYWORD,MEDIUM
31767cf2-1e92-4be7-a0e2-85bf805a18f6,NO,NO 15/9-F-5,name 2008-10-05T22:00:00+02:00,name 2008-10-06T00:00:00+02:00,0,0,NPT,"Waiting for Westcon climbers to install ropes and equipment in derrick to be able to put fwd PRS back in position. 

Meanwhile cleared drill floor and performed general maintenance. Waited for supply boat to arrive with frac equipment.",VOLVE_DDR,15_9_F_5_2008_10_06.xml,XML_NODE_KEYWORD,MEDIUM
4e020107-71ed-4d57-a13b-8e676a6052f3,NO,NO 15/9-F-5,name 2008-10-06T00:00:00+02:00,name 2008-10-06T06:00:00+02:00,0,0,NPT,"Waiting for Westcon climbers to install ropes and equipment in derrick to be able to put fwd PRS back in position. 

Meanwhile serviced TDS, cleared drill floor and performed general maintenance. Waited for supply boat to arrive with frac equipment.",VOLVE_DDR,15_9_F_5_2008_10_07.xml,XML_NODE_KEYWORD,MEDIUM
8eafa9bf-0b9e-4b83-bdef-96d646b6312c,NO,NO 15/9-F-5,name 2008-10-06T06:00:00+02:00,name 2008-10-06T10:30:00+02:00,0,0,NPT,"Waiting for Westcon equipment to be unloaded from supply boat to be able to work on fwd PRS. 

Meanwhile removed pipe handler and link tilt cylinder on TDS and performed general maintenance. Waited for supply boat to unload frac equipment.",VOLVE_DDR,15_9_F_5_2008_10_07.xml,XML_NODE_KEYWORD,MEDIUM
5b89c40e-e95f-4433-9445-abd5b42546a0,NO,NO 15/9-F-5,name 2008-10-06T10:30:00+02:00,name 2008-10-06T11:15:00+02:00,0,0,NPT,Waiting on helicopter operation before entering derrick with Westcon climbers.,VOLVE_DDR,15_9_F_5_2008_10_07.xml,XML_NODE_KEYWORD,MEDIUM
3d663058-1417-4375-9051-b2cd03c866d1,NO,NO 15/9-F-5,name 2008-10-17T10:15:00+02:00,name 2008-10-17T12:15:00+02:00,0,0,EQUIPMENT_FAILURE,"Held tool box talk prior to leak test KWV and Swab. Checked line up for leak testing of KWV and Swab valve. 

Parallel activity: Repaired chain pull in derrick and continued to move FWD PRS to FWD position.",VOLVE_DDR,15_9_F_5_2008_10_18.xml,XML_NODE_KEYWORD,MEDIUM
5137a5fa-22b3-44c8-abed-2fbfd00d4c72,NO,NO 15/9-F-5,name 2012-09-17T20:30:00+02:00,name 2012-09-17T21:45:00+02:00,0,0,ABNORMAL_OPERATION,Had problem to flush lubricator with N2 through manifold on KWV to blow down. Found rubber particles in LTV. Removed rubber and continued to flush lubricator with N2.,VOLVE_DDR,15_9_F_5_2012_09_18.xml,XML_NODE_KEYWORD,LOW
16654d65-bae0-4918-98d2-82ab21227050,NO,NO 15/9-F-5,name 2015-11-02T22:00:00+01:00,name 2015-11-03T00:00:00+01:00,0,0,NPT,"Had to wait for rigging on XMT due to leak in header valve on water injection line.
Meanwhile rigged up new add-on drum and changed to wireline hatch.",VOLVE_DDR,15_9_F_5_2015_11_03.xml,XML_NODE_KEYWORD,MEDIUM
45e922f6-3a85-4583-a6ac-68fa3d2a96e6,NO,NO 15/9-F-5,name 2015-11-03T00:00:00+01:00,name 2015-11-03T01:30:00+01:00,0,0,NPT,"Waited on production department to isolate injection line.
Meanwhile rigged up new add on drum.",VOLVE_DDR,15_9_F_5_2015_11_04.xml,XML_NODE_KEYWORD,MEDIUM
3d0584e1-3b0d-4258-8ae3-b92f8e685532,NO,NO 15/9-F-5,name 2015-11-03T12:40:00+01:00,name 2015-11-03T13:00:00+01:00,0,0,NPT,Waited on Production for pumping and equalizing pressure over DHSV.,VOLVE_DDR,15_9_F_5_2015_11_04.xml,XML_NODE_KEYWORD,MEDIUM
a0ef541a-9365-4f5a-9d56-a91ed53cab6e,NO,NO 15/9-F-5,name 2016-04-18T19:10:00+02:00,name 2016-04-18T20:00:00+02:00,3630,3630,ABNORMAL_OPERATION,Performed correlation passes prior to installing plug. Observed some problems while correlating due to stick slip on BHA.,VOLVE_DDR,15_9_F_5_2016_04_19.xml,XML_NODE_KEYWORD,LOW
5a065588-ef5f-4c15-b458-14f24b6cd0f5,NO,NO 15/9-F-5,name 2016-04-20T03:40:00+02:00,name 2016-04-20T04:30:00+02:00,0,0,NPT,"Waited for mechanic to fix hydraulic leakage in drilling elevator.

Meanwhile, leak tested KWV to 20/345 bar for 5/10 min.",VOLVE_DDR,15_9_F_5_2016_04_21.xml,XML_NODE_KEYWORD,MEDIUM
08694835-0ae9-49fe-addc-99f4ce9780fb,NO,NO 15/9-F-5,name 2016-09-01T19:00:00+02:00,name 2016-09-01T20:45:00+02:00,0,0,STUCK_PIPE,"Worked string up/down. Max hookload 287 ton. Monitored well on TT, static.
Nautral weight (tubing weight + block weight) 158 ton. Strech measured from 158 ton to 287 ton, 6 cm.
Estimated stuck point 55m. Most likely TH stuck at 20m.",VOLVE_DDR,15_9_F_5_2016_09_02.xml,XML_NODE_KEYWORD,HIGH
f726e233-9872-4846-88a6-5fdc89a3c86a,NO,NO 15/9-F-5,name 2016-09-01T20:45:00+02:00,name 2016-09-01T21:00:00+02:00,0,0,STUCK_PIPE,Performed TBT for investigating stuck tubing,VOLVE_DDR,15_9_F_5_2016_09_02.xml,XML_NODE_KEYWORD,HIGH
513e746f-8109-4f8b-953f-db662fce7804,NO,NO 15/9-F-5,name 2016-09-02T12:15:00+02:00,name 2016-09-02T19:00:00+02:00,0,0,NPT,"Waited on  brine prior displacing well to heavy fluid
Meanwhile: 
- Discussed with onshore organization.
- Greased valves on choke manifold.
- Serviced FWD PRS upper head rollers.
- Performed housekeeping
- Calibrated block weight sensor (mudlogger sensor)",VOLVE_DDR,15_9_F_5_2016_09_03.xml,XML_NODE_KEYWORD,MEDIUM
a1fc0600-06c5-4b29-95c0-ac9f40816e84,NO,NO 15/9-F-5,name 2016-09-02T19:00:00+02:00,name 2016-09-03T00:00:00+02:00,0,0,NPT,"Waited on  brine prior displacing well to heavy fluid
Meanwhile:
- Prepared temporary trip tank
- Serviced FWD PRS
- Performed housekeeping
- Cleaned pits
- Prepared tools and equipment for N/D BOP",VOLVE_DDR,15_9_F_5_2016_09_03.xml,XML_NODE_KEYWORD,MEDIUM
8332170d-26a4-4cfe-9b14-a8b1b5c7a196,NO,NO 15/9-F-5,name 2016-09-03T00:00:00+02:00,name 2016-09-03T04:00:00+02:00,0,0,NPT,"Waited on  brine prior displacing well to heavy fluid
Meanwhile:
- Continued servicing FWR PRS
- Cleaned pits
- Performed PMs",VOLVE_DDR,15_9_F_5_2016_09_04.xml,XML_NODE_KEYWORD,MEDIUM
66a3004e-7fe7-4975-9927-16c1f5b2cd25,NO,NO 15/9-F-5,name 2016-09-03T04:00:00+02:00,name 2016-09-03T07:00:00+02:00,0,0,NPT,"Waited on  brine prior displacing well to heavy fluid
Meanwhile:
- Performed housekeeping
- Worked on modification on encoder on drawworks.
- Cleaned pits
- Performed PMs",VOLVE_DDR,15_9_F_5_2016_09_04.xml,XML_NODE_KEYWORD,MEDIUM
a57ee4f7-f4ed-4ff0-a74f-794a91466967,NO,NO 15/9-F-5,name 2016-09-04T03:15:00+02:00,name 2016-09-04T04:45:00+02:00,0,0,MUD_LOSS,"Performed extended flow check of well over modified trip tank on WH.
Well static for 45 min, then losses.
Lost 130 ltr/hr for 15 min. Observed small gain (20 ltrs), then static.",VOLVE_DDR,15_9_F_5_2016_09_05.xml,XML_NODE_KEYWORD,HIGH
3cc168cb-fbdb-4c0d-b25d-6da5387becde,NO,NO 15/9-F-5,name 2016-09-04T23:00:00+02:00,name 2016-09-04T23:30:00+02:00,0,0,KICK,"Consulted onshore organization.
Well control duty and onshore organization concluded to perform BOP connector test and circulate well to even brine weight, no kill pill.
Observed well on TT and modified TT on WH. Gained 140 ltr/20min at TT, lost 130 ltrs/20min on WH TT.",VOLVE_DDR,15_9_F_5_2016_09_05.xml,XML_NODE_KEYWORD,HIGH
8fe076ab-2b0a-4611-9de0-6fd203e285f3,NO,NO 15/9-F-5,name 2016-09-07T10:00:00+02:00,name 2016-09-07T10:15:00+02:00,2770,2770,MUD_LOSS,"Performed TBT for displacement
Observed losses on TT due to heavy fluid in annulus seeping past pre-installed wiper in tubing.",VOLVE_DDR,15_9_F_5_2016_09_08.xml,XML_NODE_KEYWORD,HIGH
4a31357d-299d-4987-a9cf-bffe2534ceb8,NO,NO 15/9-F-5,name 2016-10-14T05:15:00+02:00,name 2016-10-14T07:00:00+02:00,0,0,NPT,"Waited on weather for pulling production risers

Meanwhile:
R/D tension cylinders.
Reconfigured cutter BHA and R/B in different finger (blocked 5 1/2"" DP to be L/O).",VOLVE_DDR,15_9_F_5_2016_10_15.xml,XML_NODE_KEYWORD,MEDIUM
58774b5a-a1f4-4553-9d94-e589066aad81,NO,NO 15/9-F-5,name 2016-10-14T07:00:00+02:00,name 2016-10-14T16:30:00+02:00,0,0,STUCK_PIPE,"Waited on weather for pulling production risers

Meanwhile:
Continued R/D tension cylinders. Stuck pin, needed to work loose.
L/O 6 joints #24,7 and 35 joints #21,9 5 1/2"" DP
L/O 4 singles 5 1/2"" HWDP
Cleaned pits",VOLVE_DDR,15_9_F_5_2016_10_15.xml,XML_NODE_KEYWORD,HIGH
e9f50117-d057-4031-ac1d-fb3a978d20d4,NO,NO 15/9-F-5,name 2016-10-14T16:30:00+02:00,name 2016-10-14T19:00:00+02:00,0,0,NPT,"Waited on weather for pulling production risers

Meanwhile:
Performed skidding checks.
Performed DROPS inspection in derrick, STB crane pedestal, production main deck and cantilever walkways.
Continued R/D tension cylinders.
Lifted 3 x tension cylinders and boat collision stool from WH to drill floor.
Cleaned pits
Cleaned shakers",VOLVE_DDR,15_9_F_5_2016_10_15.xml,XML_NODE_KEYWORD,MEDIUM
1e2c9108-0a90-4f75-9e9e-997136f474ed,NO,NO 15/9-F-5,name 2016-10-14T19:00:00+02:00,name 2016-10-15T00:00:00+02:00,0,0,NPT,"Waited on weather for pulling production risers

Meanwhile:
Continued R/D cylinders on well F-4 and F-5.
Cleaned pits and shakers",VOLVE_DDR,15_9_F_5_2016_10_15.xml,XML_NODE_KEYWORD,MEDIUM
cb2c292c-d5b9-497b-9f62-42e45b4b2c02,NO,NO 15/9-F-5,name 2016-10-15T00:00:00+02:00,name 2016-10-15T04:30:00+02:00,0,0,NPT,"Waited on weather for pulling production risers

Meanwhile:
Lifted equipment from well F-4 and F-5 from WH deck to drill floor (cylinders, centralizers, boat collision stool etc.)
Cleaned pits and shakers",VOLVE_DDR,15_9_F_5_2016_10_16.xml,XML_NODE_KEYWORD,MEDIUM
b14f0ce0-7428-42d3-87b3-e05fd858ba0d,NO,NO 15/9-F-5,name 2016-10-15T04:30:00+02:00,name 2016-10-15T07:00:00+02:00,0,0,NPT,"Waited on weather for skidding cantilever and pulling production risers
Too strong wind to skid.

Meanwhile:
Installed moonpool hatch.
Removed scaffolding and handrail on WH deck.
Cleaned pits and shakers",VOLVE_DDR,15_9_F_5_2016_10_16.xml,XML_NODE_KEYWORD,MEDIUM
e6d646eb-ed7a-4a10-a3c0-300b2f988f48,NO,NO 15/9-F-5,name 2016-10-15T07:00:00+02:00,name 2016-10-15T19:00:00+02:00,0,0,NPT,"Waited on weather for skidding cantilever and pulling production risers.
Too strong wind to skid

Meanwhile:
Cleaned trip tanks
Assisted removal of pit sensors
Cleaned shakers
Opened BOP and inspected cavities
Opened annular preventer and inspected same",VOLVE_DDR,15_9_F_5_2016_10_16.xml,XML_NODE_KEYWORD,MEDIUM
9f4b72bf-4628-4a51-9e7f-c806b921e38f,NO,NO 15/9-F-5,name 2016-10-15T19:00:00+02:00,name 2016-10-16T00:00:00+02:00,0,0,NPT,"Waited on weather for skidding cantilever and pulling production risers.
Too strong wind to skid

Meanwihle:
Continued cleaning shakers
Continued inspecting BOP and ram cavities
Open and inspected dry bulk silos",VOLVE_DDR,15_9_F_5_2016_10_16.xml,XML_NODE_KEYWORD,MEDIUM
2d16068a-71e3-4487-b5e1-2a0fc366a2ad,NO,NO 15/9-F-5,name 2016-10-16T00:00:00+02:00,name 2016-10-16T03:00:00+02:00,0,0,NPT,"Waited on weather for skidding cantilever and pulling production risers.
Too strong wind to skid.

Meanwhile:
Continued cleaning shakers
Continued inspecting BOP
Continued inspecting dry bulk silos",VOLVE_DDR,15_9_F_5_2016_10_17.xml,XML_NODE_KEYWORD,MEDIUM
073eb977-e638-4149-9aa1-85d5896ad945,NO,NO 15/9-F-5,name 2016-10-16T03:00:00+02:00,name 2016-10-16T03:15:00+02:00,0,0,NPT,"Waited on weather for skidding cantilever and pulling production risers.
Too strong wind to skid

Meanwhile:
Performed TBT for skidding",VOLVE_DDR,15_9_F_5_2016_10_17.xml,XML_NODE_KEYWORD,MEDIUM
174e670b-cde5-4512-a32c-1bbdcafce092,NO,NO 15/9-F-5,name 2016-10-16T03:15:00+02:00,name 2016-10-16T07:00:00+02:00,0,0,NPT,"Waited on weather for skidding cantilever and pulling production risers.
Too strong wind to skid

Meanwhile:
Continued cleaning shakers
Continued inspecting BOP
Continued inspecting dry bulk silos",VOLVE_DDR,15_9_F_5_2016_10_17.xml,XML_NODE_KEYWORD,MEDIUM
4b653256-e96c-4286-82aa-60bd87391f85,NO,NO 15/9-F-5,name 2016-10-16T07:00:00+02:00,name 2016-10-16T15:45:00+02:00,0,0,NPT,"Waited on weather for skidding cantilever and pulling production risers.
Too strong wind to skid

Meanwhile:
Cleaned shaker pits and upper shakers.
Continued inspection of dry bulk silos.
Assembled annular preventer
Inspected BOP ram cavities

**** END OF REPORT ****",VOLVE_DDR,15_9_F_5_2016_10_17.xml,XML_NODE_KEYWORD,MEDIUM
f332dbeb-1706-479e-8d94-ba375fc0c7c0,NO,NO 15/9-F-7,name 2007-09-15T06:00:00+02:00,name 2007-09-15T07:00:00+02:00,0,0,EQUIPMENT_FAILURE,Starboard aft skidding cylinder failed and thus stopped skidding operation.  Decided to cancel skidding operation to remove riser tie-in winch and to stay on location (F-7) and start drilling.,VOLVE_DDR,15_9_F_7_2007_09_16.xml,XML_NODE_KEYWORD,MEDIUM
c4c6bd5e-f4f1-4b8f-ba27-e62fe5d2d911,NO,NO 15/9-F-7,name 2007-09-17T15:00:00+02:00,name 2007-09-17T15:30:00+02:00,187,187,EQUIPMENT_FAILURE,Repaired liner spray on mud pump #3.,VOLVE_DDR,15_9_F_7_2007_09_18.xml,XML_NODE_KEYWORD,MEDIUM
06b3da08-71b2-4f79-9ac1-c6b4d75ed93d,NO,NO 15/9-F-7,name 2007-09-21T15:15:00+02:00,name 2007-09-21T16:00:00+02:00,215,215,ABNORMAL_OPERATION,Circulated while evaluating problem with survey. Spotted 10 m3 1.40 sg pill on bottom prior to POOH to change BHA.,VOLVE_DDR,15_9_F_7_2007_09_22.xml,XML_NODE_KEYWORD,LOW
351aa8d7-f7cf-48c5-b9c2-5b80fa969820,NO,NO 15/9-F-7,name 2007-09-24T00:30:00+02:00,name 2007-09-24T01:00:00+02:00,122,122,EQUIPMENT_FAILURE,Surfaced ROV to repair hydraulic leak.,VOLVE_DDR,15_9_F_7_2007_09_25.xml,XML_NODE_KEYWORD,MEDIUM
f5e0b622-0654-4f13-ab19-694d80b777c6,NO,NO 15/9-F-7,name 2007-09-24T02:00:00+02:00,name 2007-09-24T03:00:00+02:00,195,195,EQUIPMENT_FAILURE,"Surfaced ROV to repair hydraulic leak in operation-arm. Meanwhile pulled 171/2"" BHA into shoe at 195 m. Dived ROV and re-connected on to DCI hose.",VOLVE_DDR,15_9_F_7_2007_09_25.xml,XML_NODE_KEYWORD,MEDIUM
a09275a7-7f79-4fe4-9c88-50883e54970b,NO,NO 15/9-F-7,name 2007-09-25T06:00:00+02:00,name 2007-09-26T00:00:00+02:00,458,458,EQUIPMENT_FAILURE,"Drilled 17 1/2"" hole from 353 m to 650 m; 4000-4500 lpm, 141-177 bar, 80 rpm, 4-8 kNm, 4-6 MT WOB, ROP 35-70 m/hr. Pumped 3 x 10 m3 hi-vis sweeps and reamed one single pr std. Performed gyro survey every 30 m until more than 15 m away from F-12. Performed gyroMWD survey every std (approx every 40 m) from there on. Slided in following intervals: 480-495m, 530-538m, 560-570m, 595-610m, 632-650m.

Meanwhile inspected TDS and derrick for loose items. Checked die-carriers. Carried out repairs on forward PRS. Pressure tested BOP (6 months tests).",VOLVE_DDR,15_9_F_7_2007_09_26.xml,XML_NODE_KEYWORD,MEDIUM
3e67f5f2-cf5c-4f17-8ca0-0abebccf78bd,NO,NO 15/9-F-7,name 2007-09-26T00:00:00+02:00,name 2007-09-26T05:15:00+02:00,759,759,EQUIPMENT_FAILURE,"Drilled 17 1/2"" hole from 650 m to 759 m; 4000-4500 lpm, 130-160 bar, 80 rpm, 1-3 kNm, 3-4 MT WOB, ROP 33-55 m/hr. Pumped 3 x 10 m3 hi-vis sweeps and reamed one single pr std. Performed gyroMWD survey every std.  Slided in following intervals: 675-690m, 745-760m. Up weight 114 MT/down weight 109 MT.

Continued repairs on forward PRS and pressure tested BOP (6 months tests).",VOLVE_DDR,15_9_F_7_2007_09_27.xml,XML_NODE_KEYWORD,MEDIUM
68a25dc4-a09b-4406-b272-a18df901b6d9,NO,NO 15/9-F-7,name 2007-09-26T05:15:00+02:00,name 2007-09-26T06:00:00+02:00,759,759,EQUIPMENT_FAILURE,Rotated and reciprocated pipe while repairs are carried out to MP1 and MP3.,VOLVE_DDR,15_9_F_7_2007_09_27.xml,XML_NODE_KEYWORD,MEDIUM
383df85b-e0cd-4317-805e-5ba2e89bcb61,NO,NO 15/9-F-7,name 2007-09-26T06:00:00+02:00,name 2007-09-26T06:45:00+02:00,759,759,EQUIPMENT_FAILURE,Rotated and reciprocated pipe while repairs was carried out to MP2 and MP3.,VOLVE_DDR,15_9_F_7_2007_09_27.xml,XML_NODE_KEYWORD,MEDIUM
1a8ff5c6-fa3a-4a2e-9230-1c9072eb4ff4,NO,NO 15/9-F-7,name 2007-09-28T03:00:00+02:00,name 2007-09-28T03:30:00+02:00,582,582,EQUIPMENT_FAILURE,"The casing tong were unable to make up high torque. Trouble shooted the casing tong, the tong were repaired and operation was resumed.",VOLVE_DDR,15_9_F_7_2007_09_29.xml,XML_NODE_KEYWORD,MEDIUM
92cdc88c-71ff-4f91-a19e-e830c235ec68,NO,NO 15/9-F-7,name 2007-09-29T21:30:00+02:00,name 2007-09-29T23:00:00+02:00,120,120,STUCK_PIPE,"Tension joint got stuck in master bushing, 20 MT down weight. Picked up riser with master bushing attached to tension joint 10cm and were able to free bushing by hammering down the master bushing. No damage to the tension joint.",VOLVE_DDR,15_9_F_7_2007_09_30.xml,XML_NODE_KEYWORD,HIGH
77045a55-4eab-42f7-81c7-7230ec1c1f93,NO,NO 15/9-F-7,name 2007-09-30T04:15:00+02:00,name 2007-09-30T05:45:00+02:00,140,140,ABNORMAL_OPERATION,Investigated problem with cement/kill manifold lined up an alternative route.,VOLVE_DDR,15_9_F_7_2007_10_01.xml,XML_NODE_KEYWORD,LOW
a8431caf-7367-473a-a98a-b8a54bb01486,NO,NO 15/9-F-7,name 2007-10-01T20:30:00+02:00,name 2007-10-01T21:15:00+02:00,37,37,ABNORMAL_OPERATION,"Problems with PRS trouble shooted, found soft ware problem, Eletronic Technician corrected error.",VOLVE_DDR,15_9_F_7_2007_10_02.xml,XML_NODE_KEYWORD,LOW
5c841217-ed59-4596-b366-0492ea3d62df,NO,NO 15/9-F-7,name 2007-10-02T19:45:00+02:00,name 2007-10-02T23:30:00+02:00,978,978,EQUIPMENT_FAILURE,"Circulated and reciprocated pipe, investigated MP-1 and attempted to repair same.",VOLVE_DDR,15_9_F_7_2007_10_03.xml,XML_NODE_KEYWORD,MEDIUM
5fed7a30-2f99-4b2e-9b7e-16068624e443,NO,NO 15/9-F-7,name 2007-10-03T01:45:00+02:00,name 2007-10-03T06:00:00+02:00,897,897,EQUIPMENT_FAILURE,"Investigated failures on mud pumps and carried out repairs.
Failures located: MP-1: Swab in line, MP-2: Fluid end problems, MP-3: Liner problem, software problem, insufficient fluid supply.",VOLVE_DDR,15_9_F_7_2007_10_04.xml,XML_NODE_KEYWORD,MEDIUM
a5e05944-fee0-47d4-85a3-18b322bf3be5,NO,NO 15/9-F-7,name 2007-10-05T08:30:00+02:00,name 2007-10-05T08:45:00+02:00,0,0,ABNORMAL_OPERATION,"Held tool box talk prior to picking up 9 5/8"" screens. Picked up first joint and installed centralizer. Problems with torque set point on casing tong.",VOLVE_DDR,15_9_F_7_2007_10_06.xml,XML_NODE_KEYWORD,LOW
38ee38e5-8cf2-4876-b5d7-1b122518b642,NO,NO 15/9-F-7,name 2007-10-05T08:45:00+02:00,name 2007-10-05T09:00:00+02:00,12,12,ABNORMAL_OPERATION,Investigated problems with torque set point on casing tong.,VOLVE_DDR,15_9_F_7_2007_10_06.xml,XML_NODE_KEYWORD,LOW
9e8cfe7f-9df3-4656-8c84-d0632d3cc32d,NO,NO 15/9-F-7,name 2007-10-05T14:00:00+02:00,name 2007-10-05T16:00:00+02:00,143,143,ABNORMAL_OPERATION,"Continued to RIH with 9 5/8"" screens from 47 m to 143 m. Software problem with casing tong.",VOLVE_DDR,15_9_F_7_2007_10_06.xml,XML_NODE_KEYWORD,LOW
45d8014d-07f7-4229-b9be-6a9107f19dd6,NO,NO 15/9-F-7,name 2007-10-05T16:00:00+02:00,name 2007-10-05T16:45:00+02:00,143,143,EQUIPMENT_FAILURE,"Trouble shooted the casing tong. Tong came out of sequence, due to software problem,  repaired same.",VOLVE_DDR,15_9_F_7_2007_10_06.xml,XML_NODE_KEYWORD,MEDIUM
ab5ff95e-c97c-4172-b953-ee2a9f967585,NO,NO 15/9-F-7,name 2007-10-06T21:00:00+02:00,name 2007-10-06T23:15:00+02:00,848,848,MUD_LOSS,"Changed to PS-21 slips. RIH with Swab assembly on 5½"" DP from surface to 848 m. No losses to formation.",VOLVE_DDR,15_9_F_7_2007_10_07.xml,XML_NODE_KEYWORD,HIGH
3e471eb9-8ebc-431b-8a84-ea4124ff7b4a,NO,NO 15/9-F-7,name 2007-10-06T23:15:00+02:00,name 2007-10-07T00:00:00+02:00,848,848,MUD_LOSS,Made up to TDS. Swabbed in the well twice using 3 strokes at the time with stroke length of 35 m. Swabbing speed 30 m/min. Losses 400 and 1000 lpm.,VOLVE_DDR,15_9_F_7_2007_10_07.xml,XML_NODE_KEYWORD,HIGH
2be1d5cb-543f-4d98-ae28-9a4f9de22c35,NO,NO 15/9-F-7,name 2007-10-07T00:00:00+02:00,name 2007-10-07T02:45:00+02:00,888,888,MUD_LOSS,"Continued swabbing the well 3 times using 3 strokes at the time with stroke length of 35 m. Swabbing speed 40 and 50 m/min. Losses 1200, 700 and 600 lpm. Filled up trip tank and observed final loss rate of 300 lpm.",VOLVE_DDR,15_9_F_7_2007_10_08.xml,XML_NODE_KEYWORD,HIGH
36e06635-5839-4ae0-b6a8-f7eee8f5a441,NO,NO 15/9-F-7,name 2007-10-07T05:00:00+02:00,name 2007-10-07T06:00:00+02:00,829,829,MUD_LOSS,Pulled the swab assembly above the PBR. Established a loss rate of 150 lpm.,VOLVE_DDR,15_9_F_7_2007_10_08.xml,XML_NODE_KEYWORD,HIGH
a8b8d2ae-0b44-4dfd-92f2-096d769cf362,NO,NO 15/9-F-7,name 2007-10-07T23:15:00+02:00,name 2007-10-08T00:00:00+02:00,1050,1050,MUD_LOSS,"Lined up to trip tank and established loss rate, loss rate 450 lpm.",VOLVE_DDR,15_9_F_7_2007_10_08.xml,XML_NODE_KEYWORD,HIGH
e65a9543-aa93-4f9a-b3a0-0ea683713485,NO,NO 15/9-F-7,name 2007-10-08T03:15:00+02:00,name 2007-10-08T04:30:00+02:00,840,840,MUD_LOSS,"Pulled the string up to 840 m above the PBR. Lined up to trip tank and established loss rate, loss rate 400 lpm.",VOLVE_DDR,15_9_F_7_2007_10_09.xml,XML_NODE_KEYWORD,HIGH
34163cb1-5216-49fe-bb17-a839a09f6cad,NO,NO 15/9-F-7,name 2016-07-29T02:00:00+02:00,name 2016-07-29T03:00:00+02:00,771,771,ABNORMAL_OPERATION,"POOH from 794 mMD to 771 mMD.
Experienced issues with spooling unit rig-up. Alignment made it problematic to spool in at the same time as pulling out of hole.",VOLVE_DDR,15_9_F_7_2016_07_30.xml,XML_NODE_KEYWORD,LOW
9daeca41-42c4-4d8f-a3f5-1b6112fd17b8,NO,NO 15/9-F-7,name 2016-07-29T23:15:00+02:00,name 2016-07-29T23:45:00+02:00,0,0,STUCK_PIPE,"Attempted to release connector on LP riser. Riser stuck, max overpull 8 ton.",VOLVE_DDR,15_9_F_7_2016_07_30.xml,XML_NODE_KEYWORD,HIGH
0cd965f6-f2e9-427a-8151-a5be66971565,NO,NO 15/9-F-7,name 2016-10-22T01:30:00+02:00,name 2016-10-22T02:00:00+02:00,0,0,STUCK_PIPE,"PRS roller stuck on FWD PRS, troubleshot same.",VOLVE_DDR,15_9_F_7_2016_10_23.xml,XML_NODE_KEYWORD,HIGH
ce2c0a0f-6752-4da4-9e6f-042e0542e737,NO,NO 15/9-F-7,name 2016-10-22T02:00:00+02:00,name 2016-10-22T02:30:00+02:00,0,0,STUCK_PIPE,"RIH with cutter BHA into wellhead.
Issue with stuck roller on FWD PRS re-appeared.
Decided to L/O Multibowl RT to free AFT PRS",VOLVE_DDR,15_9_F_7_2016_10_23.xml,XML_NODE_KEYWORD,HIGH
82cce433-acfa-4c44-a6a5-94ce54026073,NO,NO 15/9-F-9,name 2007-11-28T17:15:00+01:00,name 2007-11-28T17:30:00+01:00,165,165,EQUIPMENT_FAILURE,Repaired leaking fitting on TDS. Meanwhile pumped 10 m3 hi-vis.,VOLVE_DDR,15_9_F_9_2007_11_29.xml,XML_NODE_KEYWORD,MEDIUM
125c9c0d-9df7-418f-b6b0-aae726325126,NO,NO 15/9-F-9,name 2007-11-29T10:45:00+01:00,name 2007-11-29T12:15:00+01:00,6,6,ABNORMAL_OPERATION,Picked up shoe joint. Had problems latching elevator due to weldings on joint. Installed casing inserts in RT.,VOLVE_DDR,15_9_F_9_2007_11_30.xml,XML_NODE_KEYWORD,LOW
c2308784-0930-4660-8172-045b59a0a4bc,NO,NO 15/9-F-9,name 2007-11-30T06:00:00+01:00,name 2007-11-30T07:00:00+01:00,221,221,NPT,Waited for visiblity to improve for engaging hotstab.,VOLVE_DDR,15_9_F_9_2007_12_01.xml,XML_NODE_KEYWORD,MEDIUM
1e683b20-a4b6-4381-8bd7-dc9e0b1479dc,NO,NO 15/9-F-9,name 2007-11-30T11:15:00+01:00,name 2007-11-30T21:00:00+01:00,221,221,NPT,"Waited for cement to set up. 

Meanwhile :
-Serviced TDS
-Serviced fwd and aft PRS
-Changed annular element
-Housekeeping, cleaning and maintenance on drillfloor",VOLVE_DDR,15_9_F_9_2007_12_01.xml,XML_NODE_KEYWORD,MEDIUM
666fedd8-7b7c-4f77-ad7f-9eba88d32339,NO,NO 15/9-F-9,name 2007-11-30T21:00:00+01:00,name 2007-11-30T23:30:00+01:00,221,221,NPT,"Waited on cement  to set up.

Meanwhile :
-Made x-y measurements on conductor relative to funnel 36 cm/36 cm
-Shifted bank #4 handle to ""off"" and disengaged centralizer cylinders with 2000 psi through minireel
-Retrieved hotstab and guidewire
-Removed lo-torque on cement stand
-Performed toolbox talk prior to releasing CART",VOLVE_DDR,15_9_F_9_2007_12_01.xml,XML_NODE_KEYWORD,MEDIUM
a9d9e249-782f-457e-be62-775354432de4,NO,NO 15/9-F-9,name 2007-12-12T06:00:00+01:00,name 2007-12-12T10:00:00+01:00,0,0,NPT,"Waited on daylight for close standby to be able to remove scaffolding below centralizer deck in WH module.

Meanwhile performed torque test on TDS and serviced equipment on drillfloor.",VOLVE_DDR,15_9_F_9_2007_12_13.xml,XML_NODE_KEYWORD,MEDIUM
781e83f5-7251-4ef9-acb9-390e82de819f,NO,NO 15/9-F-9,name 2007-12-15T15:45:00+01:00,name 2007-12-15T16:15:00+01:00,106,106,ABNORMAL_OPERATION,Sorted out PRS alignement problem.,VOLVE_DDR,15_9_F_9_2007_12_16.xml,XML_NODE_KEYWORD,LOW
da53a729-3db2-4f05-bfdf-3056f0881e17,NO,NO 15/9-F-9,name 2008-08-29T04:00:00+02:00,name 2008-08-29T06:00:00+02:00,0,0,NPT,"Waiting on MWD to troubleshoot tools and get ready to run 12 1/4"" BHA.

Meanwhile function tested diverter inserts and valves.",VOLVE_DDR,15_9_F_9_2008_08_30.xml,XML_NODE_KEYWORD,MEDIUM
b1ef8377-1c8a-4fea-9a40-a0e1267d7680,NO,NO 15/9-F-9,name 2008-08-29T06:00:00+02:00,name 2008-08-29T07:15:00+02:00,0,0,NPT,"Waiting on MWD to troubleshoot tools and get ready to run 12 1/4"" BHA.

Meanwhile prepared for function test of diverter. Could not operate diverter bag.",VOLVE_DDR,15_9_F_9_2008_08_30.xml,XML_NODE_KEYWORD,MEDIUM
b5560540-8ff3-46a2-b372-213993c65fae,NO,NO 15/9-F-9,name 2008-08-29T11:15:00+02:00,name 2008-08-29T12:30:00+02:00,8,8,EQUIPMENT_FAILURE,Repaired aft iron rough neck spinner carriage.,VOLVE_DDR,15_9_F_9_2008_08_30.xml,XML_NODE_KEYWORD,MEDIUM
0ba42341-09f7-4985-850f-825bd905a1d3,NO,NO 15/9-F-9,name 2008-08-29T13:45:00+02:00,name 2008-08-29T14:30:00+02:00,29,29,NPT,"Waiting on helicopter/crane.

Meanwhile installed 10"" diverter inserts.",VOLVE_DDR,15_9_F_9_2008_08_30.xml,XML_NODE_KEYWORD,MEDIUM
65cda7f1-156a-4198-85a7-5ef01bb45960,NO,NO 15/9-F-9,name 2008-08-31T16:15:00+02:00,name 2008-08-31T16:45:00+02:00,300,300,EQUIPMENT_FAILURE,Investigated and repaired oil leak on aft roughneck.,VOLVE_DDR,15_9_F_9_2008_09_01.xml,XML_NODE_KEYWORD,MEDIUM
207d7ca6-6bcd-4605-b1eb-97c1b13a6a1f,NO,NO 15/9-F-9,name 2008-08-31T19:30:00+02:00,name 2008-08-31T20:00:00+02:00,0,0,KICK,Performed well control drill. Focused on how to set off the deluge system on rig floor and in cantiliver.,VOLVE_DDR,15_9_F_9_2008_09_01.xml,XML_NODE_KEYWORD,HIGH
eb0a5906-feec-4881-a6dc-867122e5b5e8,NO,NO 15/9-F-9,name 2008-09-01T22:15:00+02:00,name 2008-09-01T23:00:00+02:00,204,204,NPT,Picked up back-up Screen Hanger and waited for go ahead. Simultaneously cleared and cleaned rig floor.,VOLVE_DDR,15_9_F_9_2008_09_02.xml,XML_NODE_KEYWORD,MEDIUM
40dfa485-1804-414d-8c17-4bc51b90c33d,NO,NO 15/9-F-9,name 2008-09-02T17:00:00+02:00,name 2008-09-02T18:00:00+02:00,1050,1050,MUD_LOSS,"Closed STD pipe valve, monitored well on trip tank for losses. Loss rate 260lpm dropped to 118lpm.",VOLVE_DDR,15_9_F_9_2008_09_03.xml,XML_NODE_KEYWORD,HIGH
2a07696a-2d46-407e-8338-50a49a792bcd,NO,NO 15/9-F-9,name 2008-09-02T18:00:00+02:00,name 2008-09-02T19:15:00+02:00,1050,1050,MUD_LOSS,Pulled the upper cup into the blank pipe and swabbed the well 2 times with 20 m strokes 30 m/min. Ran back to 1050 m. Opened the stand pipe valve. Pumped 0.5 m³ down DP and displaced clean acid into well bore. Closed stand pipe valve. Let Citric acid soak. Loss rate 50 lpm.,VOLVE_DDR,15_9_F_9_2008_09_03.xml,XML_NODE_KEYWORD,HIGH
8a089016-3d8f-46c7-b9a8-f9f8f6f2d08c,NO,NO 15/9-F-9,name 2008-09-02T19:15:00+02:00,name 2008-09-02T20:30:00+02:00,1050,1050,MUD_LOSS,Pulled the upper cup into the blank pipe and swabbed the well 2 times with 20 m strokes 30 m/min. Ran back to 1050 m. Opened the stand pipe valve. Pumped 0.5 m³ down DP and displaced clean acid into well bore. Closed stand pipe valve. Let Citric acid soak. Loss rate 50 lpm.,VOLVE_DDR,15_9_F_9_2008_09_03.xml,XML_NODE_KEYWORD,HIGH
2b5bf2c8-cd71-4934-a5f9-b832a396bea6,NO,NO 15/9-F-9,name 2008-09-02T20:30:00+02:00,name 2008-09-02T21:30:00+02:00,1050,1050,MUD_LOSS,Pulled the upper cup into the blank pipe and swabbed the well 3 times with 20 m strokes 40 m/min. Ran back to 1050 m. Opened the stand pipe valve. Pumped 0.5 m³ down DP and displaced clean acid into well bore. Closed stand pipe valve. Let Citric acid soak. Loss rate 50 lpm.,VOLVE_DDR,15_9_F_9_2008_09_03.xml,XML_NODE_KEYWORD,HIGH
b4fa3615-2521-4f59-8847-58afad57d637,NO,NO 15/9-F-9,name 2008-09-02T21:30:00+02:00,name 2008-09-02T22:15:00+02:00,1050,1050,MUD_LOSS,Pulled the upper cup into the blank pipe and swabbed the well 4 times with 20 m strokes 50 m/min. Ran back to 1050 m. Opened the stand pipe valve. Pumped 0.5 m³ down DP and displaced clean acid into well bore. Closed stand pipe valve. Let Citric acid soak. Loss rate 50 lpm.,VOLVE_DDR,15_9_F_9_2008_09_03.xml,XML_NODE_KEYWORD,HIGH
a8e96dee-c30c-48ee-9479-e832787eded4,NO,NO 15/9-F-9,name 2008-09-02T22:15:00+02:00,name 2008-09-02T23:00:00+02:00,1050,1050,MUD_LOSS,"Pulled the upper cup into the blank pipe and swabbed the well for 10mins, 11times with 20 m strokes 50 m/min. Ran back to 1050 m. Opened the stand pipe valve. Pumped 0.5 m³ down DP and displaced clean acid into well bore. Closed stand pipe valve. Let Citric acid soak. Loss rate 250lpm.",VOLVE_DDR,15_9_F_9_2008_09_03.xml,XML_NODE_KEYWORD,HIGH
0492ed0b-ac48-4d05-81e6-6fc7ffcf9936,NO,NO 15/9-F-9,name 2008-09-02T23:00:00+02:00,name 2008-09-03T00:00:00+02:00,1050,1050,MUD_LOSS,"Pulled the upper cup into the blank pipe and swabbed the well for 10mins, 11times with 20 m strokes 50 m/min. Ran back to 1050 m. Opened the stand pipe valve. Pumped 0.5 m³ down DP and displaced clean acid into well bore. Closed stand pipe valve. Let Citric acid soak. Loss rate 700lpm dropped to 520lpm.",VOLVE_DDR,15_9_F_9_2008_09_03.xml,XML_NODE_KEYWORD,HIGH
a51b8552-c7d8-415e-b905-4125012ce8eb,NO,NO 15/9-F-9,name 2008-09-03T00:00:00+02:00,name 2008-09-03T00:30:00+02:00,1050,1050,MUD_LOSS,Loss rate 320lpm. Filled trip tanks.,VOLVE_DDR,15_9_F_9_2008_09_04.xml,XML_NODE_KEYWORD,HIGH
937e64b9-4e23-4787-9d3a-adf1963b9ac0,NO,NO 15/9-F-9,name 2008-09-03T00:30:00+02:00,name 2008-09-03T01:30:00+02:00,1050,1050,MUD_LOSS,"Pulled the upper cup into the blank pipe and swabbed the well for 10mins, 8 times with 20 m strokes 50 m/min. Ran back to 1050 m. Opened the stand pipe valve. Pumped 0.5 m³ down DP and displaced clean acid into well bore. Closed stand pipe valve. Let Citric acid soak. Losses rate 220lpm.",VOLVE_DDR,15_9_F_9_2008_09_04.xml,XML_NODE_KEYWORD,HIGH
b8b3ef4b-e71b-44ef-9d9e-014eef4a88a5,NO,NO 15/9-F-9,name 2008-09-03T01:30:00+02:00,name 2008-09-03T03:00:00+02:00,1050,1050,MUD_LOSS,"Pulled the upper cup into the blank pipe and swabbed the well for 10mins, 11times with 20 m strokes 50 m/min. Change in drag as swabbing. Ran back to 1050 m. Opened the stand pipe valve. Pumped 0.5 m³ down DP and displaced clean acid into well bore. Closed stand pipe valve. Let Citric acid soak. Loss rate 110 lpm.",VOLVE_DDR,15_9_F_9_2008_09_04.xml,XML_NODE_KEYWORD,HIGH
d4596805-013e-4e56-b5b4-0d72fc9d3dae,NO,NO 15/9-F-9,name 2008-09-03T03:00:00+02:00,name 2008-09-03T03:45:00+02:00,1050,1050,MUD_LOSS,"Pulled the upper cup into the blank pipe and swabbed the well for 10mins, 11times with 20 m strokes 50 m/min.  Ran back to 1050 m. Opened the stand pipe valve. Pumped 0.5 m³ down DP and displaced clean acid into well bore. Closed stand pipe valve. Let Citric acid soak. Loss rate 80 lpm.",VOLVE_DDR,15_9_F_9_2008_09_04.xml,XML_NODE_KEYWORD,HIGH
b4f57011-9eb4-42ab-9fdc-36aaf190a7d3,NO,NO 15/9-F-9,name 2008-09-03T07:30:00+02:00,name 2008-09-03T08:30:00+02:00,840,840,MUD_LOSS,Established loss rate and monitored trip tank. Filled trip tank with packer fluid. Average loss rate 540 lpm.,VOLVE_DDR,15_9_F_9_2008_09_04.xml,XML_NODE_KEYWORD,HIGH
b9664c95-f8af-46f0-80a4-ceeb1229dedb,NO,NO 15/9-F-9,name 2008-09-04T00:00:00+02:00,name 2008-09-04T04:15:00+02:00,0,0,ABNORMAL_OPERATION,"Unable to release riser from well head. Trouble shoot problem. Worked snap ring several times. Found the 12 threaded holes of the riser connector to be damaged, re-cutted the threaded holes. Made up the 12 bolt to correct distance to be able to collapse snap ring probably.",VOLVE_DDR,15_9_F_9_2008_09_05.xml,XML_NODE_KEYWORD,LOW
64b6de29-d0ae-4042-af5d-02b7b0e8ad4c,NO,NO 15/9-F-9,name 2009-06-29T00:00:00+02:00,name 2009-06-29T01:15:00+02:00,40,40,EQUIPMENT_FAILURE,"Pumped 4,5bar/500 lpm, 4,5bar/1000 lpm, 12bar/1500 lpm, 26bar/2000 lpm. Tool failed to operate.
Repeated pressure sequences a second time with no success. Made two pressure cycles with 26 bar/2000 lpm and 40bar/2500 lpm. Tool failed to operate.",VOLVE_DDR,15_9_F_9_2009_06_30.xml,XML_NODE_KEYWORD,MEDIUM
e50c55d3-97bf-4bb0-b4fc-8e555ef06a75,NO,NO 15/9-F-9,name 2009-06-29T02:00:00+02:00,name 2009-06-29T03:30:00+02:00,40,40,EQUIPMENT_FAILURE,"Pumped 4,5bar/1000 lpm, 20bar/2500 lpm. Tool failed to operate.
Repeated pressure sequences a several times with no success.",VOLVE_DDR,15_9_F_9_2009_06_30.xml,XML_NODE_KEYWORD,MEDIUM
6311fa65-b98f-4c85-ae8c-4beca52f1549,NO,NO 15/9-F-9,name 2009-06-29T06:00:00+02:00,name 2009-06-29T07:00:00+02:00,207,207,ABNORMAL_OPERATION,Discussed Multi Cycle By-pass Valve (MCBV) operational problems with service companies and town.,VOLVE_DDR,15_9_F_9_2009_06_30.xml,XML_NODE_KEYWORD,LOW
85891313-024d-41c2-a82a-313ab1bee2ba,NO,NO 15/9-F-9,name 2009-06-30T20:15:00+02:00,name 2009-06-30T22:15:00+02:00,0,0,EQUIPMENT_FAILURE,Observed loose die holder and worn dies on TDS pipe handler. Repaired same.,VOLVE_DDR,15_9_F_9_2009_07_01.xml,XML_NODE_KEYWORD,MEDIUM
8663cba0-af63-427b-9428-a502344ae4cd,NO,NO 15/9-F-9,name 2009-07-03T03:00:00+02:00,name 2009-07-03T03:30:00+02:00,190,190,EQUIPMENT_FAILURE,Repaired power slips.,VOLVE_DDR,15_9_F_9_2009_07_04.xml,XML_NODE_KEYWORD,MEDIUM
233846fb-392e-4321-83ba-1da00f707986,NO,NO 15/9-F-9 A,name 2009-07-04T17:30:00+02:00,name 2009-07-04T17:45:00+02:00,140,140,EQUIPMENT_FAILURE,Repaired leak on hydraulic elevator.,VOLVE_DDR,15_9_F_9_A_2009_07_05.xml,XML_NODE_KEYWORD,MEDIUM
73e62ada-9e0c-4571-b664-d089ffcab505,NO,NO 15/9-F-9 A,name 2009-07-06T00:45:00+02:00,name 2009-07-06T01:30:00+02:00,996,996,MUD_LOSS,"Circulated and conditioned mud prior to liner cementing job; broke circulation and gradually increased pump rate to 2000 lpm / 44 bar, circulated one open hole BU volume. Mud weights in/out = 1.20 sg, no losses seen. Meanwhile held pre-job cement meeting with involved personnel prior to liner cementing operations; reviewed check lists and relevant safety / operational issues. Leak tested surface cementing line to 300 bars for 10 min - OK.",VOLVE_DDR,15_9_F_9_A_2009_07_07.xml,XML_NODE_KEYWORD,HIGH
f14f9e60-04b8-4af5-bc7d-a91eb87741a1,NO,NO 15/9-F-9 A,name 2009-07-06T02:45:00+02:00,name 2009-07-06T03:00:00+02:00,996,996,MUD_LOSS,"Displaced cement slurry in place with rig pumps: Started to pump at 800 lpm / 4 bars, observed bottom wiper plug shear. Increased pump rate to 2100 lpm / 21 - 80 bar, reduced to 600 lpm / 39 bar prior to bumping top plug. Bumped top wiper plug at 1074 strokes, corresponding to 97 % pump efficiency. No losses seen during the entire cementing and displacement operations.",VOLVE_DDR,15_9_F_9_A_2009_07_07.xml,XML_NODE_KEYWORD,HIGH
3421b7d4-c78e-4dd0-962f-2dc2d177e127,NO,NO 15/9-F-9 A,name 2009-07-06T09:15:00+02:00,name 2009-07-06T10:45:00+02:00,0,0,NPT,"While waiting on cement, cleaned and tidied rig floor. Aligned u-bolts on bails.",VOLVE_DDR,15_9_F_9_A_2009_07_07.xml,XML_NODE_KEYWORD,MEDIUM
2e646599-9e6d-4d8d-a52c-5f1f7fb3f904,NO,NO 15/9-F-9 A,name 2009-07-06T10:45:00+02:00,name 2009-07-06T13:30:00+02:00,0,0,NPT,"While waiting on cement, BO and LD 11 ea 8 1/4"" drill collars, and jar.",VOLVE_DDR,15_9_F_9_A_2009_07_07.xml,XML_NODE_KEYWORD,MEDIUM
5b75b969-f25d-4692-9f7c-209225743ed9,NO,NO 15/9-F-9 A,name 2009-07-06T13:30:00+02:00,name 2009-07-06T15:00:00+02:00,0,0,NPT,"While waiting on cement, Changed handling equipment and BO and LD 3 ea 9 3/4"" drill collars.",VOLVE_DDR,15_9_F_9_A_2009_07_07.xml,XML_NODE_KEYWORD,MEDIUM
64bea750-ffa7-485b-a8b4-4cb79210da51,NO,NO 15/9-F-9 A,name 2009-07-06T15:00:00+02:00,name 2009-07-06T19:45:00+02:00,0,0,NPT,"While waiting on cement, Held pre job meeting. Changed to 6 3/4"" handling equipment. Picked up and racked back 7 ea 6 3/4"" drill collars, accelerator and jar.",VOLVE_DDR,15_9_F_9_A_2009_07_07.xml,XML_NODE_KEYWORD,MEDIUM
86f774ca-a263-482e-9df3-91193323c20e,NO,NO 15/9-F-9 A,name 2009-07-06T21:45:00+02:00,name 2009-07-07T00:00:00+02:00,219,219,NPT,Waited on cement. Meanwhile performed maintenance and service on drilling and pipe handling equipment. Cleaned and prepared pits for packer fluid.,VOLVE_DDR,15_9_F_9_A_2009_07_07.xml,XML_NODE_KEYWORD,MEDIUM
8ea936fa-e20f-4902-a9d3-667b37eb5182,NO,NO 15/9-F-9 A,name 2009-07-07T00:00:00+02:00,name 2009-07-07T05:00:00+02:00,219,219,NPT,Waited on cement. Meanwhile performed maintenance and service on drilling and pipe handling equipment. Cleaned and prepared pits for packer fluid.,VOLVE_DDR,15_9_F_9_A_2009_07_08.xml,XML_NODE_KEYWORD,MEDIUM
8d2fef80-c983-4fb8-bc81-e9d1092ce052,NO,NO 15/9-F-9 A,name 2009-07-07T06:15:00+02:00,name 2009-07-07T06:30:00+02:00,219,219,NPT,"Released RTTS, waited for 5 minutes for packer element to relax. LO pump in sub assembly.",VOLVE_DDR,15_9_F_9_A_2009_07_08.xml,XML_NODE_KEYWORD,MEDIUM
e2598003-3c64-4520-9607-b3a90f91e825,NO,NO 15/9-F-9 A,name 2009-07-10T17:30:00+02:00,name 2009-07-10T18:00:00+02:00,1120,1120,MUD_LOSS,Monitored well on trip tank for losses. Loss rate 1.5 - 2 M3/min.,VOLVE_DDR,15_9_F_9_A_2009_07_11.xml,XML_NODE_KEYWORD,HIGH
9ae5450b-a257-4e00-b18c-7f68483c5d32,NO,NO 15/9-F-9 A,name 2009-07-11T03:15:00+02:00,name 2009-07-11T05:00:00+02:00,1170,1170,EQUIPMENT_FAILURE,Repaired lock pin on dead mans anchor.,VOLVE_DDR,15_9_F_9_A_2009_07_12.xml,XML_NODE_KEYWORD,MEDIUM
061ef575-d773-4e43-8f3f-b4fa6f423ae3,NO,NO 15/9-F-9 A,name 2009-07-11T10:00:00+02:00,name 2009-07-11T11:00:00+02:00,930,930,MUD_LOSS,Filled annulus with 85 M3 1.03 sg packer fluid. Loss rate decreased from 2 M3/min to 40 l/min after having displaced in 85 M3 of completion fluid.,VOLVE_DDR,15_9_F_9_A_2009_07_12.xml,XML_NODE_KEYWORD,HIGH
2a1dedfe-847b-4fac-a5f1-bb64dc77fbcc,NO,NO 15/9-F-9 A,name 2009-07-11T11:00:00+02:00,name 2009-07-11T11:30:00+02:00,930,930,MUD_LOSS,"Discussed further operation, could not find any surface reason causing the sudden decrease in loss rate. Decided to re-swab the well.",VOLVE_DDR,15_9_F_9_A_2009_07_12.xml,XML_NODE_KEYWORD,HIGH
064114b5-cb48-4d0c-b210-dcfdce6b96ec,NO,NO 15/9-F-9 A,name 2009-07-11T12:15:00+02:00,name 2009-07-11T12:45:00+02:00,930,930,MUD_LOSS,Swabbed the well 10 times with 30 m strokes (991-961 m) 30 m/min. Pulled out of hole to 930 m. (Bull nose above the screen hanger). Loss rate 1.2 M3/min. Stopped filling the hole from trip tank and let fluid level in annulus drop to equilibrium.,VOLVE_DDR,15_9_F_9_A_2009_07_12.xml,XML_NODE_KEYWORD,HIGH
9bd0f38a-3541-4831-8b4a-81389897c4f8,NO,NO 15/9-F-9 A,name 2009-07-14T06:00:00+02:00,name 2009-07-14T07:15:00+02:00,0,0,ABNORMAL_OPERATION,Troubleshot problems with lock ring between riser and wellhead. TBT with on comming crew.,VOLVE_DDR,15_9_F_9_A_2009_07_15.xml,XML_NODE_KEYWORD,LOW
46f5ffc3-5f25-4756-88b0-a7c28da10932,NO,NO 15/9-F-9 A,name 2015-01-27T02:45:00+01:00,name 2015-01-27T03:00:00+01:00,0,0,NPT,Stop in operation due to call from Production dept regarding possible leak on well F-14. Waited until Production dept verified no leak.,VOLVE_DDR,15_9_F_9_A_2015_01_28.xml,XML_NODE_KEYWORD,MEDIUM
6ac10127-43dc-462f-bb6e-dc870c84f094,NO,NO 15/9-F-9 A,name 2015-01-27T18:00:00+01:00,name 2015-01-27T20:00:00+01:00,0,0,ABNORMAL_OPERATION,Problems with smart zone on drillfloor equipment. Stop in operation. Electrical technician investigated problems. Meanwhile performed TBT for running TH RT with new crew.,VOLVE_DDR,15_9_F_9_A_2015_01_28.xml,XML_NODE_KEYWORD,LOW
68749b20-6ab6-4c2f-b545-92bd013f6f83,NO,NO 15/9-F-9 A,name 2015-01-28T07:00:00+01:00,name 2015-01-28T08:15:00+01:00,297,297,EQUIPMENT_FAILURE,"Troubleshot and function tested guide arm on HTS. Meanwhile repaired Weatherford casing guide; removed guide arm, checked and secured piston.",VOLVE_DDR,15_9_F_9_A_2015_01_29.xml,XML_NODE_KEYWORD,MEDIUM
1d500d2e-70ac-4501-a986-a028c0c305c1,NO,NO 15/9-F-9 A,name 2015-01-29T08:30:00+01:00,name 2015-01-29T10:00:00+01:00,18,18,NPT,Waiting for approval of caliper log. Meanwhile performed TBT for R/D WL equipement.,VOLVE_DDR,15_9_F_9_A_2015_01_30.xml,XML_NODE_KEYWORD,MEDIUM
8d90ef42-170b-4e0b-abf2-909219719449,NO,NO 15/9-F-9 A,name 2015-01-29T23:30:00+01:00,name 2015-01-30T00:00:00+01:00,415,415,MUD_LOSS,Checked line up and troubleshot loss of pressure.,VOLVE_DDR,15_9_F_9_A_2015_01_30.xml,XML_NODE_KEYWORD,HIGH
4188164c-6545-467f-ae00-4f74d109c73c,NO,NO 15/9-F-9 A,name 2015-01-30T00:00:00+01:00,name 2015-01-30T01:15:00+01:00,415,415,MUD_LOSS,Continued troubleshoot loss off pressure. Narrowed causes to a open needle valve on surface wellhead. Closed needle valve.,VOLVE_DDR,15_9_F_9_A_2015_01_31.xml,XML_NODE_KEYWORD,HIGH
bd3c873a-933f-419e-9106-3f195a684d11,NO,NO 15/9-F-9 A,name 2015-02-03T10:30:00+01:00,name 2015-02-03T12:00:00+01:00,366,366,EQUIPMENT_FAILURE,Troubleshot PRS. Repaired hydraulic fittings on forward PRS upper head.,VOLVE_DDR,15_9_F_9_A_2015_02_04.xml,XML_NODE_KEYWORD,MEDIUM
2bd64092-a920-477e-ac5c-ef9460790937,NO,NO 15/9-F-9 A,name 2016-09-29T16:00:00+02:00,name 2016-09-29T18:00:00+02:00,0,0,ABNORMAL_OPERATION,"L/D tubing joint from HTS, removed power slips and R/D casing tong. Meanwhile inspected PRS before further use. Problem with FWD PRS. Moved casing tong to forward IRN track.",VOLVE_DDR,15_9_F_9_A_2016_09_30.xml,XML_NODE_KEYWORD,LOW
10a7de2c-04f0-485f-9708-b6b8c0c12b3e,NO,NO 15/9-F-9 A,name 2016-10-16T15:45:00+02:00,name 2016-10-16T16:00:00+02:00,0,0,NPT,"Waited on weather to pull production riser on F-15 D

Meanwhile:
Performed TBT for skidding to F-9 A and tag TOC",VOLVE_DDR,15_9_F_9_A_2016_10_17.xml,XML_NODE_KEYWORD,MEDIUM
55b575b3-4db6-4146-93db-c5c40760b74a,NO,NO 15/9-F-9 A,name 2016-10-16T16:00:00+02:00,name 2016-10-16T17:00:00+02:00,0,0,NPT,"Waited on weather to pull production riser on F-15 D

Meanwhile:
Skidded cantilever to well F-9 A",VOLVE_DDR,15_9_F_9_A_2016_10_17.xml,XML_NODE_KEYWORD,MEDIUM
099b271b-d83d-4bf7-b7fd-4e3e0d7f8e7d,NO,NO 15/9-F-9 A,name 2016-10-16T17:00:00+02:00,name 2016-10-16T17:15:00+02:00,0,0,NPT,"Waited on weather to pull production riser on F-15 D

Meanwhile:
Performed TBT for removing hatches.",VOLVE_DDR,15_9_F_9_A_2016_10_17.xml,XML_NODE_KEYWORD,MEDIUM
52d0905b-0c14-4490-9e75-382c885bd865,NO,NO 15/9-F-9 A,name 2016-10-16T17:15:00+02:00,name 2016-10-16T17:45:00+02:00,0,0,NPT,"Waited on weather to pull production riser on F-15 D

Meanwhile:
Removed hatches. Installed masterbushing",VOLVE_DDR,15_9_F_9_A_2016_10_17.xml,XML_NODE_KEYWORD,MEDIUM
825f79bc-1df2-49dc-a864-4cf8e793c3d0,NO,NO 15/9-F-9 A,name 2016-10-16T17:45:00+02:00,name 2016-10-16T19:00:00+02:00,0,0,NPT,"Waited on weather to pull production riser on F-15 D

Meanwhile:
RIH on 5 1/2"" DP open ended. Tagged TOC at 152 m.",VOLVE_DDR,15_9_F_9_A_2016_10_17.xml,XML_NODE_KEYWORD,MEDIUM
18eb9fe9-688d-457c-b123-ec44b87dee18,NO,NO 15/9-F-9 A,name 2016-10-16T19:00:00+02:00,name 2016-10-16T19:15:00+02:00,0,0,NPT,"Waited on weather to pull production riser on F-15 D

Meanwhile:
Performed TBT for manual handling",VOLVE_DDR,15_9_F_9_A_2016_10_17.xml,XML_NODE_KEYWORD,MEDIUM
b13e1aa5-8b1d-464d-bb78-e64914d41d3a,NO,NO 15/9-F-9 A,name 2016-10-16T19:15:00+02:00,name 2016-10-16T19:30:00+02:00,0,0,NPT,"Waited on weather to pull production riser on F-15 D

Meanwhile:
POOH 5 1/2"" DP to surface.",VOLVE_DDR,15_9_F_9_A_2016_10_17.xml,XML_NODE_KEYWORD,MEDIUM
b64348bb-8e42-42c3-909d-2d52c43b5bec,NO,NO 15/9-F-9 A,name 2016-10-16T19:30:00+02:00,name 2016-10-16T20:30:00+02:00,0,0,NPT,"Waited on weather to pull production riser on F-15 D

Meanwhile:
Installed hatches and hole covers.
Performed pre-skid checks",VOLVE_DDR,15_9_F_9_A_2016_10_17.xml,XML_NODE_KEYWORD,MEDIUM
eb43c21b-d1ba-44f0-b60c-a24686444056,NO,NO 15/9-F-9 A,name 2016-10-16T20:30:00+02:00,name 2016-10-17T00:00:00+02:00,0,0,NPT,"Waited on weather to pull production riser on F-15 D

Meanwhile:
Closed doors on BOP.
Cleaned shaker pits.
Cleaned out dry bulk silos",VOLVE_DDR,15_9_F_9_A_2016_10_17.xml,XML_NODE_KEYWORD,MEDIUM
ffd2c59c-b433-413c-8b10-18cad58f85b6,NO,NO 15/9-F-9 A,name 2016-10-17T00:00:00+02:00,name 2016-10-17T01:30:00+02:00,0,0,NPT,"Waited on weather to pull production riser on F-15 D

Meanwhile:
Closed doors on BOP.
Cleaned shaker pits.
Cleaned out dry bulk silos

**** END OF REPORT ****",VOLVE_DDR,15_9_F_9_A_2016_10_18.xml,XML_NODE_KEYWORD,MEDIUM
808b2e68-39e5-4d40-884f-b810115935ca,NO,NO 15/9-F-9 A,name 2016-10-23T05:45:00+02:00,name 2016-10-23T06:45:00+02:00,0,0,STUCK_PIPE,"R/D boat collision stool and tension ring. Upper centralizer stuck, unable to remove.
Installed diverter and hose on WH.",VOLVE_DDR,15_9_F_9_A_2016_10_24.xml,XML_NODE_KEYWORD,HIGH
