TIME,ROP5,TV07,HY_RT,SRV_HX,TV08,SRV_GZ,GRID_CORR,DBTV,TTV1,TV12,SDEP_CONT_RT,TV06,GTF_RT,BPOS,SRVAZI,GRM1,MBOT,TV10,CUREDT_RT,TV05,SRVEW,TV03,MDOA,GZ_RT,HKLD,TDH,TV04,SRV_GX,RHX_RT,GRR,BOUNCE_RT,MTOA,DRTM,PASS_NAME,DMEA,SRV_HY,SHKRSK_RT,SPM2,INCL_CONT_RT,TV02,TRPM_RT,CPPA,FVOC,SPPA,MAG_DEC,TFLO,TEMP_DNI_RT,DRILLTM_RT,SHK3TM_RT,TTV2,TV11,SHKRATE_RT,MFOP,TV14,DNI_MP,CFIA,RGX_RT,TOTAL_CORR,SRVTYPE,TQA,AJAM_MWD,RSDX,HOURS_DM_RT,SWOB,SPM1,MWTI,TVCA,RSUX,SRVTVD,SHKPK_RT,BTVD,SRVNS,DBTM,GASA,CHKP,SRV_HZ,SRV_GY,DNISTAT,ROP,SPM3,DVER,GY_RT,TV13,BITRUN,ACTC,TVT,RPM,AZIM_CONT_RT,WHIRL_RT,TVA,TF_CORR,TVDE,SRVDEPTH,MTF_RT,SRVINC,SHKTOT_RT,HZ_RT,TV09,TV01
2007-11-30T18:06:18.029Z,12.2983752,,,,,,-0.95,,,,49.9524528,,,,,,1,,,,1.45542,,,,,,,,,,0,,,Drilling,226.06254,,,,,,,,,,-2.22,,,0,,,,,,,14.3600424,,,-1.27,,,,,0,,,,,,210.6957432,,63.669672,-2.923032,63.6663192,,,,,,,,,,,1,2,,,,0,,0,226.0552248,210.7024488,,,,,,
2007-12-01T01:14:33.043Z,,,,0,,0,-0.95,,,,,,,,0,,1,,,,-3.5298888,,,,,,,0,,,,,,Drilling,140.0001264,0,,,,,,,,,-2.22,,,,,,,,,,14.3600424,,,-1.27,9,,,,,,,,,,0,,0.0201168,3.16992,0.0204216,,,0,0,,,,,,,1,2,,,,,,0,140.0001264,0,,0,,,,
2007-12-01T01:14:35.981Z,,,,,,,-0.95,,,,,,,,,,1,,,,,,,,,,,,,,,,,Drilling,140.0001264,,,,,,,,,,-2.22,,,,,,,,,,14.3600424,,,-1.27,,,,,,,,,,,,,0.0201168,,0.0204216,,,,,,,,,,,1,2,,,,,,0,140.0001264,,,,,,,
2007-12-01T01:14:39.005Z,,,,,,,-0.95,,,,,,,,,,1,,,,,,,,,,,,,,,,,Drilling,140.0001264,,,,,,,,,,-2.22,,,,,,,,,,14.3600424,,,-1.27,,,,,,,,,,,,,0.0201168,,0.0204216,,,,,,,,,,,1,2,,,,,,0,140.0001264,,,,,,,
2007-12-01T01:14:42.029Z,,,,,,,-0.95,,,,,,,,,,1,,,,,,,,,,,,,,,,,Drilling,140.0001264,,,,,,,,,,-2.22,,,,,,,,,,14.3600424,,,-1.27,,,,,,,,,,,,,0.0201168,,0.0204216,,,,,,,,,,,1,2,,,,,,0,140.0001264,,,,,,,
2007-12-01T01:14:44.966Z,,,,,,,-0.95,,,,,,,,,,1,,,,,,,,,,,,,,,,,Drilling,140.0001264,,,,,,,,,,-2.22,,,,,,,,,,14.3600424,,,-1.27,,,,,,,,,,,,,0.0201168,,0.0204216,,,,,,,,,,,1,2,,,,,,0,140.0001264,,,,,,,
2007-12-01T01:14:47.990Z,,,,,,,-0.95,,,,,,,,,,1,,,,,,,,,,,,,,,,,Drilling,140.0001264,,,,,,,,,,-2.22,,,,,,,,,,14.3600424,,,-1.27,,,,,,,,,,,,,0.0201168,,0.0204216,,,,,,,,,,,1,2,,,,,,0,140.0001264,,,,,,,
2007-12-01T01:14:51.014Z,,,,,,,-0.95,,,,,,,,,,1,,,,,,,,,,,,,,,,,Drilling,140.0001264,,,,,,,,,,-2.22,,,,,,,,,,14.3600424,,,-1.27,,,,,,,,,,,,,0.0201168,,0.0204216,,,,,,,,,,,1,2,,,,,,0,140.0001264,,,,,,,
2007-12-01T01:14:54.038Z,,,,,,,-0.95,,,,,,,,,,1,,,,-3.5298888,,,,,,,,,,,,,Drilling,140.0001264,,,,,,,,,,-2.22,,,,,,,,,,14.3600424,,,-1.27,,,,,,,,,,,,,0.0201168,3.16992,0.0204216,,,,,,,,,,,1,2,,,,,,0,140.0001264,,,,,,,
2007-12-01T01:14:56.976Z,,,,,,,-0.95,,,,,,,,,,1,,,,,,,,,,,,,,,,,Drilling,140.0001264,,,,,,,,,,-2.22,,,,,,,,,,14.3600424,,,-1.27,,,,,,,,,,,,,0.0201168,,0.0204216,,,,,,,,,,,1,2,,,,,,0,140.0001264,,,,,,,
2007-12-01T01:15:00.000Z,,,,,,,-0.95,,,,,,,,,,1,,,,,,,,,,,,,,,,,Drilling,140.0001264,,,,,,,,,,-2.22,,,,,,,,,,14.3600424,,,-1.27,,,,,,,,,,,,,0.0201168,,0.0204216,,,,,,,,,,,1,2,,,,,,0,140.0001264,,,,,,,
2007-12-01T01:15:03.024Z,,,,,,,-0.95,,,,,,,,,,1,,,,,,,,,,,,,,,,,Drilling,140.0001264,,,,,,,,,,-2.22,,,,,,,,,,14.3600424,,,-1.27,,,,,,,,,,,,,0.0201168,,0.0204216,,,,,,,,,,,1,2,,,,,,0,140.0001264,,,,,,,
2007-12-01T01:15:05.962Z,,,,,,,-0.95,,,,,,,,,,1,,,,,,,,,,,,,,,,,Drilling,140.0001264,,,,,,,,,,-2.22,,,,,,,,,,14.3600424,,,-1.27,,,,,,,,,,,,,0.0201168,,0.0204216,,,,,,,,,,,1,2,,,,,,0,140.0001264,,,,,,,
2007-12-01T01:15:08.986Z,,,,,,,-0.95,,,,,,,,,,1,,,,,,,,,,,,,,,,,Drilling,140.0001264,,,,,,,,,,-2.22,,,,,,,,,,14.3600424,,,-1.27,,,,,,,,,,,,,0.0201168,,0.0204216,,,,,,,,,,,1,2,,,,,,0,140.0001264,,,,,,,
2007-12-01T01:15:12.010Z,,,,,,,-0.95,,,,,,,,,,1,,,,,,,,,,,,,,,,,Drilling,140.0001264,,,,,,,,,,-2.22,,,,,,,,,,14.3600424,,,-1.27,,,,,,,,,,,,,0.0201168,,0.0204216,,,,,,,,,,,1,2,,,,,,0,140.0001264,,,,,,,
2007-12-01T01:15:15.034Z,,,,,,,-0.95,,,,,,,,,,1,,,,-3.5298888,,,,,,,,,,,,,Drilling,140.0001264,,,,,,,,,,-2.22,,,,,,,,,,14.3600424,,,-1.27,,,,,,,,,,,,,0.0201168,3.16992,0.0204216,,,,,,,,,,,1,2,,,,,,0,140.0001264,,,,,,,
2007-12-01T01:15:17.971Z,,,,,,,-0.95,,,,,,,,,,1,,,,,,,,,,,,,,,,,Drilling,140.0001264,,,,,,,,,,-2.22,,,,,,,,,,14.3600424,,,-1.27,,,,,,,,,,,,,0.0201168,,0.0204216,,,,,,,,,,,1,2,,,,,,0,140.0001264,,,,,,,
2007-12-01T01:15:20.995Z,,,,,,,-0.95,,,,,,,,,,1,,,,,,,,,,,,,,,,,Drilling,140.0001264,,,,,,,,,,-2.22,,,,,,,,,,14.3600424,,,-1.27,,,,,,,,,,,,,0.0201168,,0.0204216,,,,,,,,,,,1,2,,,,,,0,140.0001264,,,,,,,
2007-12-01T01:15:24.019Z,,,,,,,-0.95,,,,,,,,,,1,,,,,,,,,,,,,,,,,Drilling,140.0001264,,,,,,,,,,-2.22,,,,,,,,,,14.3600424,,,-1.27,,,,,,,,,,,,,0.0201168,,0.0204216,,,,,,,,,,,1,2,,,,,,0,140.0001264,,,,,,,
2007-12-01T01:15:27.043Z,,,,,,,-0.95,,,,,,,,,,1,,,,,,,,,,,,,,,,,Drilling,140.0001264,,,,,,,,,,-2.22,,,,,,,,,,14.3600424,,,-1.27,,,,,,,,,,,,,0.0201168,,0.0204216,,,,,,,,,,,1,2,,,,,,0,140.0001264,,,,,,,
2007-12-01T01:15:29.981Z,,,,,,,-0.95,,,,,,,,,,1,,,,,,,,,,,,,,,,,Drilling,140.0001264,,,,,,,,,,-2.22,,,,,,,,,,14.3600424,,,-1.27,,,,,,,,,,,,,0.0201168,,0.0204216,,,,,,,,,,,1,2,,,,,,0,140.0001264,,,,,,,
2007-12-01T01:15:33.005Z,,,,,,,-0.95,,,,,,,,,,1,,,,,,,,,,,,,,,,,Drilling,140.0001264,,,,,,,,,,-2.22,,,,,,,,,,14.3600424,,,-1.27,,,,,,,,,,,,,0.0201168,,0.0204216,,,,,,,,,,,1,2,,,,,,0,140.0001264,,,,,,,
2007-12-01T01:15:36.029Z,,,,,,,-0.95,,,,,,,,,,1,,,,-3.5298888,,,,,,,,,,,,,Drilling,140.0001264,,,,,,,,,,-2.22,,,,,,,,,,14.3600424,,,-1.27,,,,,,,,,,,,,0.0201168,3.16992,0.0204216,,,,,,,,,,,1,2,,,,,,0,140.0001264,,,,,,,
2007-12-01T01:15:38.966Z,,,,,,,-0.95,,,,,,,,,,1,,,,,,,,,,,,,,,,,Drilling,140.0001264,,,,,,,,,,-2.22,,,,,,,,,,14.3600424,,,-1.27,,,,,,,,,,,,,0.0201168,,0.0204216,,,,,,,,,,,1,2,,,,,,0,140.0001264,,,,,,,
2007-12-01T01:15:41.990Z,,,,,,,-0.95,,,,,,,,,,1,,,,,,,,,,,,,,,,,Drilling,140.0001264,,,,,,,,,,-2.22,,,,,,,,,,14.3600424,,,-1.27,,,,,,,,,,,,,0.0201168,,0.0204216,,,,,,,,,,,1,2,,,,,,0,140.0001264,,,,,,,
2007-12-01T01:15:45.014Z,,,,,,,-0.95,,,,,,,,,,1,,,,,,,,,,,,,,,,,Drilling,140.0001264,,,,,,,,,,-2.22,,,,,,,,,,14.3600424,,,-1.27,,,,,,,,,,,,,0.0201168,,0.0204216,,,,,,,,,,,1,2,,,,,,0,140.0001264,,,,,,,
2007-12-01T01:15:48.038Z,,,,,,,-0.95,,,,,,,,,,1,,,,,,,,,,,,,,,,,Drilling,140.0001264,,,,,,,,,,-2.22,,,,,,,,,,14.3600424,,,-1.27,,,,,,,,,,,,,0.0201168,,0.0204216,,,,,,,,,,,1,2,,,,,,0,140.0001264,,,,,,,
2007-12-01T01:15:50.976Z,,,,,,,-0.95,,,,,,,,,,1,,,,,,,,,,,,,,,,,Drilling,140.0001264,,,,,,,,,,-2.22,,,,,,,,,,14.3600424,,,-1.27,,,,,,,,,,,,,0.0201168,,0.0204216,,,,,,,,,,,1,2,,,,,,0,140.0001264,,,,,,,
2007-12-01T01:15:54.000Z,,,,,,,-0.95,,,,,,,,,,1,,,,-3.5298888,,,,,,,,,,,,,Drilling,140.0001264,,,,,,,,,,-2.22,,,,,,,,,,14.3600424,,,-1.27,,,,,,,,,,,,,0.0201168,3.16992,0.0204216,,,,,,,,,,,1,2,,,,,,0,140.0001264,,,,,,,
2007-12-01T01:15:57.024Z,,,,,,,-0.95,,,,,,,,,,1,,,,,,,,,,,,,,,,,Drilling,140.0001264,,,,,,,,,,-2.22,,,,,,,,,,14.3600424,,,-1.27,,,,,,,,,,,,,0.0201168,,0.0204216,,,,,,,,,,,1,2,,,,,,0,140.0001264,,,,,,,
2007-12-01T01:15:59.962Z,,,,,,,-0.95,,,,,,,,,,1,,,,,,,,,,,,,,,,,Drilling,140.0001264,,,,,,,,,,-2.22,,,,,,,,,,14.3600424,,,-1.27,,,,,,,,,,,,,0.0201168,,0.0204216,,,,,,,,,,,1,2,,,,,,0,140.0001264,,,,,,,
2007-12-01T01:16:02.986Z,,,,,,,-0.95,,,,,,,,,,1,,,,,,,,,,,,,,,,,Drilling,140.0001264,,,,,,,,,,-2.22,,,,,,,,,,14.3600424,,,-1.27,,,,,,,,,,,,,0.0201168,,0.0204216,,,,,,,,,,,1,2,,,,,,0,140.0001264,,,,,,,
2007-12-01T01:16:06.010Z,,,,,,,-0.95,,,,,,,,,,1,,,,,,,,,,,,,,,,,Drilling,140.0001264,,,,,,,,,,-2.22,,,,,,,,,,14.3600424,,,-1.27,,,,,,,,,,,,,0.0201168,,0.0204216,,,,,,,,,,,1,2,,,,,,0,140.0001264,,,,,,,
2007-12-01T01:16:09.034Z,,,,,,,-0.95,,,,,,,,,,1,,,,,,,,,,,,,,,,,Drilling,140.0001264,,,,,,,,,,-2.22,,,,,,,,,,14.3600424,,,-1.27,,,,,,,,,,,,,0.0201168,,0.0204216,,,,,,,,,,,1,2,,,,,,0,140.0001264,,,,,,,
2007-12-01T01:16:11.971Z,,,,,,,-0.95,,,,,,,,,,1,,,,,,,,,,,,,,,,,Drilling,140.0001264,,,,,,,,,,-2.22,,,,,,,,,,14.3600424,,,-1.27,,,,,,,,,,,,,0.0201168,,0.0204216,,,,,,,,,,,1,2,,,,,,0,140.0001264,,,,,,,
2007-12-01T01:16:14.995Z,,,,,,,-0.95,,,,,,,,,,1,,,,-3.5298888,,,,,,,,,,,,,Drilling,140.0001264,,,,,,,,,,-2.22,,,,,,,,,,14.3600424,,,-1.27,,,,,,,,,,,,,0.0201168,3.16992,0.0204216,,,,,,,,,,,1,2,,,,,,0,140.0001264,,,,,,,
2007-12-01T01:16:18.019Z,,,,,,,-0.95,,,,,,,,,,1,,,,,,,,,,,,,,,,,Drilling,140.0001264,,,,,,,,,,-2.22,,,,,,,,,,14.3600424,,,-1.27,,,,,,,,,,,,,0.0201168,,0.0204216,,,,,,,,,,,1,2,,,,,,0,140.0001264,,,,,,,
2007-12-01T01:16:21.043Z,,,,,,,-0.95,,,,,,,,,,1,,,,,,,,,,,,,,,,,Drilling,140.0001264,,,,,,,,,,-2.22,,,,,,,,,,14.3600424,,,-1.27,,,,,,,,,,,,,0.0201168,,0.0204216,,,,,,,,,,,1,2,,,,,,0,140.0001264,,,,,,,
2007-12-01T01:16:23.981Z,,,,,,,-0.95,,,,,,,,,,1,,,,,,,,,,,,,,,,,Drilling,140.0001264,,,,,,,,,,-2.22,,,,,,,,,,14.3600424,,,-1.27,,,,,,,,,,,,,0.0201168,,0.0204216,,,,,,,,,,,1,2,,,,,,0,140.0001264,,,,,,,
2007-12-01T01:16:27.005Z,,,,,,,-0.95,,,,,,,,,,1,,,,,,,,,,,,,,,,,Drilling,140.0001264,,,,,,,,,,-2.22,,,,,,,,,,14.3600424,,,-1.27,,,,,,,,,,,,,0.0201168,,0.0204216,,,,,,,,,,,1,2,,,,,,0,140.0001264,,,,,,,
2007-12-01T01:16:30.029Z,,,,,,,-0.95,,,,,,,,,,1,,,,,,,,,,,,,,,,,Drilling,140.0001264,,,,,,,,,,-2.22,,,,,,,,,,14.3600424,,,-1.27,,,,,,,,,,,,,0.0201168,,0.0204216,,,,,,,,,,,1,2,,,,,,0,140.0001264,,,,,,,
2007-12-01T01:16:32.966Z,,,,,,,-0.95,,,,,,,,,,1,,,,,,,,,,,,,,,,,Drilling,140.0001264,,,,,,,,,,-2.22,,,,,,,,,,14.3600424,,,-1.27,,,,,,,,,,,,,0.0201168,,0.0204216,,,,,,,,,,,1,2,,,,,,0,140.0001264,,,,,,,
2007-12-01T01:16:35.990Z,,,,,,,-0.95,,,,,,,,,,1,,,,-3.5298888,,,,,,,,,,,,,Drilling,140.0001264,,,,,,,,,,-2.22,,,,,,,,,,14.3600424,,,-1.27,,,,,,,,,,,,,0.0201168,3.16992,0.0204216,,,,,,,,,,,1,2,,,,,,0,140.0001264,,,,,,,
2007-12-01T01:16:39.014Z,,,,,,,-0.95,,,,,,,,,,1,,,,,,,,,,,,,,,,,Drilling,140.0001264,,,,,,,,,,-2.22,,,,,,,,,,14.3600424,,,-1.27,,,,,,,,,,,,,0.0201168,,0.0204216,,,,,,,,,,,1,2,,,,,,0,140.0001264,,,,,,,
2007-12-01T01:16:42.038Z,,,,,,,-0.95,,,,,,,,,,1,,,,,,,,,,,,,,,,,Drilling,140.0001264,,,,,,,,,,-2.22,,,,,,,,,,14.3600424,,,-1.27,,,,,,,,,,,,,0.0201168,,0.0204216,,,,,,,,,,,1,2,,,,,,0,140.0001264,,,,,,,
2007-12-01T01:16:44.976Z,,,,,,,-0.95,,,,,,,,,,1,,,,,,,,,,,,,,,,,Drilling,140.0001264,,,,,,,,,,-2.22,,,,,,,,,,14.3600424,,,-1.27,,,,,,,,,,,,,0.0201168,,0.0204216,,,,,,,,,,,1,2,,,,,,0,140.0001264,,,,,,,
2007-12-01T01:16:48.000Z,,,,,,,-0.95,,,,,,,,,,1,,,,,,,,,,,,,,,,,Drilling,140.0001264,,,,,,,,,,-2.22,,,,,,,,,,14.3600424,,,-1.27,,,,,,,,,,,,,0.0201168,,0.0204216,,,,,,,,,,,1,2,,,,,,0,140.0001264,,,,,,,
2007-12-01T01:16:51.024Z,,,,,,,-0.95,,,,,,,,,,1,,,,,,,,,,,,,,,,,Drilling,140.0001264,,,,,,,,,,-2.22,,,,,,,,,,14.3600424,,,-1.27,,,,,,,,,,,,,0.0201168,,0.0204216,,,,,,,,,,,1,2,,,,,,0,140.0001264,,,,,,,
2007-12-01T01:16:53.962Z,,,,,,,-0.95,,,,,,,,,,1,,,,,,,,,,,,,,,,,Drilling,140.0001264,,,,,,,,,,-2.22,,,,,,,,,,14.3600424,,,-1.27,,,,,,,,,,,,,0.0201168,,0.0204216,,,,,,,,,,,1,2,,,,,,0,140.0001264,,,,,,,
2007-12-01T01:16:56.986Z,,,,,,,-0.95,,,,,,,,,,1,,,,-3.5298888,,,,,,,,,,,,,Drilling,140.0001264,,,,,,,,,,-2.22,,,,,,,,,,14.3600424,,,-1.27,,,,,,,,,,,,,0.0201168,3.16992,0.0204216,,,,,,,,,,,1,2,,,,,,0,140.0001264,,,,,,,
2007-12-01T01:17:00.010Z,,,,,,,-0.95,,,,,,,,,,1,,,,,,,,,,,,,,,,,Drilling,140.0001264,,,,,,,,,,-2.22,,,,,,,,,,14.3600424,,,-1.27,,,,,,,,,,,,,0.0201168,,0.0204216,,,,,,,,,,,1,2,,,,,,0,140.0001264,,,,,,,
2007-12-01T01:17:03.034Z,,,,,,,-0.95,,,,,,,,,,1,,,,,,,,,,,,,,,,,Drilling,140.0001264,,,,,,,,,,-2.22,,,,,,,,,,14.3600424,,,-1.27,,,,,,,,,,,,,0.0201168,,0.0204216,,,,,,,,,,,1,2,,,,,,0,140.0001264,,,,,,,
2007-12-01T01:17:05.971Z,,,,,,,-0.95,,,,,,,,,,1,,,,,,,,,,,,,,,,,Drilling,140.0001264,,,,,,,,,,-2.22,,,,,,,,,,14.3600424,,,-1.27,,,,,,,,,,,,,0.0201168,,0.0204216,,,,,,,,,,,1,2,,,,,,0,140.0001264,,,,,,,
2007-12-01T01:17:08.995Z,,,,,,,-0.95,,,,,,,,,,1,,,,,,,,,,,,,,,,,Drilling,140.0001264,,,,,,,,,,-2.22,,,,,,,,,,14.3600424,,,-1.27,,,,,,,,,,,,,0.0201168,,0.0204216,,,,,,,,,,,1,2,,,,,,0,140.0001264,,,,,,,
2007-12-01T01:17:12.019Z,,,,,,,-0.95,,,,,,,,,,1,,,,,,,,,,,,,,,,,Drilling,140.0001264,,,,,,,,,,-2.22,,,,,,,,,,14.3600424,,,-1.27,,,,,,,,,,,,,0.0201168,,0.0204216,,,,,,,,,,,1,2,,,,,,0,140.0001264,,,,,,,
2007-12-01T01:17:15.043Z,,,,,,,-0.95,,,,,,,,,,1,,,,,,,,,,,,,,,,,Drilling,140.0001264,,,,,,,,,,-2.22,,,,,,,,,,14.3600424,,,-1.27,,,,,,,,,,,,,0.0201168,,0.0204216,,,,,,,,,,,1,2,,,,,,0,140.0001264,,,,,,,
2007-12-01T01:17:17.981Z,,,,,,,-0.95,,,,,,,,,,1,,,,-3.5298888,,,,,,,,,,,,,Drilling,140.0001264,,,,,,,,,,-2.22,,,,,,,,,,14.3600424,,,-1.27,,,,,,,,,,,,,0.0201168,3.16992,0.0204216,,,,,,,,,,,1,2,,,,,,0,140.0001264,,,,,,,
2007-12-01T01:17:21.005Z,,,,,,,-0.95,,,,,,,,,,1,,,,,,,,,,,,,,,,,Drilling,140.0001264,,,,,,,,,,-2.22,,,,,,,,,,14.3600424,,,-1.27,,,,,,,,,,,,,0.0201168,,0.0204216,,,,,,,,,,,1,2,,,,,,0,140.0001264,,,,,,,
2007-12-01T01:17:24.029Z,,,,,,,-0.95,,,,,,,,,,1,,,,,,,,,,,,,,,,,Drilling,140.0001264,,,,,,,,,,-2.22,,,,,,,,,,14.3600424,,,-1.27,,,,,,,,,,,,,0.0201168,,0.0204216,,,,,,,,,,,1,2,,,,,,0,140.0001264,,,,,,,
2007-12-01T01:17:26.966Z,,,,,,,-0.95,,,,,,,,,,1,,,,,,,,,,,,,,,,,Drilling,140.0001264,,,,,,,,,,-2.22,,,,,,,,,,14.3600424,,,-1.27,,,,,,,,,,,,,0.0201168,,0.0204216,,,,,,,,,,,1,2,,,,,,0,140.0001264,,,,,,,
2007-12-01T01:17:29.990Z,,,,,,,-0.95,,,,,,,,,,1,,,,,,,,,,,,,,,,,Drilling,140.0001264,,,,,,,,,,-2.22,,,,,,,,,,14.3600424,,,-1.27,,,,,,,,,,,,,0.0201168,,0.0204216,,,,,,,,,,,1,2,,,,,,0,140.0001264,,,,,,,
2007-12-01T01:17:33.014Z,,,,,,,-0.95,,,,,,,,,,1,,,,,,,,,,,,,,,,,Drilling,140.0001264,,,,,,,,,,-2.22,,,,,,,,,,14.3600424,,,-1.27,,,,,,,,,,,,,0.0201168,,0.0204216,,,,,,,,,,,1,2,,,,,,0,140.0001264,,,,,,,
2007-12-01T01:17:36.038Z,,,,,,,-0.95,,,,,,,,,,1,,,,-3.5298888,,,,,,,,,,,,,Drilling,140.0001264,,,,,,,,,,-2.22,,,,,,,,,,14.3600424,,,-1.27,,,,,,,,,,,,,0.0201168,3.16992,0.0204216,,,,,,,,,,,1,2,,,,,,0,140.0001264,,,,,,,
2007-12-01T01:17:38.976Z,,,,,,,-0.95,,,,,,,,,,1,,,,,,,,,,,,,,,,,Drilling,140.0001264,,,,,,,,,,-2.22,,,,,,,,,,14.3600424,,,-1.27,,,,,,,,,,,,,0.0201168,,0.0204216,,,,,,,,,,,1,2,,,,,,0,140.0001264,,,,,,,
2007-12-01T01:17:42.000Z,,,,,,,-0.95,,,,,,,,,,1,,,,,,,,,,,,,,,,,Drilling,140.0001264,,,,,,,,,,-2.22,,,,,,,,,,14.3600424,,,-1.27,,,,,,,,,,,,,0.0201168,,0.0204216,,,,,,,,,,,1,2,,,,,,0,140.0001264,,,,,,,
2007-12-01T01:17:45.024Z,,,,,,,-0.95,,,,,,,,,,1,,,,,,,,,,,,,,,,,Drilling,140.0001264,,,,,,,,,,-2.22,,,,,,,,,,14.3600424,,,-1.27,,,,,,,,,,,,,0.0201168,,0.0204216,,,,,,,,,,,1,2,,,,,,0,140.0001264,,,,,,,
2007-12-01T01:17:47.962Z,,,,,,,-0.95,,,,,,,,,,1,,,,,,,,,,,,,,,,,Drilling,140.0001264,,,,,,,,,,-2.22,,,,,,,,,,14.3600424,,,-1.27,,,,,,,,,,,,,0.0201168,,0.0204216,,,,,,,,,,,1,2,,,,,,0,140.0001264,,,,,,,
2007-12-01T01:17:50.986Z,,,,,,,-0.95,,,,,,,,,,1,,,,,,,,,,,,,,,,,Drilling,140.0001264,,,,,,,,,,-2.22,,,,,,,,,,14.3600424,,,-1.27,,,,,,,,,,,,,0.0201168,,0.0204216,,,,,,,,,,,1,2,,,,,,0,140.0001264,,,,,,,
2007-12-01T01:17:54.010Z,,,,,,,-0.95,,,,,,,,,,1,,,,,,,,,,,,,,,,,Drilling,140.0001264,,,,,,,,,,-2.22,,,,,,,,,,14.3600424,,,-1.27,,,,,,,,,,,,,0.0201168,,0.0204216,,,,,,,,,,,1,2,,,,,,0,140.0001264,,,,,,,
2007-12-01T01:17:57.034Z,,,,,,,-0.95,,,,,,,,,,1,,,,-3.5298888,,,,,,,,,,,,,Drilling,140.0001264,,,,,,,,,,-2.22,,,,,,,,,,14.3600424,,,-1.27,,,,,,,,,,,,,0.0201168,3.16992,0.0204216,,,,,,,,,,,1,2,,,,,,0,140.0001264,,,,,,,
2007-12-01T01:17:59.971Z,,,,,,,-0.95,,,,,,,,,,1,,,,,,,,,,,,,,,,,Drilling,140.0001264,,,,,,,,,,-2.22,,,,,,,,,,14.3600424,,,-1.27,,,,,,,,,,,,,0.0201168,,0.0204216,,,,,,,,,,,1,2,,,,,,0,140.0001264,,,,,,,
2007-12-01T01:18:02.995Z,,,,,,,-0.95,,,,,,,,,,1,,,,,,,,,,,,,,,,,Drilling,140.0001264,,,,,,,,,,-2.22,,,,,,,,,,14.3600424,,,-1.27,,,,,,,,,,,,,0.0201168,,0.0204216,,,,,,,,,,,1,2,,,,,,0,140.0001264,,,,,,,
2007-12-01T01:18:06.019Z,,,,,,,-0.95,,,,,,,,,,1,,,,,,,,,,,,,,,,,Drilling,140.0001264,,,,,,,,,,-2.22,,,,,,,,,,14.3600424,,,-1.27,,,,,,,,,,,,,0.0201168,,0.0204216,,,,,,,,,,,1,2,,,,,,0,140.0001264,,,,,,,
2007-12-01T01:18:09.043Z,,,,,,,-0.95,,,,,,,,,,1,,,,,,,,,,,,,,,,,Drilling,140.0001264,,,,,,,,,,-2.22,,,,,,,,,,14.3600424,,,-1.27,,,,,,,,,,,,,0.0201168,,0.0204216,,,,,,,,,,,1,2,,,,,,0,140.0001264,,,,,,,
2007-12-01T01:18:11.981Z,,,,,,,-0.95,,,,,,,,,,1,,,,,,,,,,,,,,,,,Drilling,140.0001264,,,,,,,,,,-2.22,,,,,,,,,,14.3600424,,,-1.27,,,,,,,,,,,,,0.0201168,,0.0204216,,,,,,,,,,,1,2,,,,,,0,140.0001264,,,,,,,
2007-12-01T01:18:15.005Z,,,,,,,-0.95,,,,,,,,,,1,,,,,,,,,,,,,,,,,Drilling,140.0001264,,,,,,,,,,-2.22,,,,,,,,,,14.3600424,,,-1.27,,,,,,,,,,,,,0.0201168,,0.0204216,,,,,,,,,,,1,2,,,,,,0,140.0001264,,,,,,,
2007-12-01T01:18:18.029Z,,,,,,,-0.95,,,,,,,,,,1,,,,-3.5298888,,,,,,,,,,,,,Drilling,140.0001264,,,,,,,,,,-2.22,,,,,,,,,,14.3600424,,,-1.27,,,,,,,,,,,,,0.0201168,3.16992,0.0204216,,,,,,,,,,,1,2,,,,,,0,140.0001264,,,,,,,
2007-12-01T01:18:20.966Z,,,,,,,-0.95,,,,,,,,,,1,,,,,,,,,,,,,,,,,Drilling,140.0001264,,,,,,,,,,-2.22,,,,,,,,,,14.3600424,,,-1.27,,,,,,,,,,,,,0.0201168,,0.0204216,,,,,,,,,,,1,2,,,,,,0,140.0001264,,,,,,,
2007-12-01T01:18:23.990Z,,,,,,,-0.95,,,,,,,,,,1,,,,,,,,,,,,,,,,,Drilling,140.0001264,,,,,,,,,,-2.22,,,,,,,,,,14.3600424,,,-1.27,,,,,,,,,,,,,0.0201168,,0.0204216,,,,,,,,,,,1,2,,,,,,0,140.0001264,,,,,,,
2007-12-01T01:18:27.014Z,,,,,,,-0.95,,,,,,,,,,1,,,,,,,,,,,,,,,,,Drilling,140.0001264,,,,,,,,,,-2.22,,,,,,,,,,14.3600424,,,-1.27,,,,,,,,,,,,,0.0201168,,0.0204216,,,,,,,,,,,1,2,,,,,,0,140.0001264,,,,,,,
2007-12-01T01:18:30.038Z,,,,,,,-0.95,,,,,,,,,,1,,,,,,,,,,,,,,,,,Drilling,140.0001264,,,,,,,,,,-2.22,,,,,,,,,,14.3600424,,,-1.27,,,,,,,,,,,,,0.0201168,,0.0204216,,,,,,,,,,,1,2,,,,,,0,140.0001264,,,,,,,
2007-12-01T01:18:32.976Z,,,,,,,-0.95,,,,,,,,,,1,,,,,,,,,,,,,,,,,Drilling,140.0001264,,,,,,,,,,-2.22,,,,,,,,,,14.3600424,,,-1.27,,,,,,,,,,,,,0.0201168,,0.0204216,,,,,,,,,,,1,2,,,,,,0,140.0001264,,,,,,,
2007-12-01T01:18:36.000Z,,,,,,,-0.95,,,,,,,,,,1,,,,,,,,,,,,,,,,,Drilling,140.0001264,,,,,,,,,,-2.22,,,,,,,,,,14.3600424,,,-1.27,,,,,,,,,,,,,0.0201168,,0.0204216,,,,,,,,,,,1,2,,,,,,0,140.0001264,,,,,,,
2007-12-01T01:18:39.024Z,,,,,,,-0.95,,,,,,,,,,1,,,,-3.5298888,,,,,,,,,,,,,Drilling,140.0001264,,,,,,,,,,-2.22,,,,,,,,,,14.3600424,,,-1.27,,,,,,,,,,,,,0.0201168,3.16992,0.0204216,,,,,,,,,,,1,2,,,,,,0,140.0001264,,,,,,,
2007-12-01T01:18:41.962Z,,,,,,,-0.95,,,,,,,,,,1,,,,,,,,,,,,,,,,,Drilling,140.0001264,,,,,,,,,,-2.22,,,,,,,,,,14.3600424,,,-1.27,,,,,,,,,,,,,0.0201168,,0.0204216,,,,,,,,,,,1,2,,,,,,0,140.0001264,,,,,,,
2007-12-01T01:18:44.986Z,,,,,,,-0.95,,,,,,,,,,1,,,,,,,,,,,,,,,,,Drilling,140.0001264,,,,,,,,,,-2.22,,,,,,,,,,14.3600424,,,-1.27,,,,,,,,,,,,,0.0201168,,0.0204216,,,,,,,,,,,1,2,,,,,,0,140.0001264,,,,,,,
2007-12-01T01:18:48.010Z,,,,,,,-0.95,,,,,,,,,,1,,,,,,,,,,,,,,,,,Drilling,140.0001264,,,,,,,,,,-2.22,,,,,,,,,,14.3600424,,,-1.27,,,,,,,,,,,,,0.0201168,,0.0204216,,,,,,,,,,,1,2,,,,,,0,140.0001264,,,,,,,
2007-12-01T01:18:51.034Z,,,,,,,-0.95,,,,,,,,,,1,,,,,,,,,,,,,,,,,Drilling,140.0001264,,,,,,,,,,-2.22,,,,,,,,,,14.3600424,,,-1.27,,,,,,,,,,,,,0.0201168,,0.0204216,,,,,,,,,,,1,2,,,,,,0,140.0001264,,,,,,,
2007-12-01T07:04:25.997Z,,0.019999966893984,,,9.32999997781203,,,,6.19000008786281,0.280000013477688,,1.10000008701677,,22.9899996384,,,,5.40999978912439,,68.1699981312827,,70.6100006108282,1.01999999679079,,62.4168284568382,15.3700000000001,77.9999999842285,,,,,4.0700000000001,226.1699981544,,226.1699981544,,,0,,75.0999984251086,,-40.9999982974184,-3.2899999596287,142.9999965842,,0,,,,0.009999983446992,0.309999963818664,,0,0.009999983446992,,0,,,,0,,0,,0,0,1.02999999088548,-3.2899999596287,0,,,,,1.720000116,0,36.9999979590295,,,,14.3000001528,0,226.0099946136,,10.2299996009524,,9,418.890014581513,0,,,163.009994565303,,,,,,,,15.5699996649352,78.5800018859255
2007-12-01T07:04:29.971Z,,0.019999966893984,,,9.31999967639043,,,,6.19000008786281,0.280000013477688,,1.10000008701677,,22.9899996384,,,,5.40999978912439,,68.1699981312827,,70.6100006108282,1.01999999679079,,62.3658433136731,15.3700000000001,77.9899979339465,,,,,4.0700000000001,226.1699981544,,226.1699981544,,,0,,75.0999984251086,,-40.9999982974184,-3.2999999430757,140.999999862384,,0,,,,0.009999983446992,0.309999963818664,,0,0.009999983446992,,0,,,,0,,0,,0,0,1.02999999088548,-3.2999999430757,0,,,,,1.720000116,0,23.000000222047,,,,14.3000001528,0,226.0099946136,,10.2200002534547,,9,418.859985377508,0,,,162.999999987425,,,,,,,,15.5699996649352,78.5800018859255
2007-12-01T07:04:34.982Z,,0.019999966893984,,,9.31999967639043,,,,6.19000008786281,0.280000013477688,,1.09000010356978,,22.9899996384,,,,5.40999978912439,,68.1699981312827,,70.6100006108282,1.01999999679079,,62.3250540198009,15.3700000000001,78.0199966123891,,,,,4.0700000000001,226.1699981544,,226.1699981544,,,0,,75.0899963748267,,-40.9999982974184,-3.30999992652269,132.000004272077,,0,,,,0.009999983446992,0.309999963818664,,0,0.009999983446992,,0,,,,0,,0,,0,0,1.02999999088548,-3.30999992652269,0,,,,,1.720000116,0,25.9999987521493,,,,14.3000001528,0,226.0099946136,,10.2299996009524,,9,418.86999505918,0,,,162.990005568533,,,,,,,,15.5699996649352,78.5800018859255
2007-12-01T07:04:39.043Z,,0.019999966893984,,,9.31999967639043,,,,6.19000008786281,0.280000013477688,,1.10000008701677,,22.9899996384,,,,5.40999978912439,,68.1699981312827,,70.6100006108282,1.01999999679079,,62.3760387093736,15.3700000000001,78.0199966123891,,,,,4.0700000000001,226.1699981544,,226.1699981544,,,0,,75.0999984251086,,-40.9999982974184,-3.30999992652269,153.99999579108,,0,,,,0.009999983446992,0.309999963818664,,0,0.009999983446992,,0,,,,0,,0,,0,0,1.02999999088548,-3.30999992652269,0,,,,,1.720000116,0,43.0000019139915,,,,14.3000001528,0,226.0099946136,,10.2299996009524,,9,418.89999389661,0,,,162.990005568533,,,,,,,,15.5699996649352,78.5800018859255
2007-12-01T07:04:43.968Z,,0.019999966893984,,,9.31999967639043,,,,6.19000008786281,0.280000013477688,,1.10000008701677,,22.9899996384,,,,5.40999978912439,,68.1800003405519,,70.6100006108282,1.01999999679079,,62.4168284568382,15.3700000000001,78.0199966123891,,,,,4.0700000000001,226.1699981544,,226.1699981544,,,0,,75.0899963748267,,-40.9999982974184,-3.30999992652269,135.000002802179,,0,,,,0.009999983446992,0.309999963818664,,0,0.009999983446992,,0,,,,0,,0,,0,0,1.02999999088548,-3.30999992652269,0,,,,,1.720000116,0,33.9999994289272,,,,14.3000001528,0,226.0099946136,,10.2200002534547,,9,418.91000373727,0,,,162.990005568533,,,,,,,,15.5699996649352,78.5800018859255
2007-12-01T07:04:48.029Z,,0.019999966893984,,,9.31999967639043,,,,6.19000008786281,0.280000013477688,,1.10000008701677,,22.9899996384,,,,5.40999978912439,,68.1800003405519,,70.6100006108282,1.01999999679079,,62.4270279348701,15.3700000000001,78.0199966123891,,,,,4.0700000000001,226.1699981544,,226.1699981544,,,0,,75.0999984251086,,-40.0000033838892,-3.30999992652269,159.999999746042,,0,,,,0.009999983446992,0.309999963818664,,0,0.009999983446992,,0,,,,0,,0,,0,0,1.02999999088548,-3.30999992652269,0,,,,,1.720000116,0,29.9999990905382,,,,14.3000001528,0,226.0099946136,,10.2100001110204,,9,418.91000373727,0,,,162.990005568533,,,,,,,,15.5699996649352,78.5800018859255
2007-12-01T07:04:53.040Z,,0.019999966893984,,,9.31999967639043,,,,6.19000008786281,0.280000013477688,,1.10000008701677,,22.9899996384,,,,5.40999978912439,,68.1800003405519,,70.6100006108282,1.01999999679079,,62.4168284568382,15.3700000000001,78.0299988216583,,,,,4.0700000000001,226.1699981544,,226.1699981544,,,0,,75.0999984251086,,-42.000000105705,-3.30999992652269,144.000005287244,,0,,,,0.009999983446992,0.309999963818664,,0,0.009999983446992,,0,,,,0,,0,,0,0,1.02999999088548,-3.30999992652269,0,,,,,1.720000116,0,10.9999992068802,,,,14.3000001528,0,226.0099946136,,10.2100001110204,,9,418.89999389661,0,,,162.990005568533,,,,,,,,15.5699996649352,78.5800018859255
2007-12-01T07:04:57.014Z,,0.019999966893984,,,9.32999997781203,,,,6.19000008786281,0.280000013477688,,1.10000008701677,,22.9899996384,,,,5.40999978912439,,68.1800003405519,,70.6100006108282,1.01999999679079,,62.5289977676079,15.3700000000001,78.0299988216583,,,,,4.0700000000001,226.1699981544,,226.1699981544,,,0,,75.0999984251086,,-40.9999982974184,-3.2999999430757,147.000003817346,,0,,,,0.009999983446992,0.309999963818664,,0,0.009999983446992,,0,,,,0,,0,,0,0,1.02999999088548,-3.2999999430757,0,,,,,1.720000116,0,18.999999883658,,,,14.3000001528,0,226.0099946136,,10.2100001110204,,9,418.91000373727,0,,,162.999999987425,,,,,,,,15.5699996649352,78.5800018859255
2007-12-01T07:05:02.026Z,,0.019999966893984,,,9.34000012024632,,,,6.19000008786281,0.280000013477688,,1.10000008701677,,22.9899996384,,,,5.40999978912439,,68.1699981312827,,70.6100006108282,1.01999999679079,,62.3148586241004,15.3700000000001,78.0199966123891,,,,,4.0700000000001,226.1699981544,,226.1699981544,,,0,,75.0899963748267,,-39.0000015756026,-3.2899999596287,147.000003817346,,0,,,,0.009999983446992,0.309999963818664,,0,0.009999983446992,,0,,,,0,,0,,0,0,1.02999999088548,-3.2899999596287,0,,,,,1.720000116,0,48.9999989741963,,,,14.3000001528,0,226.0099946136,,10.2100001110204,,9,418.89999389661,0,,,163.009994565303,,,,,,,,15.5699996649352,78.5800018859255
2007-12-01T07:05:06.000Z,,0.019999966893984,,,9.34000012024632,,,,6.19000008786281,0.280000013477688,,1.10000008701677,,22.9899996384,,,,5.40999978912439,,68.1600037123913,,70.6100006108282,1.01999999679079,,62.4474228086024,15.3700000000001,78.0199966123891,,,,,4.0700000000001,226.1699981544,,226.1699981544,,,0,,75.0999984251086,,-39.0000015756026,-3.2899999596287,141.999994775913,,0,,,,0.009999983446992,0.309999963818664,,0,0.009999983446992,,0,,,,0,,0,,0,0,1.02999999088548,-3.2899999596287,0,,,,,1.720000116,0,39.0000015756026,,,,14.3000001528,0,226.0099946136,,10.2100001110204,,9,418.89999389661,0,,,163.009994565303,,,,,,,,15.5699996649352,78.5800018859255
2007-12-01T07:05:11.011Z,,0.019999966893984,,,9.34000012024632,,,,6.19000008786281,0.280000013477688,,1.10000008701677,,22.9899996384,,,,5.40999978912439,,68.1699981312827,,70.6100006108282,1.01999999679079,,62.3760387093736,15.3700000000001,78.0199966123891,,,,,4.0700000000001,226.1699981544,,226.1699981544,,,0,,75.0999984251086,,-40.0000033838892,-3.26999999273472,145.00000709553,,0,,,,0.009999983446992,0.309999963818664,,0,0.009999983446992,,0,,,,0,,0,,0,0,1.02999999088548,-3.26999999273472,0,,,,,1.720000116,0,28.0000023687224,,,,14.3000001528,0,226.0099946136,,10.2200002534547,,9,418.920013418943,0,,,163.020004246976,,,,,,,,15.5699996649352,78.5800018859255
2007-12-01T07:05:14.986Z,,0.009999983446992,,,9.34000012024632,,,,6.19000008786281,0.280000013477688,,1.10000008701677,,22.9899996384,,,,5.40999978912439,,68.1699981312827,,70.6100006108282,1.01999999679079,,62.3658433136731,15.3700000000001,78.0199966123891,,,,,4.0700000000001,226.1699981544,,226.1699981544,,,0,,75.0999984251086,,-40.0000033838892,-3.2899999596287,146.00000200906,,0,,,,0.009999983446992,0.299999980371672,,0,0.009999983446992,,0,,,,0,,0,,0,0,1.02999999088548,-3.2899999596287,0,,,,,1.720000116,0,5.99999706020473,,,,14.3000001528,0,226.0099946136,,10.2200002534547,,9,418.91000373727,0,,,163.009994565303,,,,,,,,15.5699996649352,78.5800018859255
2007-12-01T07:05:19.997Z,,0.019999966893984,,,9.34000012024632,,,,6.19000008786281,0.280000013477688,,1.10000008701677,,22.9899996384,,,,5.40999978912439,,68.1699981312827,,70.6100006108282,1.01999999679079,,62.3964335831059,15.3700000000001,78.0299988216583,,,,,4.0700000000001,226.1699981544,,226.1699981544,,,0,,75.0899963748267,,-40.9999982974184,-3.2899999596287,164.000000084431,,0,,,,0.009999983446992,0.309999963818664,,0,0.009999983446992,,0,,,,0,,0,,0,0,1.02999999088548,-3.2899999596287,0,,,,,1.720000116,0,58.0000014592607,,,,14.3000001528,0,226.0099946136,,10.2200002534547,,9,418.91000373727,0,,,163.009994565303,,,,,,,,15.5699996649352,78.5800018859255
2007-12-01T07:05:23.971Z,,0.019999966893984,,,9.34000012024632,,,,6.19000008786281,0.280000013477688,,1.10000008701677,,22.9899996384,,,,5.40999978912439,,68.1699981312827,,70.6100006108282,1.01999999679079,,62.4780126244428,15.3700000000001,78.0100021934977,,,,,4.0700000000001,226.1699981544,,226.1699981544,,,0,,75.0899963748267,,-36.9999979590295,-3.2899999596287,146.00000200906,,0,,,,0.009999983446992,0.309999963818664,,0,0.009999983446992,,0,,,,0,,0,,0,0,1.02999999088548,-3.2899999596287,0,,,,,1.720000116,0,31.0000008988248,,,,14.3000001528,0,226.0099946136,,10.2100001110204,,9,418.91000373727,0,,,163.009994565303,,,,,,,,15.5699996649352,78.5800018859255
2007-12-01T07:05:28.982Z,,0.019999966893984,,,9.31999967639043,,,,6.19000008786281,0.280000013477688,,1.10000008701677,,22.9899996384,,,,5.40999978912439,,68.1699981312827,,70.6100006108282,1.01999999679079,,62.3964335831059,15.3700000000001,77.9899979339465,,,,,4.0700000000001,226.1699981544,,226.1699981544,,,0,,75.0899963748267,,-40.9999982974184,-3.2999999430757,150.999997260978,,0,,,,0.009999983446992,0.309999963818664,,0,0.009999983446992,,0,,,,0,,0,,0,0,1.02999999088548,-3.2999999430757,0,,,,,1.720000116,0,52.9999993125852,,,,14.3000001528,0,226.0099946136,,10.2100001110204,,9,418.859985377508,0,,,162.990005568533,,,,,,,,15.5699996649352,78.5800018859255
2007-12-01T07:05:33.043Z,,0.019999966893984,,,9.31999967639043,,,,6.19000008786281,0.280000013477688,,1.10000008701677,,22.9899996384,,,,5.40999978912439,,68.1699981312827,,70.6100006108282,1.01999999679079,,62.3964335831059,15.3700000000001,77.9899979339465,,,,,4.0700000000001,226.1699981544,,226.1699981544,,,0,,75.0999984251086,,-42.000000105705,-3.30999992652269,153.99999579108,,0,,,,0.009999983446992,0.309999963818664,,0,0.009999983446992,,0,,,,0,,0,,0,0,1.02999999088548,-3.30999992652269,0,,,,,1.720000116,0,63.9999985194654,,,,14.3000001528,0,226.0099946136,,10.2100001110204,,9,418.859985377508,0,,,162.990005568533,,,,,,,,15.5699996649352,78.5800018859255
2007-12-01T07:05:37.968Z,,0.019999966893984,,,9.31999967639043,,,,6.19000008786281,0.280000013477688,,1.10000008701677,,22.9899996384,,,,5.40999978912439,,68.1699981312827,,70.6100006108282,1.01999999679079,,62.4270279348701,15.3700000000001,77.9999999842285,,,,,4.0700000000001,226.1699981544,,226.1699981544,,,0,,75.0999984251086,,-40.9999982974184,-3.30999992652269,155.999992512896,,0,,,,0.009999983446992,0.309999963818664,,0,0.009999983446992,,0,,,,0,,0,,0,0,1.02999999088548,-3.30999992652269,0,,,,,1.720000116,0,47.9999971659097,,,,14.3000001528,0,226.0099946136,,10.2100001110204,,9,418.859985377508,0,,,162.990005568533,,,,,,,,15.5699996649352,78.5800018859255
2007-12-01T07:05:47.040Z,,0.019999966893984,,,9.31999967639043,,,,6.19000008786281,0.280000013477688,,1.10000008701677,,22.9899996384,,,,5.40999978912439,,68.1699981312827,,70.6100006108282,1.01999999679079,,62.3658433136731,15.3700000000001,77.9999999842285,,,,,4.0700000000001,226.1699981544,,226.1699981544,,,0,,75.0899963748267,,-39.0000015756026,-3.30999992652269,146.00000200906,,0,,,,0.009999983446992,0.309999963818664,,0,0.009999983446992,,0,,,,0,,0,,0,0,1.02999999088548,-3.30999992652269,0,,,,,1.720000116,0,33.0000045153979,,,,14.3000001528,0,226.0099946136,,10.2200002534547,,9,418.859985377508,0,,,162.990005568533,,,,,,,,15.5699996649352,78.5800018859255
2007-12-01T07:05:51.014Z,,0.019999966893984,,,9.31999967639043,,,,6.19000008786281,0.280000013477688,,1.10000008701677,,22.9899996384,,,,5.40999978912439,,68.1699981312827,,70.6100006108282,1.01999999679079,,62.3454484399408,15.3700000000001,77.9999999842285,,,,,4.0700000000001,226.1699981544,,226.1699981544,,,0,,75.0999984251086,,-40.0000033838892,-3.30999992652269,154.999997599367,,0,,,,0.009999983446992,0.309999963818664,,0,0.009999983446992,,0,,,,0,,0,,0,0,1.02999999088548,-3.30999992652269,0,,,,,1.720000116,0,14.9999995452691,,,,14.3000001528,0,226.0099946136,,10.2299996009524,,9,418.859985377508,0,,,162.990005568533,,,,,,,,15.5699996649352,78.5800018859255
2007-12-01T07:05:56.026Z,,0.019999966893984,,,9.31999967639043,,,,6.19000008786281,0.280000013477688,,1.10000008701677,,22.9899996384,,,,5.40999978912439,,68.1699981312827,,70.6100006108282,1.01999999679079,,62.1924934640379,15.3700000000001,78.0199966123891,,,,,4.0700000000001,226.1699981544,,226.1699981544,,,0,,75.0999984251086,,-39.0000015756026,-3.30999992652269,128.999998847217,,0,,,,0.009999983446992,0.309999963818664,,0,0.009999983446992,,0,,,,0,,0,,0,0,1.02999999088548,-3.30999992652269,0,,,,,1.720000116,0,46.0000004440939,,,,14.3000001528,0,226.0099946136,,10.2299996009524,,9,418.890014581513,0,,,162.999999987425,,,,,,,,15.5699996649352,78.5800018859255
2007-12-01T07:06:00.000Z,,0.019999966893984,,,9.31999967639043,,,,6.19000008786281,0.280000013477688,,1.10000008701677,,22.9899996384,,,,5.40999978912439,,68.1699981312827,,70.6100006108282,1.01999999679079,,62.4168284568382,15.3700000000001,78.0199966123891,,,,,4.0700000000001,226.1699981544,,226.1699981544,,,0,,75.0899963748267,,-40.9999982974184,-3.30999992652269,136.999999523995,,0,,,,0.009999983446992,0.309999963818664,,0,0.009999983446992,,0,,,,0,,0,,0,0,1.02999999088548,-3.30999992652269,0,,,,,1.720000116,0,24.9999969438628,,,,14.3000001528,0,226.0099946136,,10.2299996009524,,9,418.89999389661,0,,,162.990005568533,,,,,,,,15.5699996649352,78.5800018859255
2007-12-01T07:06:05.011Z,,0.019999966893984,,,9.31999967639043,,,,6.19000008786281,0.280000013477688,,1.10000008701677,,22.9899996384,,,,5.40999978912439,,68.1699981312827,,70.6100006108282,1.01999999679079,,62.4168284568382,15.3700000000001,78.0299988216583,,,,,4.0700000000001,226.1699981544,,226.1699981544,,,0,,75.0999984251086,,-39.0000015756026,-3.30999992652269,135.000002802179,,0,,,,0.009999983446992,0.309999963818664,,0,0.009999983446992,,0,,,,0,,0,,0,0,1.02999999088548,-3.30999992652269,0,,,,,1.720000116,0,46.0000004440939,,,,14.3000001528,0,226.0099946136,,10.2299996009524,,9,418.91000373727,0,,,162.999999987425,,,,,,,,15.5699996649352,78.5800018859255
2007-12-01T07:06:13.997Z,,0.019999966893984,,,9.31999967639043,,,,6.19000008786281,0.280000013477688,,1.10000008701677,,22.9899996384,,,,5.40999978912439,,68.1699981312827,,70.6100006108282,1.01999999679079,,62.3148586241004,15.3700000000001,78.0199966123891,,,,,4.0700000000001,226.1699981544,,226.1699981544,,,0,,75.0899963748267,,-40.9999982974184,-3.30999992652269,132.000004272077,,0,,,,0.009999983446992,0.309999963818664,,0,0.009999983446992,,0,,,,0,,0,,0,0,1.02999999088548,-3.30999992652269,0,,,,,1.720000116,0,52.9999993125852,,,,14.3000001528,0,226.0099946136,,10.2299996009524,,9,418.89999389661,0,,,162.990005568533,,,,,,,,15.5699996649352,78.5800018859255
2007-12-01T07:06:17.971Z,,0.019999966893984,,,9.31999967639043,,,,6.19000008786281,0.280000013477688,,1.10000008701677,,22.9899996384,,,,5.40999978912439,,68.1699981312827,,70.6100006108282,1.01999999679079,,62.2638734809353,15.3700000000001,78.0199966123891,,,,,4.06000000000009,226.1699981544,,226.1699981544,,,0,,75.0899963748267,,-43.0000019139915,-3.30999992652269,147.000003817346,,0,,,,0.009999983446992,0.309999963818664,,0,0.009999983446992,,0,,,,0,,0,,0,0,1.02999999088548,-3.30999992652269,0,,,,,1.720000116,0,40.0000033838892,,,,14.3000001528,0,226.0099946136,,10.2299996009524,,9,418.89999389661,0,,,162.990005568533,,,,,,,,15.5600004764247,78.5800018859255
2007-12-01T07:06:22.982Z,,0.019999966893984,,,9.31999967639043,,,,6.19000008786281,0.280000013477688,,1.10000008701677,,22.9899996384,,,,5.40999978912439,,68.1699981312827,,70.6100006108282,1.01999999679079,,62.3148586241004,15.3700000000001,78.0100021934977,,,,,4.0700000000001,226.1699981544,,226.1699981544,,,0,,75.0999984251086,,-40.9999982974184,-3.30999992652269,126.999995230644,,0,,,,0.009999983446992,0.309999963818664,,0,0.009999983446992,,0,,,,0,,0,,0,0,1.02999999088548,-3.30999992652269,0,,,,,1.720000116,0,18.999999883658,,,,14.3000001528,0,226.0099946136,,10.2200002534547,,9,418.890014581513,0,,,162.999999987425,,,,,,,,15.5699996649352,78.5800018859255
2007-12-01T07:06:27.043Z,,0.019999966893984,,,9.31999967639043,,,,6.19000008786281,0.280000013477688,,1.10000008701677,,22.9899996384,,,,5.40999978912439,,68.1699981312827,,70.6100006108282,1.01999999679079,,62.3658433136731,15.3700000000001,77.9999999842285,,,,,4.0700000000001,226.1699981544,,226.1699981544,,,0,,75.0899963748267,,-39.0000015756026,-3.30999992652269,147.000003817346,,0,,,,0.009999983446992,0.309999963818664,,0,0.009999983446992,,0,,,,0,,0,,0,0,1.02999999088548,-3.30999992652269,0,,,,,1.720000116,0,20.9999966054739,,,,14.3000001528,0,226.0099946136,,10.2200002534547,,9,418.859985377508,0,,,162.990005568533,,,,,,,,15.5699996649352,78.5800018859255
2007-12-01T07:06:31.968Z,,0.019999966893984,,,9.31999967639043,,,,6.19000008786281,0.280000013477688,,1.10000008701677,,22.9899996384,,,,5.40999978912439,,68.1800003405519,,70.6100006108282,1.01999999679079,,62.4270279348701,15.3700000000001,77.9899979339465,,,,,4.06000000000009,226.1699981544,,226.1699981544,,,0,,75.0999984251086,,-40.9999982974184,-3.30999992652269,147.999998730875,,0,,,,0.009999983446992,0.309999963818664,,0,0.009999983446992,,0,,,,0,,0,,0,0,1.02999999088548,-3.30999992652269,0,,,,,1.720000116,0,37.9999997673161,,,,14.3000001528,0,226.0099946136,,10.2100001110204,,9,418.86999505918,0,,,162.990005568533,,,,,,,,15.5600004764247,78.5800018859255
2007-12-01T07:06:41.040Z,,0.019999966893984,,,9.31999967639043,,,,6.19000008786281,0.280000013477688,,1.10000008701677,,22.9899996384,,,,5.40999978912439,,68.1800003405519,,70.6100006108282,1.01999999679079,,62.3658433136731,15.3700000000001,77.9899979339465,,,,,4.0700000000001,226.1699981544,,226.1699981544,,,0,,75.0899963748267,,-42.000000105705,-3.30999992652269,136.000004610466,,0,,,,0.009999983446992,0.309999963818664,,0,0.009999983446992,,0,,,,0,,0,,0,0,1.02999999088548,-3.30999992652269,0,,,,,1.720000116,0,32.0000027071113,,,,14.3000001528,0,226.0099946136,,10.2100001110204,,9,418.86999505918,0,,,162.990005568533,,,,,,,,15.5699996649352,78.5800018859255
2007-12-01T07:06:45.014Z,,0.019999966893984,,,9.31999967639043,,,,6.19000008786281,0.280000013477688,,1.10000008701677,,22.9899996384,,,,5.40999978912439,,68.1800003405519,,70.6100006108282,1.01999999679079,,62.2842683546676,15.3700000000001,77.9999999842285,,,,,4.0700000000001,226.1699981544,,226.1699981544,,,0,,75.0999984251086,,-42.000000105705,-3.30999992652269,150.000002347448,,0,,,,0.009999983446992,0.309999963818664,,0,0.009999983446992,,0,,,,0,,0,,0,0,1.02999999088548,-3.30999992652269,0,,,,,1.720000116,0,40.0000033838892,,,,14.3000001528,0,226.0099946136,,10.2100001110204,,9,418.86999505918,0,,,162.990005568533,,,,,,,,15.5699996649352,78.5800018859255
2007-12-01T07:06:50.026Z,,0.009999983446992,,,9.31999967639043,,,,6.19000008786281,0.280000013477688,,1.10000008701677,,22.9899996384,,,,5.40999978912439,,68.1699981312827,,70.6100006108282,1.01999999679079,,62.4168284568382,15.3700000000001,77.9999999842285,,,,,4.0700000000001,226.1699981544,,226.1699981544,,,0,,75.0899963748267,,-40.9999982974184,-3.30999992652269,129.999993760747,,0,,,,0.009999983446992,0.309999963818664,,0,0.009999983446992,,0,,,,0,,0,,0,0,1.02999999088548,-3.30999992652269,0,,,,,1.720000116,0,33.9999994289272,,,,14.3000001528,0,226.0099946136,,10.2200002534547,,9,418.859985377508,0,,,162.990005568533,,,,,,,,15.5699996649352,78.5800018859255
2007-12-01T07:06:54.000Z,,0.019999966893984,,,9.31999967639043,,,,6.19000008786281,0.280000013477688,,1.10000008701677,,22.9899996384,,,,5.40999978912439,,68.1699981312827,,70.6100006108282,1.01999999679079,,62.5086028938756,15.3700000000001,78.0100021934977,,,,,4.0700000000001,226.1699981544,,226.1699981544,,,0,,75.0899963748267,,-40.9999982974184,-3.30999992652269,145.00000709553,,0,,,,0.009999983446992,0.309999963818664,,0,0.009999983446992,,0,,,,0,,0,,0,0,1.02999999088548,-3.30999992652269,0,,,,,1.720000116,0,36.0000030455003,,,,14.3000001528,0,226.0099946136,,10.2200002534547,,9,418.890014581513,0,,,162.990005568533,,,,,,,,15.5699996649352,78.5800018859255
2007-12-01T07:06:59.011Z,,0.019999966893984,,,9.31999967639043,,,,6.19000008786281,0.299999980371672,,1.09000010356978,,22.9899996384,,,,5.40999978912439,,68.1699981312827,,70.6100006108282,1.01999999679079,,62.4270279348701,15.3700000000001,77.9899979339465,,,,,4.0700000000001,226.1699981544,,226.1699981544,,,0,,75.0899963748267,,-40.0000033838892,-3.30999992652269,140.999999862384,,0,,,,0.009999983446992,0.309999963818664,,0,0.009999983446992,,0,,,,0,,0,,0,0,1.02999999088548,-3.30999992652269,0,,,,,1.720000116,0,20.9999966054739,,,,14.3000001528,0,226.0099946136,,10.2200002534547,,9,418.88000489984,0,,,162.990005568533,,,,,,,,15.5699996649352,78.5800018859255
2007-12-01T07:07:02.986Z,,0.019999966893984,,,9.31999967639043,,,,6.19000008786281,0.299999980371672,,1.10000008701677,,22.9899996384,,,,5.40999978912439,,68.1699981312827,,70.6100006108282,1.01999999679079,,62.3658433136731,15.3700000000001,77.9899979339465,,,,,4.0700000000001,226.1699981544,,226.1699981544,,,0,,75.0899963748267,,-39.0000015756026,-3.30999992652269,128.999998847217,,0,,,,0.009999983446992,0.309999963818664,,0,0.009999983446992,,0,,,,0,,0,,0,0,1.02999999088548,-3.30999992652269,0,,,,,1.720000116,0,44.9999986358074,,,,14.3000001528,0,226.0099946136,,10.2200002534547,,9,418.86999505918,0,,,162.990005568533,,,,,,,,15.5699996649352,78.5800018859255
2007-12-01T07:07:07.997Z,,0.019999966893984,,,9.31000048787995,,,,6.19000008786281,0.299999980371672,,1.10000008701677,,22.9899996384,,,,5.40999978912439,,68.1699981312827,,70.6100006108282,1.01999999679079,,62.3964335831059,15.3700000000001,77.9899979339465,,,,,4.0700000000001,226.1699981544,,226.1699981544,,,0,,75.0899963748267,,-42.000000105705,-3.30999992652269,142.9999965842,,0,,,,0.009999983446992,0.309999963818664,,0,0.009999983446992,,0,,,,0,,0,,0,0,1.02999999088548,-3.30999992652269,0,,,,,1.720000116,0,33.0000045153979,,,,14.3000001528,0,226.0099946136,,10.2200002534547,,9,418.88000489984,0,,,162.990005568533,,,,,,,,15.5699996649352,78.5800018859255
2007-12-01T07:07:11.971Z,,0.019999966893984,,,9.30000018645835,,,,6.19000008786281,0.299999980371672,,1.10000008701677,,22.9899996384,,,,5.40999978912439,,68.1699981312827,,70.6100006108282,1.01999999679079,,62.3250540198009,15.3700000000001,77.9899979339465,,,,,4.0700000000001,226.1699981544,,226.1699981544,,,0,,75.0899963748267,,-39.0000015756026,-3.30999992652269,159.000004832513,,0,,,,0.009999983446992,0.309999963818664,,0,0.009999983446992,,0,,,,0,,0,,0,0,1.02999999088548,-3.30999992652269,0,,,,,1.720000116,0,24.0000020303335,,,,14.3000001528,0,226.0099946136,,10.2299996009524,,9,418.86999505918,0,,,162.970001149995,,,,,,,,15.5699996649352,78.5800018859255
2007-12-01T07:07:16.982Z,,0.019999966893984,,,9.30000018645835,,,,6.19000008786281,0.299999980371672,,1.10000008701677,,22.9899996384,,,,5.40999978912439,,68.1699981312827,,70.6100006108282,1.01999999679079,,62.3760387093736,15.3700000000001,77.9999999842285,,,,,4.0700000000001,226.1699981544,,226.1699981544,,,0,,75.1100006343779,,-39.0000015756026,-3.32999989341667,153.99999579108,,0,,,,0.009999983446992,0.309999963818664,,0,0.009999983446992,,0,,,,0,,0,,0,0,1.02999999088548,-3.32999989341667,0,,,,,1.720000116,0,17.9999980753715,,,,14.3000001528,0,226.0099946136,,10.2299996009524,,9,418.88000489984,0,,,162.979995727873,,,,,,,,15.5699996649352,78.5800018859255
2007-12-01T07:07:21.043Z,,0.019999966893984,,,9.30000018645835,,,,6.19000008786281,0.299999980371672,,1.10000008701677,,22.9899996384,,,,5.40999978912439,,68.1699981312827,,70.6100006108282,1.01999999679079,,62.3148586241004,15.3700000000001,78.0299988216583,,,,,4.0700000000001,226.1699981544,,226.1699981544,,,0,,75.1100006343779,,-40.9999982974184,-3.30999992652269,146.00000200906,,0,,,,0.009999983446992,0.309999963818664,,0,0.009999983446992,,0,,,,0,,0,,0,0,1.02999999088548,-3.30999992652269,0,,,,,1.720000116,0,9.99999739859365,,,,14.3000001528,0,226.0099946136,,10.2299996009524,,9,418.91000373727,0,,,162.990005568533,,,,,,,,15.5699996649352,78.5800018859255
2007-12-01T07:07:25.968Z,,0.019999966893984,,,9.30000018645835,,,,6.19000008786281,0.299999980371672,,1.09000010356978,,22.9899996384,,,,5.40999978912439,,68.1699981312827,,70.6100006108282,1.01999999679079,,62.3658433136731,15.3700000000001,78.0199966123891,,,,,4.0700000000001,226.1699981544,,226.1699981544,,,0,,75.1100006343779,,-40.9999982974184,-3.30999992652269,149.000000539162,,0,,,,0.009999983446992,0.309999963818664,,0,0.009999983446992,,0,,,,0,,0,,0,0,1.02999999088548,-3.30999992652269,0,,,,,1.720000116,0,18.999999883658,,,,14.3000001528,0,226.0099946136,,10.2299996009524,,9,418.920013418943,0,,,162.990005568533,,,,,,,,15.5699996649352,78.5800018859255
2007-12-01T07:07:30.029Z,,0.019999966893984,,,9.30000018645835,,,,6.19000008786281,0.299999980371672,,1.10000008701677,,22.9899996384,,,,5.40999978912439,,68.1699981312827,,70.6100006108282,1.01999999679079,,62.2944637503681,15.3700000000001,78.0199966123891,,,,,4.0700000000001,226.1699981544,,226.1699981544,,,0,,75.1100006343779,,-39.0000015756026,-3.30999992652269,132.000004272077,,0,,,,0.009999983446992,0.309999963818664,,0,0.009999983446992,,0,,,,0,,0,,0,0,1.02999999088548,-3.30999992652269,0,,,,,1.720000116,0,47.0000022523805,,,,14.3000001528,0,226.0099946136,,10.2299996009524,,9,418.920013418943,0,,,162.990005568533,,,,,,,,15.5699996649352,78.5800018859255
2007-12-01T07:07:35.040Z,,0.019999966893984,,,9.31999967639043,,,,6.19000008786281,0.299999980371672,,1.10000008701677,,22.9899996384,,,,5.40999978912439,,68.1699981312827,,70.6100006108282,1.01999999679079,,62.4168284568382,15.3700000000001,78.0299988216583,,,,,4.0700000000001,226.1699981544,,226.1699981544,,,0,,75.1100006343779,,-42.000000105705,-3.31999990996968,124.000003595299,,0,,,,0.009999983446992,0.309999963818664,,0,0.009999983446992,,0,,,,0,,0,,0,0,1.02999999088548,-3.31999990996968,0,,,,,1.720000116,0,16.0000013535557,,,,14.3000001528,0,226.0099946136,,10.2200002534547,,9,418.91000373727,0,,,162.990005568533,,,,,,,,15.5699996649352,78.5800018859255
2007-12-01T07:07:39.014Z,,0.019999966893984,,,9.31999967639043,,,,6.19000008786281,0.299999980371672,,1.09000010356978,,22.9899996384,,,,5.40999978912439,,68.1699981312827,,70.6100006108282,1.01999999679079,,62.3760387093736,15.3700000000001,78.0299988216583,,,,,4.0700000000001,226.1699981544,,226.1699981544,,,0,,75.1100006343779,,-40.9999982974184,-3.2899999596287,141.999994775913,,0,,,,0.009999983446992,0.309999963818664,,0,0.009999983446992,,0,,,,0,,0,,0,0,1.02999999088548,-3.2899999596287,0,,,,,1.720000116,0,9.00000248506439,,,,14.3000001528,0,226.0099946136,,10.2200002534547,,9,418.92999273404,0,,,163.009994565303,,,,,,,,15.5699996649352,78.5800018859255
2007-12-01T07:07:44.026Z,,0.019999966893984,,,9.31999967639043,,,,6.19000008786281,0.299999980371672,,1.10000008701677,,22.9899996384,,,,5.40999978912439,,68.1699981312827,,70.6100006108282,1.01999999679079,,62.3658433136731,15.3700000000001,78.0199966123891,,,,,4.0700000000001,226.1699981544,,226.1699981544,,,0,,75.1100006343779,,-39.0000015756026,-3.2899999596287,126.000000317115,,0,,,,0.009999983446992,0.309999963818664,,0,0.009999983446992,,0,,,,0,,0,,0,0,1.02999999088548,-3.2899999596287,0,,,,,1.720000116,0,33.9999994289272,,,,14.3000001528,0,226.0099946136,,10.2200002534547,,9,418.92999273404,0,,,163.009994565303,,,,,,,,15.5699996649352,78.5800018859255
2007-12-01T07:07:48.000Z,,0.019999966893984,,,9.31999967639043,,,,6.19000008786281,0.299999980371672,,1.09000010356978,,22.9899996384,,,,5.40999978912439,,68.1699981312827,,70.6100006108282,1.01999999679079,,62.3760387093736,15.3700000000001,78.0199966123891,,,,,4.0700000000001,226.1699981544,,226.1699981544,,,0,,75.0999984251086,,-40.9999982974184,-3.2899999596287,139.999998054098,,0,,,,0.009999983446992,0.309999963818664,,0,0.009999983446992,,0,,,,0,,0,,0,0,1.02999999088548,-3.2899999596287,0,,,,,1.720000116,0,50.0000007824828,,,,14.3000001528,0,226.0099946136,,10.2200002534547,,9,418.920013418943,0,,,162.999999987425,,,,,,,,15.5699996649352,78.5800018859255
2007-12-01T07:07:53.011Z,,0.009999983446992,,,9.31999967639043,,,,6.19000008786281,0.299999980371672,,1.10000008701677,,22.9899996384,,,,5.40999978912439,,68.1699981312827,,70.6100006108282,1.01999999679079,,62.4168284568382,15.3700000000001,78.0199966123891,,,,,4.0700000000001,226.1699981544,,226.1699981544,,,0,,75.0899963748267,,-42.000000105705,-3.30999992652269,147.999998730875,,0,,,,0.009999983446992,0.309999963818664,,0,0.009999983446992,,0,,,,0,,0,,0,0,1.02999999088548,-3.30999992652269,0,,,,,1.720000116,0,44.9999986358074,,,,14.3000001528,0,226.0099946136,,10.2100001110204,,9,418.91000373727,0,,,162.990005568533,,,,,,,,15.5699996649352,78.5800018859255
2007-12-01T07:07:56.986Z,,0.019999966893984,,,9.31999967639043,,,,6.19000008786281,0.299999980371672,,1.09000010356978,,22.9899996384,,,,5.40999978912439,,68.1699981312827,,70.6100006108282,1.01999999679079,,62.4678136000033,15.3700000000001,78.0199966123891,,,,,4.0700000000001,226.1699981544,,226.1699981544,,,0,,75.1100006343779,,-42.000000105705,-3.30999992652269,146.00000200906,,0,,,,0.009999983446992,0.309999963818664,,0,0.009999983446992,,0,,,,0,,0,,0,0,1.02999999088548,-3.30999992652269,0,,,,,1.720000116,0,35.0000012372137,,,,14.3000001528,0,226.0099946136,,10.2100001110204,,9,418.91000373727,0,,,162.999999987425,,,,,,,,15.5699996649352,78.5800018859255
2007-12-01T07:08:01.997Z,,0.019999966893984,,,9.31999967639043,,,,6.19000008786281,0.299999980371672,,1.10000008701677,,22.9899996384,,,,5.40999978912439,,68.1699981312827,,70.6100006108282,1.01999999679079,,62.4168284568382,15.3700000000001,78.0199966123891,,,,,4.0700000000001,226.1699981544,,226.1699981544,,,0,,75.0999984251086,,-40.9999982974184,-3.2999999430757,134.000000993893,,0,,,,0.009999983446992,0.309999963818664,,0,0.009999983446992,,0,,,,0,,0,,0,0,1.02999999088548,-3.2999999430757,0,,,,,1.720000116,0,27.0000005604359,,,,14.3000001528,0,226.0099946136,,10.2100001110204,,9,418.920013418943,0,,,162.999999987425,,,,,,,,15.5699996649352,78.5800018859255
2007-12-01T07:08:05.971Z,,0.019999966893984,,,9.31999967639043,,,,6.19000008786281,0.299999980371672,,1.10000008701677,,22.9899996384,,,,5.40999978912439,,68.1699981312827,,70.6100006108282,1.01999999679079,,62.3964335831059,15.3700000000001,78.0199966123891,,,,,4.0700000000001,226.1699981544,,226.1699981544,,,0,,75.0999984251086,,-40.9999982974184,-3.30999992652269,116.999997832051,,0,,,,0.009999983446992,0.309999963818664,,0,0.009999983446992,,0,,,,0,,0,,0,0,1.02999999088548,-3.30999992652269,0,,,,,1.720000116,0,35.0000012372137,,,,14.3000001528,0,226.0099946136,,10.2100001110204,,9,418.91000373727,0,,,162.990005568533,,,,,,,,15.5699996649352,78.5800018859255
2007-12-01T07:08:10.982Z,,0.019999966893984,,,9.31999967639043,,,,6.19000008786281,0.299999980371672,,1.10000008701677,,22.9899996384,,,,5.40999978912439,,68.1699981312827,,70.6100006108282,1.01999999679079,,62.3454484399408,15.3700000000001,78.0199966123891,,,,,4.0700000000001,226.1699981544,,226.1699981544,,,0,,75.0999984251086,,-39.0000015756026,-3.30999992652269,117.99999274558,,0,,,,0.009999983446992,0.309999963818664,,0,0.009999983446992,,0,,,,0,,0,,0,0,1.02999999088548,-3.30999992652269,0,,,,,1.720000116,0,62.0000017976496,,,,14.3000001528,0,226.0099946136,,10.2200002534547,,9,418.91000373727,0,,,162.990005568533,,,,,,,,15.5699996649352,78.5800018859255
2007-12-01T07:08:15.043Z,,0.019999966893984,,,9.31999967639043,,,,6.19000008786281,0.299999980371672,,1.10000008701677,,22.9899996384,,,,5.40999978912439,,68.1699981312827,,70.6100006108282,1.01999999679079,,62.3454484399408,15.3700000000001,78.0299988216583,,,,,4.0700000000001,226.1699981544,,226.1699981544,,,0,,75.0999984251086,,-42.000000105705,-3.30999992652269,136.999999523995,,0,,,,0.009999983446992,0.309999963818664,,0,0.009999983446992,,0,,,,0,,0,,0,0,1.02999999088548,-3.30999992652269,0,,,,,1.720000116,0,28.0000023687224,,,,14.3000001528,0,226.0099946136,,10.2200002534547,,9,418.920013418943,0,,,162.999999987425,,,,,,,,15.5699996649352,78.5800018859255
2007-12-01T07:08:19.968Z,,0.019999966893984,,,9.31999967639043,,,,6.19000008786281,0.299999980371672,,1.10000008701677,,22.9899996384,,,,5.40999978912439,,68.1800003405519,,70.6100006108282,1.01999999679079,,62.3454484399408,15.3700000000001,78.0199966123891,,,,,4.0700000000001,226.1699981544,,226.1699981544,,,0,,75.1100006343779,,-39.0000015756026,-3.2899999596287,133.000006080364,,0,,,,0.009999983446992,0.309999963818664,,0,0.009999983446992,,0,,,,0,,0,,0,0,1.02999999088548,-3.2899999596287,0,,,,,1.720000116,0,23.000000222047,,,,14.3000001528,0,226.0099946136,,10.2299996009524,,9,418.940002415713,0,,,163.009994565303,,,,,,,,15.5699996649352,78.5800018859255
2007-12-01T07:08:24.029Z,,0.019999966893984,,,9.31999967639043,,,,6.19000008786281,0.299999980371672,,1.10000008701677,,22.9899996384,,,,5.40999978912439,,68.1800003405519,,70.6100006108282,1.01999999679079,,62.4678136000033,15.3700000000001,78.0299988216583,,,,,4.0700000000001,226.1699981544,,226.1699981544,,,0,,75.1100006343779,,-37.9999997673161,-3.2899999596287,126.999995230644,,0,,,,0.009999983446992,0.309999963818664,,0,0.009999983446992,,0,,,,0,,0,,0,0,1.02999999088548,-3.2899999596287,0,,,,,1.720000116,0,39.0000015756026,,,,14.3000001528,0,226.0099946136,,10.2299996009524,,9,418.959991412483,0,,,163.009994565303,,,,,,,,15.5699996649352,78.5800018859255
2007-12-01T07:08:29.040Z,,0.019999966893984,,,9.31999967639043,,,,6.19000008786281,0.299999980371672,,1.10000008701677,,22.9899996384,,,,5.40999978912439,,68.1800003405519,,70.6100006108282,1.01999999679079,,62.3454484399408,15.3700000000001,78.0199966123891,,,,,4.0700000000001,226.1699981544,,226.1699981544,,,0,,75.1100006343779,,-42.000000105705,-3.2899999596287,154.999997599367,,0,,,,0.009999983446992,0.309999963818664,,0,0.009999983446992,,0,,,,0,,0,,0,0,1.02999999088548,-3.2899999596287,0,,,,,1.720000116,0,44.9999986358074,,,,14.3000001528,0,226.0099946136,,10.2299996009524,,9,418.959991412483,0,,,163.009994565303,,,,,,,,15.5699996649352,78.5800018859255
2007-12-01T07:08:33.014Z,,0.019999966893984,,,9.31999967639043,,,,6.19000008786281,0.299999980371672,,1.09000010356978,,22.9899996384,,,,5.40999978912439,,68.1800003405519,,70.6100006108282,1.01999999679079,,62.3250540198009,15.3700000000001,78.0199966123891,,,,,4.0700000000001,226.1699981544,,226.1699981544,,,0,,75.1100006343779,,-40.0000033838892,-3.2899999596287,151.999999069264,,0,,,,0.009999983446992,0.309999963818664,,0,0.009999983446992,,0,,,,0,,0,,0,0,1.02999999088548,-3.2899999596287,0,,,,,1.720000116,0,23.000000222047,,,,14.3000001528,0,226.0099946136,,10.2299996009524,,9,418.950012256372,0,,,163.009994565303,,,,,,,,15.5699996649352,78.5800018859255
2007-12-01T07:08:38.026Z,,0.019999966893984,,,9.31999967639043,,,,6.19000008786281,0.299999980371672,,1.10000008701677,,22.9899996384,,,,5.40999978912439,,68.1800003405519,,70.6100006108282,1.01999999679079,,62.2944637503681,15.3700000000001,78.0199966123891,,,,,4.0700000000001,226.1699981544,,226.1699981544,,,0,,75.1100006343779,,-40.0000033838892,-3.2899999596287,150.000002347448,,0,,,,0.009999983446992,0.309999963818664,,0,0.009999983446992,,0,,,,0,,0,,0,0,1.02999999088548,-3.2899999596287,0,,,,,1.720000116,0,28.9999972822517,,,,14.3000001528,0,226.0099946136,,10.2299996009524,,9,418.950012256372,0,,,163.009994565303,,,,,,,,15.5699996649352,78.5800018859255
2007-12-01T07:08:42.000Z,,0.019999966893984,,,9.31999967639043,,,,6.19000008786281,0.299999980371672,,1.10000008701677,,22.9899996384,,,,5.40999978912439,,68.1800003405519,,70.6100006108282,1.01999999679079,,62.4678136000033,15.3700000000001,78.0199966123891,,,,,4.0700000000001,226.1699981544,,226.1699981544,,,0,,75.1100006343779,,-39.0000015756026,-3.2899999596287,150.000002347448,,0,,,,0.009999983446992,0.309999963818664,,0,0.009999983446992,,0,,,,0,,0,,0,0,1.02999999088548,-3.2899999596287,0,,,,,1.720000116,0,33.0000045153979,,,,14.3000001528,0,226.0099946136,,10.2299996009524,,9,418.959991412483,0,,,163.009994565303,,,,,,,,15.5699996649352,78.5800018859255
2007-12-01T07:08:47.011Z,,0.019999966893984,,,9.31999967639043,,,,6.19000008786281,0.299999980371672,,1.09000010356978,,22.9899996384,,,,5.40999978912439,,68.1800003405519,,70.6100006108282,1.01999999679079,,62.3658433136731,15.3700000000001,78.0199966123891,,,,,4.0700000000001,226.1699981544,,226.1699981544,,,0,,75.1100006343779,,-40.9999982974184,-3.2899999596287,127.999997038931,,0,,,,0.009999983446992,0.309999963818664,,0,0.009999983446992,,0,,,,0,,0,,0,0,1.02999999088548,-3.2899999596287,0,,,,,1.720000116,0,18.999999883658,,,,14.3000001528,0,226.0099946136,,10.2299996009524,,9,418.950012256372,0,,,163.009994565303,,,,,,,,15.5699996649352,78.5800018859255
2007-12-01T07:08:50.986Z,,0.019999966893984,,,9.31999967639043,,,,6.19000008786281,0.299999980371672,,1.09000010356978,,22.9899996384,,,,5.40999978912439,,68.1800003405519,,70.6100006108282,1.01999999679079,,62.5289977676079,15.3700000000001,78.0199966123891,,,,,4.0700000000001,226.1699981544,,226.1699981544,,,0,,75.1100006343779,,-40.9999982974184,-3.2899999596287,129.999993760747,,0,,,,0.009999983446992,0.309999963818664,,0,0.009999983446992,,0,,,,0,,0,,0,0,1.02999999088548,-3.2899999596287,0,,,,,1.720000116,0,28.0000023687224,,,,14.3000001528,0,226.0099946136,,10.2299996009524,,9,418.950012256372,0,,,162.999999987425,,,,,,,,15.5699996649352,78.5800018859255
2007-12-01T07:08:55.997Z,,0.019999966893984,,,9.31999967639043,,,,6.19000008786281,0.299999980371672,,1.10000008701677,,22.9899996384,,,,5.40999978912439,,68.1800003405519,,70.6100006108282,1.01999999679079,,62.3250540198009,15.3700000000001,78.0199966123891,,,,,4.0700000000001,226.1699981544,,226.1699981544,,,0,,75.1100006343779,,-40.9999982974184,-3.2899999596287,115.999996023764,,0,,,,0.009999983446992,0.309999963818664,,0,0.009999983446992,,0,,,,0,,0,,0,0,1.02999999088548,-3.2899999596287,0,,,,,1.720000116,0,39.0000015756026,,,,14.3000001528,0,226.0099946136,,10.2299996009524,,9,418.959991412483,0,,,163.009994565303,,,,,,,,15.5699996649352,78.5800018859255
2007-12-01T07:08:59.971Z,,0.019999966893984,,,9.31999967639043,,,,6.19000008786281,0.299999980371672,,1.10000008701677,,22.9899996384,,,,5.40999978912439,,68.1800003405519,,70.6100006108282,1.01999999679079,,62.4168284568382,15.3700000000001,78.0299988216583,,,,,4.0700000000001,226.1699981544,,226.1699981544,,,0,,75.1100006343779,,-40.9999982974184,-3.2899999596287,115.999996023764,,0,,,,0.009999983446992,0.309999963818664,,0,0.009999983446992,,0,,,,0,,0,,0,0,1.02999999088548,-3.2899999596287,0,,,,,1.720000116,0,39.0000015756026,,,,14.3000001528,0,226.0099946136,,10.2299996009524,,9,418.959991412483,0,,,163.009994565303,,,,,,,,15.5699996649352,78.5800018859255
2007-12-01T07:09:04.982Z,,0.019999966893984,,,9.31999967639043,,,,6.19000008786281,0.299999980371672,,1.10000008701677,,22.9899996384,,,,5.40999978912439,,68.1800003405519,,70.6100006108282,1.01999999679079,,62.2638734809353,15.3700000000001,78.0299988216583,,,,,4.0700000000001,226.1699981544,,226.1699981544,,,0,,75.1100006343779,,-42.000000105705,-3.2899999596287,133.000006080364,,0,,,,0.009999983446992,0.309999963818664,,0,0.009999983446992,,0,,,,0,,0,,0,0,1.02999999088548,-3.2899999596287,0,,,,,1.720000116,0,50.0000007824828,,,,14.3000001528,0,226.0099946136,,10.2299996009524,,9,418.959991412483,0,,,163.009994565303,,,,,,,,15.5699996649352,78.5800018859255
2007-12-01T07:09:09.043Z,,0.019999966893984,,,9.31999967639043,,,,6.19000008786281,0.299999980371672,,1.10000008701677,,22.9899996384,,,,5.40999978912439,,68.1800003405519,,70.6200028200974,1.01999999679079,,62.3250540198009,15.3700000000001,78.0199966123891,,,,,4.0700000000001,226.1699981544,,226.1699981544,,,0,,75.1100006343779,,-40.9999982974184,-3.2899999596287,130.999995569033,,0,,,,0.009999983446992,0.309999963818664,,0,0.009999983446992,,0,,,,0,,0,,0,0,1.02999999088548,-3.2899999596287,0,,,,,1.720000116,0,43.0000019139915,,,,14.3000001528,0,226.0099946136,,10.2399997433867,,9,418.959991412483,0,,,163.009994565303,,,,,,,,15.5699996649352,78.5800018859255
2007-12-01T07:09:13.968Z,,0.019999966893984,,,9.31999967639043,,,,6.19000008786281,0.299999980371672,,1.10000008701677,,22.9899996384,,,,5.40999978912439,,68.1699981312827,,70.639999448258,1.01999999679079,,62.3148586241004,15.3700000000001,78.0199966123891,,,,,4.0700000000001,226.1699981544,,226.1699981544,,,0,,75.1100006343779,,-42.000000105705,-3.2899999596287,152.999993982794,,0,,,,0.009999983446992,0.309999963818664,,0,0.009999983446992,,0,,,,0,,0,,0,0,1.02999999088548,-3.2899999596287,0,,,,,1.720000116,0,62.9999967111788,,,,14.3000001528,0,226.0099946136,,10.2399997433867,,9,418.989990249912,0,,,163.009994565303,,,,,,,,15.5699996649352,78.5800018859255
2007-12-01T07:09:18.029Z,,0.019999966893984,,,9.31999967639043,,,,6.19000008786281,0.299999980371672,,1.10000008701677,,22.9899996384,,,,5.40999978912439,,68.1699981312827,,70.639999448258,1.01999999679079,,62.3964335831059,15.3700000000001,78.0299988216583,,,,,4.0700000000001,226.1699981544,,226.1699981544,,,0,,75.1100006343779,,-40.9999982974184,-3.2899999596287,164.000000084431,,0,,,,0.009999983446992,0.309999963818664,,0,0.009999983446992,,0,,,,0,,0,,0,0,1.02999999088548,-3.2899999596287,0,,,,,1.720000116,0,65.0000003277519,,,,14.3000001528,0,226.0099946136,,10.2399997433867,,9,418.980010934815,0,,,163.009994565303,,,,,,,,15.5699996649352,78.5800018859255
2007-12-01T07:09:23.040Z,,0.019999966893984,,,9.31999967639043,,,,6.19000008786281,0.299999980371672,,1.10000008701677,,22.9899996384,,,,5.40999978912439,,68.1699981312827,,70.639999448258,1.01999999679079,,62.2842683546676,15.3700000000001,78.0199966123891,,,,,4.0700000000001,226.1699981544,,226.1699981544,,,0,,75.1100006343779,,-40.9999982974184,-3.2899999596287,139.999998054098,,0,,,,0.009999983446992,0.309999963818664,,0,0.009999983446992,,0,,,,0,,0,,0,0,1.02999999088548,-3.2899999596287,0,,,,,1.720000116,0,18.999999883658,,,,14.3000001528,0,226.0099946136,,10.2399997433867,,9,418.980010934815,0,,,163.009994565303,,,,,,,,15.5699996649352,78.5800018859255
2007-12-01T07:09:27.014Z,,0.019999966893984,,,9.31999967639043,,,,6.19000008786281,0.299999980371672,,1.10000008701677,,22.9899996384,,,,5.40999978912439,,68.1699981312827,,70.639999448258,1.01999999679079,,62.4168284568382,15.3700000000001,78.0199966123891,,,,,4.0700000000001,226.1699981544,,226.1699981544,,,0,,75.1100006343779,,-40.9999982974184,-3.2899999596287,155.999992512896,,0,,,,0.009999983446992,0.309999963818664,,0,0.009999983446992,,0,,,,0,,0,,0,0,1.02999999088548,-3.2899999596287,0,,,,,1.720000116,0,13.0000028234533,,,,14.3000001528,0,226.0099946136,,10.2500000448083,,9,418.989990249912,0,,,163.009994565303,,,,,,,,15.5699996649352,78.5800018859255
2007-12-01T07:09:32.026Z,,0.019999966893984,,,9.31999967639043,,,,6.19000008786281,0.299999980371672,,1.10000008701677,,22.9899996384,,,,5.40999978912439,,68.1699981312827,,70.639999448258,1.01999999679079,,62.3760387093736,15.3700000000001,78.0199966123891,,,,,4.0700000000001,226.1699981544,,226.1699981544,,,0,,75.1100006343779,,-39.0000015756026,-3.2899999596287,159.999999746042,,0,,,,0.009999983446992,0.309999963818664,,0,0.009999983446992,,0,,,,0,,0,,0,0,1.02999999088548,-3.2899999596287,0,,,,,1.720000116,0,31.0000008988248,,,,14.3000001528,0,226.0099946136,,10.2500000448083,,9,418.989990249912,0,,,163.009994565303,,,,,,,,15.5699996649352,78.5800018859255
2007-12-01T07:09:41.011Z,,0.019999966893984,,,9.31999967639043,,,,6.19000008786281,0.299999980371672,,1.10000008701677,,22.9899996384,,,,5.40999978912439,,68.1699981312827,,70.639999448258,1.01999999679079,,62.3658433136731,15.3700000000001,78.0199966123891,,,,,4.0700000000001,226.1699981544,,226.1699981544,,,0,,75.1100006343779,,-40.9999982974184,-3.2899999596287,152.999993982794,,0,,,,0.009999983446992,0.309999963818664,,0,0.009999983446992,,0,,,,0,,0,,0,0,1.02999999088548,-3.2899999596287,0,,,,,1.720000116,0,36.9999979590295,,,,14.3000001528,0,226.0099946136,,10.2600001872426,,9,418.999999931585,0,,,163.009994565303,,,,,,,,15.5699996649352,78.5800018859255
2007-12-01T07:09:44.986Z,,0.019999966893984,,,9.31999967639043,,,,6.19000008786281,0.299999980371672,,1.10000008701677,,22.9899996384,,,,5.40999978912439,,68.1699981312827,,70.639999448258,1.01999999679079,,62.3964335831059,15.3700000000001,78.0199966123891,,,,,4.0700000000001,226.1699981544,,226.1699981544,,,0,,75.1100006343779,,-40.0000033838892,-3.2899999596287,174.000004377782,,0,,,,0.009999983446992,0.309999963818664,,0,0.009999983446992,,0,,,,0,,0,,0,0,1.02999999088548,-3.2899999596287,0,,,,,1.720000116,0,23.000000222047,,,,14.3000001528,0,226.0099946136,,10.2600001872426,,9,418.999999931585,0,,,163.009994565303,,,,,,,,15.5699996649352,78.5800018859255
2007-12-01T07:09:49.997Z,,0.019999966893984,,,9.31999967639043,,,,6.19000008786281,0.299999980371672,,1.10000008701677,,22.9899996384,,,,5.40999978912439,,68.1600037123913,,70.639999448258,1.01999999679079,,62.3658433136731,15.3700000000001,78.0199966123891,,,,,4.0700000000001,226.1699981544,,226.1699981544,,,0,,75.1100006343779,,-40.9999982974184,-3.2899999596287,153.99999579108,,0,,,,0.009999983446992,0.309999963818664,,0,0.009999983446992,,0,,,,0,,0,,0,0,1.02999999088548,-3.2899999596287,0,,,,,1.720000116,0,33.0000045153979,,,,14.3000001528,0,226.0099946136,,10.2500000448083,,9,418.989990249912,0,,,163.009994565303,,,,,,,,15.5699996649352,78.5800018859255
2007-12-01T07:09:53.971Z,,0.019999966893984,,,9.31999967639043,,,,6.19000008786281,0.299999980371672,,1.10000008701677,,22.9899996384,,,,5.40999978912439,,68.1699981312827,,70.639999448258,1.01999999679079,,62.3760387093736,15.3700000000001,78.0299988216583,,,,,4.0700000000001,226.1699981544,,226.1699981544,,,0,,75.1100006343779,,-40.9999982974184,-3.2899999596287,176.000001099598,,0,,,,0.009999983446992,0.309999963818664,,0,0.009999983446992,,0,,,,0,,0,,0,0,1.02999999088548,-3.2899999596287,0,,,,,1.720000116,0,39.0000015756026,,,,14.3000001528,0,226.0099946136,,10.2500000448083,,9,418.989990249912,0,,,163.009994565303,,,,,,,,15.5699996649352,78.5800018859255
2007-12-01T07:09:58.982Z,,0.019999966893984,,,9.31999967639043,,,,6.19000008786281,0.299999980371672,,1.10000008701677,,22.9899996384,,,,5.40999978912439,,68.1699981312827,,70.639999448258,1.01999999679079,,62.3658433136731,15.3700000000001,78.0199966123891,,,,,4.0700000000001,226.1699981544,,226.1699981544,,,0,,75.0999984251086,,-40.9999982974184,-3.2899999596287,176.000001099598,,0,,,,0.009999983446992,0.309999963818664,,0,0.009999983446992,,0,,,,0,,0,,0,0,1.02999999088548,-3.2899999596287,0,,,,,1.720000116,0,23.000000222047,,,,14.3000001528,0,226.0099946136,,10.2399997433867,,9,418.980010934815,0,,,163.009994565303,,,,,,,,15.5699996649352,78.5800018859255
2007-12-01T07:10:07.968Z,,0.019999966893984,,,9.31999967639043,,,,6.19000008786281,0.299999980371672,,1.10000008701677,,22.9899996384,,,,5.40999978912439,,68.1699981312827,,70.639999448258,1.01999999679079,,62.4984074981751,15.3700000000001,78.0199966123891,,,,,4.0700000000001,226.1699981544,,226.1699981544,,,0,,75.0999984251086,,-40.9999982974184,-3.30999992652269,176.999996013127,,0,,,,0.009999983446992,0.309999963818664,,0,0.009999983446992,,0,,,,0,,0,,0,0,1.02999999088548,-3.30999992652269,0,,,,,1.720000116,0,10.9999992068802,,,,14.3000001528,0,226.0099946136,,10.2399997433867,,9,418.959991412483,0,,,162.990005568533,,,,,,,,15.5600004764247,78.5800018859255
2007-12-01T07:10:12.029Z,,0.019999966893984,,,9.31999967639043,,,,6.19000008786281,0.299999980371672,,1.10000008701677,,22.9899996384,,,,5.40999978912439,,68.1699981312827,,70.639999448258,1.01999999679079,,62.3658433136731,15.3700000000001,78.0199966123891,,,,,4.0700000000001,226.1699981544,,226.1699981544,,,0,,75.0999984251086,,-42.000000105705,-3.2999999430757,169.000009125864,,0,,,,0.009999983446992,0.309999963818664,,0,0.009999983446992,,0,,,,0,,0,,0,0,1.02999999088548,-3.2999999430757,0,,,,,1.720000116,0,12.0000010151668,,,,14.3000001528,0,226.0099946136,,10.2399997433867,,9,418.959991412483,0,,,162.990005568533,,,,,,,,15.5699996649352,78.5800018859255
2007-12-01T07:10:17.040Z,,0.019999966893984,,,9.31999967639043,,,,6.19000008786281,0.299999980371672,,1.10000008701677,,22.9899996384,,,,5.40999978912439,,68.1699981312827,,70.639999448258,1.01999999679079,,62.3964335831059,15.3700000000001,78.0199966123891,,,,,4.0700000000001,226.1699981544,,226.1699981544,,,0,,75.0899963748267,,-44.9999986358074,-3.30999992652269,167.999993528063,,0,,,,0.009999983446992,0.309999963818664,,0,0.009999983446992,,0,,,,0,,0,,0,0,1.02999999088548,-3.30999992652269,0,,,,,1.720000116,0,24.0000020303335,,,,14.3000001528,0,226.0099946136,,10.2299996009524,,9,418.959991412483,0,,,162.990005568533,,,,,,,,15.5699996649352,78.5800018859255
2007-12-01T07:10:21.014Z,,0.019999966893984,,,9.31999967639043,,,,6.19000008786281,0.299999980371672,,1.10000008701677,,22.9899996384,,,,5.40999978912439,,68.1699981312827,,70.639999448258,1.01999999679079,,62.4474228086024,15.3700000000001,78.0199966123891,,,,,4.0700000000001,226.1699981544,,226.1699981544,,,0,,75.0999984251086,,-40.9999982974184,-3.30999992652269,189.99999883658,,0,,,,0.009999983446992,0.309999963818664,,0,0.009999983446992,,0,,,,0,,0,,0,0,1.02999999088548,-3.30999992652269,0,,,,,1.720000116,0,21.9999984137604,,,,14.3000001528,0,226.0099946136,,10.2299996009524,,9,418.950012256372,0,,,162.990005568533,,,,,,,,15.5699996649352,78.5800018859255
2007-12-01T07:10:26.026Z,,0.019999966893984,,,9.31999967639043,,,,6.19000008786281,0.299999980371672,,1.09000010356978,,22.9899996384,,,,5.40999978912439,,68.1699981312827,,70.639999448258,1.01999999679079,,62.5086028938756,15.3700000000001,78.0299988216583,,,,,4.0700000000001,226.1699981544,,226.1699981544,,,0,,75.0999984251086,,-42.000000105705,-3.2999999430757,164.000000084431,,0,,,,0.009999983446992,0.309999963818664,,0,0.009999983446992,,0,,,,0,,0,,0,0,1.02999999088548,-3.2999999430757,0,,,,,1.720000116,0,20.0000016919446,,,,14.3000001528,0,226.0099946136,,10.2399997433867,,9,418.959991412483,0,,,162.999999987425,,,,,,,,15.5699996649352,78.5800018859255
2007-12-01T07:10:35.011Z,,0.019999966893984,,,9.30000018645835,,,,6.19000008786281,0.299999980371672,,1.10000008701677,,22.9899996384,,,,5.40999978912439,,68.1600037123913,,70.639999448258,1.01999999679079,,62.4780126244428,15.3700000000001,78.0199966123891,,,,,4.0700000000001,226.1699981544,,226.1699981544,,,0,,75.0899963748267,,-40.9999982974184,-3.30999992652269,138.000001332282,,0,,,,0.009999983446992,0.309999963818664,,0,0.009999983446992,,0,,,,0,,0,,0,0,1.02999999088548,-3.30999992652269,0,,,,,1.720000116,0,28.0000023687224,,,,14.3000001528,0,226.0099946136,,10.2500000448083,,9,418.940002415713,0,,,162.979995727873,,,,,,,,15.5699996649352,78.5800018859255
2007-12-01T07:10:38.986Z,,0.019999966893984,,,9.30000018645835,,,,6.19000008786281,0.299999980371672,,1.10000008701677,,22.9899996384,,,,5.40999978912439,,68.1699981312827,,70.639999448258,1.01999999679079,,62.2842683546676,15.3700000000001,78.0199966123891,,,,,4.0700000000001,226.1699981544,,226.1699981544,,,0,,75.0899963748267,,-40.9999982974184,-3.32999989341667,128.999998847217,,0,,,,0.009999983446992,0.309999963818664,,0,0.009999983446992,,0,,,,0,,0,,0,0,1.02999999088548,-3.32999989341667,0,,,,,1.720000116,0,32.0000027071113,,,,14.3000001528,0,226.0099946136,,10.2600001872426,,9,418.950012256372,0,,,162.970001149995,,,,,,,,15.5699996649352,78.5800018859255
2007-12-01T07:10:43.997Z,,0.019999966893984,,,9.30000018645835,,,,6.19000008786281,0.299999980371672,,1.10000008701677,,22.9899996384,,,,5.40999978912439,,68.1699981312827,,70.639999448258,1.01999999679079,,62.182293986006,15.3700000000001,78.0199966123891,,,,,4.0700000000001,226.1699981544,,226.1699981544,,,0,,75.0899963748267,,-39.0000015756026,-3.32999989341667,138.999996245811,,0,,,,0.009999983446992,0.309999963818664,,0,0.009999983446992,,0,,,,0,,0,,0,0,1.02999999088548,-3.32999989341667,0,,,,,1.720000116,0,17.9999980753715,,,,14.3000001528,0,226.0099946136,,10.2600001872426,,9,418.950012256372,0,,,162.970001149995,,,,,,,,15.5699996649352,78.5800018859255
2007-12-01T07:10:47.971Z,,0.019999966893984,,,9.31999967639043,,,,6.19000008786281,0.299999980371672,,1.09000010356978,,22.9899996384,,,,5.40999978912439,,68.1699981312827,,70.639999448258,1.01999999679079,,62.3250540198009,15.3700000000001,78.0199966123891,,,,,4.0700000000001,226.1699981544,,226.1699981544,,,0,,75.0899963748267,,-42.000000105705,-3.32999989341667,126.999995230644,,0,,,,0.009999983446992,0.309999963818664,,0,0.009999983446992,,0,,,,0,,0,,0,0,1.02999999088548,-3.32999989341667,0,,,,,1.720000116,0,21.9999984137604,,,,14.3000001528,0,226.0099946136,,10.2700004886642,,9,418.970001253142,0,,,162.990005568533,,,,,,,,15.5699996649352,78.5800018859255
2007-12-01T07:10:52.982Z,,0.019999966893984,,,9.31999967639043,,,,6.19000008786281,0.299999980371672,,1.10000008701677,,22.9899996384,,,,5.40999978912439,,68.1699981312827,,70.639999448258,1.01999999679079,,62.2128842554388,15.3700000000001,78.0199966123891,,,,,4.0700000000001,226.1699981544,,226.1699981544,,,0,,75.0999984251086,,-42.000000105705,-3.30999992652269,159.000004832513,,0,,,,0.009999983446992,0.309999963818664,,0,0.009999983446992,,0,,,,0,,0,,0,0,1.02999999088548,-3.30999992652269,0,,,,,1.720000116,0,33.9999994289272,,,,14.3000001528,0,226.0099946136,,10.2700004886642,,9,418.989990249912,0,,,162.990005568533,,,,,,,,15.5699996649352,78.5800018859255
2007-12-01T07:10:56.957Z,,0.019999966893984,,,9.31999967639043,,,,6.19000008786281,0.299999980371672,,1.10000008701677,,22.9899996384,,,,5.40999978912439,,68.1699981312827,,70.639999448258,1.01999999679079,,62.3760387093736,15.3700000000001,78.0199966123891,,,,,4.0700000000001,226.1699981544,,226.1699981544,,,0,,75.0999984251086,,-42.000000105705,-3.30999992652269,154.999997599367,,0,,,,0.009999983446992,0.309999963818664,,0,0.009999983446992,,0,,,,0,,0,,0,0,1.02999999088548,-3.30999992652269,0,,,,,1.720000116,0,18.999999883658,,,,14.3000001528,0,226.0099946136,,10.2600001872426,,9,418.980010934815,0,,,162.990005568533,,,,,,,,15.5699996649352,78.5800018859255
2007-12-01T07:11:01.968Z,,0.019999966893984,,,9.31999967639043,,,,6.19000008786281,0.299999980371672,,1.10000008701677,,22.9899996384,,,,5.40999978912439,,68.1699981312827,,70.639999448258,1.01999999679079,,62.2332791291711,15.3700000000001,78.0199966123891,,,,,4.0700000000001,226.1699981544,,226.1699981544,,,0,,75.0999984251086,,-40.9999982974184,-3.2999999430757,171.00000584768,,0,,,,0.009999983446992,0.309999963818664,,0,0.009999983446992,,0,,,,0,,0,,0,0,1.02999999088548,-3.2999999430757,0,,,,,1.720000116,0,33.0000045153979,,,,14.3000001528,0,226.0099946136,,10.2600001872426,,9,418.980010934815,0,,,162.990005568533,,,,,,,,15.5699996649352,78.5800018859255
2007-12-01T07:11:06.029Z,,0.019999966893984,,,9.31999967639043,,,,6.19000008786281,0.299999980371672,,1.10000008701677,,22.9899996384,,,,5.40999978912439,,68.1699981312827,,70.639999448258,1.01999999679079,,62.3250540198009,15.3700000000001,78.0199966123891,,,,,4.0700000000001,226.1699981544,,226.1699981544,,,0,,75.0899963748267,,-43.0000019139915,-3.30999992652269,177.999997821414,,0,,,,0.009999983446992,0.309999963818664,,0,0.009999983446992,,0,,,,0,,0,,0,0,1.02999999088548,-3.30999992652269,0,,,,,1.720000116,0,43.0000019139915,,,,14.3000001528,0,226.0099946136,,10.2600001872426,,9,418.980010934815,0,,,162.990005568533,,,,,,,,15.5699996649352,78.5800018859255
2007-12-01T07:11:11.040Z,,0.019999966893984,,,9.31999967639043,,,,6.19000008786281,0.299999980371672,,1.10000008701677,,22.9899996384,,,,5.40999978912439,,68.1699981312827,,70.639999448258,1.01999999679079,,62.2944637503681,15.3700000000001,78.0199966123891,,,,,4.0700000000001,226.1699981544,,226.1699981544,,,0,,75.0999984251086,,-42.000000105705,-3.30999992652269,164.000000084431,,0,,,,0.009999983446992,0.309999963818664,,0,0.009999983446992,,0,,,,0,,0,,0,0,1.02999999088548,-3.30999992652269,0,,,,,1.720000116,0,31.0000008988248,,,,14.3000001528,0,226.0099946136,,10.2600001872426,,9,418.980010934815,0,,,162.990005568533,,,,,,,,15.5699996649352,78.5800018859255
2007-12-01T07:11:15.014Z,,0.019999966893984,,,9.31999967639043,,,,6.19000008786281,0.299999980371672,,1.10000008701677,,22.9899996384,,,,5.40999978912439,,68.1699981312827,,70.639999448258,1.01999999679079,,62.3250540198009,15.3700000000001,78.0299988216583,,,,,4.0700000000001,226.1699981544,,226.1699981544,,,0,,75.0899963748267,,-40.9999982974184,-3.30999992652269,157.000008110697,,0,,,,0.009999983446992,0.309999963818664,,0,0.009999983446992,,0,,,,0,,0,,0,0,1.02999999088548,-3.30999992652269,0,,,,,1.720000116,0,37.9999997673161,,,,14.3000001528,0,226.0099946136,,10.2600001872426,,9,418.980010934815,0,,,162.990005568533,,,,,,,,15.5699996649352,78.5800018859255
2007-12-01T07:11:20.026Z,,0.019999966893984,,,9.31999967639043,,,,6.19000008786281,0.299999980371672,,1.10000008701677,,22.9899996384,,,,5.40999978912439,,68.1699981312827,,70.639999448258,1.01999999679079,,62.2842683546676,15.3700000000001,78.0199966123891,,,,,4.0700000000001,226.1699981544,,226.1699981544,,,0,,75.0999984251086,,-44.9999986358074,-3.30999992652269,154.999997599367,,0,,,,0.009999983446992,0.309999963818664,,0,0.009999983446992,,0,,,,0,,0,,0,0,1.02999999088548,-3.30999992652269,0,,,,,1.720000116,0,50.9999956960121,,,,14.3000001528,0,226.0099946136,,10.2500000448083,,9,418.980010934815,0,,,163.009994565303,,,,,,,,15.5699996649352,78.5800018859255
2007-12-01T07:11:24.000Z,,0.019999966893984,,,9.31999967639043,,,,6.19000008786281,0.299999980371672,,1.10000008701677,,22.9899996384,,,,5.40999978912439,,68.1699981312827,,70.639999448258,1.01999999679079,,62.1924934640379,15.3700000000001,78.0199966123891,,,,,4.0700000000001,226.1699981544,,226.1699981544,,,0,,75.0899963748267,,-40.9999982974184,-3.2999999430757,184.000001776376,,0,,,,0.009999983446992,0.309999963818664,,0,0.009999983446992,,0,,,,0,,0,,0,0,1.02999999088548,-3.2999999430757,0,,,,,1.720000116,0,36.9999979590295,,,,14.3000001528,0,226.0099946136,,10.2399997433867,,9,418.970001253142,0,,,162.990005568533,,,,,,,,15.5699996649352,78.5800018859255
2007-12-01T07:11:29.011Z,,0.019999966893984,,,9.31999967639043,,,,6.19000008786281,0.299999980371672,,1.09000010356978,,22.9899996384,,,,5.40999978912439,,68.1600037123913,,70.639999448258,1.01999999679079,,62.2842683546676,15.3700000000001,78.0199966123891,,,,,4.0700000000001,226.1699981544,,226.1699981544,,,0,,75.0999984251086,,-42.000000105705,-3.30999992652269,142.9999965842,,0,,,,0.009999983446992,0.309999963818664,,0,0.009999983446992,,0,,,,0,,0,,0,0,1.02999999088548,-3.30999992652269,0,,,,,1.720000116,0,40.0000033838892,,,,14.3000001528,0,226.0099946136,,10.2500000448083,,9,418.959991412483,0,,,162.990005568533,,,,,,,,15.5699996649352,78.5800018859255
2007-12-01T07:11:32.986Z,,0.009999983446992,,,9.31999967639043,,,,6.19000008786281,0.299999980371672,,1.09000010356978,,22.9899996384,,,,5.40999978912439,,68.1699981312827,,70.639999448258,1.01999999679079,,62.4984074981751,15.3700000000001,78.0199966123891,,,,,4.0700000000001,226.1699981544,,226.1699981544,,,0,,75.0899963748267,,-43.9999968275208,-3.30999992652269,133.000006080364,,0,,,,0.009999983446992,0.309999963818664,,0,0.009999983446992,,0,,,,0,,0,,0,0,1.02999999088548,-3.30999992652269,0,,,,,1.720000116,0,43.9999968275208,,,,14.3000001528,0,226.0099946136,,10.2399997433867,,9,418.959991412483,0,,,162.990005568533,,,,,,,,15.5699996649352,78.5800018859255
2007-12-01T07:11:37.997Z,,0.019999966893984,,,9.31999967639043,,,,6.19000008786281,0.299999980371672,,1.10000008701677,,22.9899996384,,,,5.40999978912439,,68.1800003405519,,70.639999448258,1.01999999679079,,62.3454484399408,15.3700000000001,78.0199966123891,,,,,4.0700000000001,226.1699981544,,226.1699981544,,,0,,75.0999984251086,,-42.000000105705,-3.30999992652269,154.999997599367,,0,,,,0.009999983446992,0.309999963818664,,0,0.009999983446992,,0,,,,0,,0,,0,0,1.02999999088548,-3.30999992652269,0,,,,,1.720000116,0,48.9999989741963,,,,14.3000001528,0,226.0099946136,,10.2299996009524,,9,418.970001253142,0,,,162.990005568533,,,,,,,,15.5699996649352,78.5800018859255
2007-12-01T07:11:41.971Z,,0.019999966893984,,,9.32999997781203,,,,6.19000008786281,0.299999980371672,,1.10000008701677,,22.9899996384,,,,5.40999978912439,,68.1800003405519,,70.639999448258,1.01999999679079,,62.1415046921338,15.3700000000001,78.0199966123891,,,,,4.0700000000001,226.1699981544,,226.1699981544,,,0,,75.0899963748267,,-40.9999982974184,-3.30999992652269,147.999998730875,,0,,,,0.009999983446992,0.309999963818664,,0,0.009999983446992,,0,,,,0,,0,,0,0,1.02999999088548,-3.30999992652269,0,,,,,1.720000116,0,16.0000013535557,,,,14.3000001528,0,226.0099946136,,10.2299996009524,,9,418.980010934815,0,,,162.999999987425,,,,,,,,15.5699996649352,78.5800018859255
2007-12-01T07:11:46.982Z,,0.019999966893984,,,9.34000012024632,,,,6.19000008786281,0.299999980371672,,1.09000010356978,,22.9899996384,,,,5.40999978912439,,68.1800003405519,,70.639999448258,1.01999999679079,,62.110914422701,15.3700000000001,78.0299988216583,,,,,4.0700000000001,226.1699981544,,226.1699981544,,,0,,75.0999984251086,,-40.9999982974184,-3.2899999596287,152.999993982794,,0,,,,0.009999983446992,0.309999963818664,,0,0.009999983446992,,0,,,,0,,0,,0,0,1.02999999088548,-3.2899999596287,0,,,,,1.720000116,0,9.00000248506439,,,,14.3000001528,0,226.0099946136,,10.2299996009524,,9,418.980010934815,0,,,163.009994565303,,,,,,,,15.5699996649352,78.5800018859255
2007-12-01T07:11:50.957Z,,0.019999966893984,,,9.34000012024632,,,,6.19000008786281,0.299999980371672,,1.10000008701677,,22.9899996384,,,,5.40999978912439,,68.1800003405519,,70.639999448258,1.01999999679079,,62.3250540198009,15.3700000000001,78.0199966123891,,,,,4.0700000000001,226.1699981544,,226.1699981544,,,0,,75.0899963748267,,-40.9999982974184,-3.2899999596287,153.99999579108,,0,,,,0.009999983446992,0.309999963818664,,0,0.009999983446992,,0,,,,0,,0,,0,0,1.02999999088548,-3.2899999596287,0,,,,,1.720000116,0,42.000000105705,,,,14.3000001528,0,226.0099946136,,10.2299996009524,,9,418.980010934815,0,,,163.009994565303,,,,,,,,15.5699996649352,78.5800018859255
2007-12-01T07:11:55.968Z,,0.019999966893984,,,9.34000012024632,,,,6.19000008786281,0.299999980371672,,1.10000008701677,,22.9899996384,,,,5.40999978912439,,68.1800003405519,,70.639999448258,1.01999999679079,,62.3250540198009,15.3700000000001,78.0199966123891,,,,,4.0700000000001,226.1699981544,,226.1699981544,,,0,,75.0899963748267,,-40.9999982974184,-3.2899999596287,169.000009125864,,0,,,,0.009999983446992,0.309999963818664,,0,0.009999983446992,,0,,,,0,,0,,0,0,1.02999999088548,-3.2899999596287,0,,,,,1.720000116,0,20.9999966054739,,,,14.3000001528,0,226.0099946136,,10.2299996009524,,9,418.980010934815,0,,,163.009994565303,,,,,,,,15.5699996649352,78.5800018859255
2007-12-01T07:12:00.029Z,,0.019999966893984,,,9.34000012024632,,,,6.19000008786281,0.299999980371672,,1.10000008701677,,22.9899996384,,,,5.40999978912439,,68.1699981312827,,70.639999448258,1.01999999679079,,62.4270279348701,15.3700000000001,78.0199966123891,,,,,4.0700000000001,226.1699981544,,226.1699981544,,,0,,75.0999984251086,,-40.9999982974184,-3.2899999596287,147.000003817346,,0,,,,0.009999983446992,0.309999963818664,,0,0.009999983446992,,0,,,,0,,0,,0,0,1.02999999088548,-3.2899999596287,0,,,,,1.720000116,0,40.0000033838892,,,,14.3000001528,0,226.0099946136,,10.2299996009524,,9,418.970001253142,0,,,163.009994565303,,,,,,,,15.5699996649352,78.5800018859255
2007-12-01T07:12:05.040Z,,0.019999966893984,,,9.34000012024632,,,,6.19000008786281,0.299999980371672,,1.09000010356978,,22.9899996384,,,,5.40999978912439,,68.1699981312827,,70.639999448258,1.01999999679079,,62.3148586241004,15.3700000000001,78.0199966123891,,,,,4.0700000000001,226.1699981544,,226.1699981544,,,0,,75.0999984251086,,-42.000000105705,-3.2899999596287,170.000004039393,,0,,,,0.009999983446992,0.309999963818664,,0,0.009999983446992,,0,,,,0,,0,,0,0,1.02999999088548,-3.2899999596287,0,,,,,1.720000116,0,36.9999979590295,,,,14.3000001528,0,226.0099946136,,10.2299996009524,,9,418.970001253142,0,,,163.009994565303,,,,,,,,15.5699996649352,78.5800018859255
2007-12-01T07:12:09.014Z,,0.019999966893984,,,9.34000012024632,,,,6.19000008786281,0.299999980371672,,1.10000008701677,,22.9899996384,,,,5.40999978912439,,68.1699981312827,,70.639999448258,1.01999999679079,,62.3658433136731,15.3700000000001,78.0199966123891,,,,,4.0700000000001,226.1699981544,,226.1699981544,,,0,,75.0999984251086,,-40.9999982974184,-3.2899999596287,153.99999579108,,0,,,,0.009999983446992,0.309999963818664,,0,0.009999983446992,,0,,,,0,,0,,0,0,1.02999999088548,-3.2899999596287,0,,,,,1.720000116,0,36.0000030455003,,,,14.3000001528,0,226.0099946136,,10.2299996009524,,9,418.970001253142,0,,,163.009994565303,,,,,,,,15.5699996649352,78.5800018859255
2007-12-01T07:12:14.026Z,,0.019999966893984,,,9.34000012024632,,,,6.19000008786281,0.299999980371672,,1.10000008701677,,22.9899996384,,,,5.40999978912439,,68.1699981312827,,70.639999448258,1.01999999679079,,62.2944637503681,15.3700000000001,78.0199966123891,,,,,4.0700000000001,226.1699981544,,226.1699981544,,,0,,75.0999984251086,,-40.9999982974184,-3.2899999596287,158.000003024226,,0,,,,0.009999983446992,0.309999963818664,,0,0.009999983446992,,0,,,,0,,0,,0,0,1.02999999088548,-3.2899999596287,0,,,,,1.720000116,0,14.9999995452691,,,,14.3000001528,0,226.0099946136,,10.2299996009524,,9,418.980010934815,0,,,163.009994565303,,,,,,,,15.5699996649352,78.5800018859255
2007-12-01T07:12:18.000Z,,0.019999966893984,,,9.34000012024632,,,,6.19000008786281,0.299999980371672,,1.10000008701677,,22.9899996384,,,,5.40999978912439,,68.1699981312827,,70.639999448258,1.01999999679079,,62.2944637503681,15.3700000000001,78.0199966123891,,,,,4.0700000000001,226.1699981544,,226.1699981544,,,0,,75.0899963748267,,-40.9999982974184,-3.2899999596287,159.000004832513,,0,,,,0.009999983446992,0.309999963818664,,0,0.009999983446992,,0,,,,0,,0,,0,0,1.02999999088548,-3.2899999596287,0,,,,,1.720000116,0,13.9999977369826,,,,14.3000001528,0,226.0099946136,,10.2299996009524,,9,418.970001253142,0,,,163.009994565303,,,,,,,,15.5699996649352,78.5800018859255
2007-12-01T07:12:23.011Z,,0.019999966893984,,,9.34000012024632,,,,6.19000008786281,0.299999980371672,,1.10000008701677,,22.9899996384,,,,5.40999978912439,,68.1600037123913,,70.639999448258,1.01999999679079,,62.2842683546676,15.3700000000001,78.0199966123891,,,,,4.0700000000001,226.1699981544,,226.1699981544,,,0,,75.0899963748267,,-37.9999997673161,-3.2899999596287,159.000004832513,,0,,,,0.009999983446992,0.309999963818664,,0,0.009999983446992,,0,,,,0,,0,,0,0,1.02999999088548,-3.2899999596287,0,,,,,1.720000116,0,24.9999969438628,,,,14.3000001528,0,226.0099946136,,10.2399997433867,,9,418.970001253142,0,,,163.009994565303,,,,,,,,15.5699996649352,78.5800018859255
2007-12-01T07:12:26.986Z,,0.019999966893984,,,9.34000012024632,,,,6.19000008786281,0.299999980371672,,1.09000010356978,,22.9899996384,,,,5.40999978912439,,68.1699981312827,,70.639999448258,1.01999999679079,,62.4474228086024,15.3700000000001,78.0299988216583,,,,,4.0700000000001,226.1699981544,,226.1699981544,,,0,,75.0999984251086,,-40.9999982974184,-3.2899999596287,154.999997599367,,0,,,,0.009999983446992,0.309999963818664,,0,0.009999983446992,,0,,,,0,,0,,0,0,1.02999999088548,-3.2899999596287,0,,,,,1.720000116,0,12.0000010151668,,,,14.3000001528,0,226.0099946136,,10.2399997433867,,9,418.980010934815,0,,,163.009994565303,,,,,,,,15.5699996649352,78.5800018859255
2007-12-01T07:12:31.997Z,,0.019999966893984,,,9.34000012024632,,,,6.19000008786281,0.299999980371672,,1.10000008701677,,22.9899996384,,,,5.40999978912439,,68.1699981312827,,70.639999448258,1.01999999679079,,62.3658433136731,15.3700000000001,78.0299988216583,,,,,4.0700000000001,226.1699981544,,226.1699981544,,,0,,75.0999984251086,,-40.0000033838892,-3.2899999596287,151.999999069264,,0,,,,0.009999983446992,0.309999963818664,,0,0.009999983446992,,0,,,,0,,0,,0,0,1.02999999088548,-3.2899999596287,0,,,,,1.720000116,0,5.00000214667547,,,,14.3000001528,0,226.0099946136,,10.2399997433867,,9,418.980010934815,0,,,163.009994565303,,,,,,,,15.5699996649352,78.5800018859255
2007-12-01T07:12:35.971Z,,0.019999966893984,,,9.34000012024632,,,,6.19000008786281,0.299999980371672,,1.10000008701677,,22.9899996384,,,,5.40999978912439,,68.1699981312827,,70.639999448258,1.01999999679079,,62.4780126244428,15.3700000000001,78.0199966123891,,,,,4.0700000000001,226.1699981544,,226.1699981544,,,0,,75.0999984251086,,-40.9999982974184,-3.2899999596287,161.000001554329,,0,,,,0.009999983446992,0.309999963818664,,0,0.009999983446992,,0,,,,0,,0,,0,0,1.02999999088548,-3.2899999596287,0,,,,,1.720000116,0,40.9999982974184,,,,14.3000001528,0,226.0099946136,,10.2399997433867,,9,418.980010934815,0,,,163.009994565303,,,,,,,,15.5699996649352,78.5800018859255
2007-12-01T07:12:40.982Z,,0.019999966893984,,,9.34000012024632,,,,6.19000008786281,0.299999980371672,,1.10000008701677,,22.9899996384,,,,5.40999978912439,,68.1699981312827,,70.639999448258,1.01999999679079,,62.4270279348701,15.3700000000001,78.0199966123891,,,,,4.0700000000001,226.1699981544,,226.1699981544,,,0,,75.0999984251086,,-40.9999982974184,-3.2899999596287,136.999999523995,,0,,,,0.009999983446992,0.309999963818664,,0,0.009999983446992,,0,,,,0,,0,,0,0,1.02999999088548,-3.2899999596287,0,,,,,1.720000116,0,17.0000031618422,,,,14.3000001528,0,226.0099946136,,10.2399997433867,,9,418.970001253142,0,,,163.009994565303,,,,,,,,15.5699996649352,78.5800018859255
2007-12-01T07:12:44.957Z,,0.019999966893984,,,9.34000012024632,,,,6.19000008786281,0.299999980371672,,1.10000008701677,,22.9899996384,,,,5.40999978912439,,68.1600037123913,,70.639999448258,1.01999999679079,,62.2944637503681,15.3700000000001,78.0199966123891,,,,,4.0700000000001,226.1699981544,,226.1699981544,,,0,,75.0999984251086,,-40.0000033838892,-3.2899999596287,147.000003817346,,0,,,,0.009999983446992,0.309999963818664,,0,0.009999983446992,,0,,,,0,,0,,0,0,1.02999999088548,-3.2899999596287,0,,,,,1.720000116,0,25.9999987521493,,,,14.3000001528,0,226.0099946136,,10.2399997433867,,9,418.970001253142,0,,,163.009994565303,,,,,,,,15.5699996649352,78.5800018859255
2007-12-01T07:12:49.968Z,,0.019999966893984,,,9.34000012024632,,,,6.19000008786281,0.299999980371672,,1.09000010356978,,22.9899996384,,,,5.40999978912439,,68.1699981312827,,70.639999448258,1.01999999679079,,62.4984074981751,15.3700000000001,78.0199966123891,,,,,4.0700000000001,226.1699981544,,226.1699981544,,,0,,75.0999984251086,,-36.0000030455003,-3.2899999596287,133.000006080364,,0,,,,0.009999983446992,0.309999963818664,,0,0.009999983446992,,0,,,,0,,0,,0,0,1.02999999088548,-3.2899999596287,0,,,,,1.720000116,0,28.0000023687224,,,,14.3000001528,0,226.0099946136,,10.2299996009524,,9,418.970001253142,0,,,163.009994565303,,,,,,,,15.5699996649352,78.5800018859255
2007-12-01T07:12:54.029Z,,0.019999966893984,,,9.34000012024632,,,,6.19000008786281,0.299999980371672,,1.09000010356978,,22.9899996384,,,,5.40999978912439,,68.1699981312827,,70.639999448258,1.01999999679079,,62.2944637503681,15.3700000000001,78.0199966123891,,,,,4.0700000000001,226.1699981544,,226.1699981544,,,0,,75.1100006343779,,-40.0000033838892,-3.2899999596287,153.99999579108,,0,,,,0.009999983446992,0.309999963818664,,0,0.009999983446992,,0,,,,0,,0,,0,0,1.02999999088548,-3.2899999596287,0,,,,,1.720000116,0,24.0000020303335,,,,14.3000001528,0,226.0099946136,,10.2399997433867,,9,418.980010934815,0,,,163.020004246976,,,,,,,,15.5699996649352,78.5800018859255
2007-12-01T07:12:59.040Z,,0.019999966893984,,,9.34000012024632,,,,6.19000008786281,0.299999980371672,,1.10000008701677,,22.9899996384,,,,5.40999978912439,,68.1699981312827,,70.639999448258,1.01999999679079,,62.2638734809353,15.3700000000001,78.0199966123891,,,,,4.0700000000001,226.1699981544,,226.1699981544,,,0,,75.1100006343779,,-39.0000015756026,-3.26999999273472,142.9999965842,,0,,,,0.009999983446992,0.309999963818664,,0,0.009999983446992,,0,,,,0,,0,,0,0,1.02999999088548,-3.26999999273472,0,,,,,1.720000116,0,6.99999886849128,,,,14.3000001528,0,226.0099946136,,10.2399997433867,,9,418.999999931585,0,,,163.029998824854,,,,,,,,15.5699996649352,78.5800018859255
2007-12-01T07:13:03.014Z,,0.019999966893984,,,9.34000012024632,,,,6.19000008786281,0.299999980371672,,1.10000008701677,,22.9899996384,,,,5.40999978912439,,68.1800003405519,,70.639999448258,1.01999999679079,,62.3250540198009,15.3700000000001,78.0199966123891,,,,,4.0700000000001,226.1699981544,,226.1699981544,,,0,,75.1100006343779,,-36.9999979590295,-3.26999999273472,173.000002569495,,0,,,,0.009999983446992,0.309999963818664,,0,0.009999983446992,,0,,,,0,,0,,0,0,1.02999999088548,-3.26999999273472,0,,,,,1.720000116,0,16.0000013535557,,,,14.3000001528,0,226.0099946136,,10.2500000448083,,9,419.010009772245,0,,,163.029998824854,,,,,,,,15.5699996649352,78.5800018859255
2007-12-01T07:13:08.026Z,,0.019999966893984,,,9.34000012024632,,,,6.19000008786281,0.299999980371672,,1.09000010356978,,22.9899996384,,,,5.40999978912439,,68.1800003405519,,70.639999448258,1.01999999679079,,62.6003777845053,15.3700000000001,78.0199966123891,,,,,4.0700000000001,226.1699981544,,226.1699981544,,,0,,75.0999984251086,,-40.9999982974184,-3.27999997618171,164.000000084431,,0,,,,0.009999983446992,0.309999963818664,,0,0.009999983446992,,0,,,,0,,0,,0,0,1.02999999088548,-3.27999997618171,0,,,,,1.720000116,0,12.0000010151668,,,,14.3000001528,0,226.0099946136,,10.2500000448083,,9,418.999999931585,0,,,163.009994565303,,,,,,,,15.5699996649352,78.5800018859255
2007-12-01T07:13:12.000Z,,0.019999966893984,,,9.34000012024632,,,,6.19000008786281,0.299999980371672,,1.10000008701677,,22.9899996384,,,,5.40999978912439,,68.1800003405519,,70.639999448258,1.01999999679079,,62.2842683546676,15.3700000000001,78.0199966123891,,,,,4.0700000000001,226.1699981544,,226.1699981544,,,0,,75.0899963748267,,-40.9999982974184,-3.2899999596287,169.000009125864,,0,,,,0.009999983446992,0.309999963818664,,0,0.009999983446992,,0,,,,0,,0,,0,0,1.02999999088548,-3.2899999596287,0,,,,,1.720000116,0,-2.99999853010237,,,,14.3000001528,0,226.0099946136,,10.2500000448083,,9,419.010009772245,0,,,163.009994565303,,,,,,,,15.5699996649352,78.5800018859255
2007-12-01T07:13:17.011Z,,0.019999966893984,,,9.34000012024632,,,,6.19000008786281,0.299999980371672,,1.10000008701677,,22.9899996384,,,,5.40999978912439,,68.1800003405519,,70.639999448258,1.01999999679079,,62.5493926413402,15.3700000000001,78.0199966123891,,,,,4.0700000000001,226.1699981544,,226.1699981544,,,0,,75.0999984251086,,-39.0000015756026,-3.2899999596287,136.999999523995,,0,,,,0.009999983446992,0.309999963818664,,0,0.009999983446992,,0,,,,0,,0,,0,0,1.02999999088548,-3.2899999596287,0,,,,,1.720000116,0,23.000000222047,,,,14.3000001528,0,226.0099946136,,10.2500000448083,,9,419.010009772245,0,,,163.009994565303,,,,,,,,15.5699996649352,78.5800018859255
2007-12-01T07:13:20.986Z,,0.019999966893984,,,9.34000012024632,,,,6.19000008786281,0.299999980371672,,1.10000008701677,,22.9899996384,,,,5.40999978912439,,68.1800003405519,,70.639999448258,1.01999999679079,,62.3964335831059,15.3700000000001,78.0299988216583,,,,,4.0700000000001,226.1699981544,,226.1699981544,,,0,,75.0999984251086,,-39.0000015756026,-3.2899999596287,159.000004832513,,0,,,,0.009999983446992,0.309999963818664,,0,0.009999983446992,,0,,,,0,,0,,0,0,1.02999999088548,-3.2899999596287,0,,,,,1.720000116,0,35.0000012372137,,,,14.3000001528,0,226.0099946136,,10.2399997433867,,9,418.999999931585,0,,,163.009994565303,,,,,,,,15.5699996649352,78.5800018859255
2007-12-01T07:13:25.997Z,,0.019999966893984,,,9.34000012024632,,,,6.19000008786281,0.299999980371672,,1.09000010356978,,22.9899996384,,,,5.40000012365201,,68.1800003405519,,70.639999448258,1.01999999679079,,62.2332791291711,15.3700000000001,78.0199966123891,,,,,4.0700000000001,226.1699981544,,226.1699981544,,,0,,75.0899963748267,,-37.9999997673161,-3.2899999596287,144.000005287244,,0,,,,0.009999983446992,0.309999963818664,,0,0.009999983446992,,0,,,,0,,0,,0,0,1.02999999088548,-3.2899999596287,0,,,,,1.720000116,0,36.0000030455003,,,,14.3000001528,0,226.0099946136,,10.2299996009524,,9,418.980010934815,0,,,163.009994565303,,,,,,,,15.5699996649352,78.5800018859255
2007-12-01T07:13:34.982Z,,0.019999966893984,,,9.34000012024632,,,,6.19000008786281,0.299999980371672,,1.10000008701677,,22.9899996384,,,,5.40000012365201,,68.1800003405519,,70.639999448258,1.01999999679079,,62.3964335831059,15.3700000000001,78.0199966123891,,,,,4.0700000000001,226.1699981544,,226.1699981544,,,0,,75.0899963748267,,-40.9999982974184,-3.2899999596287,157.000008110697,,0,,,,0.009999983446992,0.309999963818664,,0,0.009999983446992,,0,,,,0,,0,,0,0,1.02999999088548,-3.2899999596287,0,,,,,1.720000116,0,32.0000027071113,,,,14.3000001528,0,226.0099946136,,10.2299996009524,,9,418.980010934815,0,,,163.009994565303,,,,,,,,15.5699996649352,78.5800018859255
2007-12-01T07:13:38.957Z,,0.019999966893984,,,9.32999997781203,,,,6.19000008786281,0.299999980371672,,1.10000008701677,,22.9899996384,,,,5.40000012365201,,68.1800003405519,,70.639999448258,1.01999999679079,,62.4270279348701,15.3700000000001,78.0199966123891,,,,,4.0700000000001,226.1699981544,,226.1699981544,,,0,,75.0999984251086,,-40.9999982974184,-3.2899999596287,152.999993982794,,0,,,,0.009999983446992,0.309999963818664,,0,0.009999983446992,,0,,,,0,,0,,0,0,1.02999999088548,-3.2899999596287,0,,,,,1.720000116,0,23.000000222047,,,,14.3000001528,0,226.0099946136,,10.2299996009524,,9,418.970001253142,0,,,163.009994565303,,,,,,,,15.5699996649352,78.5800018859255
2007-12-01T07:13:43.968Z,,0.019999966893984,,,9.31999967639043,,,,6.19000008786281,0.299999980371672,,1.10000008701677,,22.9899996384,,,,5.40999978912439,,68.1800003405519,,70.639999448258,1.01999999679079,,62.3454484399408,15.3700000000001,78.0299988216583,,,,,4.0700000000001,226.1699981544,,226.1699981544,,,0,,75.1100006343779,,-40.9999982974184,-3.2899999596287,154.999997599367,,0,,,,0.009999983446992,0.309999963818664,,0,0.009999983446992,,0,,,,0,,0,,0,0,1.02999999088548,-3.2899999596287,0,,,,,1.720000116,0,13.0000028234533,,,,14.3000001528,0,226.0099946136,,10.2299996009524,,9,418.989990249912,0,,,163.009994565303,,,,,,,,15.5699996649352,78.5800018859255
2007-12-01T07:13:48.029Z,,0.019999966893984,,,9.31999967639043,,,,6.19000008786281,0.299999980371672,,1.10000008701677,,22.9899996384,,,,5.40999978912439,,68.1800003405519,,70.639999448258,1.01999999679079,,62.3250540198009,15.3700000000001,78.0199966123891,,,,,4.0700000000001,226.1699981544,,226.1699981544,,,0,,75.1100006343779,,-40.9999982974184,-3.2899999596287,162.000003362615,,0,,,,0.009999983446992,0.309999963818664,,0,0.009999983446992,,0,,,,0,,0,,0,0,1.02999999088548,-3.2899999596287,0,,,,,1.720000116,0,24.0000020303335,,,,14.3000001528,0,226.0099946136,,10.2299996009524,,9,418.980010934815,0,,,163.009994565303,,,,,,,,15.5699996649352,78.5800018859255
2007-12-01T07:13:53.040Z,,0.019999966893984,,,9.31999967639043,,,,6.19000008786281,0.299999980371672,,1.10000008701677,,22.9899996384,,,,5.40999978912439,,68.1900023908339,,70.639999448258,1.01999999679079,,62.3658433136731,15.3700000000001,78.0299988216583,,,,,4.0700000000001,226.1699981544,,226.1699981544,,,0,,75.1100006343779,,-40.9999982974184,-3.2899999596287,162.999998276144,,0,,,,0.009999983446992,0.309999963818664,,0,0.009999983446992,,0,,,,0,,0,,0,0,1.02999999088548,-3.2899999596287,0,,,,,1.720000116,0,12.0000010151668,,,,14.3000001528,0,226.0099946136,,10.2299996009524,,9,418.989990249912,0,,,163.009994565303,,,,,,,,15.5699996649352,78.5800018859255
2007-12-01T07:14:02.026Z,,0.019999966893984,,,9.31999967639043,,,,6.19000008786281,0.299999980371672,,1.10000008701677,,22.9899996384,,,,5.40999978912439,,68.1800003405519,,70.639999448258,1.01999999679079,,62.3658433136731,15.3700000000001,78.0199966123891,,,,,4.0700000000001,226.1699981544,,226.1699981544,,,0,,75.1100006343779,,-40.0000033838892,-3.2899999596287,149.000000539162,,0,,,,0.009999983446992,0.309999963818664,,0,0.009999983446992,,0,,,,0,,0,,0,0,1.02999999088548,-3.2899999596287,0,,,,,1.720000116,0,8.00000067677784,,,,14.3000001528,0,226.0099946136,,10.2299996009524,,9,418.980010934815,0,,,163.009994565303,,,,,,,,15.5699996649352,78.5800018859255
2007-12-01T07:14:06.000Z,,0.019999966893984,,,9.31999967639043,,,,6.19000008786281,0.299999980371672,,1.10000008701677,,22.9899996384,,,,5.40999978912439,,68.1800003405519,,70.639999448258,1.01999999679079,,62.4270279348701,15.3700000000001,78.0199966123891,,,,,4.0700000000001,226.1699981544,,226.1699981544,,,0,,75.1100006343779,,-39.0000015756026,-3.2899999596287,162.999998276144,,0,,,,0.009999983446992,0.309999963818664,,0,0.009999983446992,,0,,,,0,,0,,0,0,1.02999999088548,-3.2899999596287,0,,,,,1.720000116,0,13.9999977369826,,,,14.3000001528,0,226.0099946136,,10.2299996009524,,9,418.980010934815,0,,,163.009994565303,,,,,,,,15.5699996649352,78.5800018859255
2007-12-01T07:14:11.011Z,,0.019999966893984,,,9.32999997781203,,,,6.19000008786281,0.299999980371672,,1.10000008701677,,22.9899996384,,,,5.40999978912439,,68.1800003405519,,70.639999448258,1.01999999679079,,62.2638734809353,15.3700000000001,78.0199966123891,,,,,4.0700000000001,226.1699981544,,226.1699981544,,,0,,75.1100006343779,,-39.0000015756026,-3.2899999596287,166.999998614533,,0,,,,0.009999983446992,0.309999963818664,,0,0.009999983446992,,0,,,,0,,0,,0,0,1.02999999088548,-3.2899999596287,0,,,,,1.720000116,0,5.00000214667547,,,,14.3000001528,0,226.0099946136,,10.2200002534547,,9,418.980010934815,0,,,163.020004246976,,,,,,,,15.5699996649352,78.5800018859255
2007-12-01T07:14:14.986Z,,0.019999966893984,,,9.34000012024632,,,,6.19000008786281,0.299999980371672,,1.10000008701677,,22.9899996384,,,,5.40999978912439,,68.1800003405519,,70.639999448258,1.01999999679079,,62.2842683546676,15.3700000000001,78.0199966123891,,,,,4.0700000000001,226.1699981544,,226.1699981544,,,0,,75.1100006343779,,-39.0000015756026,-3.26999999273472,154.999997599367,,0,,,,0.009999983446992,0.309999963818664,,0,0.009999983446992,,0,,,,0,,0,,0,0,1.02999999088548,-3.26999999273472,0,,,,,1.720000116,0,20.9999966054739,,,,14.3000001528,0,226.0099946136,,10.2100001110204,,9,418.980010934815,0,,,163.029998824854,,,,,,,,15.5699996649352,78.5800018859255
2007-12-01T07:14:19.997Z,,0.019999966893984,,,9.34000012024632,,,,6.19000008786281,0.299999980371672,,1.10000008701677,,22.9899996384,,,,5.40999978912439,,68.1800003405519,,70.6299972389888,1.01999999679079,,62.3658433136731,15.3700000000001,78.0199966123891,,,,,4.0700000000001,226.1699981544,,226.1699981544,,,0,,75.1100006343779,,-40.9999982974184,-3.26999999273472,154.999997599367,,0,,,,0.009999983446992,0.309999963818664,,0,0.009999983446992,,0,,,,0,,0,,0,0,1.02999999088548,-3.26999999273472,0,,,,,1.720000116,0,20.0000016919446,,,,14.3000001528,0,226.0099946136,,10.2100001110204,,9,418.989990249912,0,,,163.029998824854,,,,,,,,15.5699996649352,78.5800018859255
2007-12-01T07:14:23.971Z,,0.019999966893984,,,9.34000012024632,,,,6.19000008786281,0.299999980371672,,1.10000008701677,,22.9899996384,,,,5.40999978912439,,68.1900023908339,,70.6100006108282,1.01999999679079,,62.2944637503681,15.3700000000001,78.0199966123891,,,,,4.0700000000001,226.1699981544,,226.1699981544,,,0,,75.1100006343779,,-37.9999997673161,-3.26999999273472,162.999998276144,,0,,,,0.009999983446992,0.309999963818664,,0,0.009999983446992,,0,,,,0,,0,,0,0,1.02999999088548,-3.26999999273472,0,,,,,1.720000116,0,20.9999966054739,,,,14.3000001528,0,226.0099946136,,10.2100001110204,,9,418.970001253142,0,,,163.029998824854,,,,,,,,15.5699996649352,78.5800018859255
2007-12-01T07:14:28.982Z,,0.019999966893984,,,9.34000012024632,,,,6.19000008786281,0.299999980371672,,1.10000008701677,,22.9899996384,,,,5.40999978912439,,68.1800003405519,,70.6100006108282,1.01999999679079,,62.579982910773,15.3700000000001,78.0299988216583,,,,,4.0700000000001,226.1699981544,,226.1699981544,,,0,,75.1100006343779,,-40.9999982974184,-3.26999999273472,158.000003024226,,0,,,,0.009999983446992,0.309999963818664,,0,0.009999983446992,,0,,,,0,,0,,0,0,1.02999999088548,-3.26999999273472,0,,,,,1.720000116,0,12.0000010151668,,,,14.3000001528,0,226.0099946136,,10.2100001110204,,9,418.950012256372,0,,,163.029998824854,,,,,,,,15.5699996649352,78.5800018859255
2007-12-01T07:14:33.043Z,,0.019999966893984,,,9.34000012024632,,,,6.19000008786281,0.299999980371672,,1.10000008701677,,22.9899996384,,,,5.40999978912439,,68.1800003405519,,70.6100006108282,1.01999999679079,,62.4270279348701,15.3700000000001,78.0299988216583,,,,,4.0700000000001,226.1699981544,,226.1699981544,,,0,,75.0899963748267,,-40.9999982974184,-3.27999997618171,147.000003817346,,0,,,,0.009999983446992,0.309999963818664,,0,0.009999983446992,,0,,,,0,,0,,0,0,1.02999999088548,-3.27999997618171,0,,,,,1.720000116,0,18.999999883658,,,,14.3000001528,0,226.0099946136,,10.2200002534547,,9,418.940002415713,0,,,163.009994565303,,,,,,,,15.5699996649352,78.5800018859255
2007-12-01T07:14:37.968Z,,0.019999966893984,,,9.34000012024632,,,,6.19000008786281,0.299999980371672,,1.09000010356978,,22.9899996384,,,,5.40999978912439,,68.1800003405519,,70.6100006108282,1.01999999679079,,62.4780126244428,15.3700000000001,78.0199966123891,,,,,4.0700000000001,226.1699981544,,226.1699981544,,,0,,75.0999984251086,,-40.0000033838892,-3.2899999596287,141.999994775913,,0,,,,0.009999983446992,0.309999963818664,,0,0.009999983446992,,0,,,,0,,0,,0,0,1.02999999088548,-3.2899999596287,0,,,,,1.720000116,0,9.00000248506439,,,,14.3000001528,0,226.0099946136,,10.2200002534547,,9,418.950012256372,0,,,163.009994565303,,,,,,,,15.5699996649352,78.5800018859255
2007-12-01T07:14:42.029Z,,0.019999966893984,,,9.32999997781203,,,,6.19000008786281,0.299999980371672,,1.10000008701677,,22.9899996384,,,,5.40999978912439,,68.1800003405519,,70.6100006108282,1.01999999679079,,62.5289977676079,15.3700000000001,78.0199966123891,,,,,4.0700000000001,226.1699981544,,226.1699981544,,,0,,75.0999984251086,,-39.0000015756026,-3.2899999596287,138.000001332282,,0,,,,0.009999983446992,0.309999963818664,,0,0.009999983446992,,0,,,,0,,0,,0,0,1.02999999088548,-3.2899999596287,0,,,,,1.720000116,0,5.99999706020473,,,,14.3000001528,0,226.0099946136,,10.2200002534547,,9,418.940002415713,0,,,163.009994565303,,,,,,,,15.5699996649352,78.5800018859255
2007-12-01T07:14:47.040Z,,0.019999966893984,,,9.31999967639043,,,,6.19000008786281,0.299999980371672,,1.10000008701677,,22.9899996384,,,,5.40999978912439,,68.1800003405519,,70.6100006108282,1.01999999679079,,62.4678136000033,15.3700000000001,78.0299988216583,,,,,4.0700000000001,226.1699981544,,226.1699981544,,,0,,75.0899963748267,,-40.0000033838892,-3.30999992652269,155.999992512896,,0,,,,0.009999983446992,0.309999963818664,,0,0.009999983446992,,0,,,,0,,0,,0,0,1.02999999088548,-3.30999992652269,0,,,,,1.720000116,0,5.00000214667547,,,,14.3000001528,0,226.0099946136,,10.2200002534547,,9,418.92999273404,0,,,162.990005568533,,,,,,,,15.5699996649352,78.5800018859255
2007-12-01T07:14:51.014Z,,0.019999966893984,,,9.31999967639043,,,,6.19000008786281,0.299999980371672,,1.10000008701677,,22.9899996384,,,,5.40999978912439,,68.1800003405519,,70.6100006108282,1.01999999679079,,62.5086028938756,15.3700000000001,78.0199966123891,,,,,4.06000000000009,226.1699981544,,226.1699981544,,,0,,75.0999984251086,,-39.0000015756026,-3.30999992652269,159.000004832513,,0,,,,0.009999983446992,0.309999963818664,,0,0.009999983446992,,0,,,,0,,0,,0,0,1.02999999088548,-3.30999992652269,0,,,,,1.720000116,0,4.00000033838892,,,,14.3000001528,0,226.0099946136,,10.2200002534547,,9,418.92999273404,0,,,162.990005568533,,,,,,,,15.5699996649352,78.5800018859255
2007-12-01T07:14:56.026Z,,0.019999966893984,,,9.31999967639043,,,,6.19000008786281,0.299999980371672,,1.10000008701677,,22.9899996384,,,,5.40999978912439,,68.1800003405519,,70.6100006108282,1.01999999679079,,62.5086028938756,15.3700000000001,78.0199966123891,,,,,4.0700000000001,226.1699981544,,226.1699981544,,,0,,75.0999984251086,,-37.9999997673161,-3.30999992652269,147.000003817346,,0,,,,0.009999983446992,0.309999963818664,,0,0.009999983446992,,0,,,,0,,0,,0,0,1.02999999088548,-3.30999992652269,0,,,,,1.720000116,0,-5.00000214667547,,,,14.3000001528,0,226.0099946136,,10.2100001110204,,9,418.920013418943,0,,,162.999999987425,,,,,,,,15.5699996649352,78.5800018859255
2007-12-01T07:15:00.000Z,,0.019999966893984,,,9.31999967639043,,,,6.19000008786281,0.299999980371672,,1.10000008701677,,22.9899996384,,,,5.40999978912439,,68.1800003405519,,70.6100006108282,1.01999999679079,,62.579982910773,15.3700000000001,77.9899979339465,,,,,4.0700000000001,226.1699981544,,226.1699981544,,,0,,75.0999984251086,,-40.0000033838892,-3.2999999430757,155.999992512896,,0,,,,0.009999983446992,0.309999963818664,,0,0.009999983446992,,0,,,,0,,0,,0,0,1.02999999088548,-3.2999999430757,0,,,,,1.720000116,0,18.999999883658,,,,14.3000001528,0,226.0099946136,,10.2200002534547,,9,418.89999389661,0,,,162.990005568533,,,,,,,,15.5699996649352,78.5800018859255
2007-12-01T07:15:05.011Z,,0.019999966893984,,,9.31999967639043,,,,6.19000008786281,0.299999980371672,,1.09000010356978,,22.9899996384,,,,5.40999978912439,,68.1800003405519,,70.6100006108282,1.01999999679079,,62.4780126244428,15.3700000000001,77.9899979339465,,,,,4.06000000000009,226.1699981544,,226.1699981544,,,0,,75.0899963748267,,-40.0000033838892,-3.2999999430757,153.99999579108,,0,,,,0.009999983446992,0.309999963818664,,0,0.009999983446992,,0,,,,0,,0,,0,0,1.02999999088548,-3.2999999430757,0,,,,,1.720000116,0,33.9999994289272,,,,14.3000001528,0,226.0099946136,,10.2200002534547,,9,418.89999389661,0,,,162.990005568533,,,,,,,,15.5699996649352,78.5800018859255
2007-12-01T07:15:08.986Z,,0.019999966893984,,,9.31999967639043,,,,6.19000008786281,0.299999980371672,,1.10000008701677,,22.9899996384,,,,5.40999978912439,,68.1800003405519,,70.6100006108282,1.01999999679079,,62.4780126244428,15.3700000000001,77.9899979339465,,,,,4.0700000000001,226.1699981544,,226.1699981544,,,0,,75.0899963748267,,-40.0000033838892,-3.30999992652269,164.000000084431,,0,,,,0.009999983446992,0.309999963818664,,0,0.009999983446992,,0,,,,0,,0,,0,0,1.02999999088548,-3.30999992652269,0,,,,,1.720000116,0,-2.99999853010237,,,,14.3000001528,0,226.0099946136,,10.2200002534547,,9,418.89999389661,0,,,162.990005568533,,,,,,,,15.5699996649352,78.5800018859255
2007-12-01T07:15:13.997Z,,0.019999966893984,,,9.31999967639043,,,,6.19000008786281,0.299999980371672,,1.10000008701677,,22.9899996384,,,,5.40999978912439,,68.1800003405519,,70.6100006108282,1.01999999679079,,62.3454484399408,15.3700000000001,77.9999999842285,,,,,4.0700000000001,226.1699981544,,226.1699981544,,,0,,75.0999984251086,,-40.9999982974184,-3.30999992652269,150.999997260978,,0,,,,0.009999983446992,0.309999963818664,,0,0.009999983446992,,0,,,,0,,0,,0,0,1.02999999088548,-3.30999992652269,0,,,,,1.720000116,0,14.9999995452691,,,,14.3000001528,0,226.0099946136,,10.2200002534547,,9,418.890014581513,0,,,162.990005568533,,,,,,,,15.5699996649352,78.5800018859255
2007-12-01T07:15:17.971Z,,0.019999966893984,,,9.31999967639043,,,,6.19000008786281,0.299999980371672,,1.10000008701677,,22.9899996384,,,,5.40999978912439,,68.1800003405519,,70.6100006108282,1.01999999679079,,62.4270279348701,15.3700000000001,77.9899979339465,,,,,4.0700000000001,226.1699981544,,226.1699981544,,,0,,75.0899963748267,,-40.0000033838892,-3.30999992652269,150.999997260978,,0,,,,0.009999983446992,0.309999963818664,,0,0.009999983446992,,0,,,,0,,0,,0,0,1.02999999088548,-3.30999992652269,0,,,,,1.720000116,0,20.9999966054739,,,,14.3000001528,0,226.0099946136,,10.2200002534547,,9,418.89999389661,0,,,162.990005568533,,,,,,,,15.5699996649352,78.5800018859255
2007-12-01T07:15:22.982Z,,0.019999966893984,,,9.31999967639043,,,,6.19000008786281,0.299999980371672,,1.10000008701677,,22.9899996384,,,,5.40999978912439,,68.1800003405519,,70.6200028200974,1.01999999679079,,62.4780126244428,15.3700000000001,77.9899979339465,,,,,4.0700000000001,226.1699981544,,226.1699981544,,,0,,75.0999984251086,,-39.0000015756026,-3.2999999430757,178.9999996297,,0,,,,0.009999983446992,0.309999963818664,,0,0.009999983446992,,0,,,,0,,0,,0,0,1.02999999088548,-3.2999999430757,0,,,,,1.720000116,0,6.99999886849128,,,,14.3000001528,0,226.0099946136,,10.2200002534547,,9,418.91000373727,0,,,162.990005568533,,,,,,,,15.5699996649352,78.5800018859255
2007-12-01T07:15:27.043Z,,0.019999966893984,,,9.31999967639043,,,,6.19000008786281,0.299999980371672,,1.10000008701677,,22.9899996384,,,,5.40999978912439,,68.1800003405519,,70.639999448258,1.01999999679079,,62.4168284568382,15.3700000000001,77.9899979339465,,,,,4.0700000000001,226.1699981544,,226.1699981544,,,0,,75.0999984251086,,-40.9999982974184,-3.30999992652269,167.999993528063,,0,,,,0.009999983446992,0.309999963818664,,0,0.009999983446992,,0,,,,0,,0,,0,0,1.02999999088548,-3.30999992652269,0,,,,,1.720000116,0,50.0000007824828,,,,14.3000001528,0,226.0099946136,,10.2200002534547,,9,418.92999273404,0,,,162.999999987425,,,,,,,,15.5699996649352,78.5800018859255
2007-12-01T07:15:31.968Z,,0.019999966893984,,,9.31999967639043,,,,6.19000008786281,0.299999980371672,,1.10000008701677,,22.9899996384,,,,5.40999978912439,,68.1800003405519,,70.639999448258,1.01999999679079,,62.5289977676079,15.3700000000001,78.0100021934977,,,,,4.0700000000001,226.1699981544,,226.1699981544,,,0,,75.0999984251086,,-42.000000105705,-3.30999992652269,158.000003024226,,0,,,,0.009999983446992,0.309999963818664,,0,0.009999983446992,,0,,,,0,,0,,0,0,1.02999999088548,-3.30999992652269,0,,,,,1.720000116,0,43.9999968275208,,,,14.3000001528,0,226.0099946136,,10.2299996009524,,9,418.940002415713,0,,,162.990005568533,,,,,,,,15.5699996649352,78.5800018859255
2007-12-01T07:15:36.029Z,,0.019999966893984,,,9.31999967639043,,,,6.19000008786281,0.299999980371672,,1.10000008701677,,22.9899996384,,,,5.40999978912439,,68.1800003405519,,70.639999448258,1.01999999679079,,62.4780126244428,15.3700000000001,78.0199966123891,,,,,4.0700000000001,226.1699981544,,226.1699981544,,,0,,75.0899963748267,,-40.9999982974184,-3.30999992652269,144.000005287244,,0,,,,0.009999983446992,0.309999963818664,,0,0.009999983446992,,0,,,,0,,0,,0,0,1.02999999088548,-3.30999992652269,0,,,,,1.720000116,0,36.0000030455003,,,,14.3000001528,0,226.0099946136,,10.2299996009524,,9,418.959991412483,0,,,162.990005568533,,,,,,,,15.5699996649352,78.5800018859255
2007-12-01T07:15:41.040Z,,0.019999966893984,,,9.31999967639043,,,,6.19000008786281,0.299999980371672,,1.10000008701677,,22.9899996384,,,,5.40999978912439,,68.1800003405519,,70.639999448258,1.01999999679079,,62.4678136000033,15.3700000000001,78.0199966123891,,,,,4.0700000000001,226.1699981544,,226.1699981544,,,0,,75.0999984251086,,-42.000000105705,-3.30999992652269,161.000001554329,,0,,,,0.009999983446992,0.309999963818664,,0,0.009999983446992,,0,,,,0,,0,,0,0,1.02999999088548,-3.30999992652269,0,,,,,1.720000116,0,-5.99999706020473,,,,14.3000001528,0,226.0099946136,,10.2299996009524,,9,418.970001253142,0,,,162.990005568533,,,,,,,,15.5699996649352,78.5800018859255
2007-12-01T07:15:45.014Z,,0.019999966893984,,,9.31999967639043,,,,6.19000008786281,0.299999980371672,,1.10000008701677,,22.9899996384,,,,5.40999978912439,,68.1800003405519,,70.639999448258,1.01999999679079,,62.3760387093736,15.3700000000001,78.0199966123891,,,,,4.0700000000001,226.1699981544,,226.1699981544,,,0,,75.0999984251086,,-39.0000015756026,-3.30999992652269,154.999997599367,,0,,,,0.009999983446992,0.309999963818664,,0,0.009999983446992,,0,,,,0,,0,,0,0,1.02999999088548,-3.30999992652269,0,,,,,1.720000116,0,-6.99999886849128,,,,14.3000001528,0,226.0099946136,,10.2299996009524,,9,418.970001253142,0,,,162.990005568533,,,,,,,,15.5699996649352,78.5800018859255
2007-12-01T07:15:50.026Z,,0.019999966893984,,,9.31999967639043,,,,6.19000008786281,0.299999980371672,,1.10000008701677,,22.9899996384,,,,5.40999978912439,,68.1800003405519,,70.639999448258,1.01999999679079,,62.4780126244428,15.3700000000001,78.0199966123891,,,,,4.0700000000001,226.1699981544,,226.1699981544,,,0,,75.0899963748267,,-39.0000015756026,-3.30999992652269,155.999992512896,,0,,,,0.009999983446992,0.309999963818664,,0,0.009999983446992,,0,,,,0,,0,,0,0,1.02999999088548,-3.30999992652269,0,,,,,1.720000116,0,33.0000045153979,,,,14.3000001528,0,226.0099946136,,10.2299996009524,,9,418.959991412483,0,,,162.990005568533,,,,,,,,15.5500001750031,78.5800018859255
2007-12-01T07:15:54.000Z,,0.019999966893984,,,9.31999967639043,,,,6.19000008786281,0.299999980371672,,1.10000008701677,,22.9899996384,,,,5.40999978912439,,68.1800003405519,,70.639999448258,1.01999999679079,,62.4168284568382,15.3700000000001,78.0299988216583,,,,,4.0700000000001,226.1699981544,,226.1699981544,,,0,,75.0899963748267,,-40.9999982974184,-3.30999992652269,155.999992512896,,0,,,,0.009999983446992,0.309999963818664,,0,0.009999983446992,,0,,,,0,,0,,0,0,1.02999999088548,-3.30999992652269,0,,,,,1.720000116,0,27.0000005604359,,,,14.3000001528,0,226.0099946136,,10.2299996009524,,9,418.970001253142,0,,,162.990005568533,,,,,,,,15.5699996649352,78.5800018859255
2007-12-01T07:15:59.011Z,,0.019999966893984,,,9.31999967639043,,,,6.19000008786281,0.28999999692468,,1.10000008701677,,22.9899996384,,,,5.40999978912439,,68.1800003405519,,70.639999448258,1.01999999679079,,62.4678136000033,15.3700000000001,77.9999999842285,,,,,4.0700000000001,226.1699981544,,226.1699981544,,,0,,75.0899963748267,,-39.0000015756026,-3.30999992652269,146.00000200906,,0,,,,0.009999983446992,0.309999963818664,,0,0.009999983446992,,0,,,,0,,0,,0,0,1.02999999088548,-3.30999992652269,0,,,,,1.720000116,0,21.9999984137604,,,,14.3000001528,0,226.0099946136,,10.2299996009524,,9,418.959991412483,0,,,162.990005568533,,,,,,,,15.5699996649352,78.5800018859255
2007-12-01T07:16:02.986Z,,0.019999966893984,,,9.31999967639043,,,,6.19000008786281,0.280000013477688,,1.10000008701677,,22.9899996384,,,,5.40999978912439,,68.1800003405519,,70.639999448258,1.01999999679079,,62.5493926413402,15.3700000000001,77.9899979339465,,,,,4.0700000000001,226.1699981544,,226.1699981544,,,0,,75.0899963748267,,-40.9999982974184,-3.30999992652269,154.999997599367,,0,,,,0.009999983446992,0.309999963818664,,0,0.009999983446992,,0,,,,0,,0,,0,0,1.02999999088548,-3.30999992652269,0,,,,,1.720000116,0,2.99999853010237,,,,14.3000001528,0,226.0099946136,,10.2299996009524,,9,418.920013418943,0,,,162.990005568533,,,,,,,,15.5699996649352,78.5800018859255
2007-12-01T07:16:07.997Z,,0.019999966893984,,,9.32999997781203,,,,6.19000008786281,0.280000013477688,,1.09000010356978,,22.9899996384,,,,5.40999978912439,,68.1800003405519,,70.639999448258,1.01999999679079,,62.4984074981751,15.3700000000001,77.9899979339465,,,,,4.0700000000001,226.1699981544,,226.1699981544,,,0,,75.0999984251086,,-39.0000015756026,-3.30999992652269,151.999999069264,,0,,,,0.009999983446992,0.309999963818664,,0,0.009999983446992,,0,,,,0,,0,,0,0,1.02999999088548,-3.30999992652269,0,,,,,1.720000116,0,6.99999886849128,,,,14.3000001528,0,226.0099946136,,10.2299996009524,,9,418.920013418943,0,,,162.999999987425,,,,,,,,15.5699996649352,78.5800018859255
2007-12-01T07:16:11.971Z,,0.019999966893984,,,9.32999997781203,,,,6.19000008786281,0.280000013477688,,1.10000008701677,,22.9899996384,,,,5.40999978912439,,68.1800003405519,,70.639999448258,1.01999999679079,,62.5595880370407,15.3700000000001,77.9899979339465,,,,,4.06000000000009,226.1699981544,,226.1699981544,,,0,,75.0899963748267,,-36.9999979590295,-3.2999999430757,142.9999965842,,0,,,,0.009999983446992,0.309999963818664,,0,0.009999983446992,,0,,,,0,,0,,0,0,1.02999999088548,-3.2999999430757,0,,,,,1.720000116,0,27.0000005604359,,,,14.3000001528,0,226.0099946136,,10.2299996009524,,9,418.92999273404,0,,,162.999999987425,,,,,,,,15.5699996649352,78.5800018859255
2007-12-01T07:16:16.982Z,,0.019999966893984,,,9.34000012024632,,,,6.19000008786281,0.280000013477688,,1.10000008701677,,22.9899996384,,,,5.40999978912439,,68.1800003405519,,70.639999448258,1.01999999679079,,62.4780126244428,15.3700000000001,77.9999999842285,,,,,4.0700000000001,226.1699981544,,226.1699981544,,,0,,75.0999984251086,,-39.0000015756026,-3.2899999596287,161.000001554329,,0,,,,0.009999983446992,0.309999963818664,,0,0.009999983446992,,0,,,,0,,0,,0,0,1.02999999088548,-3.2899999596287,0,,,,,1.720000116,0,16.0000013535557,,,,14.3000001528,0,226.0099946136,,10.2299996009524,,9,418.92999273404,0,,,163.009994565303,,,,,,,,15.5699996649352,78.5800018859255
2007-12-01T07:16:21.043Z,,0.019999966893984,,,9.34000012024632,,,,6.19000008786281,0.280000013477688,,1.10000008701677,,22.9899996384,,,,5.40999978912439,,68.1800003405519,,70.639999448258,1.01999999679079,,62.4984074981751,15.3700000000001,78.0299988216583,,,,,4.06000000000009,226.1699981544,,226.1699981544,,,0,,75.0899963748267,,-40.9999982974184,-3.2899999596287,154.999997599367,,0,,,,0.009999983446992,0.309999963818664,,0,0.009999983446992,,0,,,,0,,0,,0,0,1.02999999088548,-3.2899999596287,0,,,,,1.720000116,0,24.0000020303335,,,,14.3000001528,0,226.0099946136,,10.2299996009524,,9,418.950012256372,0,,,163.009994565303,,,,,,,,15.5699996649352,78.5800018859255
2007-12-01T07:16:25.968Z,,0.019999966893984,,,9.34000012024632,,,,6.19000008786281,0.280000013477688,,1.09000010356978,,22.9899996384,,,,5.40999978912439,,68.1800003405519,,70.639999448258,1.01999999679079,,62.579982910773,15.3700000000001,78.0199966123891,,,,,4.06000000000009,226.1699981544,,226.1699981544,,,0,,75.0899963748267,,-36.0000030455003,-3.2899999596287,177.999997821414,,0,,,,0.009999983446992,0.309999963818664,,0,0.009999983446992,,0,,,,0,,0,,0,0,1.02999999088548,-3.2899999596287,0,,,,,1.720000116,0,12.0000010151668,,,,14.3000001528,0,226.0099946136,,10.2299996009524,,9,418.970001253142,0,,,163.009994565303,,,,,,,,15.5699996649352,78.5800018859255
2007-12-01T07:16:30.029Z,,0.019999966893984,,,9.34000012024632,,,,6.19000008786281,0.280000013477688,,1.10000008701677,,22.9899996384,,,,5.40999978912439,,68.1900023908339,,70.639999448258,1.01999999679079,,62.5086028938756,15.3700000000001,78.0199966123891,,,,,4.0700000000001,226.1699981544,,226.1699981544,,,0,,75.0999984251086,,-39.0000015756026,-3.2899999596287,169.000009125864,,0,,,,0.009999983446992,0.309999963818664,,0,0.009999983446992,,0,,,,0,,0,,0,0,1.02999999088548,-3.2899999596287,0,,,,,1.720000116,0,33.9999994289272,,,,14.3000001528,0,226.0099946136,,10.2299996009524,,9,418.970001253142,0,,,163.009994565303,,,,,,,,15.5699996649352,78.5800018859255
2007-12-01T07:16:35.040Z,,0.019999966893984,,,9.34000012024632,,,,6.19000008786281,0.280000013477688,,1.10000008701677,,22.9899996384,,,,5.40999978912439,,68.1800003405519,,70.639999448258,1.01999999679079,,62.6003777845053,15.3700000000001,78.0199966123891,,,,,4.0700000000001,226.1699981544,,226.1699981544,,,0,,75.0899963748267,,-36.0000030455003,-3.2899999596287,150.999997260978,,0,,,,0.009999983446992,0.309999963818664,,0,0.009999983446992,,0,,,,0,,0,,0,0,1.02999999088548,-3.2899999596287,0,,,,,1.720000116,0,33.9999994289272,,,,14.3000001528,0,226.0099946136,,10.2299996009524,,9,418.970001253142,0,,,163.009994565303,,,,,,,,15.5699996649352,78.5800018859255
2007-12-01T07:16:39.014Z,,0.019999966893984,,,9.34000012024632,,,,6.19000008786281,0.280000013477688,,1.09000010356978,,22.9899996384,,,,5.40999978912439,,68.1800003405519,,70.639999448258,1.01999999679079,,62.6819568258422,15.3700000000001,78.0199966123891,,,,,4.0700000000001,226.1699981544,,226.1699981544,,,0,,75.0999984251086,,-37.9999997673161,-3.2899999596287,147.000003817346,,0,,,,0.009999983446992,0.309999963818664,,0,0.009999983446992,,0,,,,0,,0,,0,0,1.02999999088548,-3.2899999596287,0,,,,,1.720000116,0,12.0000010151668,,,,14.3000001528,0,226.0099946136,,10.2299996009524,,9,418.970001253142,0,,,163.009994565303,,,,,,,,15.5699996649352,78.5800018859255
2007-12-01T07:16:44.026Z,,0.019999966893984,,,9.34000012024632,,,,6.19000008786281,0.280000013477688,,1.10000008701677,,22.9899996384,,,,5.40999978912439,,68.1800003405519,,70.639999448258,1.01999999679079,,62.3250540198009,15.3700000000001,78.0199966123891,,,,,4.0700000000001,226.1699981544,,226.1699981544,,,0,,75.0999984251086,,-39.0000015756026,-3.2899999596287,147.000003817346,,0,,,,0.009999983446992,0.309999963818664,,0,0.009999983446992,,0,,,,0,,0,,0,0,1.02999999088548,-3.2899999596287,0,,,,,1.720000116,0,25.9999987521493,,,,14.3000001528,0,226.0099946136,,10.2299996009524,,9,418.970001253142,0,,,163.009994565303,,,,,,,,15.5699996649352,78.5800018859255
2007-12-01T07:16:48.000Z,,0.019999966893984,,,9.34000012024632,,,,6.19000008786281,0.280000013477688,,1.10000008701677,,22.9899996384,,,,5.40999978912439,,68.1800003405519,,70.639999448258,1.01999999679079,,62.6411670783776,15.3700000000001,78.0199966123891,,,,,4.0700000000001,226.1699981544,,226.1699981544,,,0,,75.0999984251086,,-40.9999982974184,-3.2899999596287,153.99999579108,,0,,,,0.009999983446992,0.309999963818664,,0,0.009999983446992,,0,,,,0,,0,,0,0,1.02999999088548,-3.2899999596287,0,,,,,1.720000116,0,20.9999966054739,,,,14.3000001528,0,226.0099946136,,10.2299996009524,,9,418.970001253142,0,,,163.009994565303,,,,,,,,15.5699996649352,78.5800018859255
2007-12-01T07:16:53.011Z,,0.019999966893984,,,9.34000012024632,,,,6.19000008786281,0.280000013477688,,1.10000008701677,,22.9899996384,,,,5.40999978912439,,68.1800003405519,,70.639999448258,1.01999999679079,,62.6003777845053,15.3700000000001,78.0199966123891,,,,,4.0700000000001,226.1699981544,,226.1699981544,,,0,,75.0899963748267,,-39.0000015756026,-3.2899999596287,152.999993982794,,0,,,,0.009999983446992,0.309999963818664,,0,0.009999983446992,,0,,,,0,,0,,0,0,1.02999999088548,-3.2899999596287,0,,,,,1.720000116,0,28.0000023687224,,,,14.3000001528,0,226.0099946136,,10.2399997433867,,9,418.980010934815,0,,,163.009994565303,,,,,,,,15.5699996649352,78.5800018859255
2007-12-01T07:17:01.997Z,,0.019999966893984,,,9.34000012024632,,,,6.19000008786281,0.280000013477688,,1.10000008701677,,22.9899996384,,,,5.40999978912439,,68.1900023908339,,70.639999448258,1.01999999679079,,62.4168284568382,15.3700000000001,78.0199966123891,,,,,4.0700000000001,226.1699981544,,226.1699981544,,,0,,75.0899963748267,,-40.0000033838892,-3.2899999596287,124.999998508828,,0,,,,0.009999983446992,0.309999963818664,,0,0.009999983446992,,0,,,,0,,0,,0,0,1.02999999088548,-3.2899999596287,0,,,,,1.720000116,0,46.0000004440939,,,,14.3000001528,0,226.0099946136,,10.2399997433867,,9,418.980010934815,0,,,163.009994565303,,,,,,,,15.5699996649352,78.5800018859255
2007-12-01T07:17:05.971Z,,0.019999966893984,,,9.34000012024632,,,,6.19000008786281,0.280000013477688,,1.09000010356978,,22.9899996384,,,,5.40999978912439,,68.1800003405519,,70.639999448258,1.01999999679079,,62.6819568258422,15.3700000000001,78.0199966123891,,,,,4.0700000000001,226.1699981544,,226.1699981544,,,0,,75.0999984251086,,-39.0000015756026,-3.2899999596287,97.0000030348633,,0,,,,0.009999983446992,0.309999963818664,,0,0.009999983446992,,0,,,,0,,0,,0,0,1.02999999088548,-3.2899999596287,0,,,,,1.720000116,0,40.0000033838892,,,,14.3000001528,0,226.0099946136,,10.2399997433867,,9,418.980010934815,0,,,163.009994565303,,,,,,,,15.5699996649352,78.5800018859255
2007-12-01T07:17:10.982Z,,0.019999966893984,,,9.31999967639043,,,,6.19000008786281,0.280000013477688,,1.10000008701677,,22.9899996384,,,,5.40999978912439,,68.1800003405519,,70.639999448258,1.01999999679079,,62.5493926413402,15.3700000000001,78.0199966123891,,,,,4.0700000000001,226.1699981544,,226.1699981544,,,0,,75.0899963748267,,-40.0000033838892,-3.2999999430757,132.000004272077,,0,,,,0.009999983446992,0.309999963818664,,0,0.009999983446992,,0,,,,0,,0,,0,0,1.02999999088548,-3.2999999430757,0,,,,,1.720000116,0,24.9999969438628,,,,14.3000001528,0,226.0099946136,,10.2399997433867,,9,418.950012256372,0,,,162.990005568533,,,,,,,,15.5699996649352,78.5800018859255
2007-12-01T07:17:15.043Z,,0.019999966893984,,,9.31999967639043,,,,6.19000008786281,0.280000013477688,,1.10000008701677,,22.9899996384,,,,5.40999978912439,,68.1800003405519,,70.639999448258,1.01999999679079,,62.5595880370407,15.3700000000001,78.0199966123891,,,,,4.06000000000009,226.1699981544,,226.1699981544,,,0,,75.0899963748267,,-37.9999997673161,-3.30999992652269,121.999999978726,,0,,,,0.009999983446992,0.309999963818664,,0,0.009999983446992,,0,,,,0,,0,,0,0,1.02999999088548,-3.30999992652269,0,,,,,1.720000116,0,20.9999966054739,,,,14.3000001528,0,226.0099946136,,10.2299996009524,,9,418.950012256372,0,,,162.990005568533,,,,,,,,15.5699996649352,78.5800018859255
2007-12-01T07:17:19.968Z,,0.019999966893984,,,9.31999967639043,,,,6.19000008786281,0.280000013477688,,1.09000010356978,,22.9899996384,,,,5.40999978912439,,68.1800003405519,,70.639999448258,1.01999999679079,,62.3658433136731,15.3700000000001,78.0199966123891,,,,,4.0700000000001,226.1699981544,,226.1699981544,,,0,,75.0999984251086,,-36.9999979590295,-3.30999992652269,129.999993760747,,0,,,,0.009999983446992,0.309999963818664,,0,0.009999983446992,,0,,,,0,,0,,0,0,1.02999999088548,-3.30999992652269,0,,,,,1.720000116,0,6.99999886849128,,,,14.3000001528,0,226.0099946136,,10.2299996009524,,9,418.950012256372,0,,,162.990005568533,,,,,,,,15.5699996649352,78.5800018859255
2007-12-01T07:17:29.040Z,,0.019999966893984,,,9.31999967639043,,,,6.19000008786281,0.280000013477688,,1.10000008701677,,22.9899996384,,,,5.40999978912439,,68.1800003405519,,70.639999448258,1.01999999679079,,62.5289977676079,15.3700000000001,78.0199966123891,,,,,4.0700000000001,226.1699981544,,226.1699981544,,,0,,75.0999984251086,,-36.9999979590295,-3.30999992652269,149.000000539162,,0,,,,0.009999983446992,0.309999963818664,,0,0.009999983446992,,0,,,,0,,0,,0,0,1.02999999088548,-3.30999992652269,0,,,,,1.720000116,0,17.9999980753715,,,,14.3000001528,0,226.0099946136,,10.2299996009524,,9,418.950012256372,0,,,162.990005568533,,,,,,,,15.5699996649352,78.5800018859255
2007-12-01T07:17:33.014Z,,0.019999966893984,,,9.31999967639043,,,,6.19000008786281,0.280000013477688,,1.10000008701677,,22.9899996384,,,,5.40999978912439,,68.1900023908339,,70.6200028200974,1.01999999679079,,62.5595880370407,15.3700000000001,78.0299988216583,,,,,4.06000000000009,226.1699981544,,226.1699981544,,,0,,75.0999984251086,,-37.9999997673161,-3.2999999430757,141.999994775913,,0,,,,0.009999983446992,0.309999963818664,,0,0.009999983446992,,0,,,,0,,0,,0,0,1.02999999088548,-3.2999999430757,0,,,,,1.720000116,0,20.0000016919446,,,,14.3000001528,0,226.0099946136,,10.2299996009524,,9,418.950012256372,0,,,162.999999987425,,,,,,,,15.5699996649352,78.5800018859255
2007-12-01T07:17:38.026Z,,0.019999966893984,,,9.31999967639043,,,,6.19000008786281,0.280000013477688,,1.10000008701677,,22.9899996384,,,,5.40999978912439,,68.1800003405519,,70.6100006108282,1.01999999679079,,62.6921522215427,15.3700000000001,78.0199966123891,,,,,4.0700000000001,226.1699981544,,226.1699981544,,,0,,75.0899963748267,,-36.0000030455003,-3.30999992652269,146.00000200906,,0,,,,0.009999983446992,0.309999963818664,,0,0.009999983446992,,0,,,,0,,0,,0,0,1.02999999088548,-3.30999992652269,0,,,,,1.720000116,0,27.0000005604359,,,,14.3000001528,0,226.0099946136,,10.2299996009524,,9,418.920013418943,0,,,162.990005568533,,,,,,,,15.5699996649352,78.5800018859255
2007-12-01T07:17:42.000Z,,0.019999966893984,,,9.31999967639043,,,,6.19000008786281,0.280000013477688,,1.10000008701677,,22.9899996384,,,,5.40999978912439,,68.1900023908339,,70.6100006108282,1.01999999679079,,62.6615619521099,15.3700000000001,78.0199966123891,,,,,4.0700000000001,226.1699981544,,226.1699981544,,,0,,75.0999984251086,,-36.0000030455003,-3.30999992652269,144.000005287244,,0,,,,0.009999983446992,0.309999963818664,,0,0.009999983446992,,0,,,,0,,0,,0,0,1.02999999088548,-3.30999992652269,0,,,,,1.720000116,0,28.0000023687224,,,,14.3000001528,0,226.0099946136,,10.2299996009524,,9,418.92999273404,0,,,162.990005568533,,,,,,,,15.5699996649352,78.5800018859255
2007-12-01T07:17:47.011Z,,0.019999966893984,,,9.31999967639043,,,,6.19000008786281,0.280000013477688,,1.10000008701677,,22.9899996384,,,,5.40999978912439,,68.1800003405519,,70.639999448258,1.01999999679079,,62.3250540198009,15.3700000000001,78.0199966123891,,,,,4.0700000000001,226.1699981544,,226.1699981544,,,0,,75.0999984251086,,-36.9999979590295,-3.30999992652269,147.000003817346,,0,,,,0.009999983446992,0.309999963818664,,0,0.009999983446992,,0,,,,0,,0,,0,0,1.02999999088548,-3.30999992652269,0,,,,,1.720000116,0,17.0000031618422,,,,14.3000001528,0,226.0099946136,,10.2399997433867,,9,418.940002415713,0,,,162.990005568533,,,,,,,,15.5699996649352,78.5800018859255
2007-12-01T07:17:55.997Z,,0.019999966893984,,,9.31999967639043,,,,6.19000008786281,0.280000013477688,,1.10000008701677,,22.9899996384,,,,5.40999978912439,,68.1900023908339,,70.639999448258,1.01999999679079,,62.6105768089448,15.3700000000001,78.0199966123891,,,,,4.0700000000001,226.1699981544,,226.1699981544,,,0,,75.1100006343779,,-36.9999979590295,-3.2999999430757,157.000008110697,,0,,,,0.009999983446992,0.309999963818664,,0,0.009999983446992,,0,,,,0,,0,,0,0,1.02999999088548,-3.2999999430757,0,,,,,1.720000116,0,21.9999984137604,,,,14.3000001528,0,226.0099946136,,10.2399997433867,,9,418.989990249912,0,,,163.020004246976,,,,,,,,15.5699996649352,78.5999985140861
2007-12-01T07:17:59.971Z,,0.019999966893984,,,9.31999967639043,,,,6.19000008786281,0.280000013477688,,1.10000008701677,,22.9899996384,,,,5.40999978912439,,68.1900023908339,,70.639999448258,1.01999999679079,,62.4678136000033,15.3700000000001,78.0199966123891,,,,,4.0700000000001,226.1699981544,,226.1699981544,,,0,,75.1100006343779,,-39.0000015756026,-3.26000000928773,153.99999579108,,0,,,,0.009999983446992,0.309999963818664,,0,0.009999983446992,,0,,,,0,,0,,0,0,1.02999999088548,-3.26000000928773,0,,,,,1.720000116,0,42.000000105705,,,,14.3000001528,0,226.0099946136,,10.2399997433867,,9,419.010009772245,0,,,163.039993243746,,,,,,,,15.5699996649352,78.5999985140861
2007-12-01T07:18:04.982Z,,0.019999966893984,,,9.31999967639043,,,,6.19000008786281,0.280000013477688,,1.10000008701677,,22.9899996384,,,,5.40999978912439,,68.1800003405519,,70.639999448258,1.01999999679079,,62.4678136000033,15.3700000000001,78.0199966123891,,,,,4.0700000000001,226.1699981544,,144.000000036,,,0,,75.1100006343779,,-40.9999982974184,-3.26000000928773,109.999998963559,,0,,,,0.009999983446992,0.309999963818664,,0,0.009999983446992,,0,,,,0,,0,,0,0,1.02999999088548,-3.26000000928773,0,,,,,1.720000116,0,-5.99999706020473,,,,14.3000001528,0,144.000000036,,10.2399997433867,,9,418.999999931585,0,,,163.039993243746,,,,,,,,15.5699996649352,78.610000564368
2007-12-01T07:18:09.043Z,,0.019999966893984,,,9.31999967639043,,,,6.19000008786281,0.280000013477688,,1.10000008701677,,22.9899996384,,,,5.40999978912439,,68.1800003405519,,70.639999448258,1.01999999679079,,62.6921522215427,15.3700000000001,78.0299988216583,,,,,4.06000000000009,0,,144.000000036,,,0,,75.1100006343779,,-37.9999997673161,-3.26000000928773,147.999998730875,,0,,,,0.009999983446992,0.309999963818664,,0,0.009999983446992,,0,,,,0,,0,,0,0,1.02999999088548,-3.26000000928773,0,,,,,1.720000116,0,27.0000005604359,,,,14.3000001528,0,144.000000036,,10.2399997433867,,9,418.999999931585,0,,,163.039993243746,,,,,,,,15.5699996649352,78.610000564368
2007-12-01T07:18:13.968Z,,0.019999966893984,,,9.31999967639043,,,,6.19000008786281,0.280000013477688,,1.10000008701677,,22.9899996384,,,,5.40999978912439,,68.1800003405519,,70.639999448258,1.01999999679079,,62.6105768089448,15.3700000000001,78.0199966123891,,,,,4.0700000000001,0,,144.000000036,,,0,,75.1100006343779,,-36.9999979590295,-3.26000000928773,154.999997599367,,0,,,,0.009999983446992,0.309999963818664,,0,0.009999983446992,,0,,,,0,,0,,0,0,1.02999999088548,-3.26000000928773,0,,,,,1.720000116,0,36.0000030455003,,,,14.3000001528,0,144.000000036,,10.2399997433867,,9,418.999999931585,0,,,163.039993243746,,,,,,,,15.5699996649352,78.5999985140861
2007-12-01T07:18:18.029Z,,0.019999966893984,,,9.32999997781203,,,,6.19000008786281,0.280000013477688,,1.10000008701677,,22.9899996384,,,,5.40999978912439,,68.1800003405519,,70.639999448258,1.01999999679079,,62.5493926413402,15.3700000000001,78.0199966123891,,,,,4.0700000000001,0,,144.000000036,,,0,,75.1100006343779,,-39.0000015756026,-3.26000000928773,147.999998730875,,0,,,,0.009999983446992,0.309999963818664,,0,0.009999983446992,,0,,,,0,,0,,0,0,1.02999999088548,-3.26000000928773,0,,,,,1.720000116,0,28.9999972822517,,,,14.3000001528,0,144.000000036,,10.2299996009524,,9,418.989990249912,0,,,163.029998824854,,,,,,,,15.5699996649352,78.5800018859255
2007-12-01T07:18:23.040Z,,0.019999966893984,,,9.34000012024632,,,,6.19000008786281,0.280000013477688,,1.10000008701677,,22.9899996384,,,,5.40999978912439,,68.1800003405519,,70.639999448258,1.01999999679079,,62.3964335831059,15.3700000000001,78.0199966123891,,,,,4.0700000000001,0,,144.000000036,,,0,,75.1100006343779,,-39.0000015756026,-3.27999997618171,130.999995569033,,0,,,,0.009999983446992,0.309999963818664,,0,0.009999983446992,,0,,,,0,,0,,0,0,1.02999999088548,-3.27999997618171,0,,,,,1.720000116,0,37.9999997673161,,,,14.3000001528,0,144.000000036,,10.2299996009524,,9,418.980010934815,0,,,163.029998824854,,,,,,,,15.5699996649352,78.5800018859255
2007-12-01T07:18:27.014Z,,0.019999966893984,,,9.34000012024632,,,,6.19000008786281,0.280000013477688,,1.10000008701677,,22.9899996384,,,,5.40000012365201,,68.1800003405519,,70.639999448258,1.01999999679079,,62.5493926413402,15.3700000000001,78.0299988216583,,,,,4.0700000000001,0,,144.000000036,,,0,,75.1100006343779,,-40.9999982974184,-3.26999999273472,121.000005065197,,0,,,,0.009999983446992,0.309999963818664,,0,0.009999983446992,,0,,,,0,,0,,0,0,1.02999999088548,-3.26999999273472,0,,,,,1.720000116,0,18.999999883658,,,,14.3000001528,0,144.000000036,,10.2299996009524,,9,418.980010934815,0,,,163.029998824854,,,,,,,,15.5699996649352,78.5800018859255
2007-12-01T07:18:32.026Z,,0.019999966893984,,,9.31999967639043,,,,6.19000008786281,0.280000013477688,,1.10000008701677,,22.9899996384,,,,5.40000012365201,,68.1800003405519,,70.639999448258,1.01999999679079,,62.3250540198009,15.3700000000001,78.0199966123891,,,,,4.0700000000001,0,,144.000000036,,,0,,75.1100006343779,,-40.9999982974184,-3.26999999273472,138.999996245811,,0,,,,0.009999983446992,0.309999963818664,,0,0.009999983446992,,0,,,,0,,0,,0,0,1.02999999088548,-3.26999999273472,0,,,,,1.720000116,0,33.9999994289272,,,,14.3000001528,0,144.000000036,,10.2299996009524,,9,418.970001253142,0,,,163.020004246976,,,,,,,,15.5699996649352,78.5800018859255
2007-12-01T07:18:36.000Z,,0.019999966893984,,,9.31999967639043,,,,6.19000008786281,0.280000013477688,,1.10000008701677,,22.9899996384,,,,5.40000012365201,,68.1800003405519,,70.639999448258,1.01999999679079,,62.4270279348701,15.3700000000001,78.0199966123891,,,,,4.06000000000009,0,,144.000000036,,,0,,75.0999984251086,,-39.0000015756026,-3.2899999596287,150.000002347448,,0,,,,0.009999983446992,0.309999963818664,,0,0.009999983446992,,0,,,,0,,0,,0,0,1.02999999088548,-3.2899999596287,0,,,,,1.720000116,0,17.9999980753715,,,,14.3000001528,0,144.000000036,,10.2299996009524,,9,418.959991412483,0,,,163.009994565303,,,,,,,,15.5699996649352,78.5800018859255
2007-12-01T07:18:41.011Z,,0.019999966893984,,,9.31999967639043,,,,6.19000008786281,0.280000013477688,,1.10000008701677,,22.9899996384,,,,5.40000012365201,,68.1800003405519,,70.639999448258,1.01999999679079,,62.6105768089448,15.3700000000001,78.0199966123891,,,,,4.0700000000001,0,,144.000000036,,,0,,75.0999984251086,,-40.0000033838892,-3.30999992652269,152.999993982794,,0,,,,0.009999983446992,0.309999963818664,,0,0.009999983446992,,0,,,,0,,0,,0,0,1.02999999088548,-3.30999992652269,0,,,,,1.720000116,0,40.9999982974184,,,,14.3000001528,0,144.000000036,,10.2299996009524,,9,418.950012256372,0,,,162.990005568533,,,,,,,,15.5699996649352,78.5800018859255
2007-12-01T07:18:44.986Z,,0.019999966893984,,,9.31999967639043,,,,6.19000008786281,0.28999999692468,,1.09000010356978,,22.9899996384,,,,5.40000012365201,,68.1800003405519,,70.639999448258,1.01999999679079,,62.4270279348701,15.3700000000001,78.0199966123891,,,,,4.0700000000001,0,,144.000000036,,,0,,75.0899963748267,,-42.000000105705,-3.30999992652269,138.000001332282,,0,,,,0.009999983446992,0.309999963818664,,0,0.009999983446992,,0,,,,0,,0,,0,0,1.02999999088548,-3.30999992652269,0,,,,,1.720000116,0,48.9999989741963,,,,14.3000001528,0,144.000000036,,10.2299996009524,,9,418.940002415713,0,,,162.990005568533,,,,,,,,15.5699996649352,78.5800018859255
2007-12-01T07:18:49.997Z,,0.019999966893984,,,9.31999967639043,,,,6.19000008786281,0.299999980371672,,1.10000008701677,,22.9899996384,,,,5.40000012365201,,68.1800003405519,,70.639999448258,1.01999999679079,,62.4780126244428,15.3700000000001,78.0199966123891,,,,,4.06000000000009,0,,144.000000036,,,0,,75.0999984251086,,-36.0000030455003,-3.30999992652269,124.000003595299,,0,,,,0.009999983446992,0.309999963818664,,0,0.009999983446992,,0,,,,0,,0,,0,0,1.02999999088548,-3.30999992652269,0,,,,,1.720000116,0,52.9999993125852,,,,14.3000001528,0,144.000000036,,10.2399997433867,,9,418.970001253142,0,,,162.990005568533,,,,,,,,15.5699996649352,78.5800018859255
2007-12-01T07:18:53.971Z,,0.019999966893984,,,9.31999967639043,,,,6.19000008786281,0.299999980371672,,1.10000008701677,,22.9899996384,,,,5.40999978912439,,68.1800003405519,,70.639999448258,1.01999999679079,,62.5595880370407,15.3700000000001,78.0199966123891,,,,,4.06000000000009,0,,144.000000036,,,0,,75.0999984251086,,-39.0000015756026,-3.30999992652269,138.000001332282,,0,,,,0.009999983446992,0.309999963818664,,0,0.009999983446992,,0,,,,0,,0,,0,0,1.02999999088548,-3.30999992652269,0,,,,,1.720000116,0,37.9999997673161,,,,14.3000001528,0,144.000000036,,10.2399997433867,,9,418.970001253142,0,,,162.990005568533,,,,,,,,15.5699996649352,78.5800018859255
2007-12-01T07:18:58.982Z,,0.019999966893984,,,9.31999967639043,,,,6.19000008786281,0.299999980371672,,1.10000008701677,,22.9899996384,,,,5.40999978912439,,68.1800003405519,,70.639999448258,1.01999999679079,,62.4474228086024,15.3700000000001,78.0199966123891,,,,,4.0700000000001,0,,144.000000036,,,0,,75.0999984251086,,-36.0000030455003,-3.30999992652269,151.999999069264,,0,,,,0.009999983446992,0.309999963818664,,0,0.009999983446992,,0,,,,0,,0,,0,0,1.02999999088548,-3.30999992652269,0,,,,,1.720000116,0,52.9999993125852,,,,14.3000001528,0,144.000000036,,10.2299996009524,,9,418.970001253142,0,,,162.990005568533,,,,,,,,15.5699996649352,78.5800018859255
2007-12-01T07:19:03.043Z,,0.019999966893984,,,9.31999967639043,,,,6.19000008786281,0.299999980371672,,1.10000008701677,,22.9899996384,,,,5.40999978912439,,68.1800003405519,,70.639999448258,1.01999999679079,,62.4780126244428,15.3700000000001,78.0199966123891,,,,,4.0700000000001,0,,144.000000036,,,0,,75.0999984251086,,-36.0000030455003,-3.30999992652269,136.000004610466,,0,,,,0.009999983446992,0.309999963818664,,0,0.009999983446992,,0,,,,0,,0,,0,0,1.02999999088548,-3.30999992652269,0,,,,,1.720000116,0,54.0000011208717,,,,14.3000001528,0,144.000000036,,10.2299996009524,,9,418.970001253142,0,,,162.990005568533,,,,,,,,15.5699996649352,78.5800018859255
2007-12-01T07:19:07.968Z,,0.019999966893984,,,9.31999967639043,,,,6.19000008786281,0.299999980371672,,1.10000008701677,,22.9899996384,,,,5.40999978912439,,68.1800003405519,,70.639999448258,1.01999999679079,,62.4474228086024,15.3700000000001,78.0199966123891,,,,,4.06000000000009,0,,144.000000036,,,0,,75.0899963748267,,-33.9999994289272,-3.2999999430757,135.000002802179,,0,,,,0.009999983446992,0.309999963818664,,0,0.009999983446992,,0,,,,0,,0,,0,0,1.02999999088548,-3.2999999430757,0,,,,,1.720000116,0,67.0000039443251,,,,14.3000001528,0,144.000000036,,10.2299996009524,,9,418.970001253142,0,,,162.990005568533,,,,,,,,15.5699996649352,78.5800018859255
2007-12-01T07:19:12.029Z,,0.019999966893984,,,9.31999967639043,,,,6.19000008786281,0.299999980371672,,1.10000008701677,,22.9899996384,,,,5.40000012365201,,68.1800003405519,,70.639999448258,1.01999999679079,,62.3658433136731,15.3700000000001,78.0199966123891,,,,,4.0700000000001,0,,144.000000036,,,0,,75.0899963748267,,-40.0000033838892,-3.30999992652269,158.000003024226,,0,,,,0.009999983446992,0.309999963818664,,0,0.009999983446992,,0,,,,0,,0,,0,0,1.02999999088548,-3.30999992652269,0,,,,,1.720000116,0,46.0000004440939,,,,14.3000001528,0,144.000000036,,10.2299996009524,,9,418.959991412483,0,,,162.990005568533,,,,,,,,15.5699996649352,78.5800018859255
2007-12-01T07:19:17.040Z,,0.019999966893984,,,9.31999967639043,,,,6.19000008786281,0.299999980371672,,1.10000008701677,,22.9899996384,,,,5.40000012365201,,68.1800003405519,,70.639999448258,1.01999999679079,,62.5086028938756,15.3700000000001,78.0199966123891,,,,,4.0700000000001,0,,144.000000036,,,0,,75.0999984251086,,-37.9999997673161,-3.30999992652269,158.000003024226,,0,,,,0.009999983446992,0.309999963818664,,0,0.009999983446992,,0,,,,0,,0,,0,0,1.02999999088548,-3.30999992652269,0,,,,,1.720000116,0,25.9999987521493,,,,14.3000001528,0,144.000000036,,10.2299996009524,,9,418.970001253142,0,,,162.990005568533,,,,,,,,15.5699996649352,78.5800018859255
2007-12-01T07:19:21.014Z,,0.019999966893984,,,9.31999967639043,,,,6.19000008786281,0.299999980371672,,1.10000008701677,,22.9899996384,,,,5.40000012365201,,68.1800003405519,,70.639999448258,1.01999999679079,,62.4270279348701,15.3700000000001,78.0199966123891,,,,,4.0700000000001,0,,144.000000036,,,0,,75.0999984251086,,-36.9999979590295,-3.2999999430757,164.99999499796,,0,,,,0.009999983446992,0.309999963818664,,0,0.009999983446992,,0,,,,0,,0,,0,0,1.02999999088548,-3.2999999430757,0,,,,,1.720000116,0,37.9999997673161,,,,14.3000001528,0,144.000000036,,10.2299996009524,,9,418.959991412483,0,,,162.999999987425,,,,,,,,15.5699996649352,78.5800018859255
2007-12-01T07:19:26.026Z,,0.019999966893984,,,9.31999967639043,,,,6.19000008786281,0.299999980371672,,1.09000010356978,,22.9899996384,,,,5.40000012365201,,68.1900023908339,,70.639999448258,1.01999999679079,,62.4780126244428,15.3700000000001,78.0199966123891,,,,,4.0700000000001,0,,144.000000036,,,0,,75.0999984251086,,-40.0000033838892,-3.30999992652269,147.000003817346,,0,,,,0.009999983446992,0.309999963818664,,0,0.009999983446992,,0,,,,0,,0,,0,0,1.02999999088548,-3.30999992652269,0,,,,,1.720000116,0,24.0000020303335,,,,14.3000001528,0,144.000000036,,10.2299996009524,,9,418.970001253142,0,,,162.990005568533,,,,,,,,15.5699996649352,78.5800018859255
2007-12-01T07:19:30.000Z,,0.019999966893984,,,9.31999967639043,,,,6.19000008786281,0.299999980371672,,1.10000008701677,,22.9899996384,,,,5.40000012365201,,68.1800003405519,,70.639999448258,1.01999999679079,,62.4678136000033,15.3700000000001,78.0199966123891,,,,,4.06000000000009,0,,144.000000036,,,0,,75.0999984251086,,-40.9999982974184,-3.30999992652269,139.999998054098,,0,,,,0.009999983446992,0.309999963818664,,0,0.009999983446992,,0,,,,0,,0,,0,0,1.02999999088548,-3.30999992652269,0,,,,,1.720000116,0,20.9999966054739,,,,14.3000001528,0,144.000000036,,10.2299996009524,,9,418.970001253142,0,,,162.990005568533,,,,,,,,15.5699996649352,78.5800018859255
2007-12-01T07:19:35.011Z,,0.019999966893984,,,9.31999967639043,,,,6.19000008786281,0.299999980371672,,1.10000008701677,,22.9899996384,,,,5.40000012365201,,68.1800003405519,,70.639999448258,1.01999999679079,,62.5289977676079,15.3700000000001,78.0199966123891,,,,,4.06000000000009,0,,144.000000036,,,0,,75.0899963748267,,-39.0000015756026,-3.30999992652269,132.000004272077,,0,,,,0.009999983446992,0.309999963818664,,0,0.009999983446992,,0,,,,0,,0,,0,0,1.02999999088548,-3.30999992652269,0,,,,,1.720000116,0,25.9999987521493,,,,14.3000001528,0,144.000000036,,10.2299996009524,,9,418.970001253142,0,,,162.990005568533,,,,,,,,15.5699996649352,78.5800018859255
2007-12-01T07:19:38.986Z,,0.019999966893984,,,9.31999967639043,,,,6.19000008786281,0.299999980371672,,1.10000008701677,,22.9899996384,,,,5.40000012365201,,68.1800003405519,,70.639999448258,1.01999999679079,,62.5289977676079,15.3700000000001,78.0199966123891,,,,,4.0700000000001,0,,144.000000036,,,0,,75.0899963748267,,-40.9999982974184,-3.30999992652269,126.999995230644,,0,,,,0.009999983446992,0.309999963818664,,0,0.009999983446992,,0,,,,0,,0,,0,0,1.02999999088548,-3.30999992652269,0,,,,,1.720000116,0,47.9999971659097,,,,14.3000001528,0,144.000000036,,10.2299996009524,,9,418.970001253142,0,,,162.990005568533,,,,,,,,15.5699996649352,78.5800018859255
2007-12-01T07:19:43.997Z,,0.019999966893984,,,9.31999967639043,,,,6.19000008786281,0.299999980371672,,1.10000008701677,,22.9899996384,,,,5.40000012365201,,68.1900023908339,,70.639999448258,1.01999999679079,,62.579982910773,15.3700000000001,78.0199966123891,,,,,4.06000000000009,0,,144.000000036,,,0,,75.0899963748267,,-40.0000033838892,-3.30999992652269,150.000002347448,,0,,,,0.009999983446992,0.309999963818664,,0,0.009999983446992,,0,,,,0,,0,,0,0,1.02999999088548,-3.30999992652269,0,,,,,1.720000116,0,65.0000003277519,,,,14.3000001528,0,144.000000036,,10.2299996009524,,9,418.959991412483,0,,,162.990005568533,,,,,,,,15.5699996649352,78.5800018859255
2007-12-01T07:19:47.971Z,,0.019999966893984,,,9.31999967639043,,,,6.19000008786281,0.299999980371672,,1.09000010356978,,22.9899996384,,,,5.40000012365201,,68.1800003405519,,70.639999448258,1.01999999679079,,62.6003777845053,15.3700000000001,78.0199966123891,,,,,4.0700000000001,0,,144.000000036,,,0,,75.0999984251086,,-39.0000015756026,-3.30999992652269,129.999993760747,,0,,,,0.009999983446992,0.309999963818664,,0,0.009999983446992,,0,,,,0,,0,,0,0,1.02999999088548,-3.30999992652269,0,,,,,1.720000116,0,56.9999996509741,,,,14.3000001528,0,144.000000036,,10.2299996009524,,9,418.970001253142,0,,,162.999999987425,,,,,,,,15.5699996649352,78.5800018859255
2007-12-01T07:19:52.982Z,,0.019999966893984,,,9.31999967639043,,,,6.19000008786281,0.299999980371672,,1.10000008701677,,22.9899996384,,,,5.40000012365201,,68.1800003405519,,70.639999448258,1.01999999679079,,62.4984074981751,15.3700000000001,78.0299988216583,,,,,4.06000000000009,0,,144.000000036,,,0,,75.0999984251086,,-39.0000015756026,-3.30999992652269,112.999997493662,,0,,,,0.009999983446992,0.309999963818664,,0,0.009999983446992,,0,,,,0,,0,,0,0,1.02999999088548,-3.30999992652269,0,,,,,1.720000116,0,48.9999989741963,,,,14.3000001528,0,144.000000036,,10.2299996009524,,9,418.970001253142,0,,,162.990005568533,,,,,,,,15.5699996649352,78.5800018859255
2007-12-01T07:19:57.043Z,,0.019999966893984,,,9.31999967639043,,,,6.19000008786281,0.299999980371672,,1.10000008701677,,22.9899996384,,,,5.40000012365201,,68.1800003405519,,70.639999448258,1.01999999679079,,62.5086028938756,15.3700000000001,78.0199966123891,,,,,4.0700000000001,0,,144.000000036,,,0,,75.0999984251086,,-39.0000015756026,-3.30999992652269,98.0000048431498,,0,,,,0.009999983446992,0.309999963818664,,0,0.009999983446992,,0,,,,0,,0,,0,0,1.02999999088548,-3.30999992652269,0,,,,,1.720000116,0,48.9999989741963,,,,14.3000001528,0,144.000000036,,10.2399997433867,,9,418.970001253142,0,,,162.999999987425,,,,,,,,15.5699996649352,78.5800018859255
2007-12-01T07:20:01.968Z,,0.019999966893984,,,9.31999967639043,,,,6.19000008786281,0.299999980371672,,1.10000008701677,,22.9899996384,,,,5.40000012365201,,68.1800003405519,,70.639999448258,1.01999999679079,,62.5086028938756,15.3700000000001,78.0199966123891,,,,,4.06000000000009,0,,144.000000036,,,0,,75.0899963748267,,-40.9999982974184,-3.2999999430757,100.000001564966,,0,,,,0.009999983446992,0.309999963818664,,0,0.009999983446992,,0,,,,0,,0,,0,0,1.02999999088548,-3.2999999430757,0,,,,,1.720000116,0,24.0000020303335,,,,14.3000001528,0,144.000000036,,10.2399997433867,,9,418.970001253142,0,,,162.999999987425,,,,,,,,15.5699996649352,78.5800018859255
2007-12-01T07:20:06.029Z,,0.019999966893984,,,9.31999967639043,,,,6.19000008786281,0.299999980371672,,1.10000008701677,,22.9899996384,,,,5.40999978912439,,68.1800003405519,,70.639999448258,1.01999999679079,,62.4678136000033,15.3700000000001,78.0199966123891,,,,,4.0700000000001,0,,144.000000036,,,0,,75.0899963748267,,-37.9999997673161,-3.30999992652269,115.999996023764,,0,,,,0.009999983446992,0.309999963818664,,0,0.009999983446992,,0,,,,0,,0,,0,0,1.02999999088548,-3.30999992652269,0,,,,,1.720000116,0,5.99999706020473,,,,14.3000001528,0,144.000000036,,10.2399997433867,,9,418.970001253142,0,,,162.990005568533,,,,,,,,15.5699996649352,78.5800018859255
2007-12-01T07:20:11.040Z,,0.019999966893984,,,9.31999967639043,,,,6.19000008786281,0.299999980371672,,1.10000008701677,,22.9899996384,,,,5.40999978912439,,68.1900023908339,,70.639999448258,1.01999999679079,,62.579982910773,15.3700000000001,78.0199966123891,,,,,4.0700000000001,0,,144.000000036,,,0,,75.0999984251086,,-36.0000030455003,-3.30999992652269,104.999996816884,,0,,,,0.009999983446992,0.309999963818664,,0,0.009999983446992,,0,,,,0,,0,,0,0,1.02999999088548,-3.30999992652269,0,,,,,1.720000116,0,5.00000214667547,,,,14.3000001528,0,144.000000036,,10.2399997433867,,9,418.970001253142,0,,,162.990005568533,,,,,,,,15.5699996649352,78.5800018859255
2007-12-01T07:20:15.014Z,,0.019999966893984,,,9.31999967639043,,,,6.19000008786281,0.299999980371672,,1.10000008701677,,22.9899996384,,,,5.40999978912439,,68.1800003405519,,70.639999448258,1.01999999679079,,62.5086028938756,15.3700000000001,78.0199966123891,,,,,4.0700000000001,0,,144.000000036,,,0,,75.0899963748267,,-40.0000033838892,-3.30999992652269,109.00000405003,,0,,,,0.009999983446992,0.309999963818664,,0,0.009999983446992,,0,,,,0,,0,,0,0,1.02999999088548,-3.30999992652269,0,,,,,1.720000116,0,4.00000033838892,,,,14.3000001528,0,144.000000036,,10.2399997433867,,9,418.980010934815,0,,,162.990005568533,,,,,,,,15.5699996649352,78.5800018859255
2007-12-01T07:20:20.026Z,,0.019999966893984,,,9.31999967639043,,,,6.19000008786281,0.299999980371672,,1.10000008701677,,22.9899996384,,,,5.40999978912439,,68.1800003405519,,70.639999448258,1.01999999679079,,62.4474228086024,15.3700000000001,78.0299988216583,,,,,4.0700000000001,0,,144.000000036,,,0,,75.0999984251086,,-40.9999982974184,-3.30999992652269,146.00000200906,,0,,,,0.009999983446992,0.309999963818664,,0,0.009999983446992,,0,,,,0,,0,,0,0,1.02999999088548,-3.30999992652269,0,,,,,1.720000116,0,13.9999977369826,,,,14.3000001528,0,144.000000036,,10.2399997433867,,9,418.980010934815,0,,,162.990005568533,,,,,,,,15.5699996649352,78.5800018859255
2007-12-01T07:20:24.000Z,,0.019999966893984,,,9.31999967639043,,,,6.19000008786281,0.299999980371672,,1.10000008701677,,22.9899996384,,,,5.40999978912439,,68.1800003405519,,70.639999448258,1.01999999679079,,62.3658433136731,15.3700000000001,78.0199966123891,,,,,4.0700000000001,0,,144.000000036,,,0,,75.0999984251086,,-42.000000105705,-3.30999992652269,116.999997832051,,0,,,,0.009999983446992,0.309999963818664,,0,0.009999983446992,,0,,,,0,,0,,0,0,1.02999999088548,-3.30999992652269,0,,,,,1.720000116,0,20.0000016919446,,,,14.3000001528,0,144.000000036,,10.2500000448083,,9,418.989990249912,0,,,162.999999987425,,,,,,,,15.5699996649352,78.5800018859255
2007-12-01T07:20:29.011Z,,0.019999966893984,,,9.31999967639043,,,,6.19000008786281,0.299999980371672,,1.09000010356978,,22.9899996384,,,,5.40000012365201,,68.1800003405519,,70.639999448258,1.01999999679079,,62.3454484399408,15.3700000000001,78.0199966123891,,,,,4.0700000000001,0,,144.000000036,,,0,,75.0999984251086,,-40.0000033838892,-3.2999999430757,136.999999523995,,0,,,,0.009999983446992,0.309999963818664,,0,0.009999983446992,,0,,,,0,,0,,0,0,1.02999999088548,-3.2999999430757,0,,,,,1.720000116,0,40.0000033838892,,,,14.3000001528,0,144.000000036,,10.2500000448083,,9,418.980010934815,0,,,162.990005568533,,,,,,,,15.5699996649352,78.5800018859255
2007-12-01T07:20:32.986Z,,0.019999966893984,,,9.31999967639043,,,,6.19000008786281,0.299999980371672,,1.10000008701677,,22.9899996384,,,,5.40000012365201,,68.1900023908339,,70.639999448258,1.01999999679079,,62.5289977676079,15.3700000000001,78.0299988216583,,,,,4.0700000000001,0,,144.000000036,,,0,,75.0899963748267,,-42.000000105705,-3.30999992652269,138.999996245811,,0,,,,0.009999983446992,0.309999963818664,,0,0.009999983446992,,0,,,,0,,0,,0,0,1.02999999088548,-3.30999992652269,0,,,,,1.720000116,0,28.0000023687224,,,,14.3000001528,0,144.000000036,,10.2399997433867,,9,418.980010934815,0,,,162.990005568533,,,,,,,,15.5699996649352,78.5800018859255
2007-12-01T07:20:37.997Z,,0.019999966893984,,,9.31999967639043,,,,6.19000008786281,0.299999980371672,,1.10000008701677,,22.9899996384,,,,5.40000012365201,,68.1800003405519,,70.65000149854,1.01999999679079,,62.4168284568382,15.3700000000001,78.0199966123891,,,,,4.06000000000009,0,,144.000000036,,,0,,75.0899963748267,,-40.9999982974184,-3.30999992652269,162.999998276144,,0,,,,0.009999983446992,0.309999963818664,,0,0.009999983446992,,0,,,,0,,0,,0,0,1.02999999088548,-3.30999992652269,0,,,,,1.720000116,0,29.9999990905382,,,,14.3000001528,0,144.000000036,,10.2399997433867,,9,418.989990249912,0,,,162.990005568533,,,,,,,,15.5699996649352,78.5800018859255
2007-12-01T07:20:41.971Z,,0.019999966893984,,,9.31999967639043,,,,6.19000008786281,0.299999980371672,,1.10000008701677,,22.9899996384,,,,5.40000012365201,,68.1800003405519,,70.65000149854,1.01999999679079,,62.4678136000033,15.3700000000001,78.0299988216583,,,,,4.06000000000009,0,,144.000000036,,,0,,75.0999984251086,,-42.000000105705,-3.30999992652269,138.000001332282,,0,,,,0.009999983446992,0.309999963818664,,0,0.009999983446992,,0,,,,0,,0,,0,0,1.02999999088548,-3.30999992652269,0,,,,,1.720000116,0,23.000000222047,,,,14.3000001528,0,144.000000036,,10.2399997433867,,9,418.989990249912,0,,,162.990005568533,,,,,,,,15.5699996649352,78.5800018859255
2007-12-01T07:20:46.982Z,,0.019999966893984,,,9.31999967639043,,,,6.19000008786281,0.299999980371672,,1.09000010356978,,22.9899996384,,,,5.40000012365201,,68.1800003405519,,70.6600037078092,1.01999999679079,,62.2638734809353,15.3700000000001,78.0199966123891,,,,,4.06000000000009,0,,144.000000036,,,0,,75.0999984251086,,-40.9999982974184,-3.30999992652269,152.999993982794,,0,,,,0.009999983446992,0.309999963818664,,0,0.009999983446992,,0,,,,0,,0,,0,0,1.02999999088548,-3.30999992652269,0,,,,,1.720000116,0,20.9999966054739,,,,14.3000001528,0,144.000000036,,10.2299996009524,,9,418.980010934815,0,,,162.990005568533,,,,,,,,15.5699996649352,78.5800018859255
2007-12-01T07:20:55.968Z,,0.019999966893984,,,9.31999967639043,,,,6.19000008786281,0.299999980371672,,1.10000008701677,,22.9899996384,,,,5.40000012365201,,68.1800003405519,,70.6600037078092,1.01999999679079,,62.4474228086024,15.3700000000001,78.0199966123891,,,,,4.0700000000001,0,,144.000000036,,,0,,75.0899963748267,,-39.0000015756026,-3.2999999430757,141.999994775913,,0,,,,0.009999983446992,0.309999963818664,,0,0.009999983446992,,0,,,,0,,0,,0,0,1.02999999088548,-3.2999999430757,0,,,,,1.720000116,0,23.000000222047,,,,14.3000001528,0,144.000000036,,10.2299996009524,,9,418.980010934815,0,,,162.990005568533,,,,,,,,15.5699996649352,78.5800018859255
2007-12-01T07:21:00.029Z,,0.019999966893984,,,9.31999967639043,,,,6.19000008786281,0.299999980371672,,1.10000008701677,,22.9899996384,,,,5.40000012365201,,68.1800003405519,,70.639999448258,1.01999999679079,,62.3454484399408,15.3700000000001,78.0199966123891,,,,,4.06000000000009,0,,144.000000036,,,0,,75.0999984251086,,-42.000000105705,-3.2999999430757,145.00000709553,,0,,,,0.009999983446992,0.309999963818664,,0,0.009999983446992,,0,,,,0,,0,,0,0,1.02999999088548,-3.2999999430757,0,,,,,1.720000116,0,17.9999980753715,,,,14.3000001528,0,144.000000036,,10.2299996009524,,9,418.970001253142,0,,,162.990005568533,,,,,,,,15.5699996649352,78.5800018859255
2007-12-01T07:21:05.040Z,,0.019999966893984,,,9.31999967639043,,,,6.19000008786281,0.299999980371672,,1.10000008701677,,22.9899996384,,,,5.40000012365201,,68.1800003405519,,70.639999448258,1.01999999679079,,62.4270279348701,15.3700000000001,78.0299988216583,,,,,4.06000000000009,0,,144.000000036,,,0,,75.0999984251086,,-42.000000105705,-3.30999992652269,155.999992512896,,0,,,,0.009999983446992,0.309999963818664,,0,0.009999983446992,,0,,,,0,,0,,0,0,1.02999999088548,-3.30999992652269,0,,,,,1.720000116,0,24.9999969438628,,,,14.3000001528,0,144.000000036,,10.2299996009524,,9,418.959991412483,0,,,162.990005568533,,,,,,,,15.5699996649352,78.5800018859255
2007-12-01T07:21:09.014Z,,0.019999966893984,,,9.31999967639043,,,,6.19000008786281,0.299999980371672,,1.10000008701677,,22.9899996384,,,,5.40999978912439,,68.1800003405519,,70.639999448258,1.01999999679079,,62.3760387093736,15.3700000000001,78.0299988216583,,,,,4.0700000000001,0,,144.000000036,,,0,,75.0999984251086,,-40.9999982974184,-3.30999992652269,119.000008343381,,0,,,,0.009999983446992,0.309999963818664,,0,0.009999983446992,,0,,,,0,,0,,0,0,1.02999999088548,-3.30999992652269,0,,,,,1.720000116,0,43.0000019139915,,,,14.3000001528,0,144.000000036,,10.2299996009524,,9,418.970001253142,0,,,162.990005568533,,,,,,,,15.5699996649352,78.5800018859255
2007-12-01T07:21:14.026Z,,0.019999966893984,,,9.31999967639043,,,,6.19000008786281,0.299999980371672,,1.10000008701677,,23.0900002512,,,,5.40999978912439,,68.1800003405519,,70.639999448258,1.01999999679079,,63.5283193649489,15.3700000000001,78.0199966123891,,,,,4.06000000000009,0,,144.000000036,,,0,,75.0899963748267,,-43.0000019139915,-3.2999999430757,123.000001787013,,0,,,,0.009999983446992,0.309999963818664,,0,0.009999983446992,,0,,,,0,,0,,0,0,1.02999999088548,-3.2999999430757,0,,,,,1.720000116,0,17.9999980753715,,,,14.3000001528,0,144.000000036,,10.2299996009524,,9,418.970001253142,0,,,162.999999987425,,,,,,,,15.5699996649352,78.5800018859255
2007-12-01T07:21:23.011Z,,0.019999966893984,,,9.31999967639043,,,,6.19000008786281,0.299999980371672,,1.10000008701677,,23.8600006416,,,,5.40999978912439,,68.1800003405519,,70.639999448258,1.01999999679079,,64.4256706759597,15.3700000000001,78.0199966123891,,,,,4.06000000000009,0,,144.000000036,,,0,,75.0999984251086,,-44.9999986358074,-3.30999992652269,124.999998508828,,0,,,,0.009999983446992,0.309999963818664,,0,0.009999983446992,,0,,,,0,,0,,0,0,1.02999999088548,-3.30999992652269,0,,,,,1.720000116,0,42.000000105705,,,,14.3000001528,0,144.000000036,,10.2299996009524,,9,418.970001253142,0,,,162.990005568533,,,,,,,,15.5699996649352,78.5800018859255
2007-12-01T07:21:26.986Z,,0.019999966893984,,,9.31999967639043,,,,6.19000008786281,0.309999963818664,,1.10000008701677,,24.0900002832,,,,5.40999978912439,,68.1800003405519,,70.639999448258,1.01999999679079,,62.8247164060447,15.3700000000001,78.0199966123891,,,,,4.0700000000001,0,,144.000000036,,,0,,75.0999984251086,,-42.000000105705,-3.30999992652269,130.999995569033,,0,,,,0.009999983446992,0.309999963818664,,0,0.009999983446992,,0,,,,0,,0,,0,0,1.02999999088548,-3.30999992652269,0,,,,,1.720000116,0,44.9999986358074,,,,14.3000001528,0,144.000000036,,10.2299996009524,,9,418.970001253142,0,,,162.999999987425,,,,,,,,15.5699996649352,78.5800018859255
2007-12-01T07:21:31.997Z,,0.019999966893984,,,9.31999967639043,,,,6.19000008786281,0.319999947265656,,1.10000008701677,,24.4999998696,,,,5.40999978912439,,68.1800003405519,,70.639999448258,1.01999999679079,,63.6302932800181,15.3700000000001,78.0199966123891,,,,,4.0700000000001,0,,144.000000036,,,0,,75.0999984251086,,-40.9999982974184,-3.30999992652269,120.00000325691,,0,,,,0.009999983446992,0.309999963818664,,0,0.009999983446992,,0,,,,0,,0,,0,0,1.02999999088548,-3.30999992652269,0,,,,,1.720000116,0,25.9999987521493,,,,14.3000001528,0,144.000000036,,10.2399997433867,,9,418.989990249912,0,,,162.990005568533,,,,,,,,15.5699996649352,78.5800018859255
2007-12-01T07:21:35.971Z,,0.019999966893984,,,9.31999967639043,,,,6.19000008786281,0.319999947265656,,1.09000010356978,,25.5799998432,,,,5.40999978912439,,68.1800003405519,,70.639999448258,1.01999999679079,,61.580661313432,15.3700000000001,78.0199966123891,,,,,4.06000000000009,0,,144.000000036,,,0,,75.0899963748267,,-40.9999982974184,-3.30999992652269,130.999995569033,,0,,,,0.009999983446992,0.309999963818664,,0,0.009999983446992,,0,,,,0,,0,,0,0,1.02999999088548,-3.30999992652269,0,,,,,1.720000116,0,20.9999966054739,,,,14.3000001528,0,144.000000036,,10.2399997433867,,9,418.989990249912,0,,,162.990005568533,,,,,,,,15.5699996649352,78.5800018859255
2007-12-01T07:21:40.982Z,,0.019999966893984,,,9.31999967639043,,,,6.19000008786281,0.319999947265656,,1.10000008701677,,26.7499999416,,,,5.40999978912439,,68.1900023908339,,70.639999448258,1.01999999679079,,61.8661809274293,15.3700000000001,77.9999999842285,,,,,4.0700000000001,0,,144.000000036,,,0,,75.0899963748267,,-39.0000015756026,-3.30999992652269,117.99999274558,,0,,,,0.009999983446992,0.309999963818664,,0,0.009999983446992,,0,,,,0,,0,,0,0,1.02999999088548,-3.30999992652269,0,,,,,1.720000116,0,32.0000027071113,,,,14.3000001528,0,144.000000036,,10.2399997433867,,9,418.970001253142,0,,,162.990005568533,,,,,,,,15.5699996649352,78.5800018859255
2007-12-01T07:21:49.968Z,,0.019999966893984,,,9.31999967639043,,,,6.19000008786281,0.319999947265656,,1.10000008701677,,29.1399995304,,,,5.40999978912439,,68.1800003405519,,70.639999448258,1.01999999679079,,62.6921522215427,15.3700000000001,78.0199966123891,,,,,4.0700000000001,0,,144.000000036,,,0,,75.0999984251086,,-40.0000033838892,-3.30999992652269,116.999997832051,,0,,,,0.009999983446992,0.309999963818664,,0,0.009999983446992,,0,,,,0,,0,,0,0,1.02999999088548,-3.30999992652269,0,,,,,1.720000116,0,28.9999972822517,,,,14.3000001528,0,144.000000036,,10.2399997433867,,9,418.989990249912,0,,,162.990005568533,,,,,,,,15.5699996649352,78.5800018859255
2007-12-01T07:21:54.029Z,,0.019999966893984,,,9.31999967639043,,,,6.19000008786281,0.309999963818664,,1.10000008701677,,30.2399998704,,,,5.40999978912439,,68.1800003405519,,70.639999448258,1.01999999679079,,62.2944637503681,15.3700000000001,78.0199966123891,,,,,4.0700000000001,0,,144.000000036,,,0,,75.0999984251086,,-40.0000033838892,-3.2999999430757,112.999997493662,,0,,,,0.009999983446992,0.309999963818664,,0,0.009999983446992,,0,,,,0,,0,,0,0,1.02999999088548,-3.2999999430757,0,,,,,1.720000116,0,4.00000033838892,,,,14.3000001528,0,144.000000036,,10.2399997433867,,9,418.999999931585,0,,,162.999999987425,,,,,,,,15.5699996649352,78.5800018859255
2007-12-01T07:21:59.040Z,,0.019999966893984,,,9.31999967639043,,,,6.19000008786281,0.299999980371672,,1.10000008701677,,31.7800006512,,,,5.40999978912439,,68.1800003405519,,70.639999448258,1.01999999679079,,62.3658433136731,15.3700000000001,78.0299988216583,,,,,4.06000000000009,0,,144.000000036,,,0,,75.0899963748267,,-42.000000105705,-3.2999999430757,120.00000325691,,0,,,,0.009999983446992,0.309999963818664,,0,0.009999983446992,,0,,,,0,,0,,0,0,1.02999999088548,-3.2999999430757,0,,,,,1.720000116,0,20.9999966054739,,,,14.3000001528,0,144.000000036,,10.2500000448083,,9,418.999999931585,0,,,162.999999987425,,,,,,,,15.5699996649352,78.5800018859255
2007-12-01T07:22:03.014Z,,0.019999966893984,,,9.31999967639043,,,,6.19000008786281,0.299999980371672,,1.10000008701677,,33.33000192,,,,5.40999978912439,,68.1800003405519,,70.639999448258,1.01999999679079,,62.2638734809353,15.3700000000001,78.0199966123891,,,,,4.06000000000009,0,,144.000000036,,,0,,75.0999984251086,,-40.9999982974184,-3.30999992652269,138.999996245811,,0,,,,0.009999983446992,0.309999963818664,,0,0.009999983446992,,0,,,,0,,0,,0,0,1.02999999088548,-3.30999992652269,0,,,,,1.720000116,0,21.9999984137604,,,,14.3000001528,0,144.000000036,,10.2500000448083,,9,418.989990249912,0,,,162.990005568533,,,,,,,,15.5699996649352,78.5800018859255
2007-12-01T07:22:08.026Z,,0.019999966893984,,,9.31999967639043,,,,6.19000008786281,0.299999980371672,,1.10000008701677,,35.6599998,,,,5.40000012365201,,68.1800003405519,,70.639999448258,1.01999999679079,,60.7648894973505,15.3700000000001,78.0199966123891,,,,,4.06000000000009,0,,144.000000036,,,0,,75.0999984251086,,-35.0000012372137,-3.30999992652269,133.000006080364,,0,,,,0.009999983446992,0.299999980371672,,0,0.009999983446992,,0,,,,0,,0,,0,0,1.02999999088548,-3.30999992652269,0,,,,,1.720000116,0,43.0000019139915,,,,14.3000001528,0,144.000000036,,10.2500000448083,,9,418.989990249912,0,,,162.990005568533,,,,,,,,15.5699996649352,78.5800018859255
2007-12-01T07:22:12.000Z,,0.019999966893984,,,9.31999967639043,,,,6.19000008786281,0.299999980371672,,1.10000008701677,,37.2299996064,,,,5.40000012365201,,68.1800003405519,,70.639999448258,1.01999999679079,,59.7145827568444,15.3700000000001,78.0100021934977,,,,,4.06000000000009,0,,144.000000036,,,0,,75.0999984251086,,-37.9999997673161,-3.2999999430757,138.999996245811,,0,,,,0.009999983446992,0.309999963818664,,0,0.009999983446992,,0,,,,0,,0,,0,0,1.02999999088548,-3.2999999430757,0,,,,,1.720000116,0,48.9999989741963,,,,14.3000001528,0,144.000000036,,10.2500000448083,,9,418.980010934815,0,,,162.999999987425,,,,,,,,15.5699996649352,78.5800018859255
2007-12-01T07:22:17.011Z,,0.019999966893984,,,9.31999967639043,,,,6.19000008786281,0.299999980371672,,1.10000008701677,,38.8499985,,,,5.40000012365201,,68.1800003405519,,70.65000149854,1.01999999679079,,62.712547095275,15.3700000000001,77.9999999842285,,,,,4.0700000000001,0,,144.000000036,,,0,,75.0999984251086,,-39.0000015756026,-3.2999999430757,132.000004272077,,0,,,,0.009999983446992,0.309999963818664,,0,0.009999983446992,,0,,,,0,,0,,0,0,1.02999999088548,-3.2999999430757,0,,,,,1.720000116,0,6.99999886849128,,,,14.3000001528,0,144.000000036,,10.2399997433867,,9,418.959991412483,0,,,162.999999987425,,,,,,,,15.5699996649352,78.5800018859255
2007-12-01T07:22:20.986Z,,0.019999966893984,,,9.31999967639043,,,,6.19000008786281,0.299999980371672,,1.10000008701677,,41.2799988216,,,,5.40000012365201,,68.1800003405519,,70.65000149854,1.01999999679079,,62.2944637503681,15.3700000000001,77.9899979339465,,,,,4.06000000000009,0,,144.000000036,,,0,,75.0899963748267,,-39.0000015756026,-3.2999999430757,128.999998847217,,0,,,,0.009999983446992,0.309999963818664,,0,0.009999983446992,,0,,,,0,,0,,0,0,1.02999999088548,-3.2999999430757,0,,,,,1.720000116,0,10.9999992068802,,,,14.3000001528,0,144.000000036,,10.2399997433867,,9,418.970001253142,0,,,162.999999987425,,,,,,,,15.5699996649352,78.5800018859255
2007-12-01T07:22:25.997Z,,0.019999966893984,,,9.31999967639043,,,,6.19000008786281,0.299999980371672,,1.09000010356978,,42.9000016776,,,,5.40000012365201,,68.1800003405519,,70.639999448258,1.01999999679079,,63.5487142386812,15.3700000000001,77.9899979339465,,,,,4.0700000000001,0,,144.000000036,,,0,,75.0999984251086,,-40.0000033838892,-3.30999992652269,100.999996478495,,0,,,,0.009999983446992,0.309999963818664,,0,0.009999983446992,,0,,,,0,,0,,0,0,1.02999999088548,-3.30999992652269,0,,,,,1.720000116,0,5.00000214667547,,,,14.3000001528,0,144.000000036,,10.2399997433867,,9,418.940002415713,0,,,162.990005568533,,,,,,,,15.5699996649352,78.5800018859255
2007-12-01T07:22:29.971Z,,0.019999966893984,,,9.31999967639043,,,,6.19000008786281,0.309999963818664,,1.10000008701677,,44.11000068,,,,5.40000012365201,,68.1800003405519,,70.639999448258,1.01999999679079,,61.4990863544265,15.3700000000001,77.9899979339465,,,,,4.06000000000009,0,,144.000000036,,,0,,75.0899963748267,,-40.0000033838892,-3.30999992652269,115.999996023764,,0,,,,0.009999983446992,0.309999963818664,,0,0.009999983446992,,0,,,,0,,0,,0,0,1.02999999088548,-3.30999992652269,0,,,,,1.720000116,0,21.9999984137604,,,,14.3000001528,0,144.000000036,,10.2399997433867,,9,418.950012256372,0,,,162.990005568533,,,,,,,,15.5699996649352,78.5800018859255
2007-12-01T07:22:34.982Z,,0.019999966893984,,,9.31999967639043,,,,6.19000008786281,0.319999947265656,,1.10000008701677,,45.36000072,,,,5.40000012365201,,68.1800003405519,,70.639999448258,1.01999999679079,,60.2958205556861,15.3700000000001,77.9899979339465,,,,,4.06000000000009,0,,144.000000036,,,0,,75.0999984251086,,-40.9999982974184,-3.30999992652269,140.999999862384,,0,,,,0.009999983446992,0.309999963818664,,0,0.009999983446992,,0,,,,0,,0,,0,0,1.02999999088548,-3.30999992652269,0,,,,,1.720000116,0,28.9999972822517,,,,14.3000001528,0,144.000000036,,10.2399997433867,,9,418.959991412483,0,,,162.990005568533,,,,,,,,15.5699996649352,78.5800018859255
2007-12-01T07:22:38.957Z,,0.019999966893984,,,9.31999967639043,,,,6.19000008786281,0.319999947265656,,1.10000008701677,,48.310001424,,,,5.40999978912439,,68.1800003405519,,70.639999448258,1.01999999679079,,60.2448358661134,15.3700000000001,77.9999999842285,,,,,4.06000000000009,0,,144.000000036,,,0,,75.0999984251086,,-37.9999997673161,-3.30999992652269,136.000004610466,,0,,,,0.009999983446992,0.309999963818664,,0,0.009999983446992,,0,,,,0,,0,,0,0,1.02999999088548,-3.30999992652269,0,,,,,1.720000116,0,36.9999979590295,,,,14.3000001528,0,144.000000036,,10.2399997433867,,9,418.970001253142,0,,,162.999999987425,,,,,,,,15.5699996649352,78.5800018859255
2007-12-01T07:22:43.968Z,,0.019999966893984,,,9.31999967639043,,,,6.19000008786281,0.319999947265656,,1.10000008701677,,49.9900017216,,,,5.40999978912439,,68.1800003405519,,70.639999448258,1.01999999679079,,59.5106390090374,15.3700000000001,77.9899979339465,,,,,4.06000000000009,0,,144.000000036,,,0,,75.0999984251086,,-37.9999997673161,-3.2999999430757,120.00000325691,,0,,,,0.009999983446992,0.309999963818664,,0,0.009999983446992,,0,,,,0,,0,,0,0,1.02999999088548,-3.2999999430757,0,,,,,1.720000116,0,17.9999980753715,,,,14.3000001528,0,144.000000036,,10.2399997433867,,9,418.970001253142,0,,,162.990005568533,,,,,,,,15.5699996649352,78.5800018859255
2007-12-01T07:22:48.029Z,,0.019999966893984,,,9.31999967639043,,,,6.19000008786281,0.309999963818664,,1.10000008701677,,51.250000116,,,,5.40999978912439,,68.1800003405519,,70.639999448258,1.01999999679079,,62.0803241532682,15.3700000000001,77.9999999842285,,,,,4.0700000000001,0,,144.000000036,,,0,,75.0999984251086,,-35.0000012372137,-3.2999999430757,130.999995569033,,0,,,,0.009999983446992,0.309999963818664,,0,0.009999983446992,,0,,,,0,,0,,0,0,1.02999999088548,-3.2999999430757,0,,,,,1.720000116,0,9.99999739859365,,,,14.3000001528,0,144.000000036,,10.2399997433867,,9,418.989990249912,0,,,163.009994565303,,,,,,,,15.5699996649352,78.5899963048168
2007-12-01T07:22:53.040Z,,0.019999966893984,,,9.31999967639043,,,,6.19000008786281,0.319999947265656,,1.10000008701677,,52.939998768,,,,5.40999978912439,,68.1800003405519,,70.639999448258,1.01999999679079,,60.8770588081202,15.3700000000001,77.9999999842285,,,,,4.0700000000001,0,,144.000000036,,,0,,75.0899963748267,,-39.0000015756026,-3.2999999430757,157.000008110697,,0,,,,0.009999983446992,0.309999963818664,,0,0.009999983446992,,0,,,,0,,0,,0,0,1.02999999088548,-3.2999999430757,0,,,,,1.720000116,0,24.9999969438628,,,,14.3000001528,0,144.000000036,,10.2399997433867,,9,418.970001253142,0,,,162.990005568533,,,,,,,,15.5699996649352,78.5800018859255
2007-12-01T07:22:57.014Z,,0.019999966893984,,,9.31999967639043,,,,6.19000008786281,0.309999963818664,,1.10000008701677,,55.5699997056,,,,5.40999978912439,,68.1800003405519,,70.639999448258,1.01999999679079,,61.6826352285012,15.3700000000001,77.9899979339465,,,,,4.0700000000001,0,,144.000000036,,,0,,75.0999984251086,,-40.9999982974184,-3.30999992652269,138.000001332282,,0,,,,0.009999983446992,0.309999963818664,,0,0.009999983446992,,0,,,,0,,0,,0,0,1.02999999088548,-3.30999992652269,0,,,,,1.720000116,0,37.9999997673161,,,,14.3000001528,0,144.000000036,,10.2399997433867,,9,418.959991412483,0,,,162.990005568533,,,,,,,,15.5699996649352,78.5800018859255
2007-12-01T07:23:02.026Z,,0.019999966893984,,,9.31999967639043,,,,6.19000008786281,0.319999947265656,,1.09000010356978,,56.340000096,,,,5.40999978912439,,68.1800003405519,,70.639999448258,1.01999999679079,,62.4270279348701,15.3700000000001,77.9899979339465,,,,,4.0700000000001,0,,144.000000036,,,0,,75.0999984251086,,-39.0000015756026,-3.30999992652269,158.000003024226,,0,,,,0.009999983446992,0.309999963818664,,0,0.009999983446992,,0,,,,0,,0,,0,0,1.02999999088548,-3.30999992652269,0,,,,,1.720000116,0,23.000000222047,,,,14.3000001528,0,144.000000036,,10.2299996009524,,9,418.959991412483,0,,,162.990005568533,,,,,,,,15.5699996649352,78.5800018859255
2007-12-01T07:23:06.000Z,,0.019999966893984,,,9.31999967639043,,,,6.19000008786281,0.309999963818664,,1.10000008701677,,56.340000096,,,,5.40999978912439,,68.1800003405519,,70.639999448258,1.01999999679079,,62.7839271121724,15.3700000000001,77.9899979339465,,,,,4.06000000000009,0,,144.000000036,,,0,,75.0999984251086,,-40.9999982974184,-3.30999992652269,169.000009125864,,0,,,,0.009999983446992,0.309999963818664,,0,0.009999983446992,,0,,,,0,,0,,0,0,1.02999999088548,-3.30999992652269,0,,,,,1.720000116,0,47.0000022523805,,,,14.3000001528,0,144.000000036,,10.2299996009524,,9,418.950012256372,0,,,162.990005568533,,,,,,,,15.5699996649352,78.5800018859255
2007-12-01T07:23:11.011Z,,0.019999966893984,,,9.31999967639043,,,,6.19000008786281,0.319999947265656,,1.10000008701677,,56.340000096,,,,5.40999978912439,,68.1800003405519,,70.639999448258,1.01999999679079,,62.845111279777,15.3700000000001,77.9899979339465,,,,,4.06000000000009,0,,144.000000036,,,0,,75.0899963748267,,-40.0000033838892,-3.30999992652269,166.999998614533,,0,,,,0.009999983446992,0.309999963818664,,0,0.009999983446992,,0,,,,0,,0,,0,0,1.02999999088548,-3.30999992652269,0,,,,,1.720000116,0,27.0000005604359,,,,14.3000001528,0,144.000000036,,10.2299996009524,,9,418.950012256372,0,,,162.990005568533,,,,,,,,15.5699996649352,78.5800018859255
2007-12-01T07:23:14.986Z,,0.019999966893984,,,9.32999997781203,,,,6.19000008786281,0.319999947265656,,1.10000008701677,,56.340000096,,,,5.40999978912439,,68.1800003405519,,70.639999448258,1.01999999679079,,62.8655061535093,15.3700000000001,77.9899979339465,,,,,4.06000000000009,0,,144.000000036,,,0,,75.0899963748267,,-37.9999997673161,-3.30999992652269,139.999998054098,,0,,,,0.009999983446992,0.309999963818664,,0,0.009999983446992,,0,,,,0,,0,,0,0,1.02999999088548,-3.30999992652269,0,,,,,1.720000116,0,1.99999672181581,,,,14.3000001528,0,144.000000036,,10.2299996009524,,9,418.950012256372,0,,,162.990005568533,,,,,,,,15.5699996649352,78.5800018859255
2007-12-01T07:23:19.997Z,,0.019999966893984,,,9.34000012024632,,,,6.19000008786281,0.309999963818664,,1.10000008701677,,56.340000096,,,,5.40999978912439,,68.1800003405519,,70.639999448258,1.01999999679079,,62.9266866923749,15.3700000000001,77.9899979339465,,,,,4.06000000000009,0,,144.000000036,,,0,,75.0999984251086,,-39.0000015756026,-3.2899999596287,129.999993760747,,0,,,,0.009999983446992,0.309999963818664,,0,0.009999983446992,,0,,,,0,,0,,0,0,1.02999999088548,-3.2899999596287,0,,,,,1.720000116,0,24.9999969438628,,,,14.3000001528,0,144.000000036,,10.2299996009524,,9,418.980010934815,0,,,163.009994565303,,,,,,,,15.5699996649352,78.5800018859255
2007-12-01T07:23:23.971Z,,0.019999966893984,,,9.32999997781203,,,,6.19000008786281,0.309999963818664,,1.10000008701677,,56.340000096,,,,5.40999978912439,,68.1800003405519,,70.639999448258,1.01999999679079,,61.7846055148314,15.3700000000001,77.9899979339465,,,,,4.06000000000009,0,,144.000000036,,,0,,75.0999984251086,,-39.0000015756026,-3.2899999596287,138.999996245811,,0,,,,0.009999983446992,0.309999963818664,,0,0.009999983446992,,0,,,,0,,0,,0,0,1.02999999088548,-3.2899999596287,0,,,,,1.720000116,0,17.0000031618422,,,,14.3000001528,0,144.000000036,,10.2399997433867,,9,418.980010934815,0,,,163.009994565303,,,,,,,,15.5699996649352,78.5800018859255
2007-12-01T07:23:28.982Z,,0.019999966893984,,,9.31999967639043,,,,6.19000008786281,0.309999963818664,,1.10000008701677,,56.340000096,,,,5.40999978912439,,68.1800003405519,,70.639999448258,1.01999999679079,,61.7642106410991,15.3700000000001,77.9899979339465,,,,,4.06000000000009,0,,144.000000036,,,0,,75.0999984251086,,-36.9999979590295,-3.2999999430757,157.000008110697,,0,,,,0.009999983446992,0.309999963818664,,0,0.009999983446992,,0,,,,0,,0,,0,0,1.02999999088548,-3.2999999430757,0,,,,,1.720000116,0,12.0000010151668,,,,14.3000001528,0,144.000000036,,10.2399997433867,,9,418.959991412483,0,,,162.990005568533,,,,,,,,15.5699996649352,78.5800018859255
2007-12-01T07:23:32.957Z,,0.019999966893984,,,9.31999967639043,,,,6.19000008786281,0.319999947265656,,1.10000008701677,,56.340000096,,,,5.40999978912439,,68.1900023908339,,70.639999448258,1.01999999679079,,61.8661809274293,15.3700000000001,77.9899979339465,,,,,4.06000000000009,0,,144.000000036,,,0,,75.0899963748267,,-40.0000033838892,-3.30999992652269,162.999998276144,,0,,,,0.009999983446992,0.309999963818664,,0,0.009999983446992,,0,,,,0,,0,,0,0,1.02999999088548,-3.30999992652269,0,,,,,1.720000116,0,17.0000031618422,,,,14.3000001528,0,144.000000036,,10.2399997433867,,9,418.959991412483,0,,,162.990005568533,,,,,,,,15.5699996649352,78.5800018859255
2007-12-01T07:23:37.968Z,,0.019999966893984,,,9.31999967639043,,,,6.19000008786281,0.319999947265656,,1.10000008701677,,56.340000096,,,,5.40999978912439,,68.1800003405519,,70.639999448258,1.01999999679079,,61.641845934629,15.3700000000001,77.9999999842285,,,,,4.0700000000001,0,,144.000000036,,,0,,75.0899963748267,,-40.9999982974184,-3.30999992652269,128.999998847217,,0,,,,0.009999983446992,0.309999963818664,,0,0.009999983446992,,0,,,,0,,0,,0,0,1.02999999088548,-3.30999992652269,0,,,,,1.720000116,0,58.9999963727899,,,,14.3000001528,0,144.000000036,,10.2399997433867,,9,418.970001253142,0,,,162.990005568533,,,,,,,,15.5699996649352,78.5800018859255
2007-12-01T07:23:42.029Z,,0.019999966893984,,,9.31999967639043,,,,6.19000008786281,0.319999947265656,,1.10000008701677,,56.340000096,,,,5.40999978912439,,68.1800003405519,,70.65000149854,1.01999999679079,,62.1415046921338,15.3700000000001,77.9999999842285,,,,,4.0700000000001,0,,144.000000036,,,0,,75.0999984251086,,-37.9999997673161,-3.30999992652269,158.000003024226,,0,,,,0.009999983446992,0.309999963818664,,0,0.009999983446992,,0,,,,0,,0,,0,0,1.02999999088548,-3.30999992652269,0,,,,,1.720000116,0,43.0000019139915,,,,14.3000001528,0,144.000000036,,10.2399997433867,,9,418.980010934815,0,,,162.999999987425,,,,,,,,15.5699996649352,78.5800018859255
2007-12-01T07:23:47.040Z,,0.019999966893984,,,9.31999967639043,,,,6.19000008786281,0.319999947265656,,1.10000008701677,,56.340000096,,,,5.40999978912439,,68.1800003405519,,70.639999448258,1.01999999679079,,62.3658433136731,15.3700000000001,77.9899979339465,,,,,4.0700000000001,0,,144.000000036,,,0,,75.0999984251086,,-36.9999979590295,-3.30999992652269,146.00000200906,,0,,,,0.009999983446992,0.309999963818664,,0,0.009999983446992,,0,,,,0,,0,,0,0,1.02999999088548,-3.30999992652269,0,,,,,1.720000116,0,39.0000015756026,,,,14.3000001528,0,144.000000036,,10.2399997433867,,9,418.980010934815,0,,,162.990005568533,,,,,,,,15.5699996649352,78.5800018859255
2007-12-01T07:23:51.014Z,,0.019999966893984,,,9.31999967639043,,,,6.19000008786281,0.309999963818664,,1.10000008701677,,56.2700003376,,,,5.40999978912439,,68.1800003405519,,70.639999448258,1.01999999679079,,63.8954175666907,15.3700000000001,78.0199966123891,,,,,4.06000000000009,0,,144.000000036,,,0,,75.0899963748267,,-40.0000033838892,-3.30999992652269,147.000003817346,,0,,,,0.009999983446992,0.309999963818664,,0,0.009999983446992,,0,,,,0,,0,,0,0,1.02999999088548,-3.30999992652269,0,,,,,1.720000116,0,21.9999984137604,,,,14.3000001528,0,144.000000036,,10.2399997433867,,9,418.970001253142,0,,,162.990005568533,,,,,,,,15.5699996649352,78.5800018859255
2007-12-01T07:23:56.026Z,,0.019999966893984,,,9.31999967639043,,,,6.19000008786281,0.319999947265656,,1.10000008701677,,56.0999984424,,,,5.40999978912439,,68.1800003405519,,70.639999448258,1.01999999679079,,61.9171696993334,15.3700000000001,78.0299988216583,,,,,4.06000000000009,0,,144.000000036,,,0,,75.0999984251086,,-40.0000033838892,-3.30999992652269,149.000000539162,,0,,,,0.009999983446992,0.309999963818664,,0,0.009999983446992,,0,,,,0,,0,,0,0,1.02999999088548,-3.30999992652269,0,,,,,1.720000116,0,28.0000023687224,,,,14.3000001528,0,144.000000036,,10.2399997433867,,9,418.989990249912,0,,,162.990005568533,,,,,,,,15.5699996649352,78.5800018859255
2007-12-01T07:24:00.000Z,,0.019999966893984,,,9.31999967639043,,,,6.19000008786281,0.319999947265656,,1.10000008701677,,55.389999456,,,,5.40999978912439,,68.1800003405519,,70.639999448258,1.01999999679079,,64.8131637514338,15.3700000000001,78.0199966123891,,,,,4.0700000000001,0,,144.000000036,,,0,,75.0899963748267,,-40.0000033838892,-3.30999992652269,150.000002347448,,0,,,,0.009999983446992,0.309999963818664,,0,0.009999983446992,,0,,,,0,,0,,0,0,1.02999999088548,-3.30999992652269,0,,,,,1.720000116,0,40.9999982974184,,,,14.3000001528,0,144.000000036,,10.2399997433867,,9,418.989990249912,0,,,162.999999987425,,,,,,,,15.5699996649352,78.5800018859255
2007-12-01T07:24:05.011Z,,0.019999966893984,,,9.31999967639043,,,,6.19000008786281,0.319999947265656,,1.10000008701677,,52.8100012632,,,,5.40999978912439,,68.1800003405519,,70.639999448258,1.01999999679079,,63.1918150613789,15.3700000000001,78.0199966123891,,,,,4.06000000000009,0,,144.000000036,,,0,,75.0999984251086,,-40.9999982974184,-3.2999999430757,146.00000200906,,0,,,,0.009999983446992,0.309999963818664,,0,0.009999983446992,,0,,,,0,,0,,0,0,1.02999999088548,-3.2999999430757,0,,,,,1.720000116,0,33.9999994289272,,,,14.3000001528,0,144.000000036,,10.2399997433867,,9,418.989990249912,0,,,162.999999987425,,,,,,,,15.5699996649352,78.5800018859255
2007-12-01T07:24:08.986Z,,0.019999966893984,,,9.34000012024632,,,,6.19000008786281,0.319999947265656,,1.10000008701677,,49.8800009256,,,,5.40999978912439,,68.1800003405519,,70.639999448258,1.01999999679079,,64.3644860547627,15.3700000000001,78.0299988216583,,,,,4.0700000000001,0,,144.000000036,,,0,,75.0999984251086,,-39.0000015756026,-3.2999999430757,141.999994775913,,0,,,,0.009999983446992,0.309999963818664,,0,0.009999983446992,,0,,,,0,,0,,0,0,1.02999999088548,-3.2999999430757,0,,,,,1.720000116,0,39.0000015756026,,,,14.3000001528,0,144.000000036,,10.2399997433867,,9,419.010009772245,0,,,163.009994565303,,,,,,,,15.5699996649352,78.5800018859255
2007-12-01T07:24:13.997Z,,0.019999966893984,,,9.34000012024632,,,,6.19000008786281,0.319999947265656,,1.10000008701677,,46.4700012432,,,,5.40999978912439,,68.1800003405519,,70.639999448258,1.01999999679079,,64.6296148773591,15.3700000000001,78.0199966123891,,,,,4.0700000000001,0,,144.000000036,,,0,,75.0999984251086,,-40.9999982974184,-3.2899999596287,138.999996245811,,0,,,,0.009999983446992,0.309999963818664,,0,0.009999983446992,,0,,,,0,,0,,0,0,1.02999999088548,-3.2899999596287,0,,,,,1.720000116,0,36.9999979590295,,,,14.3000001528,0,144.000000036,,10.2399997433867,,9,419.010009772245,0,,,163.009994565303,,,,,,,,15.5699996649352,78.5800018859255
2007-12-01T07:24:17.971Z,,0.019999966893984,,,9.34000012024632,,,,6.19000008786281,0.299999980371672,,1.10000008701677,,43.1199990024,,,,5.40999978912439,,68.1800003405519,,70.639999448258,1.01999999679079,,66.4447123731129,15.3700000000001,78.0199966123891,,,,,4.06000000000009,0,,144.000000036,,,0,,75.0899963748267,,-40.9999982974184,-3.2899999596287,157.000008110697,,0,,,,0.009999983446992,0.309999963818664,,0,0.009999983446992,,0,,,,0,,0,,0,0,1.02999999088548,-3.2899999596287,0,,,,,1.720000116,0,23.000000222047,,,,14.3000001528,0,144.000000036,,10.2399997433867,,9,419.010009772245,0,,,163.009994565303,,,,,,,,15.5699996649352,78.5800018859255
2007-12-01T07:24:22.982Z,,0.019999966893984,,,9.34000012024632,,,,6.19000008786281,0.299999980371672,,1.10000008701677,,38.2099989672,,,,5.40999978912439,,68.1800003405519,,70.639999448258,1.01999999679079,,62.110914422701,15.3700000000001,78.0299988216583,,,,,4.0700000000001,0,,144.000000036,,,0,,75.0999984251086,,-40.0000033838892,-3.2899999596287,162.000003362615,,0,,,,0.009999983446992,0.309999963818664,,0,0.009999983446992,,0,,,,0,,0,,0,0,1.02999999088548,-3.2899999596287,0,,,,,1.720000116,0,-6.99999886849128,,,,14.3000001528,0,144.000000036,,10.2299996009524,,9,418.989990249912,0,,,163.009994565303,,,,,,,,15.5699996649352,78.5800018859255
2007-12-01T07:24:26.957Z,,0.019999966893984,,,9.31999967639043,,,,6.19000008786281,0.299999980371672,,1.09000010356978,,35.7999993168,,,,5.40999978912439,,68.1800003405519,,70.639999448258,1.01999999679079,,63.1612207096147,15.3700000000001,78.0199966123891,,,,,4.06000000000009,0,,144.000000036,,,0,,75.0899963748267,,-37.9999997673161,-3.2899999596287,151.999999069264,,0,,,,0.009999983446992,0.309999963818664,,0,0.009999983446992,,0,,,,0,,0,,0,0,1.02999999088548,-3.2899999596287,0,,,,,1.720000116,0,24.9999969438628,,,,14.3000001528,0,144.000000036,,10.2299996009524,,9,418.970001253142,0,,,162.999999987425,,,,,,,,15.5699996649352,78.5800018859255
2007-12-01T07:24:31.968Z,,0.019999966893984,,,9.31999967639043,,,,6.19000008786281,0.299999980371672,,1.09000010356978,,30.3600005448,,,,5.40999978912439,,68.1800003405519,,70.639999448258,1.01999999679079,,64.9967130791009,15.3700000000001,78.0199966123891,,,,,4.06000000000009,0,,144.000000036,,,0,,75.0999984251086,,-36.9999979590295,-3.30999992652269,165.999996806247,,0,,,,0.009999983446992,0.309999963818664,,0,0.009999983446992,,0,,,,0,,0,,0,0,1.02999999088548,-3.30999992652269,0,,,,,1.720000116,0,43.0000019139915,,,,14.3000001528,0,144.000000036,,10.2399997433867,,9,418.970001253142,0,,,162.990005568533,,,,,,,,15.5699996649352,78.5800018859255
2007-12-01T07:24:36.029Z,,0.019999966893984,,,9.31999967639043,,,,6.19000008786281,0.299999980371672,,1.10000008701677,,28.0100001648,,,,5.40999978912439,,68.1900023908339,,70.639999448258,1.01999999679079,,64.8947391640317,15.3700000000001,78.0199966123891,,,,,4.06000000000009,0,,144.000000036,,,0,,75.0999984251086,,-37.9999997673161,-3.30999992652269,145.00000709553,,0,,,,0.009999983446992,0.309999963818664,,0,0.009999983446992,,0,,,,0,,0,,0,0,1.02999999088548,-3.30999992652269,0,,,,,1.720000116,0,28.0000023687224,,,,14.3000001528,0,144.000000036,,10.2500000448083,,9,418.980010934815,0,,,162.990005568533,,,,,,,,15.5699996649352,78.5800018859255
2007-12-01T07:24:41.040Z,,0.019999966893984,,,9.31999967639043,,,,6.19000008786281,0.299999980371672,,1.10000008701677,,24.180000408,,,,5.40999978912439,,68.1800003405519,,70.639999448258,1.01999999679079,,63.7934477339529,15.3700000000001,78.0199966123891,,,,,4.06000000000009,0,,144.000000036,,,0,,75.0999984251086,,-39.0000015756026,-3.30999992652269,147.000003817346,,0,,,,0.009999983446992,0.309999963818664,,0,0.009999983446992,,0,,,,0,,0,,0,0,1.02999999088548,-3.30999992652269,0,,,,,1.720000116,0,33.9999994289272,,,,14.3000001528,0,144.000000036,,10.2500000448083,,9,418.989990249912,0,,,162.999999987425,,,,,,,,15.5699996649352,78.5800018859255
2007-12-01T07:24:50.026Z,,0.019999966893984,,,9.31999967639043,,,,6.19000008786281,0.299999980371672,,1.10000008701677,,17.0499993264,,,,5.40999978912439,,68.1800003405519,,70.639999448258,1.01999999679079,,60.2754261355462,15.3700000000001,78.0199966123891,,,,,4.06000000000009,0,,144.000000036,,,0,,75.0999984251086,,-36.9999979590295,-3.30999992652269,145.00000709553,,0,,,,0.009999983446992,0.309999963818664,,0,0.009999983446992,,0,,,,0,,0,,0,0,1.02999999088548,-3.30999992652269,0,,,,,1.720000116,0,36.9999979590295,,,,14.3000001528,0,144.000000036,,10.2500000448083,,9,418.980010934815,0,,,162.990005568533,,,,,,,,15.5699996649352,78.5800018859255
2007-12-01T07:24:54.000Z,,0.019999966893984,,,9.31999967639043,,,,6.19000008786281,0.299999980371672,,1.10000008701677,,16.6000005312,,,,5.40999978912439,,68.1800003405519,,70.639999448258,1.01999999679079,,64.1503469112552,15.3700000000001,78.0199966123891,,,,,4.06000000000009,0,,144.000000036,,,0,,75.0999984251086,,-40.9999982974184,-3.30999992652269,132.000004272077,,0,,,,0.009999983446992,0.309999963818664,,0,0.009999983446992,,0,,,,0,,0,,0,0,1.02999999088548,-3.30999992652269,0,,,,,1.720000116,0,43.9999968275208,,,,14.3000001528,0,144.000000036,,10.2500000448083,,9,418.989990249912,0,,,162.990005568533,,,,,,,,15.5699996649352,78.5800018859255
2007-12-01T07:24:59.011Z,,0.019999966893984,,,9.31999967639043,,,,6.19000008786281,0.299999980371672,,1.10000008701677,,16.6000005312,,,,5.40999978912439,,68.1900023908339,,70.639999448258,1.01999999679079,,61.7948009105319,15.3700000000001,78.0199966123891,,,,,4.0700000000001,0,,144.000000036,,,0,,75.0999984251086,,-39.0000015756026,-3.2999999430757,150.000002347448,,0,,,,0.009999983446992,0.309999963818664,,0,0.009999983446992,,0,,,,0,,0,,0,0,1.02999999088548,-3.2999999430757,0,,,,,1.720000116,0,47.9999971659097,,,,14.3000001528,0,144.000000036,,10.2500000448083,,9,418.989990249912,0,,,162.999999987425,,,,,,,,15.5699996649352,78.5800018859255
2007-12-01T07:25:02.986Z,,0.019999966893984,,,9.31999967639043,,,,6.19000008786281,0.299999980371672,,1.10000008701677,,16.6000005312,,,,5.40999978912439,,68.1800003405519,,70.639999448258,1.01999999679079,,61.8253952622961,15.3700000000001,78.0199966123891,,,,,4.06000000000009,0,,144.000000036,,,0,,75.0999984251086,,-40.9999982974184,0,153.99999579108,,0,,,,0.009999983446992,0.309999963818664,,0,0.009999983446992,,0,,,,0,,0,,0,0,1.02999999088548,0,0,,,,,1.720000116,0,36.0000030455003,,,,14.3000001528,0,144.000000036,,10.2500000448083,,9,418.989990249912,0,,,162.990005568533,,,,,,,,15.5699996649352,78.5800018859255
2007-12-01T07:25:07.997Z,,0.019999966893984,,,9.31999967639043,,,,6.19000008786281,0.299999980371672,,1.10000008701677,,16.6000005312,,,,5.40999978912439,,68.1800003405519,,70.639999448258,1.01999999679079,,62.182293986006,15.3700000000001,78.0199966123891,,,,,4.06000000000009,0,,144.000000036,,,0,,75.0999984251086,,-37.9999997673161,0,139.999998054098,,0,,,,0.009999983446992,0.309999963818664,,0,0.009999983446992,,0,,,,0,,0,,0,0,1.02999999088548,0,0,,,,,1.720000116,0,33.9999994289272,,,,14.3000001528,0,144.000000036,,10.2500000448083,,9,418.989990249912,0,,,162.990005568533,,,,,,,,15.5699996649352,78.5800018859255
2007-12-01T07:25:16.982Z,,0.019999966893984,,,9.31999967639043,,,,6.19000008786281,0.299999980371672,,1.10000008701677,,16.6000005312,,,,5.40999978912439,,68.1999969687125,,70.639999448258,1.01999999679079,,62.2332791291711,15.3700000000001,78.0199966123891,,,,,4.06000000000009,0,,144.000000036,,,0,,75.0899963748267,,-39.0000015756026,-0.009999983446992,161.000001554329,,0,,,,0.009999983446992,0.309999963818664,,0,0.009999983446992,,0,,,,0,,0,,0,0,1.02999999088548,-0.009999983446992,0,,,,,1.720000116,0,1.00000180828655,,,,14.3000001528,0,144.000000036,,10.2399997433867,,9,418.989990249912,0,,,162.990005568533,,,,,,,,15.5699996649352,78.5800018859255
2007-12-01T07:25:20.957Z,,0.019999966893984,,,9.31999967639043,,,,6.19000008786281,0.299999980371672,,1.10000008701677,,16.6000005312,,,,5.40999978912439,,68.1999969687125,,70.639999448258,1.01999999679079,,62.3658433136731,15.3700000000001,78.0199966123891,,,,,4.06000000000009,0,,144.000000036,,,0,,75.0999984251086,,-37.9999997673161,0,128.999998847217,,0,,,,0.009999983446992,0.309999963818664,,0,0.009999983446992,,0,,,,0,,0,,0,0,1.02999999088548,0,0,,,,,1.720000116,0,4.00000033838892,,,,14.3000001528,0,144.000000036,,10.2399997433867,,9,418.999999931585,0,,,162.990005568533,,,,,,,,15.5699996649352,78.5800018859255
2007-12-01T07:25:25.968Z,,0.019999966893984,,,9.34000012024632,,,,6.19000008786281,0.299999980371672,,1.09000010356978,,16.6000005312,,,,5.40999978912439,,68.1999969687125,,70.639999448258,1.01999999679079,,62.2332791291711,15.3700000000001,78.0199966123891,,,,,4.0700000000001,0,,144.000000036,,,0,,75.0999984251086,,-40.9999982974184,0,124.999998508828,,0,,,,0.009999983446992,0.309999963818664,,0,0.009999983446992,,0,,,,0,,0,,0,0,1.02999999088548,0,0,,,,,1.720000116,0,28.9999972822517,,,,14.3000001528,0,144.000000036,,10.2399997433867,,9,419.019989087342,0,,,163.009994565303,,,,,,,,15.5699996649352,78.5800018859255
2007-12-01T07:25:30.029Z,,0.019999966893984,,,9.34000012024632,,,,6.19000008786281,0.299999980371672,,1.10000008701677,,16.6000005312,,,,5.40999978912439,,68.1999969687125,,70.639999448258,1.01999999679079,,62.2944637503681,15.3700000000001,78.0299988216583,,,,,4.0700000000001,0,,144.000000036,,,0,,75.0999984251086,,-40.9999982974184,0.019999966893984,129.999993760747,,0,,,,0.009999983446992,0.309999963818664,,0,0.009999983446992,,0,,,,0,,0,,0,0,1.02999999088548,0.019999966893984,0,,,,,1.720000116,0,14.9999995452691,,,,14.3000001528,0,144.000000036,,10.2399997433867,,9,419.010009772245,0,,,163.009994565303,,,,,,,,15.5699996649352,78.5800018859255
2007-12-01T07:25:35.040Z,,0.019999966893984,,,9.34000012024632,,,,6.19000008786281,0.299999980371672,,1.10000008701677,,16.6000005312,,,,5.40999978912439,,68.1999969687125,,70.639999448258,1.01999999679079,,62.3964335831059,15.3700000000001,78.0199966123891,,,,,4.0700000000001,0,,144.000000036,,,0,,75.0999984251086,,-40.9999982974184,0.019999966893984,140.999999862384,,0,,,,0.009999983446992,0.309999963818664,,0,0.009999983446992,,0,,,,0,,0,,0,0,1.02999999088548,0.019999966893984,0,,,,,1.720000116,0,1.00000180828655,,,,14.3000001528,0,144.000000036,,10.2399997433867,,9,419.010009772245,0,,,163.009994565303,,,,,,,,15.5699996649352,78.5800018859255
2007-12-01T07:25:39.014Z,,0.019999966893984,,,9.34000012024632,,,,6.19000008786281,0.299999980371672,,1.10000008701677,,16.6000005312,,,,5.40999978912439,,68.1999969687125,,70.639999448258,1.01999999679079,,62.1618995658661,15.3700000000001,78.0199966123891,,,,,4.06000000000009,0,,144.000000036,,,0,,75.0999984251086,,-40.0000033838892,0.019999966893984,140.999999862384,,0,,,,0.009999983446992,0.309999963818664,,0,0.009999983446992,,0,,,,0,,0,,0,0,1.02999999088548,0.019999966893984,0,,,,,1.720000116,0,10.9999992068802,,,,14.3000001528,0,144.000000036,,10.2399997433867,,9,419.010009772245,0,,,163.009994565303,,,,,,,,15.5699996649352,78.5800018859255
2007-12-01T07:25:44.026Z,,0.019999966893984,,,9.34000012024632,,,,6.19000008786281,0.299999980371672,,1.10000008701677,,16.6000005312,,,,5.40999978912439,,68.1800003405519,,70.639999448258,1.01999999679079,,62.182293986006,15.3700000000001,78.0199966123891,,,,,4.0700000000001,0,,144.000000036,,,0,,75.0999984251086,,-40.0000033838892,0.019999966893984,136.000004610466,,0,,,,0.009999983446992,0.309999963818664,,0,0.009999983446992,,0,,,,0,,0,,0,0,1.02999999088548,0.019999966893984,0,,,,,1.720000116,0,24.9999969438628,,,,14.3000001528,0,144.000000036,,10.2399997433867,,9,418.999999931585,0,,,163.009994565303,,,,,,,,15.5699996649352,78.5800018859255
2007-12-01T07:25:48.000Z,,0.019999966893984,,,9.34000012024632,,,,6.19000008786281,0.299999980371672,,1.10000008701677,,16.6000005312,,,,5.40999978912439,,68.1800003405519,,70.639999448258,1.01999999679079,,62.2128842554388,15.3700000000001,77.9899979339465,,,,,4.0700000000001,0,,144.000000036,,,0,,75.0899963748267,,-36.9999979590295,0.019999966893984,145.00000709553,,0,,,,0.009999983446992,0.309999963818664,,0,0.009999983446992,,0,,,,0,,0,,0,0,1.02999999088548,0.019999966893984,0,,,,,1.720000116,0,24.0000020303335,,,,14.3000001528,0,144.000000036,,10.2399997433867,,9,418.970001253142,0,,,163.009994565303,,,,,,,,15.5699996649352,78.5800018859255
2007-12-01T07:25:53.011Z,,0.019999966893984,,,9.34000012024632,,,,6.19000008786281,0.299999980371672,,1.10000008701677,,16.4199999768,,,,5.40999978912439,,68.1800003405519,,70.639999448258,1.01999999679079,,63.3447700372818,15.3700000000001,77.9899979339465,,,,,4.06000000000009,0,,144.000000036,,,0,,75.0999984251086,,-40.9999982974184,0.019999966893984,123.000001787013,,0,,,,0.009999983446992,0.309999963818664,,0,0.009999983446992,,0,,,,0,,0,,0,0,1.02999999088548,0.019999966893984,0,,,,,1.720000116,0,24.9999969438628,,,,14.3000001528,0,144.000000036,,10.2299996009524,,9,418.959991412483,0,,,163.009994565303,,,,,,,,15.5699996649352,78.5800018859255
2007-12-01T07:25:56.986Z,,0.019999966893984,,,9.34000012024632,,,,6.19000008786281,0.299999980371672,,1.10000008701677,,15.8800001424,,,,5.40999978912439,,68.1800003405519,,70.639999448258,1.01999999679079,,63.2835894984162,15.3700000000001,78.0100021934977,,,,,4.06000000000009,0,,144.000000036,,,0,,75.0999984251086,,-39.0000015756026,0.019999966893984,127.999997038931,,0,,,,0.009999983446992,0.309999963818664,,0,0.009999983446992,,0,,,,0,,0,,0,0,1.02999999088548,0.019999966893984,0,,,,,1.720000116,0,33.9999994289272,,,,14.3000001528,0,144.000000036,,10.2299996009524,,9,418.970001253142,0,,,163.009994565303,,,,,,,,15.5699996649352,78.5800018859255
2007-12-01T07:26:01.997Z,,0.019999966893984,,,9.34000012024632,,,,6.19000008786281,0.299999980371672,,1.10000008701677,,15.3400000032,,,,5.40999978912439,,68.1800003405519,,70.639999448258,1.01999999679079,,63.8954175666907,15.3700000000001,78.0199966123891,,,,,4.06000000000009,0,,144.000000036,,,0,,75.0999984251086,,-39.0000015756026,0.019999966893984,126.000000317115,,0,,,,0.009999983446992,0.309999963818664,,0,0.009999983446992,,0,,,,0,,0,,0,0,1.02999999088548,0.019999966893984,0,,,,,1.720000116,0,23.000000222047,,,,14.3000001528,0,144.000000036,,10.2299996009524,,9,418.989990249912,0,,,163.009994565303,,,,,,,,15.5699996649352,78.5800018859255
2007-12-01T07:26:05.971Z,,0.019999966893984,,,9.34000012024632,,,,6.19000008786281,0.299999980371672,,1.10000008701677,,15.2600003664,,,,5.40999978912439,,68.1800003405519,,70.639999448258,1.01999999679079,,61.713225497934,15.3700000000001,78.0199966123891,,,,,4.0700000000001,0,,144.000000036,,,0,,75.0999984251086,,-35.0000012372137,0.019999966893984,124.000003595299,,0,,,,0.009999983446992,0.309999963818664,,0,0.009999983446992,,0,,,,0,,0,,0,0,1.02999999088548,0.019999966893984,0,,,,,1.720000116,0,17.0000031618422,,,,14.3000001528,0,144.000000036,,10.2299996009524,,9,418.989990249912,0,,,163.009994565303,,,,,,,,15.5699996649352,78.5800018859255
2007-12-01T07:26:10.982Z,,0.019999966893984,,,9.34000012024632,,,,6.19000008786281,0.299999980371672,,1.10000008701677,,15.0200005416,,,,5.40999978912439,,68.1800003405519,,70.639999448258,1.01999999679079,,62.712547095275,15.3700000000001,78.0199966123891,,,,,4.06000000000009,0,,144.000000036,,,0,,75.0899963748267,,-40.0000033838892,0.019999966893984,107.000007328214,,0,,,,0.009999983446992,0.309999963818664,,0,0.009999983446992,,0,,,,0,,0,,0,0,1.02999999088548,0.019999966893984,0,,,,,1.720000116,0,10.9999992068802,,,,14.3000001528,0,144.000000036,,10.2399997433867,,9,418.989990249912,0,,,163.009994565303,,,,,,,,15.5699996649352,78.5800018859255
2007-12-01T07:26:15.043Z,,0.019999966893984,,,9.34000012024632,,,,6.19000008786281,0.299999980371672,,1.10000008701677,,15.0200005416,,,,5.40999978912439,,68.1800003405519,,70.639999448258,1.01999999679079,,62.7941261366119,15.3700000000001,78.0199966123891,,,,,4.06000000000009,0,,144.000000036,,,0,,75.0899963748267,,-40.0000033838892,0.009999983446992,120.00000325691,,0,,,,0.009999983446992,0.309999963818664,,0,0.009999983446992,,0,,,,0,,0,,0,0,1.02999999088548,0.009999983446992,0,,,,,1.720000116,0,39.0000015756026,,,,14.3000001528,0,144.000000036,,10.2399997433867,,9,418.989990249912,0,,,163.009994565303,,,,,,,,15.5699996649352,78.5800018859255
2007-12-01T07:26:19.968Z,,0.019999966893984,,,9.34000012024632,,,,6.19000008786281,0.299999980371672,,1.10000008701677,,15.0200005416,,,,5.40999978912439,,68.1800003405519,,70.639999448258,1.01999999679079,,62.712547095275,15.3700000000001,78.0199966123891,,,,,4.06000000000009,0,,144.000000036,,,0,,75.0899963748267,,-40.9999982974184,0.009999983446992,126.999995230644,,0,,,,0.009999983446992,0.309999963818664,,0,0.009999983446992,,0,,,,0,,0,,0,0,1.02999999088548,0.009999983446992,0,,,,,1.720000116,0,28.0000023687224,,,,14.3000001528,0,144.000000036,,10.2399997433867,,9,418.999999931585,0,,,163.009994565303,,,,,,,,15.5699996649352,78.5800018859255
2007-12-01T07:26:24.029Z,,0.019999966893984,,,9.34000012024632,,,,6.19000008786281,0.299999980371672,,1.10000008701677,,15.0200005416,,,,5.40999978912439,,68.1800003405519,,70.639999448258,1.01999999679079,,62.9674759862471,15.3700000000001,78.0199966123891,,,,,4.06000000000009,0,,144.000000036,,,0,,75.0899963748267,,-37.9999997673161,0.019999966893984,119.000008343381,,0,,,,0.009999983446992,0.309999963818664,,0,0.009999983446992,,0,,,,0,,0,,0,0,1.02999999088548,0.019999966893984,0,,,,,1.720000116,0,50.9999956960121,,,,14.3000001528,0,144.000000036,,10.2399997433867,,9,418.989990249912,0,,,163.009994565303,,,,,,,,15.5699996649352,78.5800018859255
2007-12-01T07:26:29.040Z,,0.009999983446992,,,9.34000012024632,,,,6.19000008786281,0.299999980371672,,1.10000008701677,,15.0200005416,,,,5.40999978912439,,68.1800003405519,,70.639999448258,1.01999999679079,,62.6615619521099,15.3700000000001,78.0299988216583,,,,,4.06000000000009,0,,144.000000036,,,0,,75.0899963748267,,-43.0000019139915,0.009999983446992,135.000002802179,,0,,,,0.009999983446992,0.309999963818664,,0,0.009999983446992,,0,,,,0,,0,,0,0,1.02999999088548,0.009999983446992,0,,,,,1.720000116,0,47.0000022523805,,,,14.3000001528,0,144.000000036,,10.2399997433867,,9,418.989990249912,0,,,163.009994565303,,,,,,,,15.5699996649352,78.5800018859255
2007-12-01T07:26:33.014Z,,0.019999966893984,,,9.34000012024632,,,,6.19000008786281,0.299999980371672,,1.10000008701677,,15.0200005416,,,,5.40999978912439,,68.1800003405519,,70.639999448258,1.01999999679079,,62.6921522215427,15.3700000000001,78.0199966123891,,,,,4.06000000000009,0,,144.000000036,,,0,,75.0899963748267,,-40.9999982974184,0.019999966893984,111.000000771846,,0,,,,0.009999983446992,0.309999963818664,,0,0.009999983446992,,0,,,,0,,0,,0,0,1.02999999088548,0.019999966893984,0,,,,,1.720000116,0,20.9999966054739,,,,14.3000001528,0,144.000000036,,10.2399997433867,,9,418.989990249912,0,,,163.009994565303,,,,,,,,15.5699996649352,78.5800018859255
2007-12-01T07:26:38.026Z,,0.019999966893984,,,9.34000012024632,,,,6.19000008786281,0.299999980371672,,1.10000008701677,,15.0200005416,,,,5.40999978912439,,68.1800003405519,,70.639999448258,1.01999999679079,,62.9266866923749,15.3700000000001,78.0199966123891,,,,,4.06000000000009,0,,144.000000036,,,0,,75.0999984251086,,-39.0000015756026,0.019999966893984,100.999996478495,,0,,,,0.009999983446992,0.309999963818664,,0,0.009999983446992,,0,,,,0,,0,,0,0,1.02999999088548,0.019999966893984,0,,,,,1.720000116,0,43.0000019139915,,,,14.3000001528,0,144.000000036,,10.2399997433867,,9,418.999999931585,0,,,163.009994565303,,,,,,,,15.5699996649352,78.5800018859255
2007-12-01T07:26:42.000Z,,0.019999966893984,,,9.34000012024632,,,,6.19000008786281,0.299999980371672,,1.10000008701677,,15.0200005416,,,,5.40999978912439,,68.1900023908339,,70.639999448258,1.01999999679079,,62.7329419690073,15.3700000000001,78.0199966123891,,,,,4.0700000000001,0,,144.000000036,,,0,,75.0999984251086,,-39.0000015756026,0.019999966893984,159.000004832513,,0,,,,0.009999983446992,0.309999963818664,,0,0.009999983446992,,0,,,,0,,0,,0,0,1.02999999088548,0.019999966893984,0,,,,,1.720000116,0,18.999999883658,,,,14.3000001528,0,144.000000036,,10.2399997433867,,9,418.999999931585,0,,,163.009994565303,,,,,,,,15.5699996649352,78.5800018859255
2007-12-01T07:26:47.011Z,,0.019999966893984,,,9.34000012024632,,,,6.19000008786281,0.309999963818664,,1.10000008701677,,15.0200005416,,,,5.40999978912439,,68.1800003405519,,70.639999448258,1.01999999679079,,62.8145173816052,15.3700000000001,78.0299988216583,,,,,4.06000000000009,0,,144.000000036,,,0,,75.0999984251086,,-40.0000033838892,0.019999966893984,123.000001787013,,0,,,,0.009999983446992,0.309999963818664,,0,0.009999983446992,,0,,,,0,,0,,0,0,1.02999999088548,0.019999966893984,0,,,,,1.720000116,0,29.9999990905382,,,,14.3000001528,0,144.000000036,,10.2299996009524,,9,418.999999931585,0,,,163.009994565303,,,,,,,,15.5699996649352,78.5800018859255
2007-12-01T07:26:50.986Z,,0.019999966893984,,,9.34000012024632,,,,6.19000008786281,0.319999947265656,,1.10000008701677,,15.0200005416,,,,5.40999978912439,,68.1800003405519,,70.639999448258,1.01999999679079,,62.712547095275,15.3700000000001,78.0199966123891,,,,,4.06000000000009,0,,144.000000036,,,0,,75.0999984251086,,-40.9999982974184,0.019999966893984,114.999994215477,,0,,,,0.009999983446992,0.309999963818664,,0,0.009999983446992,,0,,,,0,,0,,0,0,1.02999999088548,0.019999966893984,0,,,,,1.720000116,0,23.000000222047,,,,14.3000001528,0,144.000000036,,10.2200002534547,,9,418.999999931585,0,,,163.009994565303,,,,,,,,15.5699996649352,78.5899963048168
2007-12-01T07:26:55.997Z,,0.019999966893984,,,9.34000012024632,,,,6.19000008786281,0.319999947265656,,1.10000008701677,,15.0200005416,,,,5.40999978912439,,68.1800003405519,,70.639999448258,1.01999999679079,,62.7329419690073,15.3700000000001,78.0199966123891,,,,,4.0700000000001,0,,144.000000036,,,0,,75.0999984251086,,-40.9999982974184,0.039999933787968,100.000001564966,,0,,,,0.009999983446992,0.309999963818664,,0,0.009999983446992,,0,,,,0,,0,,0,0,1.02999999088548,0.039999933787968,0,,,,,1.720000116,0,20.9999966054739,,,,14.3000001528,0,144.000000036,,10.2200002534547,,9,419.019989087342,0,,,163.039993243746,,,,,,,,15.5600004764247,78.610000564368
2007-12-01T07:26:59.971Z,,0.019999966893984,,,9.34000012024632,,,,6.19000008786281,0.319999947265656,,1.10000008701677,,15.0200005416,,,,5.40999978912439,,68.1800003405519,,70.639999448258,1.01999999679079,,62.6921522215427,15.3700000000001,78.0199966123891,,,,,4.06000000000009,0,,144.000000036,,,0,,75.0999984251086,,-42.000000105705,0.050000076222264,128.999998847217,,0,,,,0.009999983446992,0.309999963818664,,0,0.009999983446992,,0,,,,0,,0,,0,0,1.02999999088548,0.050000076222264,0,,,,,1.720000116,0,18.999999883658,,,,14.3000001528,0,144.000000036,,10.2100001110204,,9,419.019989087342,0,,,163.039993243746,,,,,,,,15.5699996649352,78.5899963048168
2007-12-01T07:27:04.982Z,,0.019999966893984,,,9.34000012024632,,,,6.19000008786281,0.319999947265656,,1.10000008701677,,15.0200005416,,,,5.40999978912439,,68.1900023908339,,70.639999448258,1.01999999679079,,62.7941261366119,15.3700000000001,78.0199966123891,,,,,4.0700000000001,0,,144.000000036,,,0,,75.0899963748267,,-40.9999982974184,0.019999966893984,116.999997832051,,0,,,,0.009999983446992,0.309999963818664,,0,0.009999983446992,,0,,,,0,,0,,0,0,1.02999999088548,0.019999966893984,0,,,,,1.720000116,0,23.000000222047,,,,14.3000001528,0,144.000000036,,10.2200002534547,,9,418.989990249912,0,,,163.009994565303,,,,,,,,15.5699996649352,78.5800018859255
2007-12-01T07:27:09.043Z,,0.019999966893984,,,9.34000012024632,,,,6.19000008786281,0.319999947265656,,1.09000010356978,,15.0200005416,,,,5.40999978912439,,68.1800003405519,,70.639999448258,1.01999999679079,,62.6411670783776,15.3700000000001,78.0199966123891,,,,,4.06000000000009,0,,144.000000036,,,0,,75.0899963748267,,-40.9999982974184,0.019999966893984,129.999993760747,,0,,,,0.009999983446992,0.309999963818664,,0,0.009999983446992,,0,,,,0,,0,,0,0,1.02999999088548,0.019999966893984,0,,,,,1.720000116,0,17.9999980753715,,,,14.3000001528,0,144.000000036,,10.2200002534547,,9,418.980010934815,0,,,163.009994565303,,,,,,,,15.5699996649352,78.5800018859255
2007-12-01T07:27:13.968Z,,0.019999966893984,,,9.34000012024632,,,,6.19000008786281,0.319999947265656,,1.10000008701677,,15.0200005416,,,,5.40999978912439,,68.1800003405519,,70.639999448258,1.01999999679079,,62.7839271121724,15.3700000000001,78.0199966123891,,,,,4.06000000000009,0,,144.000000036,,,0,,75.0999984251086,,-40.9999982974184,0.009999983446992,136.999999523995,,0,,,,0.009999983446992,0.309999963818664,,0,0.009999983446992,,0,,,,0,,0,,0,0,1.02999999088548,0.009999983446992,0,,,,,1.720000116,0,2.99999853010237,,,,14.3000001528,0,144.000000036,,10.2200002534547,,9,418.989990249912,0,,,163.009994565303,,,,,,,,15.5699996649352,78.5800018859255
2007-12-01T07:27:18.029Z,,0.019999966893984,,,9.34000012024632,,,,6.19000008786281,0.319999947265656,,1.10000008701677,,15.0200005416,,,,5.40999978912439,,68.1999969687125,,70.639999448258,1.01999999679079,,62.7839271121724,15.3700000000001,78.0299988216583,,,,,4.06000000000009,0,,144.000000036,,,0,,75.0999984251086,,-37.9999997673161,0.019999966893984,124.999998508828,,0,,,,0.009999983446992,0.309999963818664,,0,0.009999983446992,,0,,,,0,,0,,0,0,1.02999999088548,0.019999966893984,0,,,,,1.720000116,0,-8.00000067677784,,,,14.3000001528,0,144.000000036,,10.2200002534547,,9,419.010009772245,0,,,163.009994565303,,,,,,,,15.5699996649352,78.5800018859255
2007-12-01T07:27:23.040Z,,0.019999966893984,,,9.34000012024632,,,,6.19000008786281,0.309999963818664,,1.10000008701677,,15.0200005416,,,,5.40999978912439,,68.1999969687125,,70.639999448258,1.01999999679079,,62.7941261366119,15.3700000000001,78.0199966123891,,,,,4.06000000000009,0,,144.000000036,,,0,,75.0999984251086,,-39.0000015756026,0.019999966893984,139.999998054098,,0,,,,0.009999983446992,0.309999963818664,,0,0.009999983446992,,0,,,,0,,0,,0,0,1.02999999088548,0.019999966893984,0,,,,,1.720000116,0,4.00000033838892,,,,14.3000001528,0,144.000000036,,10.2200002534547,,9,419.010009772245,0,,,163.009994565303,,,,,,,,15.5699996649352,78.5800018859255
2007-12-01T07:27:27.014Z,,0.019999966893984,,,9.34000012024632,,,,6.19000008786281,0.309999963818664,,1.10000008701677,,15.0200005416,,,,5.40999978912439,,68.1999969687125,,70.639999448258,1.01999999679079,,62.7941261366119,15.3700000000001,78.0199966123891,,,,,4.0700000000001,0,,144.000000036,,,0,,75.0899963748267,,-39.0000015756026,0.019999966893984,114.999994215477,,0,,,,0.009999983446992,0.309999963818664,,0,0.009999983446992,,0,,,,0,,0,,0,0,1.02999999088548,0.019999966893984,0,,,,,1.720000116,0,27.0000005604359,,,,14.3000001528,0,144.000000036,,10.2200002534547,,9,419.010009772245,0,,,163.009994565303,,,,,,,,15.5699996649352,78.5800018859255
2007-12-01T07:27:32.026Z,,0.019999966893984,,,9.34000012024632,,,,6.19000008786281,0.319999947265656,,1.10000008701677,,15.0200005416,,,,5.40999978912439,,68.1999969687125,,70.639999448258,1.01999999679079,,62.7635322384401,15.3700000000001,78.0299988216583,,,,,4.06000000000009,0,,144.000000036,,,0,,75.0999984251086,,-40.0000033838892,0.009999983446992,127.999997038931,,0,,,,0.009999983446992,0.309999963818664,,0,0.009999983446992,,0,,,,0,,0,,0,0,1.02999999088548,0.009999983446992,0,,,,,1.720000116,0,24.0000020303335,,,,14.3000001528,0,144.000000036,,10.2200002534547,,9,419.010009772245,0,,,163.009994565303,,,,,,,,15.5699996649352,78.5800018859255
2007-12-01T07:27:36.000Z,,0.019999966893984,,,9.34000012024632,,,,6.19000008786281,0.309999963818664,,1.10000008701677,,15.0200005416,,,,5.40999978912439,,68.1999969687125,,70.639999448258,1.01999999679079,,62.7635322384401,15.3700000000001,78.0199966123891,,,,,4.0700000000001,0,,144.000000036,,,0,,75.0999984251086,,-39.0000015756026,0.009999983446992,113.999999301948,,0,,,,0.009999983446992,0.309999963818664,,0,0.009999983446992,,0,,,,0,,0,,0,0,1.02999999088548,0.009999983446992,0,,,,,1.720000116,0,23.000000222047,,,,14.3000001528,0,144.000000036,,10.2200002534547,,9,418.999999931585,0,,,163.009994565303,,,,,,,,15.5699996649352,78.5800018859255
2007-12-01T07:27:41.011Z,,0.019999966893984,,,9.34000012024632,,,,6.19000008786281,0.319999947265656,,1.10000008701677,,15.0200005416,,,,5.40999978912439,,68.1800003405519,,70.639999448258,1.01999999679079,,62.7941261366119,15.3700000000001,78.0199966123891,,,,,4.0700000000001,0,,144.000000036,,,0,,75.0899963748267,,-40.9999982974184,0.009999983446992,144.000005287244,,0,,,,0.009999983446992,0.309999963818664,,0,0.009999983446992,,0,,,,0,,0,,0,0,1.02999999088548,0.009999983446992,0,,,,,1.720000116,0,25.9999987521493,,,,14.3000001528,0,144.000000036,,10.2299996009524,,9,418.999999931585,0,,,163.009994565303,,,,,,,,15.5699996649352,78.5800018859255
2007-12-01T07:27:44.986Z,,0.019999966893984,,,9.34000012024632,,,,6.19000008786281,0.319999947265656,,1.10000008701677,,15.0200005416,,,,5.40999978912439,,68.1800003405519,,70.639999448258,1.01999999679079,,62.7431373647078,15.3700000000001,78.0199966123891,,,,,4.06000000000009,0,,144.000000036,,,0,,75.0999984251086,,-43.0000019139915,0.009999983446992,112.999997493662,,0,,,,0.009999983446992,0.309999963818664,,0,0.009999983446992,,0,,,,0,,0,,0,0,1.02999999088548,0.009999983446992,0,,,,,1.720000116,0,-9.00000248506439,,,,14.3000001528,0,144.000000036,,10.2399997433867,,9,418.999999931585,0,,,163.009994565303,,,,,,,,15.5699996649352,78.5800018859255
2007-12-01T07:27:49.997Z,,0.019999966893984,,,9.34000012024632,,,,6.19000008786281,0.319999947265656,,1.09000010356978,,15.0200005416,,,,5.40999978912439,,68.1900023908339,,70.639999448258,1.01999999679079,,62.8655061535093,15.3700000000001,78.0199966123891,,,,,4.0700000000001,0,,144.000000036,,,0,,75.0999984251086,,-40.9999982974184,0.019999966893984,120.00000325691,,0,,,,0.009999983446992,0.309999963818664,,0,0.009999983446992,,0,,,,0,,0,,0,0,1.02999999088548,0.019999966893984,0,,,,,1.720000116,0,-5.99999706020473,,,,14.3000001528,0,144.000000036,,10.2299996009524,,9,419.010009772245,0,,,163.009994565303,,,,,,,,15.5699996649352,78.5800018859255
2007-12-01T07:27:53.971Z,,0.019999966893984,,,9.34000012024632,,,,6.19000008786281,0.319999947265656,,1.10000008701677,,15.0200005416,,,,5.40999978912439,,68.1900023908339,,70.639999448258,1.01999999679079,,62.7839271121724,15.3700000000001,78.0199966123891,,,,,4.06000000000009,0,,144.000000036,,,0,,75.0999984251086,,-42.000000105705,0.019999966893984,109.999998963559,,0,,,,0.009999983446992,0.309999963818664,,0,0.009999983446992,,0,,,,0,,0,,0,0,1.02999999088548,0.019999966893984,0,,,,,1.720000116,0,21.9999984137604,,,,14.3000001528,0,144.000000036,,10.2299996009524,,9,418.999999931585,0,,,163.009994565303,,,,,,,,15.5699996649352,78.5800018859255
2007-12-01T07:27:58.982Z,,0.019999966893984,,,9.34000012024632,,,,6.19000008786281,0.309999963818664,,1.10000008701677,,15.0200005416,,,,5.40999978912439,,68.1999969687125,,70.639999448258,1.01999999679079,,62.6819568258422,15.3700000000001,78.0199966123891,,,,,4.06000000000009,0,,144.000000036,,,0,,75.0899963748267,,-42.000000105705,0.019999966893984,126.999995230644,,0,,,,0.009999983446992,0.309999963818664,,0,0.009999983446992,,0,,,,0,,0,,0,0,1.02999999088548,0.019999966893984,0,,,,,1.720000116,0,32.0000027071113,,,,14.3000001528,0,144.000000036,,10.2299996009524,,9,419.010009772245,0,,,163.009994565303,,,,,,,,15.5699996649352,78.5800018859255
2007-12-01T07:28:03.043Z,,0.019999966893984,,,9.34000012024632,,,,6.19000008786281,0.309999963818664,,1.10000008701677,,15.0200005416,,,,5.40999978912439,,68.1999969687125,,70.639999448258,1.01999999679079,,62.6615619521099,15.3700000000001,78.0199966123891,,,,,4.06000000000009,0,,144.000000036,,,0,,75.1100006343779,,-40.9999982974184,0.019999966893984,134.000000993893,,0,,,,0.009999983446992,0.309999963818664,,0,0.009999983446992,,0,,,,0,,0,,0,0,1.02999999088548,0.019999966893984,0,,,,,1.720000116,0,18.999999883658,,,,14.3000001528,0,144.000000036,,10.2200002534547,,9,419.019989087342,0,,,163.020004246976,,,,,,,,15.5699996649352,78.5999985140861
2007-12-01T07:28:07.968Z,,0.019999966893984,,,9.31999967639043,,,,6.19000008786281,0.319999947265656,,1.10000008701677,,15.0200005416,,,,5.40999978912439,,68.1999969687125,,70.639999448258,1.01999999679079,,62.6411670783776,15.3700000000001,78.0199966123891,,,,,4.06000000000009,0,,144.000000036,,,0,,75.1100006343779,,-42.000000105705,0.060000059669256,123.000001787013,,0,,,,0.009999983446992,0.309999963818664,,0,0.009999983446992,,0,,,,0,,0,,0,0,1.02999999088548,0.060000059669256,0,,,,,1.720000116,0,16.0000013535557,,,,14.3000001528,0,144.000000036,,10.2200002534547,,9,419.049987765785,0,,,163.050003084406,,,,,,,,15.5699996649352,78.610000564368
2007-12-01T07:28:17.040Z,,0.019999966893984,,,9.31999967639043,,,,6.19000008786281,0.319999947265656,,1.10000008701677,,15.0200005416,,,,5.40999978912439,,68.1999969687125,,70.639999448258,1.01999999679079,,62.6921522215427,15.3700000000001,78.0199966123891,,,,,4.06000000000009,0,,144.000000036,,,0,,75.1100006343779,,-40.0000033838892,0.039999933787968,105.999991730413,,0,,,,0.009999983446992,0.309999963818664,,0,0.009999983446992,,0,,,,0,,0,,0,0,1.02999999088548,0.039999933787968,0,,,,,1.720000116,0,1.99999672181581,,,,14.3000001528,0,144.000000036,,10.2299996009524,,9,419.049987765785,0,,,163.039993243746,,,,,,,,15.5699996649352,78.5999985140861
2007-12-01T07:28:21.014Z,,0.019999966893984,,,9.31999967639043,,,,6.19000008786281,0.319999947265656,,1.10000008701677,,15.0200005416,,,,5.40999978912439,,68.1999969687125,,70.639999448258,1.01999999679079,,62.6003777845053,15.3700000000001,78.0199966123891,,,,,4.06000000000009,0,,144.000000036,,,0,,75.1100006343779,,-40.0000033838892,0.039999933787968,109.999998963559,,0,,,,0.009999983446992,0.309999963818664,,0,0.009999983446992,,0,,,,0,,0,,0,0,1.02999999088548,0.039999933787968,0,,,,,1.720000116,0,32.0000027071113,,,,14.3000001528,0,144.000000036,,10.2299996009524,,9,419.049987765785,0,,,163.039993243746,,,,,,,,15.5699996649352,78.5999985140861
2007-12-01T07:28:26.026Z,,0.019999966893984,,,9.31999967639043,,,,6.19000008786281,0.319999947265656,,1.10000008701677,,15.0200005416,,,,5.40999978912439,,68.1999969687125,,70.639999448258,1.01999999679079,,62.6411670783776,15.3700000000001,78.0299988216583,,,,,4.0700000000001,0,,144.000000036,,,0,,75.0999984251086,,-40.9999982974184,0.039999933787968,117.99999274558,,0,,,,0.009999983446992,0.309999963818664,,0,0.009999983446992,,0,,,,0,,0,,0,0,1.02999999088548,0.039999933787968,0,,,,,1.720000116,0,13.0000028234533,,,,14.3000001528,0,144.000000036,,10.2299996009524,,9,419.040008609675,0,,,163.029998824854,,,,,,,,15.5699996649352,78.5999985140861
2007-12-01T07:28:30.000Z,,0.019999966893984,,,9.31999967639043,,,,6.19000008786281,0.309999963818664,,1.10000008701677,,15.0200005416,,,,5.40999978912439,,68.1999969687125,,70.639999448258,1.01999999679079,,62.8145173816052,15.3700000000001,78.0299988216583,,,,,4.06000000000009,0,,144.000000036,,,0,,75.0999984251086,,-40.9999982974184,0.019999966893984,98.9999997566791,,0,,,,0.009999983446992,0.309999963818664,,0,0.009999983446992,,0,,,,0,,0,,0,0,1.02999999088548,0.019999966893984,0,,,,,1.720000116,0,9.00000248506439,,,,14.3000001528,0,144.000000036,,10.2299996009524,,9,419.010009772245,0,,,162.999999987425,,,,,,,,15.5699996649352,78.5800018859255
2007-12-01T07:28:35.011Z,,0.019999966893984,,,9.31999967639043,,,,6.19000008786281,0.299999980371672,,1.10000008701677,,15.0200005416,,,,5.40999978912439,,68.1999969687125,,70.639999448258,1.01999999679079,,62.712547095275,15.3700000000001,78.0299988216583,,,,,4.06000000000009,0,,144.000000036,,,0,,75.0999984251086,,-39.0000015756026,0,124.000003595299,,0,,,,0.009999983446992,0.309999963818664,,0,0.009999983446992,,0,,,,0,,0,,0,0,1.02999999088548,0,0,,,,,1.720000116,0,1.00000180828655,,,,14.3000001528,0,144.000000036,,10.2299996009524,,9,418.989990249912,0,,,162.990005568533,,,,,,,,15.5699996649352,78.5800018859255
2007-12-01T07:28:43.997Z,,0.019999966893984,,,9.34000012024632,,,,6.19000008786281,0.299999980371672,,1.10000008701677,,15.0200005416,,,,5.40999978912439,,68.1999969687125,,70.639999448258,1.01999999679079,,62.7635322384401,15.3700000000001,78.0199966123891,,,,,4.06000000000009,0,,144.000000036,,,0,,75.0999984251086,,-39.0000015756026,0,115.999996023764,,0,,,,0.009999983446992,0.309999963818664,,0,0.009999983446992,,0,,,,0,,0,,0,0,1.02999999088548,0,0,,,,,1.720000116,0,-13.9999977369826,,,,14.3000001528,0,144.000000036,,10.2399997433867,,9,418.999999931585,0,,,163.009994565303,,,,,,,,15.5699996649352,78.5800018859255
2007-12-01T07:28:47.971Z,,0.019999966893984,,,9.34000012024632,,,,6.19000008786281,0.299999980371672,,1.10000008701677,,15.0200005416,,,,5.40999978912439,,68.1900023908339,,70.639999448258,1.01999999679079,,62.712547095275,15.3700000000001,78.0199966123891,,,,,4.06000000000009,0,,144.000000036,,,0,,75.0999984251086,,-39.0000015756026,0.019999966893984,127.999997038931,,0,,,,0.009999983446992,0.309999963818664,,0,0.009999983446992,,0,,,,0,,0,,0,0,1.02999999088548,0.019999966893984,0,,,,,1.720000116,0,-5.99999706020473,,,,14.3000001528,0,144.000000036,,10.2399997433867,,9,418.999999931585,0,,,163.009994565303,,,,,,,,15.5699996649352,78.5800018859255
2007-12-01T07:28:52.982Z,,0.019999966893984,,,9.34000012024632,,,,6.19000008786281,0.299999980371672,,1.10000008701677,,15.0200005416,,,,5.40999978912439,,68.1800003405519,,70.639999448258,1.01999999679079,,62.7329419690073,15.3700000000001,78.0199966123891,,,,,4.0700000000001,0,,144.000000036,,,0,,75.0999984251086,,-43.0000019139915,0.019999966893984,104.999996816884,,0,,,,0.009999983446992,0.309999963818664,,0,0.009999983446992,,0,,,,0,,0,,0,0,1.02999999088548,0.019999966893984,0,,,,,1.720000116,0,12.0000010151668,,,,14.3000001528,0,144.000000036,,10.2399997433867,,9,418.999999931585,0,,,163.009994565303,,,,,,,,15.5699996649352,78.5800018859255
2007-12-01T07:28:57.043Z,,0.019999966893984,,,9.34000012024632,,,,6.19000008786281,0.299999980371672,,1.10000008701677,,15.0200005416,,,,5.40999978912439,,68.1800003405519,,70.639999448258,1.01999999679079,,62.7635322384401,15.3700000000001,78.0199966123891,,,,,4.06000000000009,0,,144.000000036,,,0,,75.0999984251086,,-40.9999982974184,0.019999966893984,124.999998508828,,0,,,,0.009999983446992,0.309999963818664,,0,0.009999983446992,,0,,,,0,,0,,0,0,1.02999999088548,0.019999966893984,0,,,,,1.720000116,0,13.9999977369826,,,,14.3000001528,0,144.000000036,,10.2399997433867,,9,418.999999931585,0,,,163.009994565303,,,,,,,,15.5699996649352,78.5800018859255
2007-12-01T07:29:01.968Z,,0.019999966893984,,,9.34000012024632,,,,6.19000008786281,0.299999980371672,,1.10000008701677,,15.0200005416,,,,5.40999978912439,,68.1800003405519,,70.639999448258,1.01999999679079,,62.6819568258422,15.3700000000001,77.9999999842285,,,,,4.0700000000001,0,,144.000000036,,,0,,75.0899963748267,,-36.9999979590295,0.019999966893984,109.999998963559,,0,,,,0.009999983446992,0.309999963818664,,0,0.009999983446992,,0,,,,0,,0,,0,0,1.02999999088548,0.019999966893984,0,,,,,1.720000116,0,8.00000067677784,,,,14.3000001528,0,144.000000036,,10.2399997433867,,9,418.980010934815,0,,,163.009994565303,,,,,,,,15.5699996649352,78.5800018859255
2007-12-01T07:29:11.040Z,,0.019999966893984,,,9.34000012024632,,,,6.19000008786281,0.299999980371672,,1.10000008701677,,15.0200005416,,,,5.40999978912439,,68.1900023908339,,70.639999448258,1.01999999679079,,62.712547095275,15.3700000000001,77.9899979339465,,,,,4.06000000000009,0,,144.000000036,,,0,,75.0899963748267,,-39.0000015756026,0.019999966893984,116.999997832051,,0,,,,0.009999983446992,0.309999963818664,,0,0.009999983446992,,0,,,,0,,0,,0,0,1.02999999088548,0.019999966893984,0,,,,,1.720000116,0,1.00000180828655,,,,14.3000001528,0,144.000000036,,10.2399997433867,,9,418.959991412483,0,,,163.009994565303,,,,,,,,15.5699996649352,78.5800018859255
2007-12-01T07:29:15.014Z,,0.019999966893984,,,9.34000012024632,,,,6.19000008786281,0.299999980371672,,1.10000008701677,,15.0200005416,,,,5.40999978912439,,68.1900023908339,,70.639999448258,1.01999999679079,,62.7941261366119,15.3700000000001,77.9899979339465,,,,,4.06000000000009,0,,144.000000036,,,0,,75.0899963748267,,-40.0000033838892,0.019999966893984,105.999991730413,,0,,,,0.009999983446992,0.309999963818664,,0,0.009999983446992,,0,,,,0,,0,,0,0,1.02999999088548,0.019999966893984,0,,,,,1.720000116,0,9.99999739859365,,,,14.3000001528,0,144.000000036,,10.2399997433867,,9,418.970001253142,0,,,163.009994565303,,,,,,,,15.5699996649352,78.5800018859255
2007-12-01T07:29:20.026Z,,0.019999966893984,,,9.34000012024632,,,,6.19000008786281,0.299999980371672,,1.10000008701677,,15.0200005416,,,,5.40999978912439,,68.1800003405519,,70.639999448258,1.01999999679079,,62.8247164060447,15.3700000000001,77.9899979339465,,,,,4.06000000000009,0,,144.000000036,,,0,,75.0899963748267,,-39.0000015756026,0.019999966893984,116.999997832051,,0,,,,0.009999983446992,0.309999963818664,,0,0.009999983446992,,0,,,,0,,0,,0,0,1.02999999088548,0.019999966893984,0,,,,,1.720000116,0,18.999999883658,,,,14.3000001528,0,144.000000036,,10.2299996009524,,9,418.959991412483,0,,,163.009994565303,,,,,,,,15.5699996649352,78.5800018859255
2007-12-01T07:29:24.000Z,,0.019999966893984,,,9.34000012024632,,,,6.19000008786281,0.299999980371672,,1.10000008701677,,15.0200005416,,,,5.40999978912439,,68.1800003405519,,70.639999448258,1.01999999679079,,62.7839271121724,15.3700000000001,77.9899979339465,,,,,4.06000000000009,0,,144.000000036,,,0,,75.0999984251086,,-43.0000019139915,0.019999966893984,113.999999301948,,0,,,,0.009999983446992,0.309999963818664,,0,0.009999983446992,,0,,,,0,,0,,0,0,1.02999999088548,0.019999966893984,0,,,,,1.720000116,0,8.00000067677784,,,,14.3000001528,0,144.000000036,,10.2299996009524,,9,418.959991412483,0,,,163.009994565303,,,,,,,,15.5699996649352,78.5800018859255
2007-12-01T07:29:29.011Z,,0.019999966893984,,,9.34000012024632,,,,6.19000008786281,0.299999980371672,,1.10000008701677,,15.0200005416,,,,5.40999978912439,,68.1800003405519,,70.639999448258,1.01999999679079,,62.6411670783776,15.3700000000001,77.9999999842285,,,,,4.06000000000009,0,,144.000000036,,,0,,75.0899963748267,,-40.9999982974184,0.019999966893984,117.99999274558,,0,,,,0.009999983446992,0.309999963818664,,0,0.009999983446992,,0,,,,0,,0,,0,0,1.02999999088548,0.019999966893984,0,,,,,1.720000116,0,13.0000028234533,,,,14.3000001528,0,144.000000036,,10.2399997433867,,9,418.959991412483,0,,,163.009994565303,,,,,,,,15.5699996649352,78.5800018859255
2007-12-01T07:29:32.986Z,,0.019999966893984,,,9.34000012024632,,,,6.19000008786281,0.299999980371672,,1.10000008701677,,15.0200005416,,,,5.40999978912439,,68.1800003405519,,70.639999448258,1.01999999679079,,62.7635322384401,15.3700000000001,77.9999999842285,,,,,4.06000000000009,0,,144.000000036,,,0,,75.0999984251086,,-40.9999982974184,0.019999966893984,120.00000325691,,0,,,,0.009999983446992,0.309999963818664,,0,0.009999983446992,,0,,,,0,,0,,0,0,1.02999999088548,0.019999966893984,0,,,,,1.720000116,0,23.000000222047,,,,14.3000001528,0,144.000000036,,10.2399997433867,,9,418.970001253142,0,,,163.009994565303,,,,,,,,15.5699996649352,78.5800018859255
2007-12-01T07:29:37.997Z,,0.019999966893984,,,9.34000012024632,,,,6.19000008786281,0.299999980371672,,1.10000008701677,,15.0200005416,,,,5.40999978912439,,68.1800003405519,,70.639999448258,1.01999999679079,,62.8247164060447,15.3700000000001,77.9899979339465,,,,,4.0700000000001,0,,144.000000036,,,0,,75.0899963748267,,-40.9999982974184,0.019999966893984,111.000000771846,,0,,,,0.009999983446992,0.309999963818664,,0,0.009999983446992,,0,,,,0,,0,,0,0,1.02999999088548,0.019999966893984,0,,,,,1.720000116,0,14.9999995452691,,,,14.3000001528,0,144.000000036,,10.2399997433867,,9,418.970001253142,0,,,163.020004246976,,,,,,,,15.5699996649352,78.5899963048168
2007-12-01T07:29:41.971Z,,0.019999966893984,,,9.34000012024632,,,,6.19000008786281,0.299999980371672,,1.10000008701677,,15.0200005416,,,,5.40000012365201,,68.1800003405519,,70.639999448258,1.01999999679079,,62.8655061535093,15.3700000000001,77.9999999842285,,,,,4.06000000000009,0,,144.000000036,,,0,,75.0899963748267,,-43.0000019139915,0.029999950340976,119.000008343381,,0,,,,0.009999983446992,0.309999963818664,,0,0.009999983446992,,0,,,,0,,0,,0,0,1.02999999088548,0.029999950340976,0,,,,,1.720000116,0,10.9999992068802,,,,14.3000001528,0,144.000000036,,10.2399997433867,,9,418.989990249912,0,,,163.039993243746,,,,,,,,15.5699996649352,78.610000564368
2007-12-01T07:29:46.982Z,,0.019999966893984,,,9.34000012024632,,,,6.19000008786281,0.299999980371672,,1.10000008701677,,15.0200005416,,,,5.40000012365201,,68.1800003405519,,70.639999448258,1.01999999679079,,62.7329419690073,15.3700000000001,78.0199966123891,,,,,4.06000000000009,0,,144.000000036,,,0,,75.0999984251086,,-39.0000015756026,0.039999933787968,103.000000095068,,0,,,,0.009999983446992,0.309999963818664,,0,0.009999983446992,,0,,,,0,,0,,0,0,1.02999999088548,0.039999933787968,0,,,,,1.720000116,0,27.0000005604359,,,,14.3000001528,0,144.000000036,,10.2500000448083,,9,418.989990249912,0,,,163.009994565303,,,,,,,,15.5699996649352,78.5800018859255
2007-12-01T07:29:51.043Z,,0.019999966893984,,,9.34000012024632,,,,6.19000008786281,0.299999980371672,,1.10000008701677,,15.0200005416,,,,5.40000012365201,,68.1900023908339,,70.65000149854,1.01999999679079,,62.845111279777,15.3700000000001,78.0199966123891,,,,,4.06000000000009,0,,144.000000036,,,0,,75.0999984251086,,-40.9999982974184,0.019999966893984,121.999999978726,,0,,,,0.009999983446992,0.309999963818664,,0,0.009999983446992,,0,,,,0,,0,,0,0,1.02999999088548,0.019999966893984,0,,,,,1.720000116,0,51.9999975042986,,,,14.3000001528,0,144.000000036,,10.2500000448083,,9,419.019989087342,0,,,163.009994565303,,,,,,,,15.5699996649352,78.5800018859255
2007-12-01T07:29:55.968Z,,0.019999966893984,,,9.34000012024632,,,,6.19000008786281,0.299999980371672,,1.10000008701677,,15.0200005416,,,,5.40999978912439,,68.1999969687125,,70.65000149854,1.01999999679079,,62.7941261366119,15.3700000000001,78.0199966123891,,,,,4.06000000000009,0,,144.000000036,,,0,,75.0999984251086,,-43.0000019139915,0.019999966893984,127.999997038931,,0,,,,0.009999983446992,0.309999963818664,,0,0.009999983446992,,0,,,,0,,0,,0,0,1.02999999088548,0.019999966893984,0,,,,,1.720000116,0,31.0000008988248,,,,14.3000001528,0,144.000000036,,10.2600001872426,,9,419.049987765785,0,,,163.009994565303,,,,,,,,15.5699996649352,78.5800018859255
2007-12-01T07:30:00.029Z,,0.019999966893984,,,9.34000012024632,,,,6.19000008786281,0.299999980371672,,1.10000008701677,,15.0200005416,,,,5.40999978912439,,68.1999969687125,,70.6600037078092,1.01999999679079,,62.7431373647078,15.3700000000001,78.0299988216583,,,,,4.06000000000009,0,,144.000000036,,,0,,75.0999984251086,,-42.000000105705,0.019999966893984,109.999998963559,,0,,,,0.009999983446992,0.309999963818664,,0,0.009999983446992,,0,,,,0,,0,,0,0,1.02999999088548,0.019999966893984,0,,,,,1.720000116,0,51.9999975042986,,,,14.3000001528,0,144.000000036,,10.2600001872426,,9,419.049987765785,0,,,163.009994565303,,,,,,,,15.5699996649352,78.5800018859255
2007-12-01T07:30:05.040Z,,0.019999966893984,,,9.34000012024632,,,,6.19000008786281,0.299999980371672,,1.10000008701677,,15.0200005416,,,,5.40000012365201,,68.1900023908339,,70.6600037078092,1.01999999679079,,62.9266866923749,15.3700000000001,78.0199966123891,,,,,4.06000000000009,0,,144.000000036,,,0,,75.0999984251086,,-39.0000015756026,0.019999966893984,104.999996816884,,0,,,,0.009999983446992,0.309999963818664,,0,0.009999983446992,,0,,,,0,,0,,0,0,1.02999999088548,0.019999966893984,0,,,,,1.720000116,0,37.9999997673161,,,,14.3000001528,0,144.000000036,,10.2600001872426,,9,419.049987765785,0,,,163.009994565303,,,,,,,,15.5699996649352,78.5800018859255
2007-12-01T07:30:09.014Z,,0.019999966893984,,,9.34000012024632,,,,6.19000008786281,0.299999980371672,,1.10000008701677,,15.0200005416,,,,5.40000012365201,,68.1800003405519,,70.6600037078092,1.01999999679079,,62.6411670783776,15.3700000000001,78.0299988216583,,,,,4.0700000000001,0,,144.000000036,,,0,,75.0999984251086,,-40.9999982974184,0.019999966893984,119.000008343381,,0,,,,0.009999983446992,0.309999963818664,,0,0.009999983446992,,0,,,,0,,0,,0,0,1.02999999088548,0.019999966893984,0,,,,,1.720000116,0,12.0000010151668,,,,14.3000001528,0,144.000000036,,10.2600001872426,,9,419.040008609675,0,,,163.009994565303,,,,,,,,15.5699996649352,78.5800018859255
2007-12-01T07:30:14.026Z,,0.019999966893984,,,9.34000012024632,,,,6.19000008786281,0.299999980371672,,1.10000008701677,,15.0200005416,,,,5.40000012365201,,68.1800003405519,,70.6600037078092,1.01999999679079,,62.7839271121724,15.3700000000001,78.0199966123891,,,,,4.06000000000009,0,,144.000000036,,,0,,75.0999984251086,,-40.9999982974184,0.019999966893984,108.000002241743,,0,,,,0.009999983446992,0.309999963818664,,0,0.009999983446992,,0,,,,0,,0,,0,0,1.02999999088548,0.019999966893984,0,,,,,1.720000116,0,4.00000033838892,,,,14.3000001528,0,144.000000036,,10.2600001872426,,9,419.029998769015,0,,,163.009994565303,,,,,,,,15.5699996649352,78.5800018859255
2007-12-01T07:30:18.000Z,,0.019999966893984,,,9.34000012024632,,,,6.19000008786281,0.299999980371672,,1.10000008701677,,15.0200005416,,,,5.40000012365201,,68.1800003405519,,70.6600037078092,1.01999999679079,,62.8247164060447,15.3700000000001,78.0199966123891,,,,,4.06000000000009,0,,144.000000036,,,0,,75.0999984251086,,-40.9999982974184,0.019999966893984,108.000002241743,,0,,,,0.009999983446992,0.309999963818664,,0,0.009999983446992,,0,,,,0,,0,,0,0,1.02999999088548,0.019999966893984,0,,,,,1.720000116,0,12.0000010151668,,,,14.3000001528,0,144.000000036,,10.2600001872426,,9,419.029998769015,0,,,163.009994565303,,,,,,,,15.5699996649352,78.5800018859255
2007-12-01T07:30:23.011Z,,0.019999966893984,,,9.34000012024632,,,,6.19000008786281,0.299999980371672,,1.10000008701677,,15.0200005416,,,,5.40000012365201,,68.1800003405519,,70.65000149854,1.01999999679079,,62.7839271121724,15.3700000000001,78.0299988216583,,,,,4.06000000000009,0,,144.000000036,,,0,,75.0999984251086,,-42.000000105705,0.019999966893984,101.999998286781,,0,,,,0.009999983446992,0.309999963818664,,0,0.009999983446992,,0,,,,0,,0,,0,0,1.02999999088548,0.019999966893984,0,,,,,1.720000116,0,4.00000033838892,,,,14.3000001528,0,144.000000036,,10.2600001872426,,9,419.029998769015,0,,,163.009994565303,,,,,,,,15.5699996649352,78.5800018859255
2007-12-01T07:30:26.986Z,,0.019999966893984,,,9.34000012024632,,,,6.19000008786281,0.299999980371672,,1.10000008701677,,15.0200005416,,,,5.40000012365201,,68.1800003405519,,70.6600037078092,1.01999999679079,,62.8655061535093,15.3700000000001,78.0199966123891,,,,,4.06000000000009,0,,144.000000036,,,0,,75.0899963748267,,-40.9999982974184,0.019999966893984,121.999999978726,,0,,,,0.009999983446992,0.309999963818664,,0,0.009999983446992,,0,,,,0,,0,,0,0,1.02999999088548,0.019999966893984,0,,,,,1.720000116,0,-5.99999706020473,,,,14.3000001528,0,144.000000036,,10.2500000448083,,9,419.019989087342,0,,,163.009994565303,,,,,,,,15.5699996649352,78.5800018859255
2007-12-01T07:30:31.997Z,,0.019999966893984,,,9.34000012024632,,,,6.19000008786281,0.299999980371672,,1.10000008701677,,15.0200005416,,,,5.40000012365201,,68.1800003405519,,70.65000149854,1.01999999679079,,62.712547095275,15.3700000000001,78.0199966123891,,,,,4.06000000000009,0,,144.000000036,,,0,,75.0999984251086,,-40.9999982974184,0.009999983446992,126.999995230644,,0,,,,0.009999983446992,0.309999963818664,,0,0.009999983446992,,0,,,,0,,0,,0,0,1.02999999088548,0.009999983446992,0,,,,,1.720000116,0,-16.0000013535557,,,,14.3000001528,0,144.000000036,,10.2399997433867,,9,419.010009772245,0,,,163.009994565303,,,,,,,,15.5699996649352,78.5800018859255
2007-12-01T07:30:35.971Z,,0.019999966893984,,,9.34000012024632,,,,6.19000008786281,0.299999980371672,,1.10000008701677,,15.0200005416,,,,5.40000012365201,,68.1800003405519,,70.6600037078092,1.01999999679079,,62.8145173816052,15.3700000000001,78.0199966123891,,,,,4.06000000000009,0,,144.000000036,,,0,,75.0999984251086,,-42.000000105705,0.019999966893984,120.00000325691,,0,,,,0.009999983446992,0.309999963818664,,0,0.009999983446992,,0,,,,0,,0,,0,0,1.02999999088548,0.019999966893984,0,,,,,1.720000116,0,18.999999883658,,,,14.3000001528,0,144.000000036,,10.2399997433867,,9,419.010009772245,0,,,163.009994565303,,,,,,,,15.5699996649352,78.5800018859255
2007-12-01T07:30:40.982Z,,0.009999983446992,,,9.34000012024632,,,,6.19000008786281,0.299999980371672,,1.10000008701677,,15.0200005416,,,,5.40999978912439,,68.1800003405519,,70.6600037078092,1.01999999679079,,62.8145173816052,15.3700000000001,78.0199966123891,,,,,4.06000000000009,0,,144.000000036,,,0,,75.0999984251086,,-42.000000105705,0.019999966893984,147.999998730875,,0,,,,0.009999983446992,0.309999963818664,,0,0.009999983446992,,0,,,,0,,0,,0,0,1.02999999088548,0.019999966893984,0,,,,,1.720000116,0,12.0000010151668,,,,14.3000001528,0,144.000000036,,10.2399997433867,,9,419.010009772245,0,,,163.009994565303,,,,,,,,15.5699996649352,78.5800018859255
2007-12-01T07:30:45.043Z,,0.019999966893984,,,9.34000012024632,,,,6.19000008786281,0.299999980371672,,1.10000008701677,,15.0200005416,,,,5.40999978912439,,68.1800003405519,,70.6600037078092,1.01999999679079,,62.8145173816052,15.3700000000001,78.0199966123891,,,,,4.06000000000009,0,,144.000000036,,,0,,75.0999984251086,,-43.0000019139915,0.019999966893984,113.999999301948,,0,,,,0.009999983446992,0.309999963818664,,0,0.009999983446992,,0,,,,0,,0,,0,0,1.02999999088548,0.019999966893984,0,,,,,1.720000116,0,23.000000222047,,,,14.3000001528,0,144.000000036,,10.2399997433867,,9,419.010009772245,0,,,163.009994565303,,,,,,,,15.5699996649352,78.5800018859255
2007-12-01T07:30:49.968Z,,0.019999966893984,,,9.34000012024632,,,,6.19000008786281,0.299999980371672,,1.10000008701677,,15.0200005416,,,,5.40999978912439,,68.1999969687125,,70.6600037078092,1.01999999679079,,62.9266866923749,15.3700000000001,78.0299988216583,,,,,4.06000000000009,0,,144.000000036,,,0,,75.0999984251086,,-42.000000105705,0.019999966893984,132.000004272077,,0,,,,0.009999983446992,0.309999963818664,,0,0.009999983446992,,0,,,,0,,0,,0,0,1.02999999088548,0.019999966893984,0,,,,,1.720000116,0,23.000000222047,,,,14.3000001528,0,144.000000036,,10.2399997433867,,9,419.029998769015,0,,,163.009994565303,,,,,,,,15.5699996649352,78.5800018859255
2007-12-01T07:30:54.029Z,,0.019999966893984,,,9.34000012024632,,,,6.19000008786281,0.299999980371672,,1.10000008701677,,15.0200005416,,,,5.40999978912439,,68.1999969687125,,70.6600037078092,1.01999999679079,,62.7329419690073,15.3700000000001,78.0199966123891,,,,,4.06000000000009,0,,144.000000036,,,0,,75.0999984251086,,-40.9999982974184,0.019999966893984,120.00000325691,,0,,,,0.009999983446992,0.309999963818664,,0,0.009999983446992,,0,,,,0,,0,,0,0,1.02999999088548,0.019999966893984,0,,,,,1.720000116,0,27.0000005604359,,,,14.3000001528,0,144.000000036,,10.2299996009524,,9,419.019989087342,0,,,163.009994565303,,,,,,,,15.5699996649352,78.5800018859255
2007-12-01T07:30:59.040Z,,0.019999966893984,,,9.34000012024632,,,,6.19000008786281,0.299999980371672,,1.10000008701677,,15.0200005416,,,,5.40999978912439,,68.1999969687125,,70.6600037078092,1.01999999679079,,62.6921522215427,15.3700000000001,77.9999999842285,,,,,4.06000000000009,0,,144.000000036,,,0,,75.0999984251086,,-40.9999982974184,0.019999966893984,127.999997038931,,0,,,,0.009999983446992,0.309999963818664,,0,0.009999983446992,,0,,,,0,,0,,0,0,1.02999999088548,0.019999966893984,0,,,,,1.720000116,0,23.000000222047,,,,14.3000001528,0,144.000000036,,10.2299996009524,,9,419.010009772245,0,,,163.009994565303,,,,,,,,15.5699996649352,78.5800018859255
2007-12-01T07:31:03.014Z,,0.019999966893984,,,9.34000012024632,,,,6.19000008786281,0.299999980371672,,1.10000008701677,,15.0200005416,,,,5.40999978912439,,68.1999969687125,,70.65000149854,1.01999999679079,,62.9164912966744,15.3700000000001,77.9899979339465,,,,,4.06000000000009,0,,144.000000036,,,0,,75.0999984251086,,-43.0000019139915,0.019999966893984,114.999994215477,,0,,,,0.009999983446992,0.309999963818664,,0,0.009999983446992,,0,,,,0,,0,,0,0,1.02999999088548,0.019999966893984,0,,,,,1.720000116,0,17.9999980753715,,,,14.3000001528,0,144.000000036,,10.2399997433867,,9,418.989990249912,0,,,163.009994565303,,,,,,,,15.5699996649352,78.5800018859255
2007-12-01T07:31:08.026Z,,0.019999966893984,,,9.34000012024632,,,,6.19000008786281,0.299999980371672,,1.10000008701677,,15.0200005416,,,,5.40999978912439,,68.1900023908339,,70.639999448258,1.01999999679079,,62.6309680539381,15.3700000000001,78.0100021934977,,,,,4.06000000000009,0,,144.000000036,,,0,,75.0999984251086,,-40.9999982974184,0.019999966893984,101.999998286781,,0,,,,0.009999983446992,0.309999963818664,,0,0.009999983446992,,0,,,,0,,0,,0,0,1.02999999088548,0.019999966893984,0,,,,,1.720000116,0,36.0000030455003,,,,14.3000001528,0,144.000000036,,10.2399997433867,,9,418.989990249912,0,,,163.009994565303,,,,,,,,15.5699996649352,78.5800018859255
2007-12-01T07:31:12.000Z,,0.019999966893984,,,9.34000012024632,,,,6.19000008786281,0.299999980371672,,1.10000008701677,,15.0200005416,,,,5.40999978912439,,68.1800003405519,,70.639999448258,1.01999999679079,,62.7635322384401,15.3700000000001,78.0299988216583,,,,,4.06000000000009,0,,144.000000036,,,0,,75.0899963748267,,-40.9999982974184,0.019999966893984,113.999999301948,,0,,,,0.009999983446992,0.309999963818664,,0,0.009999983446992,,0,,,,0,,0,,0,0,1.02999999088548,0.019999966893984,0,,,,,1.720000116,0,20.0000016919446,,,,14.3000001528,0,144.000000036,,10.2399997433867,,9,418.989990249912,0,,,163.009994565303,,,,,,,,15.5699996649352,78.5800018859255
2007-12-01T07:31:17.011Z,,0.019999966893984,,,9.34000012024632,,,,6.19000008786281,0.299999980371672,,1.10000008701677,,15.0200005416,,,,5.40999978912439,,68.1800003405519,,70.639999448258,1.01999999679079,,62.8960964229421,15.3700000000001,78.0199966123891,,,,,4.06000000000009,0,,144.000000036,,,0,,75.0899963748267,,-40.9999982974184,0.009999983446992,121.999999978726,,0,,,,0.009999983446992,0.309999963818664,,0,0.009999983446992,,0,,,,0,,0,,0,0,1.02999999088548,0.009999983446992,0,,,,,1.720000116,0,9.99999739859365,,,,14.3000001528,0,144.000000036,,10.2399997433867,,9,418.999999931585,0,,,163.009994565303,,,,,,,,15.5699996649352,78.5800018859255
2007-12-01T07:31:20.986Z,,0.019999966893984,,,9.32999997781203,,,,6.19000008786281,0.299999980371672,,1.10000008701677,,15.0200005416,,,,5.40999978912439,,68.1800003405519,,70.639999448258,1.01999999679079,,62.8757015492098,15.3700000000001,78.0199966123891,,,,,4.06000000000009,0,,144.000000036,,,0,,75.0999984251086,,-42.000000105705,0.019999966893984,134.000000993893,,0,,,,0.009999983446992,0.309999963818664,,0,0.009999983446992,,0,,,,0,,0,,0,0,1.02999999088548,0.019999966893984,0,,,,,1.720000116,0,4.00000033838892,,,,14.3000001528,0,144.000000036,,10.2399997433867,,9,418.999999931585,0,,,163.009994565303,,,,,,,,15.5699996649352,78.5800018859255
2007-12-01T07:31:25.997Z,,0.019999966893984,,,9.31999967639043,,,,6.19000008786281,0.299999980371672,,1.10000008701677,,15.0200005416,,,,5.40999978912439,,68.1800003405519,,70.639999448258,1.01999999679079,,62.7941261366119,15.3700000000001,78.0199966123891,,,,,4.06000000000009,0,,144.000000036,,,0,,75.0999984251086,,-42.000000105705,0,108.000002241743,,0,,,,0.009999983446992,0.309999963818664,,0,0.009999983446992,,0,,,,0,,0,,0,0,1.02999999088548,0,0,,,,,1.720000116,0,13.0000028234533,,,,14.3000001528,0,144.000000036,,10.2500000448083,,9,418.989990249912,0,,,162.990005568533,,,,,,,,15.5699996649352,78.5800018859255
2007-12-01T07:31:29.971Z,,0.019999966893984,,,9.31999967639043,,,,6.19000008786281,0.299999980371672,,1.10000008701677,,15.0200005416,,,,5.40999978912439,,68.1800003405519,,70.639999448258,1.01999999679079,,62.8655061535093,15.3700000000001,78.0199966123891,,,,,4.06000000000009,0,,144.000000036,,,0,,75.0999984251086,,-43.0000019139915,0,109.999998963559,,0,,,,0.009999983446992,0.309999963818664,,0,0.009999983446992,,0,,,,0,,0,,0,0,1.02999999088548,0,0,,,,,1.720000116,0,-5.00000214667547,,,,14.3000001528,0,144.000000036,,10.2500000448083,,9,418.989990249912,0,,,162.999999987425,,,,,,,,15.5699996649352,78.5800018859255
2007-12-01T07:31:34.982Z,,0.019999966893984,,,9.31999967639043,,,,6.19000008786281,0.299999980371672,,1.10000008701677,,15.0200005416,,,,5.40999978912439,,68.1800003405519,,70.639999448258,1.01999999679079,,62.7329419690073,15.3700000000001,78.0199966123891,,,,,4.06000000000009,0,,144.000000036,,,0,,75.0999984251086,,-40.9999982974184,0,108.000002241743,,0,,,,0.009999983446992,0.309999963818664,,0,0.009999983446992,,0,,,,0,,0,,0,0,1.02999999088548,0,0,,,,,1.720000116,0,-12.0000010151668,,,,14.3000001528,0,144.000000036,,10.2399997433867,,9,418.989990249912,0,,,162.990005568533,,,,,,,,15.5699996649352,78.5800018859255
2007-12-01T07:31:39.043Z,,0.019999966893984,,,9.31999967639043,,,,6.19000008786281,0.299999980371672,,1.10000008701677,,15.0200005416,,,,5.40999978912439,,68.1800003405519,,70.639999448258,1.01999999679079,,62.845111279777,15.3700000000001,78.0199966123891,,,,,4.06000000000009,0,,144.000000036,,,0,,75.0999984251086,,-40.9999982974184,0,107.000007328214,,0,,,,0.009999983446992,0.309999963818664,,0,0.009999983446992,,0,,,,0,,0,,0,0,1.02999999088548,0,0,,,,,1.720000116,0,-40.0000033838892,,,,14.3000001528,0,144.000000036,,10.2399997433867,,9,418.980010934815,0,,,162.990005568533,,,,,,,,15.5699996649352,78.5800018859255
2007-12-01T07:31:43.968Z,,0.019999966893984,,,9.31999967639043,,,,6.19000008786281,0.299999980371672,,1.10000008701677,,15.0200005416,,,,5.40999978912439,,68.1800003405519,,70.639999448258,1.01999999679079,,62.6819568258422,15.3700000000001,78.0199966123891,,,,,4.06000000000009,0,,144.000000036,,,0,,75.0999984251086,,-40.9999982974184,0,129.999993760747,,0,,,,0.009999983446992,0.309999963818664,,0,0.009999983446992,,0,,,,0,,0,,0,0,1.02999999088548,0,0,,,,,1.720000116,0,4.00000033838892,,,,14.3000001528,0,144.000000036,,10.2399997433867,,9,418.970001253142,0,,,162.990005568533,,,,,,,,15.5699996649352,78.5800018859255
2007-12-01T07:31:48.029Z,,0.019999966893984,,,9.30000018645835,,,,6.19000008786281,0.299999980371672,,1.10000008701677,,15.0200005416,,,,5.40999978912439,,68.1800003405519,,70.639999448258,1.01999999679079,,62.7431373647078,15.3700000000001,78.0199966123891,,,,,4.06000000000009,0,,144.000000036,,,0,,75.0999984251086,,-39.0000015756026,0,124.000003595299,,0,,,,0.009999983446992,0.309999963818664,,0,0.009999983446992,,0,,,,0,,0,,0,0,1.02999999088548,0,0,,,,,1.720000116,0,2.99999853010237,,,,14.3000001528,0,144.000000036,,10.2399997433867,,9,418.959991412483,0,,,162.979995727873,,,,,,,,15.5699996649352,78.5800018859255
2007-12-01T07:31:53.040Z,,0.019999966893984,,,9.30000018645835,,,,6.19000008786281,0.299999980371672,,1.10000008701677,,15.0200005416,,,,5.40999978912439,,68.1800003405519,,70.639999448258,1.01999999679079,,62.8655061535093,15.3700000000001,78.0199966123891,,,,,4.06000000000009,0,,144.000000036,,,0,,75.0999984251086,,-42.000000105705,-0.019999966893984,109.00000405003,,0,,,,0.009999983446992,0.309999963818664,,0,0.009999983446992,,0,,,,0,,0,,0,0,1.02999999088548,-0.019999966893984,0,,,,,1.720000116,0,-8.00000067677784,,,,14.3000001528,0,144.000000036,,10.2500000448083,,9,418.959991412483,0,,,162.970001149995,,,,,,,,15.5699996649352,78.5800018859255
2007-12-01T07:31:57.014Z,,0.019999966893984,,,9.30000018645835,,,,6.19000008786281,0.299999980371672,,1.10000008701677,,15.0200005416,,,,5.40999978912439,,68.1800003405519,,70.639999448258,1.01999999679079,,62.7329419690073,15.3700000000001,78.0199966123891,,,,,4.06000000000009,0,,144.000000036,,,0,,75.0999984251086,,-42.000000105705,-0.029999950340976,133.000006080364,,0,,,,0.009999983446992,0.309999963818664,,0,0.009999983446992,,0,,,,0,,0,,0,0,1.02999999088548,-0.029999950340976,0,,,,,1.720000116,0,14.9999995452691,,,,14.3000001528,0,144.000000036,,10.2500000448083,,9,418.959991412483,0,,,162.970001149995,,,,,,,,15.5699996649352,78.5800018859255
2007-12-01T07:32:02.026Z,,0.019999966893984,,,9.30000018645835,,,,6.19000008786281,0.299999980371672,,1.10000008701677,,15.0200005416,,,,5.40999978912439,,68.1800003405519,,70.639999448258,1.01999999679079,,62.7329419690073,15.3700000000001,78.0199966123891,,,,,4.06000000000009,0,,144.000000036,,,0,,75.0899963748267,,-40.0000033838892,-0.019999966893984,133.000006080364,,0,,,,0.009999983446992,0.309999963818664,,0,0.009999983446992,,0,,,,0,,0,,0,0,1.02999999088548,-0.019999966893984,0,,,,,1.720000116,0,-1.00000180828655,,,,14.3000001528,0,144.000000036,,10.2399997433867,,9,418.959991412483,0,,,162.970001149995,,,,,,,,15.5699996649352,78.5800018859255
2007-12-01T07:32:11.011Z,,0.019999966893984,,,9.30000018645835,,,,6.19000008786281,0.299999980371672,,1.10000008701677,,15.0200005416,,,,5.40999978912439,,68.1800003405519,,70.639999448258,1.01999999679079,,62.845111279777,15.3700000000001,78.0199966123891,,,,,4.06000000000009,0,,144.000000036,,,0,,75.0999984251086,,-37.9999997673161,-0.019999966893984,88.9999954633282,,0,,,,0.009999983446992,0.309999963818664,,0,0.009999983446992,,0,,,,0,,0,,0,0,1.02999999088548,-0.019999966893984,0,,,,,1.720000116,0,1.00000180828655,,,,14.3000001528,0,144.000000036,,10.2399997433867,,9,418.950012256372,0,,,162.970001149995,,,,,,,,15.5699996649352,78.5800018859255
2007-12-01T07:32:14.986Z,,0.019999966893984,,,9.30000018645835,,,,6.19000008786281,0.299999980371672,,1.09000010356978,,15.0200005416,,,,5.40999978912439,,68.1800003405519,,70.639999448258,1.01999999679079,,62.7839271121724,15.3700000000001,78.0199966123891,,,,,4.06000000000009,0,,144.000000036,,,0,,75.0999984251086,,-39.0000015756026,-0.019999966893984,103.999995008597,,0,,,,0.009999983446992,0.309999963818664,,0,0.009999983446992,,0,,,,0,,0,,0,0,1.02999999088548,-0.019999966893984,0,,,,,1.720000116,0,28.9999972822517,,,,14.3000001528,0,144.000000036,,10.2399997433867,,9,418.950012256372,0,,,162.979995727873,,,,,,,,15.5699996649352,78.5800018859255
2007-12-01T07:32:19.997Z,,0.019999966893984,,,9.31000048787995,,,,6.19000008786281,0.299999980371672,,1.10000008701677,,15.0200005416,,,,5.40999978912439,,68.1800003405519,,70.639999448258,1.01999999679079,,62.6003777845053,15.3700000000001,78.0299988216583,,,,,4.06000000000009,0,,144.000000036,,,0,,75.0999984251086,,-39.0000015756026,-0.019999966893984,124.000003595299,,0,,,,0.009999983446992,0.309999963818664,,0,0.009999983446992,,0,,,,0,,0,,0,0,1.02999999088548,-0.019999966893984,0,,,,,1.720000116,0,17.9999980753715,,,,14.3000001528,0,144.000000036,,10.2399997433867,,9,418.959991412483,0,,,162.979995727873,,,,,,,,15.5699996649352,78.5800018859255
2007-12-01T07:32:23.971Z,,0.019999966893984,,,9.31999967639043,,,,6.19000008786281,0.299999980371672,,1.10000008701677,,15.0200005416,,,,5.40999978912439,,68.1800003405519,,70.639999448258,1.01999999679079,,62.5493926413402,15.3700000000001,78.0199966123891,,,,,4.06000000000009,0,,144.000000036,,,0,,75.0999984251086,,-40.0000033838892,-0.009999983446992,124.000003595299,,0,,,,0.009999983446992,0.309999963818664,,0,0.009999983446992,,0,,,,0,,0,,0,0,1.02999999088548,-0.009999983446992,0,,,,,1.720000116,0,27.0000005604359,,,,14.3000001528,0,144.000000036,,10.2399997433867,,9,418.970001253142,0,,,162.990005568533,,,,,,,,15.5699996649352,78.5800018859255
2007-12-01T07:32:28.982Z,,0.019999966893984,,,9.31999967639043,,,,6.19000008786281,0.299999980371672,,1.10000008701677,,15.0200005416,,,,5.40999978912439,,68.1800003405519,,70.639999448258,1.01999999679079,,62.6003777845053,15.3700000000001,77.9999999842285,,,,,4.06000000000009,0,,144.000000036,,,0,,75.0999984251086,,-39.0000015756026,0,89.9999972716147,,0,,,,0.009999983446992,0.309999963818664,,0,0.009999983446992,,0,,,,0,,0,,0,0,1.02999999088548,0,0,,,,,1.720000116,0,14.9999995452691,,,,14.3000001528,0,144.000000036,,10.2399997433867,,9,418.980010934815,0,,,162.990005568533,,,,,,,,15.5699996649352,78.5800018859255
2007-12-01T07:32:37.968Z,,0.019999966893984,,,9.31999967639043,,,,6.19000008786281,0.299999980371672,,1.10000008701677,,15.0200005416,,,,5.40999978912439,,68.1800003405519,,70.639999448258,1.01999999679079,,62.6309680539381,15.3700000000001,77.9999999842285,,,,,4.06000000000009,0,,144.000000036,,,0,,75.0999984251086,,-39.0000015756026,0,93.0000026964744,,0,,,,0.009999983446992,0.309999963818664,,0,0.009999983446992,,0,,,,0,,0,,0,0,1.02999999088548,0,0,,,,,1.720000116,0,1.99999672181581,,,,14.3000001528,0,144.000000036,,10.2500000448083,,9,418.959991412483,0,,,162.999999987425,,,,,,,,15.5699996649352,78.5800018859255
2007-12-01T07:32:42.029Z,,0.019999966893984,,,9.31999967639043,,,,6.19000008786281,0.299999980371672,,1.10000008701677,,15.0200005416,,,,5.40999978912439,,68.1800003405519,,70.639999448258,1.01999999679079,,62.5595880370407,15.3700000000001,77.9899979339465,,,,,4.06000000000009,0,,144.000000036,,,0,,75.0999984251086,,-39.0000015756026,0,117.99999274558,,0,,,,0.009999983446992,0.309999963818664,,0,0.009999983446992,,0,,,,0,,0,,0,0,1.02999999088548,0,0,,,,,1.720000116,0,17.0000031618422,,,,14.3000001528,0,144.000000036,,10.2500000448083,,9,418.959991412483,0,,,162.999999987425,,,,,,,,15.5699996649352,78.5800018859255
2007-12-01T07:32:47.040Z,,0.019999966893984,,,9.31999967639043,,,,6.19000008786281,0.299999980371672,,1.10000008701677,,15.0200005416,,,,5.40999978912439,,68.1800003405519,,70.639999448258,1.01999999679079,,62.6003777845053,15.3700000000001,77.9999999842285,,,,,4.06000000000009,0,,144.000000036,,,0,,75.0999984251086,,-40.9999982974184,0,136.000004610466,,0,,,,0.009999983446992,0.309999963818664,,0,0.009999983446992,,0,,,,0,,0,,0,0,1.02999999088548,0,0,,,,,1.720000116,0,6.99999886849128,,,,14.3000001528,0,144.000000036,,10.2399997433867,,9,418.950012256372,0,,,162.999999987425,,,,,,,,15.5699996649352,78.5800018859255
2007-12-01T07:32:51.014Z,,0.019999966893984,,,9.31999967639043,,,,6.19000008786281,0.299999980371672,,1.10000008701677,,15.0200005416,,,,5.40999978912439,,68.1999969687125,,70.639999448258,1.01999999679079,,62.7431373647078,15.3700000000001,77.9899979339465,,,,,4.06000000000009,0,,144.000000036,,,0,,75.0999984251086,,-39.0000015756026,0,140.999999862384,,0,,,,0.009999983446992,0.309999963818664,,0,0.009999983446992,,0,,,,0,,0,,0,0,1.02999999088548,0,0,,,,,1.720000116,0,-13.0000028234533,,,,14.3000001528,0,144.000000036,,10.2399997433867,,9,418.959991412483,0,,,162.999999987425,,,,,,,,15.5699996649352,78.5800018859255
2007-12-01T07:32:56.026Z,,0.019999966893984,,,9.31999967639043,,,,6.19000008786281,0.299999980371672,,1.10000008701677,,15.0200005416,,,,5.40999978912439,,68.1999969687125,,70.639999448258,1.01999999679079,,62.7329419690073,15.3700000000001,77.9999999842285,,,,,4.0700000000001,0,,144.000000036,,,0,,75.0899963748267,,-42.000000105705,0,136.999999523995,,0,,,,0.009999983446992,0.309999963818664,,0,0.009999983446992,,0,,,,0,,0,,0,0,1.02999999088548,0,0,,,,,1.720000116,0,17.9999980753715,,,,14.3000001528,0,144.000000036,,10.2399997433867,,9,418.970001253142,0,,,162.990005568533,,,,,,,,15.5699996649352,78.5800018859255
2007-12-01T07:33:05.011Z,,0.019999966893984,,,9.31999967639043,,,,6.19000008786281,0.299999980371672,,1.10000008701677,,15.0200005416,,,,5.40999978912439,,68.1900023908339,,70.639999448258,1.01999999679079,,62.712547095275,15.3700000000001,77.9999999842285,,,,,4.06000000000009,0,,144.000000036,,,0,,75.0999984251086,,-39.0000015756026,0,144.000005287244,,0,,,,0.009999983446992,0.309999963818664,,0,0.009999983446992,,0,,,,0,,0,,0,0,1.02999999088548,0,0,,,,,1.720000116,0,-5.99999706020473,,,,14.3000001528,0,144.000000036,,10.2399997433867,,9,418.970001253142,0,,,162.990005568533,,,,,,,,15.5699996649352,78.5800018859255
2007-12-01T07:33:08.986Z,,0.019999966893984,,,9.31999967639043,,,,6.19000008786281,0.299999980371672,,1.10000008701677,,15.0500001768,,,,5.40999978912439,,68.1800003405519,,70.639999448258,1.01999999679079,,60.3672005725835,15.3700000000001,77.9999999842285,,,,,4.06000000000009,0,,144.000000036,,,0,,75.0899963748267,,-39.0000015756026,0,140.999999862384,,0,,,,0.009999983446992,0.299999980371672,,0,0.009999983446992,,0,,,,0,,0,,0,0,1.02999999088548,0,0,,,,,1.720000116,0,-2.99999853010237,,,,14.3000001528,0,144.000000036,,10.2399997433867,,9,418.940002415713,0,,,162.990005568533,,,,,,,,15.5699996649352,78.5800018859255
2007-12-01T07:33:13.997Z,,0.019999966893984,,,9.31999967639043,,,,6.19000008786281,0.28999999692468,,1.10000008701677,,15.3900003096,,,,5.40999978912439,,68.1800003405519,,70.639999448258,1.01999999679079,,61.6010561871643,15.3700000000001,77.9999999842285,,,,,4.06000000000009,0,,144.000000036,,,0,,75.0899963748267,,-40.0000033838892,0,109.999998963559,,0,,,,0.009999983446992,0.309999963818664,,0,0.009999983446992,,0,,,,0,,0,,0,0,1.02999999088548,0,0,,,,,1.720000116,0,18.999999883658,,,,14.3000001528,0,144.000000036,,10.2399997433867,,9,418.940002415713,0,,,162.990005568533,,,,,,,,15.5699996649352,78.5800018859255
2007-12-01T07:33:17.971Z,,0.019999966893984,,,9.31999967639043,,,,6.19000008786281,0.280000013477688,,1.10000008701677,,15.560000376,,,,5.40999978912439,,68.1800003405519,,70.639999448258,1.01999999679079,,63.3753643890459,15.3700000000001,77.9899979339465,,,,,4.06000000000009,0,,144.000000036,,,0,,75.0999984251086,,-42.000000105705,0,130.999995569033,,0,,,,0.009999983446992,0.309999963818664,,0,0.009999983446992,,0,,,,0,,0,,0,0,1.02999999088548,0,0,,,,,1.720000116,0,1.99999672181581,,,,14.3000001528,0,144.000000036,,10.2399997433867,,9,418.92999273404,0,,,162.990005568533,,,,,,,,15.5699996649352,78.5800018859255
2007-12-01T07:33:22.982Z,,0.019999966893984,,,9.31000048787995,,,,6.19000008786281,0.280000013477688,,1.10000008701677,,15.5100003744,,,,5.40999978912439,,68.1800003405519,,70.639999448258,1.01999999679079,,59.3270896813703,15.3700000000001,77.9899979339465,,,,,4.06000000000009,0,,144.000000036,,,0,,75.1100006343779,,-39.0000015756026,0,109.00000405003,,0,,,,0.009999983446992,0.309999963818664,,0,0.009999983446992,,0,,,,0,,0,,0,0,1.02999999088548,0,0,,,,,1.720000116,0,8.00000067677784,,,,14.3000001528,0,144.000000036,,10.2500000448083,,9,418.940002415713,0,,,162.999999987425,,,,,,,,15.5699996649352,78.5800018859255
2007-12-01T07:33:26.957Z,,0.019999966893984,,,9.30000018645835,,,,6.19000008786281,0.280000013477688,,1.10000008701677,,15.6999998928,,,,5.40999978912439,,68.1800003405519,,70.639999448258,1.01999999679079,,64.180937180688,15.3700000000001,77.9899979339465,,,,,4.06000000000009,0,,144.000000036,,,0,,75.1100006343779,,-40.9999982974184,0,111.000000771846,,0,,,,0.009999983446992,0.309999963818664,,0,0.009999983446992,,0,,,,0,,0,,0,0,1.02999999088548,0,0,,,,,1.720000116,0,-5.00000214667547,,,,14.3000001528,0,144.000000036,,10.2500000448083,,9,418.92999273404,0,,,162.990005568533,,,,,,,,15.5699996649352,78.5800018859255
2007-12-01T07:33:31.968Z,,0.019999966893984,,,9.30000018645835,,,,6.19000008786281,0.280000013477688,,1.10000008701677,,16.1499996024,,,,5.40999978912439,,68.1800003405519,,70.639999448258,1.01999999679079,,65.2822286107669,15.3700000000001,77.9899979339465,,,,,4.06000000000009,0,,144.000000036,,,0,,75.1100006343779,,-40.9999982974184,-0.009999983446992,141.999994775913,,0,,,,0.009999983446992,0.309999963818664,,0,0.009999983446992,,0,,,,0,,0,,0,0,1.02999999088548,-0.009999983446992,0,,,,,1.720000116,0,5.99999706020473,,,,14.3000001528,0,144.000000036,,10.2500000448083,,9,418.940002415713,0,,,162.990005568533,,,,,,,,15.5699996649352,78.5800018859255
2007-12-01T07:33:36.029Z,,0.019999966893984,,,9.30000018645835,,,,6.19000008786281,0.280000013477688,,1.09000010356978,,16.1699999688,,,,5.40999978912439,,68.1800003405519,,70.639999448258,1.01999999679079,,64.6907949626323,15.3700000000001,77.9899979339465,,,,,4.06000000000009,0,,144.000000036,,,0,,75.1100006343779,,-36.9999979590295,-0.009999983446992,135.000002802179,,0,,,,0.009999983446992,0.309999963818664,,0,0.009999983446992,,0,,,,0,,0,,0,0,1.02999999088548,-0.009999983446992,0,,,,,1.720000116,0,-4.00000033838892,,,,14.3000001528,0,144.000000036,,10.2500000448083,,9,418.92999273404,0,,,162.990005568533,,,,,,,,15.5699996649352,78.5800018859255
2007-12-01T07:33:41.040Z,,0.019999966893984,,,9.30000018645835,,,,6.19000008786281,0.280000013477688,,1.10000008701677,,16.1699999688,,,,5.40999978912439,,68.1999969687125,,70.639999448258,1.01999999679079,,64.6602046931995,15.3700000000001,77.9899979339465,,,,,4.06000000000009,0,,144.000000036,,,0,,75.1100006343779,,-40.9999982974184,-0.009999983446992,113.999999301948,,0,,,,0.009999983446992,0.309999963818664,,0,0.009999983446992,,0,,,,0,,0,,0,0,1.02999999088548,-0.009999983446992,0,,,,,1.720000116,0,13.9999977369826,,,,14.3000001528,0,144.000000036,,10.2500000448083,,9,418.940002415713,0,,,162.990005568533,,,,,,,,15.5699996649352,78.5800018859255
2007-12-01T07:33:45.014Z,,0.019999966893984,,,9.30000018645835,,,,6.19000008786281,0.280000013477688,,1.09000010356978,,16.1699999688,,,,5.40999978912439,,68.1999969687125,,70.639999448258,1.01999999679079,,64.7111898363646,15.3700000000001,77.9899979339465,,,,,4.06000000000009,0,,144.000000036,,,0,,75.1100006343779,,-42.000000105705,-0.009999983446992,129.999993760747,,0,,,,0.009999983446992,0.309999963818664,,0,0.009999983446992,,0,,,,0,,0,,0,0,1.02999999088548,-0.009999983446992,0,,,,,1.720000116,0,23.000000222047,,,,14.3000001528,0,144.000000036,,10.2500000448083,,9,418.950012256372,0,,,162.990005568533,,,,,,,,15.5699996649352,78.5800018859255
2007-12-01T07:33:50.026Z,,0.019999966893984,,,9.30000018645835,,,,6.19000008786281,0.280000013477688,,1.10000008701677,,16.1699999688,,,,5.40999978912439,,68.1999969687125,,70.639999448258,1.01999999679079,,64.4766558191248,15.3700000000001,77.9999999842285,,,,,4.06000000000009,0,,144.000000036,,,0,,75.1100006343779,,-42.000000105705,-0.009999983446992,128.999998847217,,0,,,,0.009999983446992,0.309999963818664,,0,0.009999983446992,,0,,,,0,,0,,0,0,1.02999999088548,-0.009999983446992,0,,,,,1.720000116,0,-2.99999853010237,,,,14.3000001528,0,144.000000036,,10.2500000448083,,9,418.959991412483,0,,,162.990005568533,,,,,,,,15.5699996649352,78.5800018859255
2007-12-01T07:33:54.000Z,,0.019999966893984,,,9.30000018645835,,,,6.19000008786281,0.28999999692468,,1.10000008701677,,16.1699999688,,,,5.40999978912439,,68.1999969687125,,70.639999448258,1.01999999679079,,64.782569853262,15.3700000000001,77.9899979339465,,,,,4.06000000000009,0,,144.000000036,,,0,,75.1100006343779,,-40.9999982974184,-0.009999983446992,150.999997260978,,0,,,,0.009999983446992,0.309999963818664,,0,0.009999983446992,,0,,,,0,,0,,0,0,1.02999999088548,-0.009999983446992,0,,,,,1.720000116,0,9.99999739859365,,,,14.3000001528,0,144.000000036,,10.2500000448083,,9,418.970001253142,0,,,162.990005568533,,,,,,,,15.5699996649352,78.5800018859255
2007-12-01T07:33:59.011Z,,0.019999966893984,,,9.30000018645835,,,,6.19000008786281,0.280000013477688,,1.10000008701677,,16.1699999688,,,,5.40999978912439,,68.1999969687125,,70.639999448258,1.01999999679079,,64.8437540208666,15.3700000000001,77.9899979339465,,,,,4.06000000000009,0,,144.000000036,,,0,,75.0999984251086,,-40.0000033838892,-0.009999983446992,141.999994775913,,0,,,,0.009999983446992,0.309999963818664,,0,0.009999983446992,,0,,,,0,,0,,0,0,1.02999999088548,-0.009999983446992,0,,,,,1.720000116,0,8.00000067677784,,,,14.3000001528,0,144.000000036,,10.2500000448083,,9,418.940002415713,0,,,162.970001149995,,,,,,,,15.5699996649352,78.5800018859255
2007-12-01T07:34:02.986Z,,0.019999966893984,,,9.30000018645835,,,,6.19000008786281,0.280000013477688,,1.10000008701677,,16.1699999688,,,,5.40999978912439,,68.1999969687125,,70.639999448258,1.01999999679079,,64.8743442902994,15.3700000000001,77.9899979339465,,,,,4.06000000000009,0,,144.000000036,,,0,,75.0899963748267,,-37.9999997673161,-0.019999966893984,136.999999523995,,0,,,,0.009999983446992,0.309999963818664,,0,0.009999983446992,,0,,,,0,,0,,0,0,1.02999999088548,-0.019999966893984,0,,,,,1.720000116,0,13.9999977369826,,,,14.3000001528,0,144.000000036,,10.2500000448083,,9,418.940002415713,0,,,162.970001149995,,,,,,,,15.5699996649352,78.5800018859255
2007-12-01T07:34:07.997Z,,0.019999966893984,,,9.31999967639043,,,,6.19000008786281,0.280000013477688,,1.10000008701677,,16.1699999688,,,,5.40999978912439,,68.1999969687125,,70.639999448258,1.01999999679079,,64.650009297499,15.3700000000001,77.9899979339465,,,,,4.06000000000009,0,,144.000000036,,,0,,75.0999984251086,,-40.0000033838892,-0.019999966893984,135.000002802179,,0,,,,0.009999983446992,0.309999963818664,,0,0.009999983446992,,0,,,,0,,0,,0,0,1.02999999088548,-0.019999966893984,0,,,,,1.720000116,0,-4.00000033838892,,,,14.3000001528,0,144.000000036,,10.2399997433867,,9,418.940002415713,0,,,162.970001149995,,,,,,,,15.5699996649352,78.5800018859255
2007-12-01T07:34:11.971Z,,0.019999966893984,,,9.31999967639043,,,,6.19000008786281,0.280000013477688,,1.10000008701677,,16.1699999688,,,,5.40999978912439,,68.1999969687125,,70.639999448258,1.01999999679079,,64.8335586251661,15.3700000000001,77.9899979339465,,,,,4.06000000000009,0,,144.000000036,,,0,,75.0899963748267,,-40.9999982974184,-0.009999983446992,123.000001787013,,0,,,,0.009999983446992,0.309999963818664,,0,0.009999983446992,,0,,,,0,,0,,0,0,1.02999999088548,-0.009999983446992,0,,,,,1.720000116,0,17.0000031618422,,,,14.3000001528,0,144.000000036,,10.2399997433867,,9,418.950012256372,0,,,162.990005568533,,,,,,,,15.5699996649352,78.5800018859255
2007-12-01T07:34:16.982Z,,0.019999966893984,,,9.31999967639043,,,,6.19000008786281,0.280000013477688,,1.10000008701677,,16.1699999688,,,,5.40999978912439,,68.1900023908339,,70.639999448258,1.01999999679079,,64.8131637514338,15.3700000000001,78.0299988216583,,,,,4.06000000000009,0,,144.000000036,,,0,,75.0999984251086,,-37.9999997673161,0,111.000000771846,,0,,,,0.009999983446992,0.309999963818664,,0,0.009999983446992,,0,,,,0,,0,,0,0,1.02999999088548,0,0,,,,,1.720000116,0,28.0000023687224,,,,14.3000001528,0,144.000000036,,10.2399997433867,,9,418.970001253142,0,,,162.999999987425,,,,,,,,15.5699996649352,78.5800018859255
2007-12-01T07:34:20.957Z,,0.019999966893984,,,9.31999967639043,,,,6.19000008786281,0.280000013477688,,1.10000008701677,,16.1699999688,,,,5.40999978912439,,68.1900023908339,,70.639999448258,1.01999999679079,,64.7315847100969,15.3700000000001,78.0199966123891,,,,,4.06000000000009,0,,144.000000036,,,0,,75.0999984251086,,-36.0000030455003,0,112.999997493662,,0,,,,0.009999983446992,0.309999963818664,,0,0.009999983446992,,0,,,,0,,0,,0,0,1.02999999088548,0,0,,,,,1.720000116,0,28.9999972822517,,,,14.3000001528,0,144.000000036,,10.2500000448083,,9,418.970001253142,0,,,162.999999987425,,,,,,,,15.5699996649352,78.5800018859255
2007-12-01T07:34:25.968Z,,0.019999966893984,,,9.31999967639043,,,,6.19000008786281,0.280000013477688,,1.09000010356978,,16.1699999688,,,,5.40999978912439,,68.1800003405519,,70.639999448258,1.01999999679079,,64.782569853262,15.3700000000001,78.0199966123891,,,,,4.06000000000009,0,,144.000000036,,,0,,75.0899963748267,,-40.9999982974184,0,117.99999274558,,0,,,,0.009999983446992,0.309999963818664,,0,0.009999983446992,,0,,,,0,,0,,0,0,1.02999999088548,0,0,,,,,1.720000116,0,20.0000016919446,,,,14.3000001528,0,144.000000036,,10.2399997433867,,9,418.970001253142,0,,,162.990005568533,,,,,,,,15.5699996649352,78.5800018859255
2007-12-01T07:34:30.029Z,,0.019999966893984,,,9.31999967639043,,,,6.19000008786281,0.299999980371672,,1.10000008701677,,16.1699999688,,,,5.40999978912439,,68.1800003405519,,70.639999448258,1.01999999679079,,64.782569853262,15.3700000000001,78.0199966123891,,,,,4.06000000000009,0,,144.000000036,,,0,,75.0999984251086,,-39.0000015756026,0,121.000005065197,,0,,,,0.009999983446992,0.309999963818664,,0,0.009999983446992,,0,,,,0,,0,,0,0,1.02999999088548,0,0,,,,,1.720000116,0,13.9999977369826,,,,14.3000001528,0,144.000000036,,10.2299996009524,,9,418.970001253142,0,,,162.990005568533,,,,,,,,15.5699996649352,78.5800018859255
2007-12-01T07:34:35.040Z,,0.019999966893984,,,9.31999967639043,,,,6.19000008786281,0.299999980371672,,1.10000008701677,,16.1699999688,,,,5.40999978912439,,68.1800003405519,,70.639999448258,1.01999999679079,,64.9457243071968,15.3700000000001,78.0199966123891,,,,,4.06000000000009,0,,144.000000036,,,0,,75.0999984251086,,-42.000000105705,0,119.000008343381,,0,,,,0.009999983446992,0.309999963818664,,0,0.009999983446992,,0,,,,0,,0,,0,0,1.02999999088548,0,0,,,,,1.720000116,0,24.9999969438628,,,,14.3000001528,0,144.000000036,,10.2299996009524,,9,418.970001253142,0,,,162.990005568533,,,,,,,,15.5699996649352,78.5800018859255
2007-12-01T07:34:39.014Z,,0.019999966893984,,,9.34000012024632,,,,6.19000008786281,0.299999980371672,,1.10000008701677,,16.1699999688,,,,5.40999978912439,,68.1800003405519,,70.639999448258,1.01999999679079,,64.8131637514338,15.3700000000001,78.0199966123891,,,,,4.06000000000009,0,,144.000000036,,,0,,75.0999984251086,,-40.9999982974184,0,123.000001787013,,0,,,,0.009999983446992,0.309999963818664,,0,0.009999983446992,,0,,,,0,,0,,0,0,1.02999999088548,0,0,,,,,1.720000116,0,32.0000027071113,,,,14.3000001528,0,144.000000036,,10.2299996009524,,9,418.980010934815,0,,,162.999999987425,,,,,,,,15.5699996649352,78.5800018859255
2007-12-01T07:34:44.026Z,,0.019999966893984,,,9.34000012024632,,,,6.19000008786281,0.299999980371672,,1.10000008701677,,16.1699999688,,,,5.40999978912439,,68.1900023908339,,70.639999448258,1.01999999679079,,64.5990205255949,15.3700000000001,78.0199966123891,,,,,4.06000000000009,0,,144.000000036,,,0,,75.0999984251086,,-40.9999982974184,0.019999966893984,123.000001787013,,0,,,,0.009999983446992,0.309999963818664,,0,0.009999983446992,,0,,,,0,,0,,0,0,1.02999999088548,0.019999966893984,0,,,,,1.720000116,0,39.0000015756026,,,,14.3000001528,0,144.000000036,,10.2299996009524,,9,418.989990249912,0,,,163.009994565303,,,,,,,,15.5699996649352,78.5800018859255
2007-12-01T07:34:48.000Z,,0.019999966893984,,,9.34000012024632,,,,6.19000008786281,0.280000013477688,,1.09000010356978,,16.1699999688,,,,5.40999978912439,,68.1800003405519,,70.639999448258,1.01999999679079,,64.6092200036268,15.3700000000001,78.0199966123891,,,,,4.06000000000009,0,,144.000000036,,,0,,75.0999984251086,,-40.9999982974184,0.019999966893984,107.000007328214,,0,,,,0.009999983446992,0.309999963818664,,0,0.009999983446992,,0,,,,0,,0,,0,0,1.02999999088548,0.019999966893984,0,,,,,1.720000116,0,32.0000027071113,,,,14.3000001528,0,144.000000036,,10.2299996009524,,9,418.980010934815,0,,,163.009994565303,,,,,,,,15.5699996649352,78.5800018859255
2007-12-01T07:34:53.011Z,,0.019999966893984,,,9.32999997781203,,,,6.19000008786281,0.280000013477688,,1.10000008701677,,16.1699999688,,,,5.40999978912439,,68.1800003405519,,70.639999448258,1.01999999679079,,64.5582348604617,15.3700000000001,78.0199966123891,,,,,4.06000000000009,0,,144.000000036,,,0,,75.0999984251086,,-40.9999982974184,0.019999966893984,103.000000095068,,0,,,,0.009999983446992,0.309999963818664,,0,0.009999983446992,,0,,,,0,,0,,0,0,1.02999999088548,0.019999966893984,0,,,,,1.720000116,0,32.0000027071113,,,,14.3000001528,0,144.000000036,,10.2299996009524,,9,418.970001253142,0,,,163.009994565303,,,,,,,,15.5699996649352,78.5800018859255
2007-12-01T07:34:56.986Z,,0.019999966893984,,,9.31999967639043,,,,6.19000008786281,0.280000013477688,,1.10000008701677,,16.1699999688,,,,5.40999978912439,,68.1800003405519,,70.639999448258,1.01999999679079,,64.5582348604617,15.3700000000001,78.0199966123891,,,,,4.06000000000009,0,,144.000000036,,,0,,75.0899963748267,,-40.9999982974184,0.009999983446992,123.000001787013,,0,,,,0.009999983446992,0.309999963818664,,0,0.009999983446992,,0,,,,0,,0,,0,0,1.02999999088548,0.009999983446992,0,,,,,1.720000116,0,32.0000027071113,,,,14.3000001528,0,144.000000036,,10.2299996009524,,9,418.950012256372,0,,,162.990005568533,,,,,,,,15.5699996649352,78.5800018859255
2007-12-01T07:35:01.997Z,,0.019999966893984,,,9.31999967639043,,,,6.19000008786281,0.280000013477688,,1.08000012012278,,16.1699999688,,,,5.40999978912439,,68.1800003405519,,70.639999448258,1.01999999679079,,64.7621749795297,15.3700000000001,78.0299988216583,,,,,4.06000000000009,0,,144.000000036,,,0,,75.0999984251086,,-39.0000015756026,0,117.99999274558,,0,,,,0.009999983446992,0.309999963818664,,0,0.009999983446992,,0,,,,0,,0,,0,0,1.02999999088548,0,0,,,,,1.720000116,0,43.9999968275208,,,,14.3000001528,0,144.000000036,,10.2299996009524,,9,418.950012256372,0,,,162.990005568533,,,,,,,,15.5699996649352,78.5800018859255
2007-12-01T07:35:05.971Z,,0.019999966893984,,,9.31999967639043,,,,6.19000008786281,0.299999980371672,,1.0599999942415,,16.1699999688,,,,5.40999978912439,,68.1800003405519,,70.639999448258,1.01999999679079,,64.5582348604617,15.3700000000001,78.0199966123891,,,,,4.0700000000001,0,,144.000000036,,,0,,75.0899963748267,,-40.9999982974184,0,109.999998963559,,0,,,,0.009999983446992,0.309999963818664,,0,0.009999983446992,,0,,,,0,,0,,0,0,1.02999999088548,0,0,,,,,1.720000116,0,70.9999973879567,,,,14.3000001528,0,144.000000036,,10.2399997433867,,9,418.940002415713,0,,,162.990005568533,,,,,,,,15.5600004764247,78.5800018859255
2007-12-01T07:35:10.982Z,,0.019999966893984,,,9.32999997781203,,,,6.19000008786281,0.299999980371672,,1.06999997768849,,16.1699999688,,,,5.40999978912439,,68.1800003405519,,70.639999448258,1.01999999679079,,64.6296148773591,15.3700000000001,78.0199966123891,,,,,4.06000000000009,0,,144.000000036,,,0,,75.1100006343779,,-40.9999982974184,-0.009999983446992,127.999997038931,,0,,,,0.009999983446992,0.309999963818664,,0,0.009999983446992,,0,,,,0,,0,,0,0,1.02999999088548,-0.009999983446992,0,,,,,1.720000116,0,33.9999994289272,,,,14.3000001528,0,144.000000036,,10.2399997433867,,9,418.959991412483,0,,,163.009994565303,,,,,,,,15.5699996649352,78.5800018859255
2007-12-01T07:35:14.957Z,,0.019999966893984,,,9.34000012024632,,,,6.19000008786281,0.299999980371672,,1.06999997768849,,16.1699999688,,,,5.40999978912439,,68.1800003405519,,70.639999448258,1.01999999679079,,64.5582348604617,15.3700000000001,78.0199966123891,,,,,4.06000000000009,0,,144.000000036,,,0,,75.1100006343779,,-43.0000019139915,0.029999950340976,120.00000325691,,0,,,,0.009999983446992,0.309999963818664,,0,0.009999983446992,,0,,,,0,,0,,0,0,1.02999999088548,0.029999950340976,0,,,,,1.720000116,0,13.9999977369826,,,,14.3000001528,0,144.000000036,,10.2500000448083,,9,418.989990249912,0,,,163.029998824854,,,,,,,,15.5699996649352,78.5800018859255
2007-12-01T07:35:19.968Z,,0.019999966893984,,,9.34000012024632,,,,6.19000008786281,0.299999980371672,,1.06999997768849,,16.1699999688,,,,5.40999978912439,,68.1800003405519,,70.639999448258,1.01999999679079,,64.5480353824298,15.3700000000001,78.0199966123891,,,,,4.06000000000009,0,,144.000000036,,,0,,75.1100006343779,,-40.9999982974184,0.029999950340976,121.999999978726,,0,,,,0.009999983446992,0.309999963818664,,0,0.009999983446992,,0,,,,0,,0,,0,0,1.02999999088548,0.029999950340976,0,,,,,1.720000116,0,9.00000248506439,,,,14.3000001528,0,144.000000036,,10.2600001872426,,9,418.999999931585,0,,,163.029998824854,,,,,,,,15.5699996649352,78.5800018859255
2007-12-01T07:35:24.029Z,,0.019999966893984,,,9.34000012024632,,,,6.19000008786281,0.28999999692468,,1.06999997768849,,16.1699999688,,,,5.40999978912439,,68.1900023908339,,70.639999448258,1.01999999679079,,64.2931064914577,15.3700000000001,78.0199966123891,,,,,4.06000000000009,0,,144.000000036,,,0,,75.1100006343779,,-40.9999982974184,0.029999950340976,114.999994215477,,0,,,,0.009999983446992,0.309999963818664,,0,0.009999983446992,,0,,,,0,,0,,0,0,1.02999999088548,0.029999950340976,0,,,,,1.720000116,0,8.00000067677784,,,,14.3000001528,0,144.000000036,,10.2600001872426,,9,419.010009772245,0,,,163.029998824854,,,,,,,,15.5699996649352,78.5800018859255
2007-12-01T07:35:29.040Z,,0.019999966893984,,,9.34000012024632,,,,6.19000008786281,0.280000013477688,,1.06999997768849,,16.1699999688,,,,5.40999978912439,,68.1900023908339,,70.639999448258,1.01999999679079,,64.6092200036268,15.3700000000001,78.0299988216583,,,,,4.06000000000009,0,,144.000000036,,,0,,75.1100006343779,,-40.9999982974184,0.029999950340976,105.999991730413,,0,,,,0.009999983446992,0.309999963818664,,0,0.009999983446992,,0,,,,0,,0,,0,0,1.02999999088548,0.029999950340976,0,,,,,1.720000116,0,9.99999739859365,,,,14.3000001528,0,144.000000036,,10.2600001872426,,9,418.989990249912,0,,,163.029998824854,,,,,,,,15.5699996649352,78.5800018859255
2007-12-01T07:35:33.014Z,,0.019999966893984,,,9.34000012024632,,,,6.19000008786281,0.280000013477688,,1.06999997768849,,16.1699999688,,,,5.40999978912439,,68.1900023908339,,70.639999448258,1.01999999679079,,64.5582348604617,15.3700000000001,78.0199966123891,,,,,4.06000000000009,0,,144.000000036,,,0,,75.1100006343779,,-42.000000105705,0.039999933787968,119.000008343381,,0,,,,0.009999983446992,0.309999963818664,,0,0.009999983446992,,0,,,,0,,0,,0,0,1.02999999088548,0.039999933787968,0,,,,,1.720000116,0,6.99999886849128,,,,14.3000001528,0,144.000000036,,10.2600001872426,,9,418.989990249912,0,,,163.029998824854,,,,,,,,15.5699996649352,78.5800018859255
2007-12-01T07:35:38.026Z,,0.019999966893984,,,9.34000012024632,,,,6.19000008786281,0.280000013477688,,1.06999997768849,,16.1699999688,,,,5.40999978912439,,68.1800003405519,,70.639999448258,1.01999999679079,,64.4154711979278,15.3700000000001,78.0199966123891,,,,,4.06000000000009,0,,144.000000036,,,0,,75.1100006343779,,-40.0000033838892,0.029999950340976,121.000005065197,,0,,,,0.009999983446992,0.309999963818664,,0,0.009999983446992,,0,,,,0,,0,,0,0,1.02999999088548,0.029999950340976,0,,,,,1.720000116,0,21.9999984137604,,,,14.3000001528,0,144.000000036,,10.2600001872426,,9,418.989990249912,0,,,163.029998824854,,,,,,,,15.5699996649352,78.5800018859255
2007-12-01T07:35:42.000Z,,0.019999966893984,,,9.34000012024632,,,,6.19000008786281,0.280000013477688,,1.0599999942415,,16.1699999688,,,,5.40999978912439,,68.1800003405519,,70.639999448258,1.01999999679079,,64.4664604234243,15.3700000000001,78.0199966123891,,,,,4.06000000000009,0,,144.000000036,,,0,,75.0999984251086,,-39.0000015756026,0.029999950340976,111.000000771846,,0,,,,0.009999983446992,0.309999963818664,,0,0.009999983446992,,0,,,,0,,0,,0,0,1.02999999088548,0.029999950340976,0,,,,,1.720000116,0,23.000000222047,,,,14.3000001528,0,144.000000036,,10.2500000448083,,9,418.959991412483,0,,,163.009994565303,,,,,,,,15.5699996649352,78.5800018859255
2007-12-01T07:35:47.011Z,,0.019999966893984,,,9.34000012024632,,,,6.19000008786281,0.28999999692468,,1.0500000107945,,16.1699999688,,,,5.40999978912439,,68.1800003405519,,70.639999448258,1.01999999679079,,64.4766558191248,15.3700000000001,78.0199966123891,,,,,4.06000000000009,0,,144.000000036,,,0,,75.0999984251086,,-40.9999982974184,0.019999966893984,128.999998847217,,0,,,,0.009999983446992,0.309999963818664,,0,0.009999983446992,,0,,,,0,,0,,0,0,1.02999999088548,0.019999966893984,0,,,,,1.720000116,0,24.9999969438628,,,,14.3000001528,0,144.000000036,,10.2399997433867,,9,418.940002415713,0,,,163.009994565303,,,,,,,,15.5699996649352,78.5800018859255
2007-12-01T07:35:50.986Z,,0.019999966893984,,,9.34000012024632,,,,6.19000008786281,0.299999980371672,,1.0500000107945,,16.1699999688,,,,5.40999978912439,,68.1800003405519,,70.639999448258,1.01999999679079,,64.5582348604617,15.3700000000001,78.0199966123891,,,,,4.06000000000009,0,,144.000000036,,,0,,75.0999984251086,,-40.9999982974184,0.019999966893984,130.999995569033,,0,,,,0.009999983446992,0.309999963818664,,0,0.009999983446992,,0,,,,0,,0,,0,0,1.02999999088548,0.019999966893984,0,,,,,1.720000116,0,17.9999980753715,,,,14.3000001528,0,144.000000036,,10.2399997433867,,9,418.950012256372,0,,,163.009994565303,,,,,,,,15.5699996649352,78.5800018859255
2007-12-01T07:35:55.997Z,,0.019999966893984,,,9.34000012024632,,,,6.19000008786281,0.299999980371672,,1.0500000107945,,16.1699999688,,,,5.40999978912439,,68.1800003405519,,70.639999448258,1.01999999679079,,64.6092200036268,15.3700000000001,77.9999999842285,,,,,4.06000000000009,0,,144.000000036,,,0,,75.0899963748267,,-40.0000033838892,0.019999966893984,128.999998847217,,0,,,,0.009999983446992,0.309999963818664,,0,0.009999983446992,,0,,,,0,,0,,0,0,1.02999999088548,0.019999966893984,0,,,,,1.720000116,0,13.9999977369826,,,,14.3000001528,0,144.000000036,,10.2399997433867,,9,418.950012256372,0,,,163.009994565303,,,,,,,,15.5699996649352,78.5800018859255
2007-12-01T07:36:04.982Z,,0.019999966893984,,,9.34000012024632,,,,6.19000008786281,0.299999980371672,,1.0500000107945,,16.1699999688,,,,5.40999978912439,,68.1800003405519,,70.639999448258,1.01999999679079,,64.578629734194,15.3700000000001,78.0199966123891,,,,,4.06000000000009,0,,144.000000036,,,0,,75.0899963748267,,-42.000000105705,0.019999966893984,124.999998508828,,0,,,,0.009999983446992,0.309999963818664,,0,0.009999983446992,,0,,,,0,,0,,0,0,1.02999999088548,0.019999966893984,0,,,,,1.720000116,0,-6.99999886849128,,,,14.3000001528,0,144.000000036,,10.2399997433867,,9,418.940002415713,0,,,163.009994565303,,,,,,,,15.5699996649352,78.5800018859255
2007-12-01T07:36:08.957Z,,0.019999966893984,,,9.34000012024632,,,,6.19000008786281,0.299999980371672,,1.0500000107945,,16.1699999688,,,,5.40999978912439,,68.1800003405519,,70.639999448258,1.01999999679079,,64.6092200036268,15.3700000000001,78.0199966123891,,,,,4.06000000000009,0,,144.000000036,,,0,,75.0899963748267,,-42.000000105705,0.019999966893984,113.999999301948,,0,,,,0.009999983446992,0.309999963818664,,0,0.009999983446992,,0,,,,0,,0,,0,0,1.02999999088548,0.019999966893984,0,,,,,1.720000116,0,-8.00000067677784,,,,14.3000001528,0,144.000000036,,10.2299996009524,,9,418.950012256372,0,,,163.009994565303,,,,,,,,15.5699996649352,78.5800018859255
2007-12-01T07:36:13.968Z,,0.019999966893984,,,9.34000012024632,,,,6.19000008786281,0.299999980371672,,1.0500000107945,,16.1699999688,,,,5.40999978912439,,68.1800003405519,,70.639999448258,1.01999999679079,,64.6602046931995,15.3700000000001,77.9999999842285,,,,,4.06000000000009,0,,144.000000036,,,0,,75.0899963748267,,-40.0000033838892,0.009999983446992,136.000004610466,,0,,,,0.009999983446992,0.309999963818664,,0,0.009999983446992,,0,,,,0,,0,,0,0,1.02999999088548,0.009999983446992,0,,,,,1.720000116,0,-21.9999984137604,,,,14.3000001528,0,144.000000036,,10.2299996009524,,9,418.920013418943,0,,,163.009994565303,,,,,,,,15.5699996649352,78.5800018859255
2007-12-01T07:36:18.029Z,,0.019999966893984,,,9.34000012024632,,,,6.19000008786281,0.299999980371672,,1.0500000107945,,16.1699999688,,,,5.40999978912439,,68.1900023908339,,70.639999448258,1.01999999679079,,64.6907949626323,15.3700000000001,77.9899979339465,,,,,4.06000000000009,0,,144.000000036,,,0,,75.0999984251086,,-42.000000105705,0.019999966893984,117.99999274558,,0,,,,0.009999983446992,0.309999963818664,,0,0.009999983446992,,0,,,,0,,0,,0,0,1.02999999088548,0.019999966893984,0,,,,,1.720000116,0,1.00000180828655,,,,14.3000001528,0,144.000000036,,10.2299996009524,,9,418.920013418943,0,,,163.009994565303,,,,,,,,15.5699996649352,78.5800018859255
2007-12-01T07:36:23.040Z,,0.019999966893984,,,9.34000012024632,,,,6.19000008786281,0.299999980371672,,1.0500000107945,,16.1699999688,,,,5.40999978912439,,68.1999969687125,,70.639999448258,1.01999999679079,,64.6805995669318,15.3700000000001,77.9999999842285,,,,,4.06000000000009,0,,144.000000036,,,0,,75.0899963748267,,-40.9999982974184,0.019999966893984,135.000002802179,,0,,,,0.009999983446992,0.309999963818664,,0,0.009999983446992,,0,,,,0,,0,,0,0,1.02999999088548,0.019999966893984,0,,,,,1.720000116,0,12.0000010151668,,,,14.3000001528,0,144.000000036,,10.2399997433867,,9,418.940002415713,0,,,163.009994565303,,,,,,,,15.5699996649352,78.5800018859255
2007-12-01T07:36:32.026Z,,0.019999966893984,,,9.35999961017839,,,,6.19000008786281,0.299999980371672,,1.0500000107945,,16.2999993024,,,,5.40999978912439,,68.1999969687125,,70.639999448258,1.01999999679079,,63.7424589620488,15.3700000000001,78.0199966123891,,,,,4.06000000000009,0,,144.000000036,,,0,,75.0999984251086,,-39.0000015756026,0.019999966893984,123.000001787013,,0,,,,0.009999983446992,0.309999963818664,,0,0.009999983446992,,0,,,,0,,0,,0,0,1.02999999088548,0.019999966893984,0,,,,,1.720000116,0,32.0000027071113,,,,14.3000001528,0,144.000000036,,10.2299996009524,,9,418.970001253142,0,,,163.020004246976,,,,,,,,15.5699996649352,78.5800018859255
2007-12-01T07:36:36.000Z,,0.019999966893984,,,9.35999961017839,,,,6.19000008786281,0.299999980371672,,1.0500000107945,,16.6499996184,,,,5.40999978912439,,68.1999969687125,,70.639999448258,1.01999999679079,,63.446743952351,15.3700000000001,78.0100021934977,,,,,4.06000000000009,0,,144.000000036,,,0,,75.0899963748267,,-43.0000019139915,0.039999933787968,151.999999069264,,0,,,,0.009999983446992,0.309999963818664,,0,0.009999983446992,,0,,,,0,,0,,0,0,1.02999999088548,0.039999933787968,0,,,,,1.720000116,0,2.99999853010237,,,,14.3000001528,0,144.000000036,,10.2299996009524,,9,418.970001253142,0,,,163.039993243746,,,,,,,,15.5699996649352,78.5800018859255
2007-12-01T07:36:41.011Z,,0.019999966893984,,,9.36999991159999,,,,6.19000008786281,0.299999980371672,,1.0599999942415,,16.8700009056,,,,5.40999978912439,,68.1800003405519,,70.639999448258,1.01999999679079,,64.7927693312938,15.3700000000001,77.9999999842285,,,,,4.06000000000009,0,,144.000000036,,,0,,75.0999984251086,,-40.9999982974184,0.039999933787968,136.999999523995,,0,,,,0.009999983446992,0.309999963818664,,0,0.009999983446992,,0,,,,0,,0,,0,0,1.02999999088548,0.039999933787968,0,,,,,1.720000116,0,1.99999672181581,,,,14.3000001528,0,144.000000036,,10.2200002534547,,9,418.940002415713,0,,,163.039993243746,,,,,,,,15.5699996649352,78.5800018859255
2007-12-01T07:36:44.986Z,,0.019999966893984,,,9.36999991159999,,,,6.19000008786281,0.299999980371672,,1.06999997768849,,16.8700009056,,,,5.40999978912439,,68.1800003405519,,70.639999448258,1.01999999679079,,64.9457243071968,15.3700000000001,77.9899979339465,,,,,4.06000000000009,0,,144.000000036,,,0,,75.0999984251086,,-40.9999982974184,0.050000076222264,126.000000317115,,0,,,,0.009999983446992,0.309999963818664,,0,0.009999983446992,,0,,,,0,,0,,0,0,1.02999999088548,0.050000076222264,0,,,,,1.720000116,0,-1.00000180828655,,,,14.3000001528,0,144.000000036,,10.2200002534547,,9,418.959991412483,0,,,163.039993243746,,,,,,,,15.5699996649352,78.5800018859255
2007-12-01T07:36:49.997Z,,0.019999966893984,,,9.35999961017839,,,,6.19000008786281,0.299999980371672,,1.0599999942415,,16.8700009056,,,,5.40999978912439,,68.1800003405519,,70.639999448258,1.01999999679079,,64.8131637514338,15.3700000000001,77.9899979339465,,,,,4.06000000000009,0,,144.000000036,,,0,,75.0999984251086,,-40.9999982974184,0.050000076222264,138.999996245811,,0,,,,0.009999983446992,0.309999963818664,,0,0.009999983446992,,0,,,,0,,0,,0,0,1.02999999088548,0.050000076222264,0,,,,,1.720000116,0,-13.0000028234533,,,,14.3000001528,0,144.000000036,,10.2200002534547,,9,418.950012256372,0,,,163.039993243746,,,,,,,,15.5699996649352,78.5800018859255
2007-12-01T07:36:53.971Z,,0.019999966893984,,,9.35999961017839,,,,6.19000008786281,0.299999980371672,,1.06999997768849,,16.8700009056,,,,5.40999978912439,,68.1800003405519,,70.639999448258,1.01999999679079,,65.0069084748014,15.3700000000001,77.9899979339465,,,,,4.06000000000009,0,,144.000000036,,,0,,75.0999984251086,,-39.0000015756026,0.039999933787968,138.999996245811,,0,,,,0.009999983446992,0.309999963818664,,0,0.009999983446992,,0,,,,0,,0,,0,0,1.02999999088548,0.039999933787968,0,,,,,1.720000116,0,4.00000033838892,,,,14.3000001528,0,144.000000036,,10.2299996009524,,9,418.950012256372,0,,,163.039993243746,,,,,,,,15.5699996649352,78.5800018859255
2007-12-01T07:36:58.982Z,,0.019999966893984,,,9.34000012024632,,,,6.19000008786281,0.299999980371672,,1.06999997768849,,16.8899994432,,,,5.40999978912439,,68.1800003405519,,70.639999448258,1.01999999679079,,66.0164254678428,15.3700000000001,77.9899979339465,,,,,4.06000000000009,0,,144.000000036,,,0,,75.1100006343779,,-43.0000019139915,0.039999933787968,127.999997038931,,0,,,,0.009999983446992,0.309999963818664,,0,0.009999983446992,,0,,,,0,,0,,0,0,1.02999999088548,0.039999933787968,0,,,,,1.720000116,0,-14.9999995452691,,,,14.3000001528,0,144.000000036,,10.2299996009524,,9,418.950012256372,0,,,163.029998824854,,,,,,,,15.5699996649352,78.5800018859255
2007-12-01T07:37:03.043Z,,0.019999966893984,,,9.34000012024632,,,,6.19000008786281,0.299999980371672,,1.06999997768849,,16.8899994432,,,,5.40999978912439,,68.1800003405519,,70.639999448258,1.01999999679079,,64.6296148773591,15.3700000000001,77.9899979339465,,,,,4.06000000000009,0,,144.000000036,,,0,,75.1100006343779,,-40.9999982974184,0.029999950340976,135.000002802179,,0,,,,0.009999983446992,0.309999963818664,,0,0.009999983446992,,0,,,,0,,0,,0,0,1.02999999088548,0.029999950340976,0,,,,,1.720000116,0,12.0000010151668,,,,14.3000001528,0,144.000000036,,10.2299996009524,,9,418.950012256372,0,,,163.029998824854,,,,,,,,15.5699996649352,78.5800018859255
2007-12-01T07:37:07.968Z,,0.019999966893984,,,9.34000012024632,,,,6.19000008786281,0.299999980371672,,1.0599999942415,,16.8899994432,,,,5.40999978912439,,68.1800003405519,,70.639999448258,1.01999999679079,,64.7417841881287,15.3700000000001,77.9899979339465,,,,,4.06000000000009,0,,144.000000036,,,0,,75.1100006343779,,-40.0000033838892,0.029999950340976,124.000003595299,,0,,,,0.009999983446992,0.309999963818664,,0,0.009999983446992,,0,,,,0,,0,,0,0,1.02999999088548,0.029999950340976,0,,,,,1.720000116,0,9.99999739859365,,,,14.3000001528,0,144.000000036,,10.2299996009524,,9,418.940002415713,0,,,163.029998824854,,,,,,,,15.5699996649352,78.5800018859255
2007-12-01T07:37:12.029Z,,0.019999966893984,,,9.34000012024632,,,,6.19000008786281,0.299999980371672,,1.0599999942415,,16.8899994432,,,,5.40999978912439,,68.1800003405519,,70.639999448258,1.01999999679079,,63.1306304401819,15.3700000000001,78.0100021934977,,,,,4.06000000000009,0,,144.000000036,,,0,,75.1100006343779,,-37.9999997673161,0.039999933787968,153.99999579108,,0,,,,0.009999983446992,0.309999963818664,,0,0.009999983446992,,0,,,,0,,0,,0,0,1.02999999088548,0.039999933787968,0,,,,,1.720000116,0,17.0000031618422,,,,14.3000001528,0,144.000000036,,10.2299996009524,,9,418.940002415713,0,,,163.029998824854,,,,,,,,15.5699996649352,78.5800018859255
2007-12-01T07:37:17.040Z,,0.019999966893984,,,9.31999967639043,,,,6.19000008786281,0.299999980371672,,1.09000010356978,,17.0200006056,,,,5.40999978912439,,68.1800003405519,,70.639999448258,1.01999999679079,,64.446065549692,15.3700000000001,78.0199966123891,,,,,4.06000000000009,0,,144.000000036,,,0,,75.1100006343779,,-40.0000033838892,0.019999966893984,153.99999579108,,0,,,,0.009999983446992,0.309999963818664,,0,0.009999983446992,,0,,,,0,,0,,0,0,1.02999999088548,0.019999966893984,0,,,,,1.720000116,0,8.00000067677784,,,,14.3000001528,0,144.000000036,,10.2200002534547,,9,418.970001253142,0,,,163.009994565303,,,,,,,,15.5699996649352,78.5800018859255
2007-12-01T07:37:21.014Z,,0.019999966893984,,,9.31999967639043,,,,6.19000008786281,0.299999980371672,,1.10000008701677,,17.1399994512,,,,5.40999978912439,,68.1900023908339,,70.639999448258,1.01999999679079,,64.650009297499,15.3700000000001,78.0199966123891,,,,,4.06000000000009,0,,144.000000036,,,0,,75.1100006343779,,-43.0000019139915,0.019999966893984,142.9999965842,,0,,,,0.009999983446992,0.309999963818664,,0,0.009999983446992,,0,,,,0,,0,,0,0,1.02999999088548,0.019999966893984,0,,,,,1.720000116,0,5.99999706020473,,,,14.3000001528,0,144.000000036,,10.2200002534547,,9,418.980010934815,0,,,163.009994565303,,,,,,,,15.5699996649352,78.5800018859255
2007-12-01T07:37:26.026Z,,0.019999966893984,,,9.31999967639043,,,,6.19000008786281,0.299999980371672,,1.10000008701677,,17.1700000008,,,,5.40999978912439,,68.1999969687125,,70.65000149854,1.01999999679079,,65.0069084748014,15.3700000000001,78.0199966123891,,,,,4.06000000000009,0,,144.000000036,,,0,,75.1100006343779,,-42.000000105705,0.019999966893984,124.999998508828,,0,,,,0.009999983446992,0.309999963818664,,0,0.009999983446992,,0,,,,0,,0,,0,0,1.02999999088548,0.019999966893984,0,,,,,1.720000116,0,-1.99999672181581,,,,14.3000001528,0,144.000000036,,10.2200002534547,,9,418.999999931585,0,,,163.009994565303,,,,,,,,15.5699996649352,78.5800018859255
2007-12-01T07:37:30.000Z,,0.019999966893984,,,9.31999967639043,,,,6.19000008786281,0.299999980371672,,1.10000008701677,,17.1700000008,,,,5.40999978912439,,68.1999969687125,,70.65000149854,1.01999999679079,,64.8437540208666,15.3700000000001,78.0199966123891,,,,,4.06000000000009,0,,144.000000036,,,0,,75.1100006343779,,-42.000000105705,0.009999983446992,159.000004832513,,0,,,,0.009999983446992,0.309999963818664,,0,0.009999983446992,,0,,,,0,,0,,0,0,1.02999999088548,0.009999983446992,0,,,,,1.720000116,0,6.99999886849128,,,,14.3000001528,0,144.000000036,,10.2500000448083,,9,419.019989087342,0,,,163.009994565303,,,,,,,,15.5699996649352,78.5800018859255
2007-12-01T07:37:35.011Z,,0.019999966893984,,,9.31999967639043,,,,6.19000008786281,0.299999980371672,,1.10000008701677,,17.1700000008,,,,5.40999978912439,,68.1999969687125,,70.639999448258,1.01999999679079,,64.8335586251661,15.3700000000001,78.0199966123891,,,,,4.06000000000009,0,,144.000000036,,,0,,75.1100006343779,,-40.9999982974184,0.019999966893984,162.000003362615,,0,,,,0.009999983446992,0.309999963818664,,0,0.009999983446992,,0,,,,0,,0,,0,0,1.02999999088548,0.019999966893984,0,,,,,1.720000116,0,18.999999883658,,,,14.3000001528,0,144.000000036,,10.2600001872426,,9,419.040008609675,0,,,163.009994565303,,,,,,,,15.5699996649352,78.5800018859255
2007-12-01T07:37:38.986Z,,0.019999966893984,,,9.31000048787995,,,,6.19000008786281,0.299999980371672,,1.10000008701677,,17.1700000008,,,,5.40999978912439,,68.1999969687125,,70.639999448258,1.01999999679079,,64.7621749795297,15.3700000000001,78.0199966123891,,,,,4.06000000000009,0,,144.000000036,,,0,,75.1100006343779,,-42.000000105705,0.019999966893984,136.000004610466,,0,,,,0.009999983446992,0.309999963818664,,0,0.009999983446992,,0,,,,0,,0,,0,0,1.02999999088548,0.019999966893984,0,,,,,1.720000116,0,9.99999739859365,,,,14.3000001528,0,144.000000036,,10.2600001872426,,9,419.029998769015,0,,,162.999999987425,,,,,,,,15.5699996649352,78.5800018859255
2007-12-01T07:37:43.997Z,,0.019999966893984,,,9.30000018645835,,,,6.19000008786281,0.299999980371672,,1.10000008701677,,17.1700000008,,,,5.40999978912439,,68.1999969687125,,70.639999448258,1.01999999679079,,64.8641488945989,15.3700000000001,78.0199966123891,,,,,4.06000000000009,0,,144.000000036,,,0,,75.1100006343779,,-40.9999982974184,-0.009999983446992,145.00000709553,,0,,,,0.009999983446992,0.309999963818664,,0,0.009999983446992,,0,,,,0,,0,,0,0,1.02999999088548,-0.009999983446992,0,,,,,1.720000116,0,5.99999706020473,,,,14.3000001528,0,144.000000036,,10.2500000448083,,9,418.999999931585,0,,,162.990005568533,,,,,,,,15.5699996649352,78.5800018859255
2007-12-01T07:37:47.971Z,,0.019999966893984,,,9.30000018645835,,,,6.19000008786281,0.299999980371672,,1.10000008701677,,17.1700000008,,,,5.40999978912439,,68.1999969687125,,70.639999448258,1.01999999679079,,64.9763182053686,15.3700000000001,78.0199966123891,,,,,4.06000000000009,0,,144.000000036,,,0,,75.1100006343779,,-42.000000105705,0,136.000004610466,,0,,,,0.009999983446992,0.309999963818664,,0,0.009999983446992,,0,,,,0,,0,,0,0,1.02999999088548,0,0,,,,,1.720000116,0,1.99999672181581,,,,14.3000001528,0,144.000000036,,10.2399997433867,,9,418.989990249912,0,,,162.990005568533,,,,,,,,15.5699996649352,78.5800018859255
2007-12-01T07:37:52.982Z,,0.019999966893984,,,9.30000018645835,,,,6.19000008786281,0.299999980371672,,1.10000008701677,,17.4599992176,,,,5.40999978912439,,68.1999969687125,,70.639999448258,1.01999999679079,,62.712547095275,15.3700000000001,78.0199966123891,,,,,4.06000000000009,0,,144.000000036,,,0,,75.1100006343779,,-43.0000019139915,0,124.000003595299,,0,,,,0.009999983446992,0.309999963818664,,0,0.009999983446992,,0,,,,0,,0,,0,0,1.02999999088548,0,0,,,,,1.720000116,0,23.000000222047,,,,14.3000001528,0,144.000000036,,10.2399997433867,,9,418.989990249912,0,,,162.990005568533,,,,,,,,15.5699996649352,78.5800018859255
2007-12-01T07:37:57.043Z,,0.019999966893984,,,9.30000018645835,,,,6.19000008786281,0.299999980371672,,1.10000008701677,,17.930000208,,,,5.40999978912439,,68.1999969687125,,70.639999448258,1.01999999679079,,63.2326007265121,15.3700000000001,78.0199966123891,,,,,4.06000000000009,0,,144.000000036,,,0,,75.1100006343779,,-40.9999982974184,-0.009999983446992,101.999998286781,,0,,,,0.009999983446992,0.309999963818664,,0,0.009999983446992,,0,,,,0,,0,,0,0,1.02999999088548,-0.009999983446992,0,,,,,1.720000116,0,-20.0000016919446,,,,14.3000001528,0,144.000000036,,10.2399997433867,,9,418.999999931585,0,,,162.990005568533,,,,,,,,15.5699996649352,78.5800018859255
2007-12-01T07:38:01.968Z,,0.019999966893984,,,9.30000018645835,,,,6.19000008786281,0.299999980371672,,1.10000008701677,,18.8700009696,,,,5.40999978912439,,68.1999969687125,,70.639999448258,1.01999999679079,,64.31350136519,15.3700000000001,78.0199966123891,,,,,4.06000000000009,0,,144.000000036,,,0,,75.1100006343779,,-40.9999982974184,-0.009999983446992,100.999996478495,,0,,,,0.009999983446992,0.309999963818664,,0,0.009999983446992,,0,,,,0,,0,,0,0,1.02999999088548,-0.009999983446992,0,,,,,1.720000116,0,-1.00000180828655,,,,14.3000001528,0,144.000000036,,10.2399997433867,,9,418.989990249912,0,,,162.990005568533,,,,,,,,15.5699996649352,78.5800018859255
2007-12-01T07:38:06.029Z,,0.019999966893984,,,9.30000018645835,,,,6.19000008786281,0.299999980371672,,1.09000010356978,,19.5000000144,,,,5.40999978912439,,68.1999969687125,,70.639999448258,1.01999999679079,,64.4664604234243,15.3700000000001,78.0299988216583,,,,,4.06000000000009,0,,144.000000036,,,0,,75.1100006343779,,-40.9999982974184,-0.009999983446992,103.000000095068,,0,,,,0.009999983446992,0.309999963818664,,0,0.009999983446992,,0,,,,0,,0,,0,0,1.02999999088548,-0.009999983446992,0,,,,,1.720000116,0,-16.0000013535557,,,,14.3000001528,0,144.000000036,,10.2399997433867,,9,418.989990249912,0,,,162.990005568533,,,,,,,,15.5699996649352,78.5800018859255
2007-12-01T07:38:11.040Z,,0.019999966893984,,,9.30000018645835,,,,6.19000008786281,0.299999980371672,,1.10000008701677,,20.2900007712,,,,5.40999978912439,,68.1999969687125,,70.639999448258,1.01999999679079,,63.6914738188837,15.3700000000001,78.0199966123891,,,,,4.06000000000009,0,,144.000000036,,,0,,75.1100006343779,,-40.9999982974184,-0.009999983446992,108.000002241743,,0,,,,0.009999983446992,0.309999963818664,,0,0.009999983446992,,0,,,,0,,0,,0,0,1.02999999088548,-0.009999983446992,0,,,,,1.720000116,0,10.9999992068802,,,,14.3000001528,0,144.000000036,,10.2399997433867,,9,418.989990249912,0,,,162.990005568533,,,,,,,,15.5699996649352,78.5800018859255
2007-12-01T07:38:15.014Z,,0.019999966893984,,,9.30000018645835,,,,6.19000008786281,0.299999980371672,,1.10000008701677,,20.9599990248,,,,5.40999978912439,,68.1999969687125,,70.639999448258,1.01999999679079,,62.8960964229421,15.3700000000001,78.0199966123891,,,,,4.06000000000009,0,,144.000000036,,,0,,75.1100006343779,,-40.9999982974184,-0.009999983446992,109.00000405003,,0,,,,0.009999983446992,0.309999963818664,,0,0.009999983446992,,0,,,,0,,0,,0,0,1.02999999088548,-0.009999983446992,0,,,,,1.720000116,0,27.0000005604359,,,,14.3000001528,0,144.000000036,,10.2399997433867,,9,418.989990249912,0,,,162.990005568533,,,,,,,,15.5699996649352,78.5800018859255
2007-12-01T07:38:20.026Z,,0.019999966893984,,,9.30000018645835,,,,6.19000008786281,0.299999980371672,,1.10000008701677,,22.3099993728,,,,5.40999978912439,,68.1999969687125,,70.639999448258,1.01999999679079,,63.2835894984162,15.3700000000001,78.0199966123891,,,,,4.06000000000009,0,,144.000000036,,,0,,75.1100006343779,,-40.9999982974184,-0.009999983446992,126.000000317115,,0,,,,0.009999983446992,0.309999963818664,,0,0.009999983446992,,0,,,,0,,0,,0,0,1.02999999088548,-0.009999983446992,0,,,,,1.720000116,0,20.0000016919446,,,,14.3000001528,0,144.000000036,,10.2399997433867,,9,418.980010934815,0,,,162.990005568533,,,,,,,,15.5699996649352,78.5800018859255
2007-12-01T07:38:24.000Z,,0.019999966893984,,,9.30000018645835,,,,6.19000008786281,0.299999980371672,,1.10000008701677,,23.5599994128,,,,5.40999978912439,,68.1999969687125,,70.639999448258,1.01999999679079,,64.31350136519,15.3700000000001,78.0199966123891,,,,,4.0700000000001,0,,144.000000036,,,0,,75.1100006343779,,-40.9999982974184,-0.009999983446992,114.999994215477,,0,,,,0.009999983446992,0.309999963818664,,0,0.009999983446992,,0,,,,0,,0,,0,0,1.02999999088548,-0.009999983446992,0,,,,,1.720000116,0,33.0000045153979,,,,14.3000001528,0,144.000000036,,10.2399997433867,,9,418.980010934815,0,,,162.990005568533,,,,,,,,15.5699996649352,78.5800018859255
2007-12-01T07:38:29.011Z,,0.019999966893984,,,9.30000018645835,,,,6.19000008786281,0.299999980371672,,1.10000008701677,,24.669999936,,,,5.40999978912439,,68.1999969687125,,70.639999448258,1.01999999679079,,65.0069084748014,15.3700000000001,78.0199966123891,,,,,4.06000000000009,0,,144.000000036,,,0,,75.1100006343779,,-43.0000019139915,-0.009999983446992,117.99999274558,,0,,,,0.009999983446992,0.309999963818664,,0,0.009999983446992,,0,,,,0,,0,,0,0,1.02999999088548,-0.009999983446992,0,,,,,1.720000116,0,13.0000028234533,,,,14.3000001528,0,144.000000036,,10.2299996009524,,9,418.980010934815,0,,,162.990005568533,,,,,,,,15.5699996649352,78.5800018859255
2007-12-01T07:38:32.986Z,,0.019999966893984,,,9.31999967639043,,,,6.19000008786281,0.299999980371672,,1.10000008701677,,25.3400000184,,,,5.40999978912439,,68.1999969687125,,70.639999448258,1.01999999679079,,68.2292155171026,15.3700000000001,78.0199966123891,,,,,4.06000000000009,0,,144.000000036,,,0,,75.1100006343779,,-40.9999982974184,0.009999983446992,101.999998286781,,0,,,,0.009999983446992,0.309999963818664,,0,0.009999983446992,,0,,,,0,,0,,0,0,1.02999999088548,0.009999983446992,0,,,,,1.720000116,0,-5.99999706020473,,,,14.3000001528,0,144.000000036,,10.2299996009524,,9,418.999999931585,0,,,163.009994565303,,,,,,,,15.5699996649352,78.5800018859255
2007-12-01T07:38:37.997Z,,0.019999966893984,,,9.31999967639043,,,,6.19000008786281,0.299999980371672,,1.10000008701677,,25.4400006312,,,,5.40999978912439,,68.1999969687125,,70.639999448258,1.01999999679079,,67.4644283905939,15.3700000000001,78.0199966123891,,,,,4.06000000000009,0,,144.000000036,,,0,,75.1100006343779,,-43.0000019139915,0.019999966893984,126.999995230644,,0,,,,0.009999983446992,0.309999963818664,,0,0.009999983446992,,0,,,,0,,0,,0,0,1.02999999088548,0.019999966893984,0,,,,,1.720000116,0,35.0000012372137,,,,14.3000001528,0,144.000000036,,10.2399997433867,,9,419.010009772245,0,,,163.009994565303,,,,,,,,15.5699996649352,78.5800018859255
2007-12-01T07:38:41.971Z,,0.019999966893984,,,9.31999967639043,,,,6.19000008786281,0.299999980371672,,1.10000008701677,,25.4400006312,,,,5.40999978912439,,68.1999969687125,,70.639999448258,1.01999999679079,,69.6262219568793,15.3700000000001,78.0199966123891,,,,,4.06000000000009,0,,144.000000036,,,0,,75.0999984251086,,-42.000000105705,0.019999966893984,121.999999978726,,0,,,,0.009999983446992,0.309999963818664,,0,0.009999983446992,,0,,,,0,,0,,0,0,1.02999999088548,0.019999966893984,0,,,,,1.720000116,0,14.9999995452691,,,,14.3000001528,0,144.000000036,,10.2399997433867,,9,419.010009772245,0,,,163.009994565303,,,,,,,,15.5699996649352,78.5800018859255
2007-12-01T07:38:46.982Z,,0.019999966893984,,,9.31999967639043,,,,6.19000008786281,0.299999980371672,,1.10000008701677,,25.4400006312,,,,5.40999978912439,,68.1999969687125,,70.639999448258,1.01999999679079,,69.9627298891883,15.3700000000001,78.0199966123891,,,,,4.06000000000009,0,,144.000000036,,,0,,75.0999984251086,,-42.000000105705,0,147.999998730875,,0,,,,0.009999983446992,0.309999963818664,,0,0.009999983446992,,0,,,,0,,0,,0,0,1.02999999088548,0,0,,,,,1.720000116,0,24.0000020303335,,,,14.3000001528,0,144.000000036,,10.2399997433867,,9,418.999999931585,0,,,162.990005568533,,,,,,,,15.5699996649352,78.5800018859255
2007-12-01T07:38:51.043Z,,0.019999966893984,,,9.31999967639043,,,,6.19000008786281,0.299999980371672,,1.10000008701677,,25.4400006312,,,,5.40999978912439,,68.1999969687125,,70.639999448258,1.01999999679079,,70.0647001755185,15.3700000000001,78.0199966123891,,,,,4.06000000000009,0,,144.000000036,,,0,,75.0999984251086,,-43.9999968275208,0,149.000000539162,,0,,,,0.009999983446992,0.309999963818664,,0,0.009999983446992,,0,,,,0,,0,,0,0,1.02999999088548,0,0,,,,,1.720000116,0,5.99999706020473,,,,14.3000001528,0,144.000000036,,10.2399997433867,,9,418.989990249912,0,,,162.990005568533,,,,,,,,15.5699996649352,78.5800018859255
2007-12-01T07:38:55.968Z,,0.019999966893984,,,9.31999967639043,,,,6.19000008786281,0.299999980371672,,1.10000008701677,,25.4400006312,,,,5.40999978912439,,68.1999969687125,,70.639999448258,1.01999999679079,,67.1789015191186,15.3700000000001,78.0199966123891,,,,,4.06000000000009,0,,144.000000036,,,0,,75.0899963748267,,-44.9999986358074,0,154.999997599367,,0,,,,0.009999983446992,0.309999963818664,,0,0.009999983446992,,0,,,,0,,0,,0,0,1.02999999088548,0,0,,,,,1.720000116,0,28.0000023687224,,,,14.3000001528,0,144.000000036,,10.2399997433867,,9,418.999999931585,0,,,162.990005568533,,,,,,,,15.5699996649352,78.5800018859255
2007-12-01T07:39:00.029Z,,0.019999966893984,,,9.31999967639043,,,,6.19000008786281,0.299999980371672,,1.10000008701677,,25.5400009392,,,,5.40999978912439,,68.1999969687125,,70.639999448258,1.01999999679079,,70.656137452392,15.3700000000001,78.0199966123891,,,,,4.06000000000009,0,,144.000000036,,,0,,75.0999984251086,,-43.9999968275208,0,117.99999274558,,0,,,,0.009999983446992,0.309999963818664,,0,0.009999983446992,,0,,,,0,,0,,0,0,1.02999999088548,0,0,,,,,1.720000116,0,4.00000033838892,,,,14.3000001528,0,144.000000036,,10.2399997433867,,9,418.999999931585,0,,,162.990005568533,,,,,,,,15.5699996649352,78.5800018859255
2007-12-01T07:39:05.040Z,,0.019999966893984,,,9.31999967639043,,,,6.19000008786281,0.299999980371672,,1.10000008701677,,25.5400009392,,,,5.40999978912439,,68.1999969687125,,70.639999448258,1.01999999679079,,70.5643589330233,15.3700000000001,77.9899979339465,,,,,4.06000000000009,0,,144.000000036,,,0,,75.0999984251086,,-40.9999982974184,0,128.999998847217,,0,,,,0.009999983446992,0.309999963818664,,0,0.009999983446992,,0,,,,0,,0,,0,0,1.02999999088548,0,0,,,,,1.720000116,0,28.9999972822517,,,,14.3000001528,0,144.000000036,,10.2399997433867,,9,418.970001253142,0,,,162.999999987425,,,,,,,,15.5699996649352,78.5800018859255
2007-12-01T07:39:09.014Z,,0.019999966893984,,,9.31999967639043,,,,6.19000008786281,0.299999980371672,,1.09000010356978,,25.5400009392,,,,5.40999978912439,,68.1999969687125,,70.639999448258,1.01999999679079,,70.3604188139553,15.3700000000001,77.9899979339465,,,,,4.06000000000009,0,,144.000000036,,,0,,75.0999984251086,,-43.0000019139915,0,130.999995569033,,0,,,,0.009999983446992,0.309999963818664,,0,0.009999983446992,,0,,,,0,,0,,0,0,1.02999999088548,0,0,,,,,1.720000116,0,9.00000248506439,,,,14.3000001528,0,144.000000036,,10.2399997433867,,9,418.959991412483,0,,,162.999999987425,,,,,,,,15.5699996649352,78.5800018859255
2007-12-01T07:39:14.026Z,,0.019999966893984,,,9.31999967639043,,,,6.19000008786281,0.299999980371672,,1.10000008701677,,25.5400009392,,,,5.40999978912439,,68.1999969687125,,70.639999448258,1.01999999679079,,70.3094295884588,15.3700000000001,77.9899979339465,,,,,4.06000000000009,0,,144.000000036,,,0,,75.0999984251086,,-43.0000019139915,0,127.999997038931,,0,,,,0.009999983446992,0.309999963818664,,0,0.009999983446992,,0,,,,0,,0,,0,0,1.02999999088548,0,0,,,,,1.720000116,0,17.0000031618422,,,,14.3000001528,0,144.000000036,,10.2399997433867,,9,418.970001253142,0,,,162.999999987425,,,,,,,,15.5699996649352,78.5800018859255
2007-12-01T07:39:18.000Z,,0.019999966893984,,,9.31999967639043,,,,6.19000008786281,0.299999980371672,,1.10000008701677,,25.5400009392,,,,5.40999978912439,,68.1999969687125,,70.639999448258,1.01999999679079,,73.4399581113914,15.3700000000001,77.9899979339465,,,,,4.06000000000009,0,,144.000000036,,,0,,75.0899963748267,,-40.9999982974184,0,132.000004272077,,0,,,,0.009999983446992,0.309999963818664,,0,0.009999983446992,,0,,,,0,,0,,0,0,1.02999999088548,0,0,,,,,1.720000116,0,24.9999969438628,,,,14.3000001528,0,144.000000036,,10.2399997433867,,9,418.970001253142,0,,,162.990005568533,,,,,,,,15.5699996649352,78.5800018859255
2007-12-01T07:39:23.011Z,,0.019999966893984,,,9.31999967639043,,,,6.19000008786281,0.299999980371672,,1.10000008701677,,25.5400009392,,,,5.40999978912439,,68.1999969687125,,70.639999448258,1.01999999679079,,72.124531166544,15.3700000000001,77.9999999842285,,,,,4.06000000000009,0,,144.000000036,,,0,,75.0999984251086,,-40.9999982974184,0,132.000004272077,,0,,,,0.009999983446992,0.309999963818664,,0,0.009999983446992,,0,,,,0,,0,,0,0,1.02999999088548,0,0,,,,,1.720000116,0,32.0000027071113,,,,14.3000001528,0,144.000000036,,10.2399997433867,,9,418.970001253142,0,,,162.990005568533,,,,,,,,15.5699996649352,78.5800018859255
2007-12-01T07:39:31.997Z,,0.019999966893984,,,9.31999967639043,,,,6.19000008786281,0.299999980371672,,1.10000008701677,,25.5400009392,,,,5.40999978912439,,68.1999969687125,,70.639999448258,1.01999999679079,,70.9620474041979,15.3700000000001,77.9899979339465,,,,,4.06000000000009,0,,144.000000036,,,0,,75.0999984251086,,-42.000000105705,0,126.999995230644,,0,,,,0.009999983446992,0.309999963818664,,0,0.009999983446992,,0,,,,0,,0,,0,0,1.02999999088548,0,0,,,,,1.720000116,0,17.0000031618422,,,,14.3000001528,0,144.000000036,,10.2399997433867,,9,418.970001253142,0,,,162.999999987425,,,,,,,,15.5699996649352,78.5800018859255
2007-12-01T07:39:35.971Z,,0.019999966893984,,,9.31999967639043,,,,6.19000008786281,0.299999980371672,,1.10000008701677,,25.5400009392,,,,5.40000012365201,,68.1999969687125,,70.639999448258,1.01999999679079,,71.1557962098969,15.3700000000001,78.0100021934977,,,,,4.06000000000009,0,,144.000000036,,,0,,75.0899963748267,,-40.9999982974184,0,114.999994215477,,0,,,,0.009999983446992,0.309999963818664,,0,0.009999983446992,,0,,,,0,,0,,0,0,1.02999999088548,0,0,,,,,1.720000116,0,50.0000007824828,,,,14.3000001528,0,144.000000036,,10.2399997433867,,9,418.970001253142,0,,,162.990005568533,,,,,,,,15.5699996649352,78.5800018859255
2007-12-01T07:39:40.982Z,,0.019999966893984,,,9.31999967639043,,,,6.19000008786281,0.299999980371672,,1.10000008701677,,25.5400009392,,,,5.40000012365201,,68.1999969687125,,70.639999448258,1.01999999679079,,71.2577660426347,15.3700000000001,78.0299988216583,,,,,4.06000000000009,0,,144.000000036,,,0,,75.0899963748267,,-40.9999982974184,0,145.00000709553,,0,,,,0.009999983446992,0.309999963818664,,0,0.009999983446992,,0,,,,0,,0,,0,0,1.02999999088548,0,0,,,,,1.720000116,0,43.0000019139915,,,,14.3000001528,0,144.000000036,,10.2399997433867,,9,418.999999931585,0,,,162.990005568533,,,,,,,,15.5699996649352,78.5800018859255
2007-12-01T07:39:45.043Z,,0.019999966893984,,,9.31999967639043,,,,6.19000008786281,0.299999980371672,,1.10000008701677,,25.5400009392,,,,5.40000012365201,,68.1999969687125,,70.639999448258,1.01999999679079,,73.6948874559559,15.3700000000001,78.0299988216583,,,,,4.06000000000009,0,,144.000000036,,,0,,75.0899963748267,,-40.9999982974184,0,147.000003817346,,0,,,,0.009999983446992,0.309999963818664,,0,0.009999983446992,,0,,,,0,,0,,0,0,1.02999999088548,0,0,,,,,1.720000116,0,52.9999993125852,,,,14.3000001528,0,144.000000036,,10.2399997433867,,9,418.999999931585,0,,,162.990005568533,,,,,,,,15.5699996649352,78.5800018859255
2007-12-01T07:39:49.968Z,,0.019999966893984,,,9.31999967639043,,,,6.19000008786281,0.299999980371672,,1.10000008701677,,25.3799992272,,,,5.40000012365201,,68.1999969687125,,70.639999448258,1.01999999679079,,71.4923041422059,15.3700000000001,78.0299988216583,,,,,4.06000000000009,0,,144.000000036,,,0,,75.0999984251086,,-36.0000030455003,0,129.999993760747,,0,,,,0.009999983446992,0.309999963818664,,0,0.009999983446992,,0,,,,0,,0,,0,0,1.02999999088548,0,0,,,,,1.720000116,0,9.00000248506439,,,,14.3000001528,0,144.000000036,,10.2399997433867,,9,418.989990249912,0,,,162.990005568533,,,,,,,,15.5699996649352,78.5800018859255
2007-12-01T07:39:59.040Z,,0.019999966893984,,,9.31999967639043,,,,6.19000008786281,0.299999980371672,,1.09000010356978,,25.2299995272,,,,5.40999978912439,,68.1999969687125,,70.639999448258,1.01999999679079,,68.3923658887061,15.3700000000001,78.0199966123891,,,,,4.06000000000009,0,,144.000000036,,,0,,75.0999984251086,,-40.0000033838892,0,123.000001787013,,0,,,,0.009999983446992,0.309999963818664,,0,0.009999983446992,,0,,,,0,,0,,0,0,1.02999999088548,0,0,,,,,1.720000116,0,20.9999966054739,,,,14.3000001528,0,144.000000036,,10.2500000448083,,9,418.989990249912,0,,,162.999999987425,,,,,,,,15.5699996649352,78.5800018859255
2007-12-01T07:40:03.014Z,,0.019999966893984,,,9.31999967639043,,,,6.19000008786281,0.299999980371672,,1.10000008701677,,25.219999344,,,,5.40999978912439,,68.1999969687125,,70.639999448258,1.01999999679079,,64.8947391640317,15.3700000000001,78.0199966123891,,,,,4.06000000000009,0,,144.000000036,,,0,,75.0899963748267,,-40.0000033838892,0,109.00000405003,,0,,,,0.009999983446992,0.309999963818664,,0,0.009999983446992,,0,,,,0,,0,,0,0,1.02999999088548,0,0,,,,,1.720000116,0,20.0000016919446,,,,14.3000001528,0,144.000000036,,10.2500000448083,,9,419.010009772245,0,,,162.990005568533,,,,,,,,15.5699996649352,78.5800018859255
2007-12-01T07:40:08.026Z,,0.019999966893984,,,9.34000012024632,,,,6.19000008786281,0.299999980371672,,1.10000008701677,,25.219999344,,,,5.40999978912439,,68.1999969687125,,70.639999448258,1.01999999679079,,64.8641488945989,15.3700000000001,78.0199966123891,,,,,4.06000000000009,0,,144.000000036,,,0,,75.0999984251086,,-40.9999982974184,0,124.000003595299,,0,,,,0.009999983446992,0.309999963818664,,0,0.009999983446992,,0,,,,0,,0,,0,0,1.02999999088548,0,0,,,,,1.720000116,0,29.9999990905382,,,,14.3000001528,0,144.000000036,,10.2600001872426,,9,419.019989087342,0,,,163.009994565303,,,,,,,,15.5699996649352,78.5800018859255
2007-12-01T07:40:12.000Z,,0.019999966893984,,,9.34000012024632,,,,6.19000008786281,0.299999980371672,,1.10000008701677,,25.219999344,,,,5.40999978912439,,68.1999969687125,,70.639999448258,1.01999999679079,,64.8641488945989,15.3700000000001,78.0199966123891,,,,,4.06000000000009,0,,144.000000036,,,0,,75.0999984251086,,-42.000000105705,0.019999966893984,130.999995569033,,0,,,,0.009999983446992,0.309999963818664,,0,0.009999983446992,,0,,,,0,,0,,0,0,1.02999999088548,0.019999966893984,0,,,,,1.720000116,0,17.9999980753715,,,,14.3000001528,0,144.000000036,,10.2600001872426,,9,419.029998769015,0,,,163.009994565303,,,,,,,,15.5699996649352,78.5800018859255
2007-12-01T07:40:17.011Z,,0.019999966893984,,,9.34000012024632,,,,6.19000008786281,0.299999980371672,,1.10000008701677,,25.219999344,,,,5.40999978912439,,68.1999969687125,,70.639999448258,1.01999999679079,,64.8437540208666,15.3700000000001,78.0199966123891,,,,,4.06000000000009,0,,144.000000036,,,0,,75.0999984251086,,-40.9999982974184,0.019999966893984,135.000002802179,,0,,,,0.009999983446992,0.309999963818664,,0,0.009999983446992,,0,,,,0,,0,,0,0,1.02999999088548,0.019999966893984,0,,,,,1.720000116,0,-5.99999706020473,,,,14.3000001528,0,144.000000036,,10.2600001872426,,9,419.040008609675,0,,,163.009994565303,,,,,,,,15.5699996649352,78.5800018859255
2007-12-01T07:40:25.997Z,,0.019999966893984,,,9.34000012024632,,,,6.19000008786281,0.299999980371672,,1.10000008701677,,25.219999344,,,,5.40999978912439,,68.1999969687125,,70.639999448258,1.01999999679079,,64.8743442902994,15.3700000000001,78.0199966123891,,,,,4.06000000000009,0,,144.000000036,,,0,,75.0999984251086,,-40.9999982974184,0.019999966893984,134.000000993893,,0,,,,0.009999983446992,0.309999963818664,,0,0.009999983446992,,0,,,,0,,0,,0,0,1.02999999088548,0.019999966893984,0,,,,,1.720000116,0,-5.99999706020473,,,,14.3000001528,0,144.000000036,,10.2600001872426,,9,419.029998769015,0,,,163.009994565303,,,,,,,,15.5699996649352,78.5800018859255
2007-12-01T07:40:29.971Z,,0.019999966893984,,,9.34000012024632,,,,6.19000008786281,0.299999980371672,,1.10000008701677,,25.219999344,,,,5.40999978912439,,68.1999969687125,,70.639999448258,1.01999999679079,,64.9457243071968,15.3700000000001,78.0299988216583,,,,,4.06000000000009,0,,144.000000036,,,0,,75.0999984251086,,-39.0000015756026,0.019999966893984,146.00000200906,,0,,,,0.009999983446992,0.309999963818664,,0,0.009999983446992,,0,,,,0,,0,,0,0,1.02999999088548,0.019999966893984,0,,,,,1.720000116,0,2.99999853010237,,,,14.3000001528,0,144.000000036,,10.2600001872426,,9,419.040008609675,0,,,163.009994565303,,,,,,,,15.5699996649352,78.5800018859255
2007-12-01T07:40:34.982Z,,0.019999966893984,,,9.34000012024632,,,,6.19000008786281,0.299999980371672,,1.10000008701677,,25.219999344,,,,5.40999978912439,,68.1999969687125,,70.639999448258,1.01999999679079,,64.8947391640317,15.3700000000001,78.0199966123891,,,,,4.06000000000009,0,,144.000000036,,,0,,75.0899963748267,,-40.9999982974184,0.019999966893984,145.00000709553,,0,,,,0.009999983446992,0.309999963818664,,0,0.009999983446992,,0,,,,0,,0,,0,0,1.02999999088548,0.019999966893984,0,,,,,1.720000116,0,-10.9999992068802,,,,14.3000001528,0,144.000000036,,10.2500000448083,,9,419.019989087342,0,,,163.009994565303,,,,,,,,15.5699996649352,78.5800018859255
2007-12-01T07:40:39.043Z,,0.019999966893984,,,9.34000012024632,,,,6.19000008786281,0.299999980371672,,1.10000008701677,,25.219999344,,,,5.40999978912439,,68.1999969687125,,70.639999448258,1.01999999679079,,64.8335586251661,15.3700000000001,78.0199966123891,,,,,4.06000000000009,0,,144.000000036,,,0,,75.0999984251086,,-40.0000033838892,0.009999983446992,155.999992512896,,0,,,,0.009999983446992,0.309999963818664,,0,0.009999983446992,,0,,,,0,,0,,0,0,1.02999999088548,0.009999983446992,0,,,,,1.720000116,0,8.00000067677784,,,,14.3000001528,0,144.000000036,,10.2500000448083,,9,419.029998769015,0,,,163.009994565303,,,,,,,,15.5699996649352,78.5800018859255
2007-12-01T07:40:43.968Z,,0.019999966893984,,,9.34000012024632,,,,6.19000008786281,0.299999980371672,,1.10000008701677,,25.219999344,,,,5.40999978912439,,68.1999969687125,,70.639999448258,1.01999999679079,,64.9967130791009,15.3700000000001,78.0199966123891,,,,,4.06000000000009,0,,144.000000036,,,0,,75.0999984251086,,-40.9999982974184,0.019999966893984,140.999999862384,,0,,,,0.009999983446992,0.309999963818664,,0,0.009999983446992,,0,,,,0,,0,,0,0,1.02999999088548,0.019999966893984,0,,,,,1.720000116,0,8.00000067677784,,,,14.3000001528,0,144.000000036,,10.2399997433867,,9,419.019989087342,0,,,163.009994565303,,,,,,,,15.5699996649352,78.5800018859255
2007-12-01T07:40:48.029Z,,0.019999966893984,,,9.34000012024632,,,,6.19000008786281,0.299999980371672,,1.10000008701677,,25.219999344,,,,5.40999978912439,,68.1999969687125,,70.639999448258,1.01999999679079,,64.9457243071968,15.3700000000001,78.0199966123891,,,,,4.06000000000009,0,,144.000000036,,,0,,75.0999984251086,,-40.9999982974184,0.019999966893984,138.000001332282,,0,,,,0.009999983446992,0.309999963818664,,0,0.009999983446992,,0,,,,0,,0,,0,0,1.02999999088548,0.019999966893984,0,,,,,1.720000116,0,27.0000005604359,,,,14.3000001528,0,144.000000036,,10.2399997433867,,9,419.010009772245,0,,,163.009994565303,,,,,,,,15.5699996649352,78.5800018859255
2007-12-01T07:40:53.040Z,,0.019999966893984,,,9.34000012024632,,,,6.19000008786281,0.299999980371672,,1.10000008701677,,25.219999344,,,,5.40999978912439,,68.1999969687125,,70.639999448258,1.01999999679079,,64.9967130791009,15.3700000000001,78.0199966123891,,,,,4.06000000000009,0,,144.000000036,,,0,,75.0999984251086,,-40.9999982974184,0.019999966893984,119.000008343381,,0,,,,0.009999983446992,0.309999963818664,,0,0.009999983446992,,0,,,,0,,0,,0,0,1.02999999088548,0.019999966893984,0,,,,,1.720000116,0,33.0000045153979,,,,14.3000001528,0,144.000000036,,10.2399997433867,,9,419.010009772245,0,,,163.009994565303,,,,,,,,15.5699996649352,78.5800018859255
2007-12-01T07:40:57.014Z,,0.019999966893984,,,9.34000012024632,,,,6.19000008786281,0.299999980371672,,1.10000008701677,,25.219999344,,,,5.40999978912439,,68.1999969687125,,70.639999448258,1.01999999679079,,64.9763182053686,15.3700000000001,78.0199966123891,,,,,4.06000000000009,0,,144.000000036,,,0,,75.0899963748267,,-39.0000015756026,0.019999966893984,124.999998508828,,0,,,,0.009999983446992,0.309999963818664,,0,0.009999983446992,,0,,,,0,,0,,0,0,1.02999999088548,0.019999966893984,0,,,,,1.720000116,0,18.999999883658,,,,14.3000001528,0,144.000000036,,10.2399997433867,,9,419.019989087342,0,,,163.009994565303,,,,,,,,15.5699996649352,78.5800018859255
2007-12-01T07:41:02.026Z,,0.019999966893984,,,9.34000012024632,,,,6.19000008786281,0.299999980371672,,1.10000008701677,,25.219999344,,,,5.40999978912439,,68.1999969687125,,70.639999448258,1.01999999679079,,64.8437540208666,15.3700000000001,78.0199966123891,,,,,4.06000000000009,0,,144.000000036,,,0,,75.0899963748267,,-40.9999982974184,0.019999966893984,111.000000771846,,0,,,,0.009999983446992,0.309999963818664,,0,0.009999983446992,,0,,,,0,,0,,0,0,1.02999999088548,0.019999966893984,0,,,,,1.720000116,0,-6.99999886849128,,,,14.3000001528,0,144.000000036,,10.2399997433867,,9,419.010009772245,0,,,163.009994565303,,,,,,,,15.5699996649352,78.5800018859255
2007-12-01T07:41:06.000Z,,0.019999966893984,,,9.34000012024632,,,,6.19000008786281,0.299999980371672,,1.10000008701677,,25.219999344,,,,5.40999978912439,,68.1999969687125,,70.639999448258,1.01999999679079,,64.9253294334645,15.3700000000001,78.0199966123891,,,,,4.06000000000009,0,,144.000000036,,,0,,75.0999984251086,,-40.9999982974184,0.009999983446992,103.999995008597,,0,,,,0.009999983446992,0.309999963818664,,0,0.009999983446992,,0,,,,0,,0,,0,0,1.02999999088548,0.009999983446992,0,,,,,1.720000116,0,-1.00000180828655,,,,14.3000001528,0,144.000000036,,10.2399997433867,,9,419.010009772245,0,,,163.009994565303,,,,,,,,15.5699996649352,78.5800018859255
2007-12-01T07:41:11.011Z,,0.019999966893984,,,9.34000012024632,,,,6.19000008786281,0.299999980371672,,1.10000008701677,,25.219999344,,,,5.40999978912439,,68.1999969687125,,70.639999448258,1.01999999679079,,64.915134037764,15.3700000000001,78.0199966123891,,,,,4.06000000000009,0,,144.000000036,,,0,,75.0999984251086,,-42.000000105705,0.019999966893984,142.9999965842,,0,,,,0.009999983446992,0.309999963818664,,0,0.009999983446992,,0,,,,0,,0,,0,0,1.02999999088548,0.019999966893984,0,,,,,1.720000116,0,6.99999886849128,,,,14.3000001528,0,144.000000036,,10.2399997433867,,9,419.019989087342,0,,,163.009994565303,,,,,,,,15.5699996649352,78.5800018859255
2007-12-01T07:41:14.986Z,,0.019999966893984,,,9.34000012024632,,,,6.19000008786281,0.299999980371672,,1.10000008701677,,25.219999344,,,,5.40999978912439,,68.1999969687125,,70.639999448258,1.01999999679079,,64.8947391640317,15.3700000000001,78.0199966123891,,,,,4.06000000000009,0,,144.000000036,,,0,,75.0999984251086,,-40.9999982974184,0.019999966893984,152.999993982794,,0,,,,0.009999983446992,0.309999963818664,,0,0.009999983446992,,0,,,,0,,0,,0,0,1.02999999088548,0.019999966893984,0,,,,,1.720000116,0,17.0000031618422,,,,14.3000001528,0,144.000000036,,10.2399997433867,,9,419.019989087342,0,,,163.009994565303,,,,,,,,15.5699996649352,78.5800018859255
2007-12-01T07:41:19.997Z,,0.019999966893984,,,9.34000012024632,,,,6.19000008786281,0.299999980371672,,1.10000008701677,,25.219999344,,,,5.40999978912439,,68.1999969687125,,70.639999448258,1.01999999679079,,64.7621749795297,15.3700000000001,78.0199966123891,,,,,4.06000000000009,0,,144.000000036,,,0,,75.0999984251086,,-40.9999982974184,0.019999966893984,150.000002347448,,0,,,,0.009999983446992,0.309999963818664,,0,0.009999983446992,,0,,,,0,,0,,0,0,1.02999999088548,0.019999966893984,0,,,,,1.720000116,0,-2.99999853010237,,,,14.3000001528,0,144.000000036,,10.2399997433867,,9,419.019989087342,0,,,163.009994565303,,,,,,,,15.5699996649352,78.5800018859255
2007-12-01T07:41:23.971Z,,0.019999966893984,,,9.34000012024632,,,,6.19000008786281,0.299999980371672,,1.10000008701677,,25.219999344,,,,5.40999978912439,,68.1999969687125,,70.639999448258,1.01999999679079,,64.9967130791009,15.3700000000001,78.0199966123891,,,,,4.06000000000009,0,,144.000000036,,,0,,75.0899963748267,,-40.9999982974184,0.019999966893984,114.999994215477,,0,,,,0.009999983446992,0.309999963818664,,0,0.009999983446992,,0,,,,0,,0,,0,0,1.02999999088548,0.019999966893984,0,,,,,1.720000116,0,13.9999977369826,,,,14.3000001528,0,144.000000036,,10.2399997433867,,9,419.019989087342,0,,,163.009994565303,,,,,,,,15.5699996649352,78.5800018859255
2007-12-01T07:41:28.982Z,,0.019999966893984,,,9.34000012024632,,,,6.19000008786281,0.299999980371672,,1.10000008701677,,25.219999344,,,,5.40999978912439,,68.1999969687125,,70.639999448258,1.01999999679079,,64.8131637514338,15.3700000000001,78.0199966123891,,,,,4.06000000000009,0,,144.000000036,,,0,,75.0899963748267,,-36.9999979590295,0.019999966893984,135.000002802179,,0,,,,0.009999983446992,0.309999963818664,,0,0.009999983446992,,0,,,,0,,0,,0,0,1.02999999088548,0.019999966893984,0,,,,,1.720000116,0,14.9999995452691,,,,14.3000001528,0,144.000000036,,10.2399997433867,,9,419.019989087342,0,,,163.009994565303,,,,,,,,15.5699996649352,78.5800018859255
2007-12-01T07:41:33.043Z,,0.019999966893984,,,9.34000012024632,,,,6.19000008786281,0.299999980371672,,1.10000008701677,,25.219999344,,,,5.40999978912439,,68.1999969687125,,70.639999448258,1.01999999679079,,64.7417841881287,15.3700000000001,78.0199966123891,,,,,4.06000000000009,0,,144.000000036,,,0,,75.0999984251086,,-39.0000015756026,0.019999966893984,144.000005287244,,0,,,,0.009999983446992,0.309999963818664,,0,0.009999983446992,,0,,,,0,,0,,0,0,1.02999999088548,0.019999966893984,0,,,,,1.720000116,0,20.0000016919446,,,,14.3000001528,0,144.000000036,,10.2299996009524,,9,419.010009772245,0,,,163.009994565303,,,,,,,,15.5699996649352,78.5800018859255
2007-12-01T07:41:37.968Z,,0.019999966893984,,,9.34000012024632,,,,6.19000008786281,0.299999980371672,,1.10000008701677,,25.219999344,,,,5.40999978912439,,68.1999969687125,,70.639999448258,1.01999999679079,,64.8131637514338,15.3700000000001,78.0199966123891,,,,,4.06000000000009,0,,144.000000036,,,0,,75.0899963748267,,-43.0000019139915,0.019999966893984,134.000000993893,,0,,,,0.009999983446992,0.309999963818664,,0,0.009999983446992,,0,,,,0,,0,,0,0,1.02999999088548,0.019999966893984,0,,,,,1.720000116,0,-6.99999886849128,,,,14.3000001528,0,144.000000036,,10.2299996009524,,9,419.010009772245,0,,,163.009994565303,,,,,,,,15.5699996649352,78.5800018859255
2007-12-01T07:41:42.029Z,,0.019999966893984,,,9.34000012024632,,,,6.19000008786281,0.299999980371672,,1.09000010356978,,25.219999344,,,,5.40999978912439,,68.1999969687125,,70.639999448258,1.01999999679079,,64.9253294334645,15.3700000000001,78.0199966123891,,,,,4.06000000000009,0,,144.000000036,,,0,,75.0899963748267,,-43.0000019139915,0.019999966893984,121.000005065197,,0,,,,0.009999983446992,0.309999963818664,,0,0.009999983446992,,0,,,,0,,0,,0,0,1.02999999088548,0.019999966893984,0,,,,,1.720000116,0,-4.00000033838892,,,,14.3000001528,0,144.000000036,,10.2299996009524,,9,418.999999931585,0,,,163.009994565303,,,,,,,,15.5699996649352,78.5800018859255
2007-12-01T07:41:47.040Z,,0.019999966893984,,,9.34000012024632,,,,6.19000008786281,0.299999980371672,,1.10000008701677,,25.219999344,,,,5.40999978912439,,68.1999969687125,,70.639999448258,1.01999999679079,,65.0069084748014,15.3700000000001,78.0199966123891,,,,,4.06000000000009,0,,144.000000036,,,0,,75.0999984251086,,-39.0000015756026,0.019999966893984,133.000006080364,,0,,,,0.009999983446992,0.309999963818664,,0,0.009999983446992,,0,,,,0,,0,,0,0,1.02999999088548,0.019999966893984,0,,,,,1.720000116,0,29.9999990905382,,,,14.3000001528,0,144.000000036,,10.2299996009524,,9,419.010009772245,0,,,163.009994565303,,,,,,,,15.5699996649352,78.5800018859255
2007-12-01T07:41:51.014Z,,0.019999966893984,,,9.34000012024632,,,,6.19000008786281,0.299999980371672,,1.10000008701677,,25.219999344,,,,5.40999978912439,,68.1999969687125,,70.639999448258,1.01999999679079,,64.9457243071968,15.3700000000001,78.0199966123891,,,,,4.06000000000009,0,,144.000000036,,,0,,75.0899963748267,,-39.0000015756026,0.019999966893984,136.999999523995,,0,,,,0.009999983446992,0.309999963818664,,0,0.009999983446992,,0,,,,0,,0,,0,0,1.02999999088548,0.019999966893984,0,,,,,1.720000116,0,29.9999990905382,,,,14.3000001528,0,144.000000036,,10.2299996009524,,9,418.999999931585,0,,,163.009994565303,,,,,,,,15.5699996649352,78.5800018859255
2007-12-01T07:41:56.026Z,,0.019999966893984,,,9.34000012024632,,,,6.19000008786281,0.299999980371672,,1.10000008701677,,25.219999344,,,,5.40999978912439,,68.1999969687125,,70.639999448258,1.01999999679079,,64.9253294334645,15.3700000000001,77.9899979339465,,,,,4.06000000000009,0,,144.000000036,,,0,,75.0899963748267,,-40.9999982974184,0.019999966893984,109.999998963559,,0,,,,0.009999983446992,0.309999963818664,,0,0.009999983446992,,0,,,,0,,0,,0,0,1.02999999088548,0.019999966893984,0,,,,,1.720000116,0,17.0000031618422,,,,14.3000001528,0,144.000000036,,10.2299996009524,,9,418.980010934815,0,,,163.009994565303,,,,,,,,15.5699996649352,78.5800018859255
2007-12-01T07:42:00.000Z,,0.019999966893984,,,9.35999961017839,,,,6.19000008786281,0.299999980371672,,1.10000008701677,,25.219999344,,,,5.40999978912439,,68.1999969687125,,70.639999448258,1.01999999679079,,65.0578936179665,15.3700000000001,77.9999999842285,,,,,4.06000000000009,0,,144.000000036,,,0,,75.0999984251086,,-39.0000015756026,0.019999966893984,126.000000317115,,0,,,,0.009999983446992,0.309999963818664,,0,0.009999983446992,,0,,,,0,,0,,0,0,1.02999999088548,0.019999966893984,0,,,,,1.720000116,0,5.99999706020473,,,,14.3000001528,0,144.000000036,,10.2299996009524,,9,418.989990249912,0,,,163.029998824854,,,,,,,,15.5699996649352,78.5800018859255
2007-12-01T07:42:05.011Z,,0.019999966893984,,,9.35999961017839,,,,6.19000008786281,0.299999980371672,,1.10000008701677,,25.219999344,,,,5.40999978912439,,68.1999969687125,,70.639999448258,1.01999999679079,,64.8743442902994,15.3700000000001,78.0199966123891,,,,,4.06000000000009,0,,144.000000036,,,0,,75.0999984251086,,-40.9999982974184,0.039999933787968,141.999994775913,,0,,,,0.009999983446992,0.309999963818664,,0,0.009999983446992,,0,,,,0,,0,,0,0,1.02999999088548,0.039999933787968,0,,,,,1.720000116,0,14.9999995452691,,,,14.3000001528,0,144.000000036,,10.2200002534547,,9,419.019989087342,0,,,163.039993243746,,,,,,,,15.5699996649352,78.5800018859255
2007-12-01T07:42:08.986Z,,0.019999966893984,,,9.36999991159999,,,,6.19000008786281,0.299999980371672,,1.10000008701677,,25.219999344,,,,5.40999978912439,,68.1999969687125,,70.639999448258,1.01999999679079,,64.8335586251661,15.3700000000001,78.0199966123891,,,,,4.06000000000009,0,,144.000000036,,,0,,75.0999984251086,,-40.9999982974184,0.050000076222264,133.000006080364,,0,,,,0.009999983446992,0.309999963818664,,0,0.009999983446992,,0,,,,0,,0,,0,0,1.02999999088548,0.050000076222264,0,,,,,1.720000116,0,-1.99999672181581,,,,14.3000001528,0,144.000000036,,10.2200002534547,,9,419.019989087342,0,,,163.039993243746,,,,,,,,15.5699996649352,78.5800018859255
2007-12-01T07:42:13.997Z,,0.019999966893984,,,9.36999991159999,,,,6.19000008786281,0.299999980371672,,1.10000008701677,,25.219999344,,,,5.40999978912439,,68.1999969687125,,70.639999448258,1.01999999679079,,65.0273033485337,15.3700000000001,78.0199966123891,,,,,4.06000000000009,0,,144.000000036,,,0,,75.1100006343779,,-39.0000015756026,0.060000059669256,123.000001787013,,0,,,,0.009999983446992,0.309999963818664,,0,0.009999983446992,,0,,,,0,,0,,0,0,1.02999999088548,0.060000059669256,0,,,,,1.720000116,0,33.0000045153979,,,,14.3000001528,0,144.000000036,,10.2100001110204,,9,419.040008609675,0,,,163.059997503297,,,,,,,,15.5699996649352,78.5800018859255
2007-12-01T07:42:17.971Z,,0.019999966893984,,,9.35999961017839,,,,6.19000008786281,0.299999980371672,,1.10000008701677,,25.219999344,,,,5.40999978912439,,68.1999969687125,,70.639999448258,1.01999999679079,,64.8743442902994,15.3700000000001,78.0199966123891,,,,,4.06000000000009,0,,144.000000036,,,0,,75.1100006343779,,-40.0000033838892,0.060000059669256,133.000006080364,,0,,,,0.009999983446992,0.309999963818664,,0,0.009999983446992,,0,,,,0,,0,,0,0,1.02999999088548,0.060000059669256,0,,,,,1.720000116,0,17.9999980753715,,,,14.3000001528,0,144.000000036,,10.2200002534547,,9,419.040008609675,0,,,163.059997503297,,,,,,,,15.5699996649352,78.5800018859255
2007-12-01T07:42:22.982Z,,0.019999966893984,,,9.35999961017839,,,,6.19000008786281,0.299999980371672,,1.09000010356978,,25.219999344,,,,5.40999978912439,,68.1999969687125,,70.639999448258,1.01999999679079,,65.0782884916988,15.3700000000001,78.0199966123891,,,,,4.06000000000009,0,,144.000000036,,,0,,75.1100006343779,,-39.0000015756026,0.060000059669256,124.999998508828,,0,,,,0.009999983446992,0.309999963818664,,0,0.009999983446992,,0,,,,0,,0,,0,0,1.02999999088548,0.060000059669256,0,,,,,1.720000116,0,17.0000031618422,,,,14.3000001528,0,144.000000036,,10.2100001110204,,9,419.040008609675,0,,,163.059997503297,,,,,,,,15.5699996649352,78.5800018859255
2007-12-01T07:42:27.043Z,,0.019999966893984,,,9.34000012024632,,,,6.19000008786281,0.299999980371672,,1.09000010356978,,25.219999344,,,,5.40999978912439,,68.1999969687125,,70.639999448258,1.01999999679079,,64.9253294334645,15.3700000000001,78.0199966123891,,,,,4.06000000000009,0,,144.000000036,,,0,,75.1100006343779,,-35.0000012372137,0.060000059669256,136.000004610466,,0,,,,0.009999983446992,0.309999963818664,,0,0.009999983446992,,0,,,,0,,0,,0,0,1.02999999088548,0.060000059669256,0,,,,,1.720000116,0,-1.00000180828655,,,,14.3000001528,0,144.000000036,,10.2200002534547,,9,419.019989087342,0,,,163.039993243746,,,,,,,,15.5699996649352,78.5800018859255
2007-12-01T07:42:31.968Z,,0.019999966893984,,,9.34000012024632,,,,6.19000008786281,0.299999980371672,,1.10000008701677,,25.219999344,,,,5.40999978912439,,68.1999969687125,,70.639999448258,1.01999999679079,,65.0578936179665,15.3700000000001,78.0199966123891,,,,,4.06000000000009,0,,144.000000036,,,0,,75.0999984251086,,-40.0000033838892,0.039999933787968,145.00000709553,,0,,,,0.009999983446992,0.309999963818664,,0,0.009999983446992,,0,,,,0,,0,,0,0,1.02999999088548,0.039999933787968,0,,,,,1.720000116,0,8.00000067677784,,,,14.3000001528,0,144.000000036,,10.2200002534547,,9,418.999999931585,0,,,163.020004246976,,,,,,,,15.5699996649352,78.5800018859255
2007-12-01T07:42:36.029Z,,0.019999966893984,,,9.34000012024632,,,,6.19000008786281,0.299999980371672,,1.10000008701677,,25.219999344,,,,5.40999978912439,,68.1999969687125,,70.639999448258,1.01999999679079,,65.047698222266,15.3700000000001,78.0199966123891,,,,,4.06000000000009,0,,144.000000036,,,0,,75.0899963748267,,-40.0000033838892,0.019999966893984,128.999998847217,,0,,,,0.009999983446992,0.309999963818664,,0,0.009999983446992,,0,,,,0,,0,,0,0,1.02999999088548,0.019999966893984,0,,,,,1.720000116,0,20.9999966054739,,,,14.3000001528,0,144.000000036,,10.2200002534547,,9,419.010009772245,0,,,163.009994565303,,,,,,,,15.5799999663568,78.5800018859255
2007-12-01T07:42:41.040Z,,0.019999966893984,,,9.34000012024632,,,,6.19000008786281,0.299999980371672,,1.10000008701677,,25.219999344,,,,5.42000009054599,,68.1999969687125,,70.639999448258,1.01999999679079,,65.0069084748014,15.3700000000001,78.0199966123891,,,,,4.06000000000009,0,,144.000000036,,,0,,75.0999984251086,,-39.0000015756026,0.019999966893984,153.99999579108,,0,,,,0.009999983446992,0.309999963818664,,0,0.009999983446992,,0,,,,0,,0,,0,0,1.02999999088548,0.019999966893984,0,,,,,1.720000116,0,28.9999972822517,,,,14.3000001528,0,144.000000036,,10.2200002534547,,9,419.019989087342,0,,,163.009994565303,,,,,,,,15.5799999663568,78.5800018859255
2007-12-01T07:42:45.014Z,,0.019999966893984,,,9.34000012024632,,,,6.19000008786281,0.299999980371672,,1.10000008701677,,25.219999344,,,,5.40999978912439,,68.1999969687125,,70.639999448258,1.01999999679079,,65.0578936179665,15.3700000000001,78.0299988216583,,,,,4.06000000000009,0,,144.000000036,,,0,,75.0999984251086,,-40.9999982974184,0.019999966893984,152.999993982794,,0,,,,0.009999983446992,0.309999963818664,,0,0.009999983446992,,0,,,,0,,0,,0,0,1.02999999088548,0.019999966893984,0,,,,,1.720000116,0,28.9999972822517,,,,14.3000001528,0,144.000000036,,10.2200002534547,,9,419.019989087342,0,,,163.009994565303,,,,,,,,15.5799999663568,78.5800018859255
2007-12-01T07:42:50.026Z,,0.019999966893984,,,9.32999997781203,,,,6.19000008786281,0.299999980371672,,1.10000008701677,,25.219999344,,,,5.40999978912439,,68.1999969687125,,70.639999448258,1.01999999679079,,65.0578936179665,15.3700000000001,78.0199966123891,,,,,4.06000000000009,0,,144.000000036,,,0,,75.0999984251086,,-40.0000033838892,0.019999966893984,157.000008110697,,0,,,,0.009999983446992,0.309999963818664,,0,0.009999983446992,,0,,,,0,,0,,0,0,1.02999999088548,0.019999966893984,0,,,,,1.720000116,0,8.00000067677784,,,,14.3000001528,0,144.000000036,,10.2200002534547,,9,419.019989087342,0,,,163.009994565303,,,,,,,,15.5799999663568,78.5800018859255
2007-12-01T07:42:54.000Z,,0.019999966893984,,,9.31999967639043,,,,6.19000008786281,0.299999980371672,,1.10000008701677,,25.219999344,,,,5.40999978912439,,68.1999969687125,,70.639999448258,1.01999999679079,,65.0986833654311,15.3700000000001,78.0199966123891,,,,,4.06000000000009,0,,144.000000036,,,0,,75.0899963748267,,-39.0000015756026,0.019999966893984,140.999999862384,,0,,,,0.009999983446992,0.309999963818664,,0,0.009999983446992,,0,,,,0,,0,,0,0,1.02999999088548,0.019999966893984,0,,,,,1.720000116,0,20.9999966054739,,,,14.3000001528,0,144.000000036,,10.2299996009524,,9,419.010009772245,0,,,162.999999987425,,,,,,,,15.5799999663568,78.5800018859255
2007-12-01T07:42:59.011Z,,0.019999966893984,,,9.31999967639043,,,,6.19000008786281,0.299999980371672,,1.10000008701677,,25.219999344,,,,5.40999978912439,,68.1999969687125,,70.639999448258,1.01999999679079,,64.9457243071968,15.3700000000001,78.0199966123891,,,,,4.06000000000009,0,,144.000000036,,,0,,75.0899963748267,,-40.9999982974184,0,140.999999862384,,0,,,,0.009999983446992,0.309999963818664,,0,0.009999983446992,,0,,,,0,,0,,0,0,1.02999999088548,0,0,,,,,1.720000116,0,-5.00000214667547,,,,14.3000001528,0,144.000000036,,10.2399997433867,,9,419.010009772245,0,,,162.990005568533,,,,,,,,15.5799999663568,78.5800018859255
2007-12-01T07:43:02.986Z,,0.019999966893984,,,9.31999967639043,,,,6.19000008786281,0.299999980371672,,1.10000008701677,,25.219999344,,,,5.40999978912439,,68.1999969687125,,70.639999448258,1.01999999679079,,64.9967130791009,15.3700000000001,78.0199966123891,,,,,4.06000000000009,0,,144.000000036,,,0,,75.0899963748267,,-40.9999982974184,0,146.00000200906,,0,,,,0.009999983446992,0.309999963818664,,0,0.009999983446992,,0,,,,0,,0,,0,0,1.02999999088548,0,0,,,,,1.720000116,0,28.0000023687224,,,,14.3000001528,0,144.000000036,,10.2500000448083,,9,419.010009772245,0,,,162.990005568533,,,,,,,,15.5799999663568,78.5800018859255
2007-12-01T07:43:07.997Z,,0.019999966893984,,,9.31999967639043,,,,6.19000008786281,0.299999980371672,,1.10000008701677,,25.219999344,,,,5.40999978912439,,68.1999969687125,,70.639999448258,1.01999999679079,,64.8641488945989,15.3700000000001,78.0199966123891,,,,,4.06000000000009,0,,144.000000036,,,0,,75.0899963748267,,-40.0000033838892,0,132.000004272077,,0,,,,0.009999983446992,0.309999963818664,,0,0.009999983446992,,0,,,,0,,0,,0,0,1.02999999088548,0,0,,,,,1.720000116,0,40.0000033838892,,,,14.3000001528,0,144.000000036,,10.2600001872426,,9,419.029998769015,0,,,162.990005568533,,,,,,,,15.5799999663568,78.5800018859255
2007-12-01T07:43:11.971Z,,0.019999966893984,,,9.31999967639043,,,,6.19000008786281,0.299999980371672,,1.10000008701677,,25.219999344,,,,5.40999978912439,,68.1999969687125,,70.639999448258,1.01999999679079,,64.915134037764,15.3700000000001,78.0199966123891,,,,,4.06000000000009,0,,144.000000036,,,0,,75.0999984251086,,-40.0000033838892,0,126.000000317115,,0,,,,0.009999983446992,0.309999963818664,,0,0.009999983446992,,0,,,,0,,0,,0,0,1.02999999088548,0,0,,,,,1.720000116,0,43.0000019139915,,,,14.3000001528,0,144.000000036,,10.2600001872426,,9,419.029998769015,0,,,162.990005568533,,,,,,,,15.5799999663568,78.5800018859255
2007-12-01T07:43:16.982Z,,0.019999966893984,,,9.31999967639043,,,,6.19000008786281,0.299999980371672,,1.10000008701677,,25.219999344,,,,5.40999978912439,,68.1800003405519,,70.639999448258,1.01999999679079,,64.8641488945989,15.3700000000001,78.0199966123891,,,,,4.06000000000009,0,,144.000000036,,,0,,75.0899963748267,,-40.9999982974184,0,126.000000317115,,0,,,,0.009999983446992,0.309999963818664,,0,0.009999983446992,,0,,,,0,,0,,0,0,1.02999999088548,0,0,,,,,1.720000116,0,35.0000012372137,,,,14.3000001528,0,144.000000036,,10.2600001872426,,9,419.010009772245,0,,,162.999999987425,,,,,,,,15.5799999663568,78.5800018859255
2007-12-01T07:43:25.968Z,,0.019999966893984,,,9.31999967639043,,,,6.19000008786281,0.299999980371672,,1.10000008701677,,25.219999344,,,,5.40999978912439,,68.1999969687125,,70.639999448258,1.01999999679079,,65.047698222266,15.3700000000001,78.0199966123891,,,,,4.06000000000009,0,,144.000000036,,,0,,75.0899963748267,,-40.9999982974184,0,121.999999978726,,0,,,,0.009999983446992,0.309999963818664,,0,0.009999983446992,,0,,,,0,,0,,0,0,1.02999999088548,0,0,,,,,1.720000116,0,5.99999706020473,,,,14.3000001528,0,144.000000036,,10.2500000448083,,9,419.010009772245,0,,,162.990005568533,,,,,,,,15.5799999663568,78.5800018859255
2007-12-01T07:43:30.029Z,,0.019999966893984,,,9.31999967639043,,,,6.19000008786281,0.299999980371672,,1.10000008701677,,25.219999344,,,,5.40999978912439,,68.1999969687125,,70.639999448258,1.01999999679079,,64.915134037764,15.3700000000001,78.0199966123891,,,,,4.06000000000009,0,,144.000000036,,,0,,75.0999984251086,,-39.0000015756026,0,112.000002580132,,0,,,,0.009999983446992,0.309999963818664,,0,0.009999983446992,,0,,,,0,,0,,0,0,1.02999999088548,0,0,,,,,1.720000116,0,23.000000222047,,,,14.3000001528,0,144.000000036,,10.2399997433867,,9,419.010009772245,0,,,162.990005568533,,,,,,,,15.5699996649352,78.5800018859255
2007-12-01T07:43:35.040Z,,0.019999966893984,,,9.31999967639043,,,,6.19000008786281,0.299999980371672,,1.10000008701677,,25.219999344,,,,5.40999978912439,,68.1999969687125,,70.639999448258,1.01999999679079,,64.8947391640317,15.3700000000001,78.0199966123891,,,,,4.06000000000009,0,,144.000000036,,,0,,75.0999984251086,,-36.9999979590295,0,130.999995569033,,0,,,,0.009999983446992,0.309999963818664,,0,0.009999983446992,,0,,,,0,,0,,0,0,1.02999999088548,0,0,,,,,1.720000116,0,47.9999971659097,,,,14.3000001528,0,144.000000036,,10.2399997433867,,9,418.999999931585,0,,,162.999999987425,,,,,,,,15.5699996649352,78.5800018859255
2007-12-01T07:43:39.014Z,,0.019999966893984,,,9.31999967639043,,,,6.19000008786281,0.299999980371672,,1.10000008701677,,25.219999344,,,,5.40999978912439,,68.1999969687125,,70.639999448258,1.01999999679079,,65.0578936179665,15.3700000000001,77.9999999842285,,,,,4.06000000000009,0,,144.000000036,,,0,,75.0999984251086,,-40.9999982974184,0,127.999997038931,,0,,,,0.009999983446992,0.309999963818664,,0,0.009999983446992,,0,,,,0,,0,,0,0,1.02999999088548,0,0,,,,,1.720000116,0,46.0000004440939,,,,14.3000001528,0,144.000000036,,10.2399997433867,,9,418.999999931585,0,,,162.990005568533,,,,,,,,15.5699996649352,78.5800018859255
2007-12-01T07:43:44.026Z,,0.019999966893984,,,9.31999967639043,,,,6.19000008786281,0.299999980371672,,1.10000008701677,,25.219999344,,,,5.40999978912439,,68.1999969687125,,70.639999448258,1.01999999679079,,64.9763182053686,15.3700000000001,77.9999999842285,,,,,4.06000000000009,0,,144.000000036,,,0,,75.0899963748267,,-40.0000033838892,0,123.000001787013,,0,,,,0.009999983446992,0.309999963818664,,0,0.009999983446992,,0,,,,0,,0,,0,0,1.02999999088548,0,0,,,,,1.720000116,0,39.0000015756026,,,,14.3000001528,0,144.000000036,,10.2299996009524,,9,418.970001253142,0,,,162.990005568533,,,,,,,,15.5699996649352,78.5800018859255
2007-12-01T07:43:53.011Z,,0.019999966893984,,,9.31999967639043,,,,6.19000008786281,0.299999980371672,,1.09000010356978,,25.219999344,,,,5.40999978912439,,68.1999969687125,,70.639999448258,1.01999999679079,,65.0578936179665,15.3700000000001,78.0199966123891,,,,,4.06000000000009,0,,144.000000036,,,0,,75.0899963748267,,-39.0000015756026,0,114.999994215477,,0,,,,0.009999983446992,0.309999963818664,,0,0.009999983446992,,0,,,,0,,0,,0,0,1.02999999088548,0,0,,,,,1.720000116,0,-5.99999706020473,,,,14.3000001528,0,144.000000036,,10.2299996009524,,9,418.980010934815,0,,,162.990005568533,,,,,,,,15.5699996649352,78.5800018859255
2007-12-01T07:43:56.986Z,,0.019999966893984,,,9.31999967639043,,,,6.19000008786281,0.299999980371672,,1.10000008701677,,25.219999344,,,,5.40999978912439,,68.1999969687125,,70.639999448258,1.01999999679079,,64.915134037764,15.3700000000001,78.0199966123891,,,,,4.06000000000009,0,,144.000000036,,,0,,75.0999984251086,,-40.9999982974184,0,104.999996816884,,0,,,,0.009999983446992,0.309999963818664,,0,0.009999983446992,,0,,,,0,,0,,0,0,1.02999999088548,0,0,,,,,1.720000116,0,5.99999706020473,,,,14.3000001528,0,144.000000036,,10.2299996009524,,9,418.980010934815,0,,,162.990005568533,,,,,,,,15.5699996649352,78.5800018859255
2007-12-01T07:44:01.997Z,,0.019999966893984,,,9.31999967639043,,,,6.19000008786281,0.299999980371672,,1.10000008701677,,25.219999344,,,,5.40999978912439,,68.1999969687125,,70.639999448258,1.01999999679079,,64.9253294334645,15.3700000000001,78.0199966123891,,,,,4.06000000000009,0,,144.000000036,,,0,,75.0899963748267,,-40.9999982974184,0,113.999999301948,,0,,,,0.009999983446992,0.309999963818664,,0,0.009999983446992,,0,,,,0,,0,,0,0,1.02999999088548,0,0,,,,,1.720000116,0,-2.99999853010237,,,,14.3000001528,0,144.000000036,,10.2399997433867,,9,418.999999931585,0,,,162.990005568533,,,,,,,,15.5699996649352,78.5800018859255
2007-12-01T07:44:05.971Z,,0.019999966893984,,,9.31999967639043,,,,6.19000008786281,0.299999980371672,,1.10000008701677,,25.219999344,,,,5.40999978912439,,68.1999969687125,,70.639999448258,1.01999999679079,,65.0069084748014,15.3700000000001,78.0199966123891,,,,,4.06000000000009,0,,144.000000036,,,0,,75.0899963748267,,-39.0000015756026,0,117.99999274558,,0,,,,0.009999983446992,0.309999963818664,,0,0.009999983446992,,0,,,,0,,0,,0,0,1.02999999088548,0,0,,,,,1.720000116,0,-17.9999980753715,,,,14.3000001528,0,144.000000036,,10.2399997433867,,9,418.999999931585,0,,,162.990005568533,,,,,,,,15.5699996649352,78.5800018859255
2007-12-01T07:44:10.982Z,,0.019999966893984,,,9.31999967639043,,,,6.19000008786281,0.299999980371672,,1.10000008701677,,25.219999344,,,,5.40999978912439,,68.1999969687125,,70.639999448258,1.01999999679079,,64.8743442902994,15.3700000000001,78.0199966123891,,,,,4.06000000000009,0,,144.000000036,,,0,,75.0999984251086,,-40.9999982974184,0,126.000000317115,,0,,,,0.009999983446992,0.309999963818664,,0,0.009999983446992,,0,,,,0,,0,,0,0,1.02999999088548,0,0,,,,,1.720000116,0,1.99999672181581,,,,14.3000001528,0,144.000000036,,10.2399997433867,,9,419.010009772245,0,,,162.990005568533,,,,,,,,15.5699996649352,78.5800018859255
2007-12-01T07:44:19.968Z,,0.019999966893984,,,9.31999967639043,,,,6.19000008786281,0.299999980371672,,1.10000008701677,,25.219999344,,,,5.40999978912439,,68.1999969687125,,70.639999448258,1.01999999679079,,64.8641488945989,15.3700000000001,78.0199966123891,,,,,4.06000000000009,0,,144.000000036,,,0,,75.0999984251086,,-42.000000105705,0,120.00000325691,,0,,,,0.009999983446992,0.309999963818664,,0,0.009999983446992,,0,,,,0,,0,,0,0,1.02999999088548,0,0,,,,,1.720000116,0,9.00000248506439,,,,14.3000001528,0,144.000000036,,10.2500000448083,,9,418.999999931585,0,,,162.990005568533,,,,,,,,15.5699996649352,78.5800018859255
2007-12-01T07:44:24.029Z,,0.019999966893984,,,9.31999967639043,,,,6.19000008786281,0.299999980371672,,1.09000010356978,,25.219999344,,,,5.42000009054599,,68.1999969687125,,70.639999448258,1.01999999679079,,65.0273033485337,15.3700000000001,78.0199966123891,,,,,4.06000000000009,0,,144.000000036,,,0,,75.0999984251086,,-42.000000105705,0,103.999995008597,,0,,,,0.009999983446992,0.309999963818664,,0,0.009999983446992,,0,,,,0,,0,,0,0,1.02999999088548,0,0,,,,,1.720000116,0,-8.00000067677784,,,,14.3000001528,0,144.000000036,,10.2500000448083,,9,419.010009772245,0,,,162.999999987425,,,,,,,,15.5699996649352,78.5800018859255
2007-12-01T07:44:29.040Z,,0.019999966893984,,,9.31999967639043,,,,6.19000008786281,0.299999980371672,,1.09000010356978,,25.219999344,,,,5.42000009054599,,68.1999969687125,,70.639999448258,1.01999999679079,,65.047698222266,15.3700000000001,77.9899979339465,,,,,4.06000000000009,0,,144.000000036,,,0,,75.0999984251086,,-43.0000019139915,0,126.000000317115,,0,,,,0.009999983446992,0.309999963818664,,0,0.009999983446992,,0,,,,0,,0,,0,0,1.02999999088548,0,0,,,,,1.720000116,0,-18.999999883658,,,,14.3000001528,0,144.000000036,,10.2399997433867,,9,418.989990249912,0,,,162.999999987425,,,,,,,,15.5799999663568,78.5800018859255
2007-12-01T07:44:33.014Z,,0.019999966893984,,,9.31999967639043,,,,6.19000008786281,0.299999980371672,,1.10000008701677,,25.219999344,,,,5.42000009054599,,68.1999969687125,,70.639999448258,1.01999999679079,,64.7621749795297,15.3700000000001,78.0100021934977,,,,,4.06000000000009,0,,144.000000036,,,0,,75.0899963748267,,-44.9999986358074,0,123.000001787013,,0,,,,0.009999983446992,0.309999963818664,,0,0.009999983446992,,0,,,,0,,0,,0,0,1.02999999088548,0,0,,,,,1.720000116,0,4.00000033838892,,,,14.3000001528,0,144.000000036,,10.2399997433867,,9,418.999999931585,0,,,162.990005568533,,,,,,,,15.5799999663568,78.5800018859255
2007-12-01T07:44:38.026Z,,0.019999966893984,,,9.31999967639043,,,,6.19000008786281,0.299999980371672,,1.10000008701677,,25.219999344,,,,5.40999978912439,,68.1999969687125,,70.639999448258,1.01999999679079,,64.8743442902994,15.3700000000001,78.0199966123891,,,,,4.06000000000009,0,,144.000000036,,,0,,75.0999984251086,,-42.000000105705,0,117.99999274558,,0,,,,0.009999983446992,0.309999963818664,,0,0.009999983446992,,0,,,,0,,0,,0,0,1.02999999088548,0,0,,,,,1.720000116,0,8.00000067677784,,,,14.3000001528,0,144.000000036,,10.2399997433867,,9,419.010009772245,0,,,162.990005568533,,,,,,,,15.5799999663568,78.5800018859255
2007-12-01T07:44:42.000Z,,0.019999966893984,,,9.31999967639043,,,,6.19000008786281,0.299999980371672,,1.10000008701677,,25.219999344,,,,5.40999978912439,,68.1999969687125,,70.639999448258,1.01999999679079,,64.8335586251661,15.3700000000001,78.0199966123891,,,,,4.06000000000009,0,,144.000000036,,,0,,75.0899963748267,,-40.9999982974184,0,113.999999301948,,0,,,,0.009999983446992,0.309999963818664,,0,0.009999983446992,,0,,,,0,,0,,0,0,1.02999999088548,0,0,,,,,1.720000116,0,-4.00000033838892,,,,14.3000001528,0,144.000000036,,10.2299996009524,,9,419.010009772245,0,,,162.990005568533,,,,,,,,15.5799999663568,78.5800018859255
2007-12-01T07:44:47.011Z,,0.019999966893984,,,9.31999967639043,,,,6.19000008786281,0.299999980371672,,1.10000008701677,,25.219999344,,,,5.40999978912439,,68.1800003405519,,70.639999448258,1.01999999679079,,64.9763182053686,15.3700000000001,78.0199966123891,,,,,4.06000000000009,0,,144.000000036,,,0,,75.0999984251086,,-39.0000015756026,0,109.999998963559,,0,,,,0.009999983446992,0.309999963818664,,0,0.009999983446992,,0,,,,0,,0,,0,0,1.02999999088548,0,0,,,,,1.720000116,0,16.0000013535557,,,,14.3000001528,0,144.000000036,,10.2399997433867,,9,418.989990249912,0,,,162.990005568533,,,,,,,,15.5799999663568,78.5800018859255
2007-12-01T07:44:50.986Z,,0.019999966893984,,,9.31999967639043,,,,6.19000008786281,0.299999980371672,,1.10000008701677,,25.219999344,,,,5.40999978912439,,68.1900023908339,,70.639999448258,1.01999999679079,,64.8437540208666,15.3700000000001,78.0199966123891,,,,,4.06000000000009,0,,144.000000036,,,0,,75.0899963748267,,-40.9999982974184,0,112.999997493662,,0,,,,0.009999983446992,0.309999963818664,,0,0.009999983446992,,0,,,,0,,0,,0,0,1.02999999088548,0,0,,,,,1.720000116,0,10.9999992068802,,,,14.3000001528,0,144.000000036,,10.2399997433867,,9,418.989990249912,0,,,162.990005568533,,,,,,,,15.5699996649352,78.5800018859255
2007-12-01T07:44:55.997Z,,0.019999966893984,,,9.31999967639043,,,,6.19000008786281,0.299999980371672,,1.10000008701677,,25.219999344,,,,5.40999978912439,,68.1800003405519,,70.639999448258,1.01999999679079,,64.7621749795297,15.3700000000001,78.0199966123891,,,,,4.06000000000009,0,,144.000000036,,,0,,75.0899963748267,,-40.9999982974184,0,103.999995008597,,0,,,,0.009999983446992,0.309999963818664,,0,0.009999983446992,,0,,,,0,,0,,0,0,1.02999999088548,0,0,,,,,1.720000116,0,-10.9999992068802,,,,14.3000001528,0,144.000000036,,10.2399997433867,,9,418.980010934815,0,,,162.990005568533,,,,,,,,15.5699996649352,78.5800018859255
2007-12-01T07:44:59.971Z,,0.019999966893984,,,9.31999967639043,,,,6.19000008786281,0.299999980371672,,1.10000008701677,,25.219999344,,,,5.40999978912439,,68.1800003405519,,70.639999448258,1.01999999679079,,64.8335586251661,15.3700000000001,78.0199966123891,,,,,4.06000000000009,0,,144.000000036,,,0,,75.0899963748267,,-40.9999982974184,0,108.000002241743,,0,,,,0.009999983446992,0.309999963818664,,0,0.009999983446992,,0,,,,0,,0,,0,0,1.02999999088548,0,0,,,,,1.720000116,0,-9.00000248506439,,,,14.3000001528,0,144.000000036,,10.2399997433867,,9,418.980010934815,0,,,162.990005568533,,,,,,,,15.5699996649352,78.5800018859255
2007-12-01T07:45:04.982Z,,0.019999966893984,,,9.31999967639043,,,,6.19000008786281,0.299999980371672,,1.10000008701677,,25.219999344,,,,5.40999978912439,,68.1800003405519,,70.639999448258,1.01999999679079,,64.8335586251661,15.3700000000001,78.0199966123891,,,,,4.06000000000009,0,,144.000000036,,,0,,75.0999984251086,,-40.9999982974184,0,111.000000771846,,0,,,,0.009999983446992,0.309999963818664,,0,0.009999983446992,,0,,,,0,,0,,0,0,1.02999999088548,0,0,,,,,1.720000116,0,17.0000031618422,,,,14.3000001528,0,144.000000036,,10.2399997433867,,9,418.980010934815,0,,,162.990005568533,,,,,,,,15.5699996649352,78.5800018859255
2007-12-01T07:45:08.957Z,,0.019999966893984,,,9.31999967639043,,,,6.19000008786281,0.299999980371672,,1.10000008701677,,25.219999344,,,,5.40999978912439,,68.1999969687125,,70.639999448258,1.01999999679079,,64.9967130791009,15.3700000000001,78.0199966123891,,,,,4.06000000000009,0,,144.000000036,,,0,,75.0999984251086,,-40.0000033838892,0,103.999995008597,,0,,,,0.009999983446992,0.309999963818664,,0,0.009999983446992,,0,,,,0,,0,,0,0,1.02999999088548,0,0,,,,,1.720000116,0,-13.9999977369826,,,,14.3000001528,0,144.000000036,,10.2399997433867,,9,418.980010934815,0,,,162.990005568533,,,,,,,,15.5699996649352,78.5800018859255
2007-12-01T07:45:13.968Z,,0.019999966893984,,,9.31999967639043,,,,6.19000008786281,0.299999980371672,,1.10000008701677,,25.219999344,,,,5.40999978912439,,68.1999969687125,,70.639999448258,1.01999999679079,,64.9763182053686,15.3700000000001,78.0199966123891,,,,,4.06000000000009,0,,144.000000036,,,0,,75.0899963748267,,-40.9999982974184,0,88.9999954633282,,0,,,,0.009999983446992,0.309999963818664,,0,0.009999983446992,,0,,,,0,,0,,0,0,1.02999999088548,0,0,,,,,1.720000116,0,4.00000033838892,,,,14.3000001528,0,144.000000036,,10.2399997433867,,9,418.999999931585,0,,,162.990005568533,,,,,,,,15.5699996649352,78.5800018859255
2007-12-01T07:45:18.029Z,,0.019999966893984,,,9.31999967639043,,,,6.19000008786281,0.299999980371672,,1.08000012012278,,25.219999344,,,,5.40999978912439,,68.1999969687125,,70.639999448258,1.01999999679079,,64.9253294334645,15.3700000000001,78.0199966123891,,,,,4.06000000000009,0,,144.000000036,,,0,,75.0999984251086,,-40.0000033838892,0,98.0000048431498,,0,,,,0.009999983446992,0.309999963818664,,0,0.009999983446992,,0,,,,0,,0,,0,0,1.02999999088548,0,0,,,,,1.720000116,0,9.00000248506439,,,,14.3000001528,0,144.000000036,,10.2399997433867,,9,418.989990249912,0,,,162.990005568533,,,,,,,,15.5699996649352,78.5800018859255
2007-12-01T07:45:23.040Z,,0.019999966893984,,,9.31999967639043,,,,6.19000008786281,0.299999980371672,,1.06999997768849,,25.219999344,,,,5.40999978912439,,68.1999969687125,,70.639999448258,1.01999999679079,,64.9967130791009,15.3700000000001,78.0199966123891,,,,,4.06000000000009,0,,144.000000036,,,0,,75.1100006343779,,-37.9999997673161,0.009999983446992,104.999996816884,,0,,,,0.009999983446992,0.309999963818664,,0,0.009999983446992,,0,,,,0,,0,,0,0,1.02999999088548,0.009999983446992,0,,,,,1.720000116,0,-5.00000214667547,,,,14.3000001528,0,144.000000036,,10.2399997433867,,9,418.980010934815,0,,,163.009994565303,,,,,,,,15.5699996649352,78.5800018859255
2007-12-01T07:45:27.014Z,,0.019999966893984,,,9.31999967639043,,,,6.19000008786281,0.299999980371672,,1.0599999942415,,25.2700005648,,,,5.40999978912439,,68.1999969687125,,70.639999448258,1.01999999679079,,69.54464246195,15.3700000000001,78.0199966123891,,,,,4.06000000000009,0,,144.000000036,,,0,,75.1100006343779,,-42.000000105705,0.009999983446992,103.999995008597,,0,,,,0.009999983446992,0.309999963818664,,0,0.009999983446992,,0,,,,0,,0,,0,0,1.02999999088548,0.009999983446992,0,,,,,1.720000116,0,-9.99999739859365,,,,14.3000001528,0,144.000000036,,10.2299996009524,,9,418.989990249912,0,,,163.009994565303,,,,,,,,15.5799999663568,78.5800018859255
2007-12-01T07:45:32.026Z,,0.019999966893984,,,9.32999997781203,,,,6.19000008786281,0.299999980371672,,1.10000008701677,,25.469999352,,,,5.40999978912439,,68.1999969687125,,70.639999448258,1.01999999679079,,70.0952904449513,15.3700000000001,78.0199966123891,,,,,4.06000000000009,0,,144.000000036,,,0,,75.1100006343779,,-40.9999982974184,0.019999966893984,111.000000771846,,0,,,,0.009999983446992,0.309999963818664,,0,0.009999983446992,,0,,,,0,,0,,0,0,1.02999999088548,0.019999966893984,0,,,,,1.720000116,0,0,,,,14.3000001528,0,144.000000036,,10.2299996009524,,9,419.010009772245,0,,,163.020004246976,,,,,,,,15.5699996649352,78.5800018859255
2007-12-01T07:45:36.000Z,,0.019999966893984,,,9.32999997781203,,,,6.19000008786281,0.299999980371672,,1.10000008701677,,25.6200008808,,,,5.40999978912439,,68.1999969687125,,70.639999448258,1.01999999679079,,70.523576896629,15.3700000000001,78.0199966123891,,,,,4.06000000000009,0,,144.000000036,,,0,,75.0999984251086,,-36.0000030455003,0.019999966893984,114.999994215477,,0,,,,0.009999983446992,0.309999963818664,,0,0.009999983446992,,0,,,,0,,0,,0,0,1.02999999088548,0.019999966893984,0,,,,,1.720000116,0,-12.0000010151668,,,,14.3000001528,0,144.000000036,,10.2299996009524,,9,418.999999931585,0,,,163.009994565303,,,,,,,,15.5699996649352,78.5800018859255
2007-12-01T07:45:41.011Z,,0.019999966893984,,,9.34000012024632,,,,6.19000008786281,0.299999980371672,,1.10000008701677,,25.6200008808,,,,5.40999978912439,,68.1999969687125,,70.639999448258,1.01999999679079,,69.809770830954,15.3700000000001,78.0199966123891,,,,,4.06000000000009,0,,144.000000036,,,0,,75.0899963748267,,-36.0000030455003,0.019999966893984,109.999998963559,,0,,,,0.009999983446992,0.309999963818664,,0,0.009999983446992,,0,,,,0,,0,,0,0,1.02999999088548,0.019999966893984,0,,,,,1.720000116,0,17.9999980753715,,,,14.3000001528,0,144.000000036,,10.2299996009524,,9,418.999999931585,0,,,163.009994565303,,,,,,,,15.5699996649352,78.5800018859255
2007-12-01T07:45:44.986Z,,0.019999966893984,,,9.34000012024632,,,,6.19000008786281,0.299999980371672,,1.10000008701677,,25.6200008808,,,,5.40999978912439,,68.1999969687125,,70.639999448258,1.01999999679079,,69.5752404424531,15.3700000000001,78.0199966123891,,,,,4.06000000000009,0,,144.000000036,,,0,,75.0899963748267,,-40.9999982974184,0.019999966893984,136.000004610466,,0,,,,0.009999983446992,0.309999963818664,,0,0.009999983446992,,0,,,,0,,0,,0,0,1.02999999088548,0.019999966893984,0,,,,,1.720000116,0,12.0000010151668,,,,14.3000001528,0,144.000000036,,10.2399997433867,,9,419.010009772245,0,,,163.009994565303,,,,,,,,15.5699996649352,78.5800018859255
2007-12-01T07:45:49.997Z,,0.019999966893984,,,9.34000012024632,,,,6.19000008786281,0.299999980371672,,1.10000008701677,,25.6200008808,,,,5.40999978912439,,68.1999969687125,,70.639999448258,1.01999999679079,,69.5140521925172,15.3700000000001,78.0199966123891,,,,,4.06000000000009,0,,144.000000036,,,0,,75.0899963748267,,-40.0000033838892,0.019999966893984,140.999999862384,,0,,,,0.009999983446992,0.309999963818664,,0,0.009999983446992,,0,,,,0,,0,,0,0,1.02999999088548,0.019999966893984,0,,,,,1.720000116,0,13.9999977369826,,,,14.3000001528,0,144.000000036,,10.2399997433867,,9,419.010009772245,0,,,163.009994565303,,,,,,,,15.5699996649352,78.5800018859255
2007-12-01T07:45:53.971Z,,0.019999966893984,,,9.34000012024632,,,,6.19000008786281,0.299999980371672,,1.10000008701677,,25.3799992272,,,,5.40999978912439,,68.1999969687125,,70.639999448258,1.01999999679079,,71.7268345307067,15.3700000000001,78.0199966123891,,,,,4.06000000000009,0,,144.000000036,,,0,,75.0899963748267,,-40.0000033838892,0.009999983446992,152.999993982794,,0,,,,0.009999983446992,0.309999963818664,,0,0.009999983446992,,0,,,,0,,0,,0,0,1.02999999088548,0.009999983446992,0,,,,,1.720000116,0,25.9999987521493,,,,14.3000001528,0,144.000000036,,10.2399997433867,,9,419.010009772245,0,,,163.009994565303,,,,,,,,15.5699996649352,78.5800018859255
2007-12-01T07:45:58.982Z,,0.019999966893984,,,9.34000012024632,,,,6.19000008786281,0.299999980371672,,1.10000008701677,,24.9899997024,,,,5.40999978912439,,68.1999969687125,,70.639999448258,1.01999999679079,,71.6962442612739,15.3700000000001,78.0199966123891,,,,,4.06000000000009,0,,144.000000036,,,0,,75.0999984251086,,-39.0000015756026,0.019999966893984,111.000000771846,,0,,,,0.009999983446992,0.309999963818664,,0,0.009999983446992,,0,,,,0,,0,,0,0,1.02999999088548,0.019999966893984,0,,,,,1.720000116,0,13.9999977369826,,,,14.3000001528,0,144.000000036,,10.2399997433867,,9,419.019989087342,0,,,163.009994565303,,,,,,,,15.5699996649352,78.5800018859255
2007-12-01T07:46:02.957Z,,0.019999966893984,,,9.34000012024632,,,,6.19000008786281,0.299999980371672,,1.10000008701677,,24.7900009152,,,,5.40999978912439,,68.1999969687125,,70.639999448258,1.01999999679079,,71.6146729310074,15.3700000000001,77.9999999842285,,,,,4.06000000000009,0,,144.000000036,,,0,,75.0899963748267,,-40.9999982974184,0.019999966893984,121.000005065197,,0,,,,0.009999983446992,0.309999963818664,,0,0.009999983446992,,0,,,,0,,0,,0,0,1.02999999088548,0.019999966893984,0,,,,,1.720000116,0,20.9999966054739,,,,14.3000001528,0,144.000000036,,10.2399997433867,,9,418.999999931585,0,,,163.009994565303,,,,,,,,15.5699996649352,78.5800018859255
2007-12-01T07:46:07.968Z,,0.019999966893984,,,9.34000012024632,,,,6.19000008786281,0.299999980371672,,1.09000010356978,,24.530000724,,,,5.40999978912439,,68.1999969687125,,70.639999448258,1.01999999679079,,71.0436268991272,15.3700000000001,77.9899979339465,,,,,4.06000000000009,0,,144.000000036,,,0,,75.0899963748267,,-39.0000015756026,0.019999966893984,103.999995008597,,0,,,,0.009999983446992,0.309999963818664,,0,0.009999983446992,,0,,,,0,,0,,0,0,1.02999999088548,0.019999966893984,0,,,,,1.720000116,0,25.9999987521493,,,,14.3000001528,0,144.000000036,,10.2399997433867,,9,418.980010934815,0,,,163.009994565303,,,,,,,,15.5699996649352,78.5800018859255
2007-12-01T07:46:12.029Z,,0.019999966893984,,,9.32999997781203,,,,6.19000008786281,0.299999980371672,,1.10000008701677,,24.2000007744,,,,5.40999978912439,,68.1999969687125,,70.639999448258,1.01999999679079,,71.6248646979689,15.3700000000001,77.9899979339465,,,,,4.06000000000009,0,,144.000000036,,,0,,75.1100006343779,,-40.9999982974184,0.019999966893984,107.000007328214,,0,,,,0.009999983446992,0.309999963818664,,0,0.009999983446992,,0,,,,0,,0,,0,0,1.02999999088548,0.019999966893984,0,,,,,1.720000116,0,5.99999706020473,,,,14.3000001528,0,144.000000036,,10.2299996009524,,9,418.980010934815,0,,,163.009994565303,,,,,,,,15.5699996649352,78.5800018859255
2007-12-01T07:46:17.040Z,,0.019999966893984,,,9.31999967639043,,,,6.19000008786281,0.299999980371672,,1.10000008701677,,23.7999992376,,,,5.40000012365201,,68.1999969687125,,70.639999448258,1.01999999679079,,71.5942744285361,15.3700000000001,77.9899979339465,,,,,4.0700000000001,0,,144.000000036,,,0,,75.1100006343779,,-40.9999982974184,0.019999966893984,130.999995569033,,0,,,,0.009999983446992,0.309999963818664,,0,0.009999983446992,,0,,,,0,,0,,0,0,1.02999999088548,0.019999966893984,0,,,,,1.720000116,0,-5.99999706020473,,,,14.3000001528,0,144.000000036,,10.2299996009524,,9,418.970001253142,0,,,163.009994565303,,,,,,,,15.5600004764247,78.5800018859255
2007-12-01T07:46:21.014Z,,0.019999966893984,,,9.31999967639043,,,,6.19000008786281,0.299999980371672,,1.10000008701677,,23.5900002672,,,,5.40000012365201,,68.1999969687125,,70.639999448258,1.01999999679079,,71.4923041422059,15.3700000000001,77.9899979339465,,,,,4.06000000000009,0,,144.000000036,,,0,,75.0999984251086,,-42.000000105705,0.009999983446992,101.999998286781,,0,,,,0.009999983446992,0.309999963818664,,0,0.009999983446992,,0,,,,0,,0,,0,0,1.02999999088548,0.009999983446992,0,,,,,1.720000116,0,-5.00000214667547,,,,14.3000001528,0,144.000000036,,10.2200002534547,,9,418.950012256372,0,,,162.999999987425,,,,,,,,15.5699996649352,78.5800018859255
2007-12-01T07:46:26.026Z,,0.019999966893984,,,9.31999967639043,,,,6.19000008786281,0.299999980371672,,1.10000008701677,,23.3099994048,,,,5.40000012365201,,68.1999969687125,,70.639999448258,1.01999999679079,,72.124531166544,15.3700000000001,77.9899979339465,,,,,4.06000000000009,0,,144.000000036,,,0,,75.0999984251086,,-40.0000033838892,0,115.999996023764,,0,,,,0.009999983446992,0.309999963818664,,0,0.009999983446992,,0,,,,0,,0,,0,0,1.02999999088548,0,0,,,,,1.720000116,0,-20.9999966054739,,,,14.3000001528,0,144.000000036,,10.2200002534547,,9,418.940002415713,0,,,162.990005568533,,,,,,,,15.5699996649352,78.5800018859255
2007-12-01T07:46:30.000Z,,0.019999966893984,,,9.31999967639043,,,,6.19000008786281,0.299999980371672,,1.09000010356978,,22.68000036,,,,5.40000012365201,,68.1999969687125,,70.639999448258,1.01999999679079,,71.5738836371351,15.3700000000001,77.9899979339465,,,,,4.06000000000009,0,,144.000000036,,,0,,75.0899963748267,,-42.000000105705,0,113.999999301948,,0,,,,0.009999983446992,0.309999963818664,,0,0.009999983446992,,0,,,,0,,0,,0,0,1.02999999088548,0,0,,,,,1.720000116,0,-17.0000031618422,,,,14.3000001528,0,144.000000036,,10.2100001110204,,9,418.92999273404,0,,,162.999999987425,,,,,,,,15.5699996649352,78.5800018859255
2007-12-01T07:46:35.011Z,,0.019999966893984,,,9.31999967639043,,,,6.19000008786281,0.299999980371672,,1.10000008701677,,22.3099993728,,,,5.40000012365201,,68.1800003405519,,70.639999448258,1.01999999679079,,72.4100503269489,15.3700000000001,77.9899979339465,,,,,4.06000000000009,0,,144.000000036,,,0,,75.0899963748267,,-40.9999982974184,0,116.999997832051,,0,,,,0.009999983446992,0.309999963818664,,0,0.009999983446992,,0,,,,0,,0,,0,0,1.02999999088548,0,0,,,,,1.720000116,0,-21.9999984137604,,,,14.3000001528,0,144.000000036,,10.2100001110204,,9,418.91000373727,0,,,162.990005568533,,,,,,,,15.5699996649352,78.5800018859255
2007-12-01T07:46:38.986Z,,0.009999983446992,,,9.31999967639043,,,,6.19000008786281,0.299999980371672,,1.10000008701677,,22.1299991232,,,,5.40000012365201,,68.1900023908339,,70.639999448258,1.01999999679079,,71.7064437393058,15.3700000000001,78.0199966123891,,,,,4.06000000000009,0,,144.000000036,,,0,,75.0899963748267,,-40.9999982974184,0,115.999996023764,,0,,,,0.009999983446992,0.309999963818664,,0,0.009999983446992,,0,,,,0,,0,,0,0,1.02999999088548,0,0,,,,,1.720000116,0,-35.0000012372137,,,,14.3000001528,0,144.000000036,,10.2200002534547,,9,418.92999273404,0,,,162.990005568533,,,,,,,,15.5699996649352,78.5800018859255
2007-12-01T07:46:43.997Z,,0.019999966893984,,,9.31999967639043,,,,6.19000008786281,0.299999980371672,,1.10000008701677,,21.5599993488,,,,5.40000012365201,,68.1800003405519,,70.639999448258,1.01999999679079,,71.808414025636,15.3700000000001,78.0199966123891,,,,,4.06000000000009,0,,144.000000036,,,0,,75.0999984251086,,-40.9999982974184,0,111.000000771846,,0,,,,0.009999983446992,0.309999963818664,,0,0.009999983446992,,0,,,,0,,0,,0,0,1.02999999088548,0,0,,,,,1.720000116,0,-8.00000067677784,,,,14.3000001528,0,144.000000036,,10.2200002534547,,9,418.950012256372,0,,,162.990005568533,,,,,,,,15.5699996649352,78.5800018859255
2007-12-01T07:46:47.971Z,,0.019999966893984,,,9.31999967639043,,,,6.19000008786281,0.299999980371672,,1.10000008701677,,21.180000312,,,,5.40000012365201,,68.1800003405519,,70.639999448258,1.01999999679079,,71.2577660426347,15.3700000000001,78.0199966123891,,,,,4.06000000000009,0,,144.000000036,,,0,,75.0999984251086,,-36.0000030455003,0,112.999997493662,,0,,,,0.009999983446992,0.309999963818664,,0,0.009999983446992,,0,,,,0,,0,,0,0,1.02999999088548,0,0,,,,,1.720000116,0,-10.9999992068802,,,,14.3000001528,0,144.000000036,,10.2200002534547,,9,418.959991412483,0,,,162.990005568533,,,,,,,,15.5699996649352,78.5800018859255
2007-12-01T07:46:52.982Z,,0.019999966893984,,,9.31999967639043,,,,6.19000008786281,0.299999980371672,,1.10000008701677,,20.8799990832,,,,5.40999978912439,,68.1800003405519,,70.639999448258,1.01999999679079,,71.6146729310074,15.3700000000001,78.0199966123891,,,,,4.06000000000009,0,,144.000000036,,,0,,75.0999984251086,,-40.9999982974184,0,149.000000539162,,0,,,,0.009999983446992,0.309999963818664,,0,0.009999983446992,,0,,,,0,,0,,0,0,1.02999999088548,0,0,,,,,1.720000116,0,-4.00000033838892,,,,14.3000001528,0,144.000000036,,10.2200002534547,,9,418.959991412483,0,,,162.999999987425,,,,,,,,15.5699996649352,78.5800018859255
2007-12-01T07:46:56.957Z,,0.019999966893984,,,9.31999967639043,,,,6.19000008786281,0.299999980371672,,1.10000008701677,,20.579999988,,,,5.40999978912439,,68.1800003405519,,70.639999448258,1.01999999679079,,71.7268345307067,15.3700000000001,78.0199966123891,,,,,4.06000000000009,0,,144.000000036,,,0,,75.0899963748267,,-39.0000015756026,0,129.999993760747,,0,,,,0.009999983446992,0.309999963818664,,0,0.009999983446992,,0,,,,0,,0,,0,0,1.02999999088548,0,0,,,,,1.720000116,0,5.99999706020473,,,,14.3000001528,0,144.000000036,,10.2200002534547,,9,418.950012256372,0,,,162.990005568533,,,,,,,,15.5699996649352,78.5800018859255
2007-12-01T07:47:01.968Z,,0.019999966893984,,,9.31999967639043,,,,6.19000008786281,0.299999980371672,,1.10000008701677,,20.280000588,,,,5.40999978912439,,68.1999969687125,,70.639999448258,1.01999999679079,,70.5133778721896,15.3700000000001,78.0199966123891,,,,,4.06000000000009,0,,144.000000036,,,0,,75.0999984251086,,-36.9999979590295,0,123.000001787013,,0,,,,0.009999983446992,0.309999963818664,,0,0.009999983446992,,0,,,,0,,0,,0,0,1.02999999088548,0,0,,,,,1.720000116,0,23.000000222047,,,,14.3000001528,0,144.000000036,,10.2100001110204,,9,418.959991412483,0,,,162.990005568533,,,,,,,,15.5699996649352,78.5800018859255
2007-12-01T07:47:06.029Z,,0.009999983446992,,,9.31999967639043,,,,6.19000008786281,0.299999980371672,,1.10000008701677,,20.280000588,,,,5.40999978912439,,68.1999969687125,,70.639999448258,1.01999999679079,,70.8294873020273,15.3700000000001,78.0199966123891,,,,,4.06000000000009,0,,144.000000036,,,0,,75.0999984251086,,-39.0000015756026,0,141.999994775913,,0,,,,0.009999983446992,0.309999963818664,,0,0.009999983446992,,0,,,,0,,0,,0,0,1.02999999088548,0,0,,,,,1.720000116,0,25.9999987521493,,,,14.3000001528,0,144.000000036,,10.2100001110204,,9,418.959991412483,0,,,162.999999987425,,,,,,,,15.5699996649352,78.5800018859255
2007-12-01T07:47:11.040Z,,0.019999966893984,,,9.31999967639043,,,,6.19000008786281,0.299999980371672,,1.10000008701677,,20.280000588,,,,5.40999978912439,,68.1999969687125,,70.639999448258,1.01999999679079,,70.8294873020273,15.3700000000001,78.0199966123891,,,,,4.06000000000009,0,,144.000000036,,,0,,75.0999984251086,,-39.0000015756026,0,145.00000709553,,0,,,,0.009999983446992,0.309999963818664,,0,0.009999983446992,,0,,,,0,,0,,0,0,1.02999999088548,0,0,,,,,1.720000116,0,2.99999853010237,,,,14.3000001528,0,144.000000036,,10.2100001110204,,9,418.970001253142,0,,,162.999999987425,,,,,,,,15.5699996649352,78.5800018859255
2007-12-01T07:47:20.026Z,,0.019999966893984,,,9.34000012024632,,,,6.19000008786281,0.299999980371672,,1.08000012012278,,20.280000588,,,,5.40999978912439,,68.1999969687125,,70.639999448258,1.01999999679079,,70.7581072851299,15.3700000000001,78.0199966123891,,,,,4.06000000000009,0,,144.000000036,,,0,,75.0999984251086,,-40.0000033838892,0.019999966893984,117.99999274558,,0,,,,0.009999983446992,0.309999963818664,,0,0.009999983446992,,0,,,,0,,0,,0,0,1.02999999088548,0.019999966893984,0,,,,,1.720000116,0,-13.0000028234533,,,,14.3000001528,0,144.000000036,,10.2200002534547,,9,418.989990249912,0,,,163.009994565303,,,,,,,,15.5699996649352,78.5800018859255
2007-12-01T07:47:24.000Z,,0.019999966893984,,,9.34000012024632,,,,6.19000008786281,0.299999980371672,,1.06999997768849,,20.280000588,,,,5.40999978912439,,68.1999969687125,,70.639999448258,1.01999999679079,,70.8906678408929,15.3700000000001,78.0199966123891,,,,,4.06000000000009,0,,144.000000036,,,0,,75.0999984251086,,-40.0000033838892,0.019999966893984,123.000001787013,,0,,,,0.009999983446992,0.309999963818664,,0,0.009999983446992,,0,,,,0,,0,,0,0,1.02999999088548,0.019999966893984,0,,,,,1.720000116,0,-14.9999995452691,,,,14.3000001528,0,144.000000036,,10.2200002534547,,9,418.959991412483,0,,,163.020004246976,,,,,,,,15.5699996649352,78.5800018859255
2007-12-01T07:47:29.011Z,,0.019999966893984,,,9.34000012024632,,,,6.19000008786281,0.309999963818664,,1.06999997768849,,20.280000588,,,,5.40999978912439,,68.1999969687125,,70.639999448258,1.01999999679079,,70.8600775714601,15.3700000000001,78.0199966123891,,,,,4.06000000000009,0,,144.000000036,,,0,,75.0999984251086,,-39.0000015756026,0.019999966893984,109.999998963559,,0,,,,0.009999983446992,0.309999963818664,,0,0.009999983446992,,0,,,,0,,0,,0,0,1.02999999088548,0.019999966893984,0,,,,,1.720000116,0,-16.0000013535557,,,,14.3000001528,0,144.000000036,,10.2200002534547,,9,418.980010934815,0,,,163.009994565303,,,,,,,,15.5699996649352,78.5800018859255
2007-12-01T07:47:32.986Z,,0.019999966893984,,,9.34000012024632,,,,6.19000008786281,0.319999947265656,,1.06999997768849,,20.280000588,,,,5.40999978912439,,68.1999969687125,,70.639999448258,1.01999999679079,,70.8804760739314,15.3700000000001,78.0199966123891,,,,,4.06000000000009,0,,144.000000036,,,0,,75.0999984251086,,-40.0000033838892,0.019999966893984,98.9999997566791,,0,,,,0.009999983446992,0.309999963818664,,0,0.009999983446992,,0,,,,0,,0,,0,0,1.02999999088548,0.019999966893984,0,,,,,1.720000116,0,-8.00000067677784,,,,14.3000001528,0,144.000000036,,10.2299996009524,,9,418.989990249912,0,,,163.009994565303,,,,,,,,15.5699996649352,78.5800018859255
2007-12-01T07:47:37.997Z,,0.019999966893984,,,9.31999967639043,,,,6.19000008786281,0.319999947265656,,1.06999997768849,,20.280000588,,,,5.40999978912439,,68.1999969687125,,70.639999448258,1.01999999679079,,70.8294873020273,15.3700000000001,78.0199966123891,,,,,4.06000000000009,0,,144.000000036,,,0,,75.0999984251086,,-40.9999982974184,0.019999966893984,130.999995569033,,0,,,,0.009999983446992,0.309999963818664,,0,0.009999983446992,,0,,,,0,,0,,0,0,1.02999999088548,0.019999966893984,0,,,,,1.720000116,0,-12.0000010151668,,,,14.3000001528,0,144.000000036,,10.2299996009524,,9,418.980010934815,0,,,163.009994565303,,,,,,,,15.5699996649352,78.5800018859255
2007-12-01T07:47:46.982Z,,0.019999966893984,,,9.31999967639043,,,,6.19000008786281,0.319999947265656,,1.0599999942415,,20.280000588,,,,5.40999978912439,,68.1800003405519,,70.639999448258,1.01999999679079,,70.8294873020273,15.3700000000001,78.0199966123891,,,,,4.06000000000009,0,,144.000000036,,,0,,75.0999984251086,,-39.0000015756026,0,145.00000709553,,0,,,,0.009999983446992,0.309999963818664,,0,0.009999983446992,,0,,,,0,,0,,0,0,1.02999999088548,0,0,,,,,1.720000116,0,13.0000028234533,,,,14.3000001528,0,144.000000036,,10.2399997433867,,9,418.959991412483,0,,,162.990005568533,,,,,,,,15.5699996649352,78.5800018859255
2007-12-01T07:47:50.957Z,,0.019999966893984,,,9.31999967639043,,,,6.19000008786281,0.319999947265656,,1.06999997768849,,20.280000588,,,,5.40999978912439,,68.1800003405519,,70.639999448258,1.01999999679079,,70.7479082606904,15.3700000000001,78.0199966123891,,,,,4.06000000000009,0,,144.000000036,,,0,,75.0899963748267,,-40.9999982974184,0,150.000002347448,,0,,,,0.009999983446992,0.309999963818664,,0,0.009999983446992,,0,,,,0,,0,,0,0,1.02999999088548,0,0,,,,,1.720000116,0,16.0000013535557,,,,14.3000001528,0,144.000000036,,10.2399997433867,,9,418.959991412483,0,,,162.990005568533,,,,,,,,15.5699996649352,78.5800018859255
2007-12-01T07:47:55.968Z,,0.019999966893984,,,9.31999967639043,,,,6.19000008786281,0.319999947265656,,1.10000008701677,,20.280000588,,,,5.40999978912439,,68.1900023908339,,70.639999448258,1.01999999679079,,70.8090965106263,15.3700000000001,78.0199966123891,,,,,4.06000000000009,0,,144.000000036,,,0,,75.0999984251086,,-40.9999982974184,0,133.000006080364,,0,,,,0.009999983446992,0.309999963818664,,0,0.009999983446992,,0,,,,0,,0,,0,0,1.02999999088548,0,0,,,,,1.720000116,0,5.99999706020473,,,,14.3000001528,0,144.000000036,,10.2399997433867,,9,418.999999931585,0,,,162.990005568533,,,,,,,,15.5699996649352,78.5800018859255
2007-12-01T07:48:00.029Z,,0.019999966893984,,,9.31999967639043,,,,6.19000008786281,0.319999947265656,,1.10000008701677,,20.280000588,,,,5.40999978912439,,68.1999969687125,,70.639999448258,1.01999999679079,,70.7886975545627,15.3700000000001,78.0199966123891,,,,,4.06000000000009,0,,144.000000036,,,0,,75.0999984251086,,-40.0000033838892,0,144.000005287244,,0,,,,0.009999983446992,0.309999963818664,,0,0.009999983446992,,0,,,,0,,0,,0,0,1.02999999088548,0,0,,,,,1.720000116,0,8.00000067677784,,,,14.3000001528,0,144.000000036,,10.2399997433867,,9,419.019989087342,0,,,162.999999987425,,,,,,,,15.5699996649352,78.5800018859255
2007-12-01T07:48:05.040Z,,0.019999966893984,,,9.31999967639043,,,,6.19000008786281,0.309999963818664,,1.10000008701677,,20.280000588,,,,5.40999978912439,,68.1999969687125,,70.639999448258,1.01999999679079,,70.8294873020273,15.3700000000001,78.0199966123891,,,,,4.06000000000009,0,,144.000000036,,,0,,75.0999984251086,,-39.0000015756026,0,120.00000325691,,0,,,,0.009999983446992,0.309999963818664,,0,0.009999983446992,,0,,,,0,,0,,0,0,1.02999999088548,0,0,,,,,1.720000116,0,4.00000033838892,,,,14.3000001528,0,144.000000036,,10.2399997433867,,9,419.019989087342,0,,,162.990005568533,,,,,,,,15.5699996649352,78.5800018859255
2007-12-01T07:48:09.014Z,,0.019999966893984,,,9.31999967639043,,,,6.19000008786281,0.319999947265656,,1.10000008701677,,20.280000588,,,,5.40999978912439,,68.1999969687125,,70.639999448258,1.01999999679079,,70.7275170156971,15.3700000000001,78.0199966123891,,,,,4.06000000000009,0,,144.000000036,,,0,,75.0999984251086,,-40.0000033838892,0,115.999996023764,,0,,,,0.009999983446992,0.309999963818664,,0,0.009999983446992,,0,,,,0,,0,,0,0,1.02999999088548,0,0,,,,,1.720000116,0,5.99999706020473,,,,14.3000001528,0,144.000000036,,10.2399997433867,,9,419.019989087342,0,,,162.999999987425,,,,,,,,15.5699996649352,78.5800018859255
2007-12-01T07:48:14.026Z,,0.019999966893984,,,9.31999967639043,,,,6.19000008786281,0.319999947265656,,1.10000008701677,,20.280000588,,,,5.40999978912439,,68.1999969687125,,70.639999448258,1.01999999679079,,70.8294873020273,15.3700000000001,78.0199966123891,,,,,4.06000000000009,0,,144.000000036,,,0,,75.0899963748267,,-40.9999982974184,0,136.000004610466,,0,,,,0.009999983446992,0.309999963818664,,0,0.009999983446992,,0,,,,0,,0,,0,0,1.02999999088548,0,0,,,,,1.720000116,0,9.00000248506439,,,,14.3000001528,0,144.000000036,,10.2399997433867,,9,419.010009772245,0,,,162.990005568533,,,,,,,,15.5699996649352,78.5800018859255
2007-12-01T07:48:18.000Z,,0.019999966893984,,,9.31999967639043,,,,6.19000008786281,0.319999947265656,,1.10000008701677,,20.280000588,,,,5.40999978912439,,68.1999969687125,,70.639999448258,1.01999999679079,,70.7886975545627,15.3700000000001,78.0199966123891,,,,,4.06000000000009,0,,144.000000036,,,0,,75.0899963748267,,-37.9999997673161,0,139.999998054098,,0,,,,0.009999983446992,0.309999963818664,,0,0.009999983446992,,0,,,,0,,0,,0,0,1.02999999088548,0,0,,,,,1.720000116,0,1.00000180828655,,,,14.3000001528,0,144.000000036,,10.2399997433867,,9,419.010009772245,0,,,162.990005568533,,,,,,,,15.5699996649352,78.5800018859255
2007-12-01T07:48:23.011Z,,0.019999966893984,,,9.31999967639043,,,,6.19000008786281,0.319999947265656,,1.10000008701677,,20.280000588,,,,5.40999978912439,,68.1999969687125,,70.639999448258,1.01999999679079,,70.3094295884588,15.3700000000001,78.0199966123891,,,,,4.06000000000009,0,,144.000000036,,,0,,75.0999984251086,,-36.0000030455003,0,113.999999301948,,0,,,,0.009999983446992,0.309999963818664,,0,0.009999983446992,,0,,,,0,,0,,0,0,1.02999999088548,0,0,,,,,1.720000116,0,-14.9999995452691,,,,14.3000001528,0,144.000000036,,10.2399997433867,,9,419.010009772245,0,,,162.990005568533,,,,,,,,15.5699996649352,78.5800018859255
2007-12-01T07:48:26.986Z,,0.019999966893984,,,9.31999967639043,,,,6.19000008786281,0.309999963818664,,1.10000008701677,,20.2700004048,,,,5.40999978912439,,68.1999969687125,,70.639999448258,1.01999999679079,,73.1544389509865,15.3700000000001,78.0199966123891,,,,,4.06000000000009,0,,144.000000036,,,0,,75.0999984251086,,-37.9999997673161,0,120.00000325691,,0,,,,0.009999983446992,0.309999963818664,,0,0.009999983446992,,0,,,,0,,0,,0,0,1.02999999088548,0,0,,,,,1.720000116,0,-5.99999706020473,,,,14.3000001528,0,144.000000036,,10.2299996009524,,9,419.010009772245,0,,,162.990005568533,,,,,,,,15.5699996649352,78.5800018859255
2007-12-01T07:48:31.997Z,,0.019999966893984,,,9.31999967639043,,,,6.19000008786281,0.299999980371672,,1.10000008701677,,20.2000006464,,,,5.40999978912439,,68.1999969687125,,70.639999448258,1.01999999679079,,71.7574325112098,15.3700000000001,78.0199966123891,,,,,4.06000000000009,0,,144.000000036,,,0,,75.0899963748267,,-39.0000015756026,0,109.00000405003,,0,,,,0.009999983446992,0.309999963818664,,0,0.009999983446992,,0,,,,0,,0,,0,0,1.02999999088548,0,0,,,,,1.720000116,0,-5.99999706020473,,,,14.3000001528,0,144.000000036,,10.2299996009524,,9,418.989990249912,0,,,162.990005568533,,,,,,,,15.5699996649352,78.5800018859255
2007-12-01T07:48:35.971Z,,0.019999966893984,,,9.31999967639043,,,,6.19000008786281,0.299999980371672,,1.10000008701677,,20.0499991176,,,,5.40999978912439,,68.1999969687125,,70.639999448258,1.01999999679079,,71.5228944116387,15.3700000000001,78.0100021934977,,,,,4.06000000000009,0,,144.000000036,,,0,,75.0899963748267,,-37.9999997673161,0,120.00000325691,,0,,,,0.009999983446992,0.309999963818664,,0,0.009999983446992,,0,,,,0,,0,,0,0,1.02999999088548,0,0,,,,,1.720000116,0,-13.9999977369826,,,,14.3000001528,0,144.000000036,,10.2200002534547,,9,418.970001253142,0,,,162.990005568533,,,,,,,,15.5699996649352,78.5800018859255
2007-12-01T07:48:40.982Z,,0.019999966893984,,,9.34000012024632,,,,6.19000008786281,0.299999980371672,,1.10000008701677,,19.9599989928,,,,5.40999978912439,,68.1999969687125,,70.639999448258,1.01999999679079,,71.4311240569326,15.3700000000001,77.9899979339465,,,,,4.06000000000009,0,,144.000000036,,,0,,75.0999984251086,,-39.0000015756026,0,138.999996245811,,0,,,,0.009999983446992,0.309999963818664,,0,0.009999983446992,,0,,,,0,,0,,0,0,1.02999999088548,0,0,,,,,1.720000116,0,17.0000031618422,,,,14.3000001528,0,144.000000036,,10.2200002534547,,9,418.970001253142,0,,,163.009994565303,,,,,,,,15.5699996649352,78.5800018859255
2007-12-01T07:48:45.043Z,,0.019999966893984,,,9.32999997781203,,,,6.19000008786281,0.299999980371672,,1.10000008701677,,19.829999964,,,,5.40999978912439,,68.1999969687125,,70.639999448258,1.01999999679079,,71.5942744285361,15.3700000000001,77.9999999842285,,,,,4.06000000000009,0,,144.000000036,,,0,,75.0999984251086,,-40.9999982974184,0.019999966893984,132.000004272077,,0,,,,0.009999983446992,0.309999963818664,,0,0.009999983446992,,0,,,,0,,0,,0,0,1.02999999088548,0.019999966893984,0,,,,,1.720000116,0,-9.00000248506439,,,,14.3000001528,0,144.000000036,,10.2200002534547,,9,418.970001253142,0,,,163.009994565303,,,,,,,,15.5699996649352,78.5800018859255
2007-12-01T07:48:49.968Z,,0.019999966893984,,,9.31999967639043,,,,6.19000008786281,0.299999980371672,,1.10000008701677,,19.680000264,,,,5.40999978912439,,68.1999969687125,,70.639999448258,1.01999999679079,,71.4413153703018,15.3700000000001,78.0199966123891,,,,,4.06000000000009,0,,144.000000036,,,0,,75.0999984251086,,-40.9999982974184,0.009999983446992,121.999999978726,,0,,,,0.009999983446992,0.309999963818664,,0,0.009999983446992,,0,,,,0,,0,,0,0,1.02999999088548,0.009999983446992,0,,,,,1.720000116,0,20.0000016919446,,,,14.3000001528,0,144.000000036,,10.2399997433867,,9,418.989990249912,0,,,162.999999987425,,,,,,,,15.5699996649352,78.5800018859255
2007-12-01T07:48:54.029Z,,0.019999966893984,,,9.31999967639043,,,,6.19000008786281,0.299999980371672,,1.10000008701677,,19.5599995896,,,,5.40999978912439,,68.1999969687125,,70.639999448258,1.01999999679079,,71.2067849818009,15.3700000000001,78.0199966123891,,,,,4.06000000000009,0,,144.000000036,,,0,,75.0999984251086,,-36.9999979590295,0,152.999993982794,,0,,,,0.009999983446992,0.309999963818664,,0,0.009999983446992,,0,,,,0,,0,,0,0,1.02999999088548,0,0,,,,,1.720000116,0,2.99999853010237,,,,14.3000001528,0,144.000000036,,10.2600001872426,,9,419.019989087342,0,,,162.999999987425,,,,,,,,15.5699996649352,78.5800018859255
2007-12-01T07:48:59.040Z,,0.019999966893984,,,9.31999967639043,,,,6.19000008786281,0.299999980371672,,1.10000008701677,,19.3500003144,,,,5.40999978912439,,68.1999969687125,,70.639999448258,1.01999999679079,,71.9715721083097,15.3700000000001,78.0199966123891,,,,,4.06000000000009,0,,144.000000036,,,0,,75.0999984251086,,-40.9999982974184,0,105.999991730413,,0,,,,0.009999983446992,0.309999963818664,,0,0.009999983446992,,0,,,,0,,0,,0,0,1.02999999088548,0,0,,,,,1.720000116,0,13.9999977369826,,,,14.3000001528,0,144.000000036,,10.2600001872426,,9,419.010009772245,0,,,162.990005568533,,,,,,,,15.5699996649352,78.5800018859255
2007-12-01T07:49:03.014Z,,0.019999966893984,,,9.31999967639043,,,,6.19000008786281,0.299999980371672,,1.10000008701677,,19.2600001896,,,,5.40999978912439,,68.1999969687125,,70.639999448258,1.01999999679079,,71.2781649986983,15.3700000000001,78.0199966123891,,,,,4.06000000000009,0,,144.000000036,,,0,,75.0899963748267,,-36.0000030455003,0,112.000002580132,,0,,,,0.009999983446992,0.309999963818664,,0,0.009999983446992,,0,,,,0,,0,,0,0,1.02999999088548,0,0,,,,,1.720000116,0,10.9999992068802,,,,14.3000001528,0,144.000000036,,10.2500000448083,,9,419.019989087342,0,,,162.999999987425,,,,,,,,15.5699996649352,78.5800018859255
2007-12-01T07:49:08.026Z,,0.019999966893984,,,9.31999967639043,,,,6.19000008786281,0.299999980371672,,1.10000008701677,,19.1700000648,,,,5.40999978912439,,68.1999969687125,,70.639999448258,1.01999999679079,,71.7574325112098,15.3700000000001,78.0199966123891,,,,,4.06000000000009,0,,144.000000036,,,0,,75.0899963748267,,-36.9999979590295,0,123.000001787013,,0,,,,0.009999983446992,0.309999963818664,,0,0.009999983446992,,0,,,,0,,0,,0,0,1.02999999088548,0,0,,,,,1.720000116,0,-10.9999992068802,,,,14.3000001528,0,144.000000036,,10.2500000448083,,9,419.010009772245,0,,,162.990005568533,,,,,,,,15.5699996649352,78.5800018859255
2007-12-01T07:49:12.000Z,,0.019999966893984,,,9.34000012024632,,,,6.19000008786281,0.299999980371672,,1.10000008701677,,18.979999632,,,,5.40999978912439,,68.1999969687125,,70.639999448258,1.01999999679079,,71.1252059404641,15.3700000000001,78.0199966123891,,,,,4.06000000000009,0,,144.000000036,,,0,,75.0999984251086,,-40.0000033838892,0.009999983446992,128.999998847217,,0,,,,0.009999983446992,0.309999963818664,,0,0.009999983446992,,0,,,,0,,0,,0,0,1.02999999088548,0.009999983446992,0,,,,,1.720000116,0,16.0000013535557,,,,14.3000001528,0,144.000000036,,10.2500000448083,,9,419.029998769015,0,,,163.020004246976,,,,,,,,15.5699996649352,78.5999985140861
2007-12-01T07:49:17.011Z,,0.019999966893984,,,9.34000012024632,,,,6.19000008786281,0.299999980371672,,1.10000008701677,,18.7999993824,,,,5.42000009054599,,68.1999969687125,,70.639999448258,1.01999999679079,,71.7472334867704,15.3700000000001,78.0199966123891,,,,,4.06000000000009,0,,144.000000036,,,0,,75.0999984251086,,-40.9999982974184,0.039999933787968,128.999998847217,,0,,,,0.009999983446992,0.309999963818664,,0,0.009999983446992,,0,,,,0,,0,,0,0,1.02999999088548,0.039999933787968,0,,,,,1.720000116,0,4.00000033838892,,,,14.3000001528,0,144.000000036,,10.2500000448083,,9,419.059997606445,0,,,163.039993243746,,,,,,,,15.5699996649352,78.610000564368
2007-12-01T07:49:20.986Z,,0.019999966893984,,,9.34000012024632,,,,6.19000008786281,0.299999980371672,,1.10000008701677,,18.7099989528,,,,5.42000009054599,,68.1999969687125,,70.639999448258,1.01999999679079,,71.3291460595321,15.3700000000001,78.0199966123891,,,,,4.06000000000009,0,,144.000000036,,,0,,75.1100006343779,,-39.0000015756026,0.050000076222264,146.00000200906,,0,,,,0.009999983446992,0.309999963818664,,0,0.009999983446992,,0,,,,0,,0,,0,0,1.02999999088548,0.050000076222264,0,,,,,1.720000116,0,-20.9999966054739,,,,14.3000001528,0,144.000000036,,10.2600001872426,,9,419.079986603215,0,,,163.050003084406,,,,,,,,15.5699996649352,78.610000564368
2007-12-01T07:49:25.997Z,,0.019999966893984,,,9.34000012024632,,,,6.19000008786281,0.299999980371672,,1.10000008701677,,18.6200009616,,,,5.40999978912439,,68.1999969687125,,70.639999448258,1.01999999679079,,70.8906678408929,15.3700000000001,78.0199966123891,,,,,4.06000000000009,0,,144.000000036,,,0,,75.1100006343779,,-40.0000033838892,0.060000059669256,140.999999862384,,0,,,,0.009999983446992,0.309999963818664,,0,0.009999983446992,,0,,,,0,,0,,0,0,1.02999999088548,0.060000059669256,0,,,,,1.720000116,0,-5.00000214667547,,,,14.3000001528,0,144.000000036,,10.2600001872426,,9,419.089996284887,0,,,163.059997503297,,,,,,,,15.5699996649352,78.610000564368
2007-12-01T07:49:29.971Z,,0.009999983446992,,,9.34000012024632,,,,6.19000008786281,0.299999980371672,,1.10000008701677,,18.6200009616,,,,5.40999978912439,,68.1999969687125,,70.639999448258,1.01999999679079,,70.9722468822298,15.3700000000001,78.0199966123891,,,,,4.06000000000009,0,,144.000000036,,,0,,75.0999984251086,,-39.0000015756026,0.060000059669256,138.999996245811,,0,,,,0.009999983446992,0.309999963818664,,0,0.009999983446992,,0,,,,0,,0,,0,0,1.02999999088548,0.060000059669256,0,,,,,1.720000116,0,5.00000214667547,,,,14.3000001528,0,144.000000036,,10.2600001872426,,9,419.070007288117,0,,,163.039993243746,,,,,,,,15.5699996649352,78.5999985140861
2007-12-01T07:49:34.982Z,,0.019999966893984,,,9.34000012024632,,,,6.19000008786281,0.299999980371672,,1.09000010356978,,18.6200009616,,,,5.40999978912439,,68.1999969687125,,70.639999448258,1.01999999679079,,70.8804760739314,15.3700000000001,78.0199966123891,,,,,4.06000000000009,0,,144.000000036,,,0,,75.1100006343779,,-39.0000015756026,0.039999933787968,136.999999523995,,0,,,,0.009999983446992,0.309999963818664,,0,0.009999983446992,,0,,,,0,,0,,0,0,1.02999999088548,0.039999933787968,0,,,,,1.720000116,0,-25.9999987521493,,,,14.3000001528,0,144.000000036,,10.2600001872426,,9,419.059997606445,0,,,163.029998824854,,,,,,,,15.5699996649352,78.5800018859255
2007-12-01T07:49:39.043Z,,0.019999966893984,,,9.34000012024632,,,,6.19000008786281,0.299999980371672,,1.06999997768849,,18.6200009616,,,,5.40999978912439,,68.1999969687125,,70.639999448258,1.01999999679079,,70.8396867800591,15.3700000000001,78.0199966123891,,,,,4.06000000000009,0,,144.000000036,,,0,,75.1100006343779,,-40.9999982974184,0.039999933787968,142.9999965842,,0,,,,0.009999983446992,0.309999963818664,,0,0.009999983446992,,0,,,,0,,0,,0,0,1.02999999088548,0.039999933787968,0,,,,,1.720000116,0,-9.00000248506439,,,,14.3000001528,0,144.000000036,,10.2500000448083,,9,419.040008609675,0,,,163.029998824854,,,,,,,,15.5699996649352,78.5800018859255
2007-12-01T07:49:43.968Z,,0.019999966893984,,,9.34000012024632,,,,6.19000008786281,0.309999963818664,,1.06999997768849,,18.6200009616,,,,5.40999978912439,,68.1999969687125,,70.639999448258,1.01999999679079,,70.8090965106263,15.3700000000001,78.0199966123891,,,,,4.06000000000009,0,,144.000000036,,,0,,75.1100006343779,,-40.9999982974184,0.029999950340976,132.000004272077,,0,,,,0.009999983446992,0.309999963818664,,0,0.009999983446992,,0,,,,0,,0,,0,0,1.02999999088548,0.029999950340976,0,,,,,1.720000116,0,-2.99999853010237,,,,14.3000001528,0,144.000000036,,10.2500000448083,,9,419.019989087342,0,,,163.029998824854,,,,,,,,15.5699996649352,78.5800018859255
2007-12-01T07:49:48.029Z,,0.019999966893984,,,9.34000012024632,,,,6.19000008786281,0.319999947265656,,1.06999997768849,,18.6200009616,,,,5.40999978912439,,68.1999969687125,,70.639999448258,1.01999999679079,,70.9110663433642,15.3700000000001,78.0199966123891,,,,,4.06000000000009,0,,144.000000036,,,0,,75.1100006343779,,-39.0000015756026,0.039999933787968,126.000000317115,,0,,,,0.009999983446992,0.309999963818664,,0,0.009999983446992,,0,,,,0,,0,,0,0,1.02999999088548,0.039999933787968,0,,,,,1.720000116,0,-8.00000067677784,,,,14.3000001528,0,144.000000036,,10.2399997433867,,9,419.029998769015,0,,,163.029998824854,,,,,,,,15.5699996649352,78.5800018859255
2007-12-01T07:49:53.040Z,,0.019999966893984,,,9.34000012024632,,,,6.19000008786281,0.319999947265656,,1.06999997768849,,18.6200009616,,,,5.40999978912439,,68.1999969687125,,70.639999448258,1.01999999679079,,70.8396867800591,15.3700000000001,78.0199966123891,,,,,4.06000000000009,0,,144.000000036,,,0,,75.1100006343779,,-40.9999982974184,0.029999950340976,136.000004610466,,0,,,,0.009999983446992,0.309999963818664,,0,0.009999983446992,,0,,,,0,,0,,0,0,1.02999999088548,0.029999950340976,0,,,,,1.720000116,0,-9.99999739859365,,,,14.3000001528,0,144.000000036,,10.2399997433867,,9,419.019989087342,0,,,163.029998824854,,,,,,,,15.5699996649352,78.5800018859255
2007-12-01T07:49:57.014Z,,0.019999966893984,,,9.34000012024632,,,,6.19000008786281,0.319999947265656,,1.06999997768849,,18.6200009616,,,,5.40999978912439,,68.1999969687125,,70.639999448258,1.01999999679079,,70.8906678408929,15.3700000000001,78.0199966123891,,,,,4.06000000000009,0,,144.000000036,,,0,,75.1100006343779,,-39.0000015756026,0.039999933787968,112.999997493662,,0,,,,0.009999983446992,0.309999963818664,,0,0.009999983446992,,0,,,,0,,0,,0,0,1.02999999088548,0.039999933787968,0,,,,,1.720000116,0,-9.99999739859365,,,,14.3000001528,0,144.000000036,,10.2399997433867,,9,419.029998769015,0,,,163.029998824854,,,,,,,,15.5699996649352,78.5800018859255
2007-12-01T07:50:02.026Z,,0.019999966893984,,,9.34000012024632,,,,6.19000008786281,0.319999947265656,,1.06999997768849,,18.6200009616,,,,5.40999978912439,,68.1999969687125,,70.639999448258,1.01999999679079,,70.8906678408929,15.3700000000001,78.0199966123891,,,,,4.06000000000009,0,,144.000000036,,,0,,75.1100006343779,,-40.9999982974184,0.029999950340976,121.000005065197,,0,,,,0.009999983446992,0.309999963818664,,0,0.009999983446992,,0,,,,0,,0,,0,0,1.02999999088548,0.029999950340976,0,,,,,1.720000116,0,0,,,,14.3000001528,0,144.000000036,,10.2399997433867,,9,419.019989087342,0,,,163.029998824854,,,,,,,,15.5699996649352,78.5800018859255
2007-12-01T07:50:06.000Z,,0.019999966893984,,,9.34000012024632,,,,6.19000008786281,0.319999947265656,,1.06999997768849,,18.6200009616,,,,5.40999978912439,,68.1999969687125,,70.639999448258,1.01999999679079,,70.9722468822298,15.3700000000001,78.0199966123891,,,,,4.06000000000009,0,,144.000000036,,,0,,75.1100006343779,,-39.0000015756026,0.029999950340976,126.999995230644,,0,,,,0.009999983446992,0.309999963818664,,0,0.009999983446992,,0,,,,0,,0,,0,0,1.02999999088548,0.029999950340976,0,,,,,1.720000116,0,1.99999672181581,,,,14.3000001528,0,144.000000036,,10.2399997433867,,9,419.019989087342,0,,,163.029998824854,,,,,,,,15.5699996649352,78.5899963048168
2007-12-01T07:50:11.011Z,,0.019999966893984,,,9.34000012024632,,,,6.19000008786281,0.319999947265656,,1.0599999942415,,18.6200009616,,,,5.40999978912439,,68.1999969687125,,70.639999448258,1.01999999679079,,70.9314571347651,15.3700000000001,78.0199966123891,,,,,4.06000000000009,0,,144.000000036,,,0,,75.1100006343779,,-40.9999982974184,0.060000059669256,124.000003595299,,0,,,,0.009999983446992,0.309999963818664,,0,0.009999983446992,,0,,,,0,,0,,0,0,1.02999999088548,0.060000059669256,0,,,,,1.720000116,0,-18.999999883658,,,,14.3000001528,0,144.000000036,,10.2399997433867,,9,419.040008609675,0,,,163.050003084406,,,,,,,,15.5699996649352,78.610000564368
2007-12-01T07:50:14.986Z,,0.019999966893984,,,9.32999997781203,,,,6.19000008786281,0.319999947265656,,1.08000012012278,,18.6200009616,,,,5.40999978912439,,68.1999969687125,,70.639999448258,1.01999999679079,,70.9314571347651,15.3700000000001,78.0199966123891,,,,,4.06000000000009,0,,144.000000036,,,0,,75.1100006343779,,-39.0000015756026,0.060000059669256,126.000000317115,,0,,,,0.009999983446992,0.309999963818664,,0,0.009999983446992,,0,,,,0,,0,,0,0,1.02999999088548,0.060000059669256,0,,,,,1.720000116,0,-18.999999883658,,,,14.3000001528,0,144.000000036,,10.2399997433867,,9,419.059997606445,0,,,163.059997503297,,,,,,,,15.5699996649352,78.610000564368
2007-12-01T07:50:19.997Z,,0.019999966893984,,,9.31999967639043,,,,6.19000008786281,0.319999947265656,,1.10000008701677,,18.6200009616,,,,5.40999978912439,,68.1900023908339,,70.639999448258,1.01999999679079,,70.7886975545627,15.3700000000001,78.0199966123891,,,,,4.06000000000009,0,,144.000000036,,,0,,75.1100006343779,,-40.9999982974184,0.050000076222264,133.000006080364,,0,,,,0.009999983446992,0.309999963818664,,0,0.009999983446992,,0,,,,0,,0,,0,0,1.02999999088548,0.050000076222264,0,,,,,1.720000116,0,9.00000248506439,,,,14.3000001528,0,144.000000036,,10.2500000448083,,9,419.049987765785,0,,,163.020004246976,,,,,,,,15.5699996649352,78.5800018859255
2007-12-01T07:50:23.971Z,,0.019999966893984,,,9.31999967639043,,,,6.19000008786281,0.319999947265656,,1.10000008701677,,18.6200009616,,,,5.40999978912439,,68.1800003405519,,70.639999448258,1.01999999679079,,70.8600775714601,15.3700000000001,78.0199966123891,,,,,4.06000000000009,0,,144.000000036,,,0,,75.1100006343779,,-40.9999982974184,0.019999966893984,128.999998847217,,0,,,,0.009999983446992,0.309999963818664,,0,0.009999983446992,,0,,,,0,,0,,0,0,1.02999999088548,0.019999966893984,0,,,,,1.720000116,0,6.99999886849128,,,,14.3000001528,0,144.000000036,,10.2500000448083,,9,419.019989087342,0,,,163.009994565303,,,,,,,,15.5699996649352,78.5800018859255
2007-12-01T07:50:28.982Z,,0.019999966893984,,,9.31999967639043,,,,6.19000008786281,0.319999947265656,,1.10000008701677,,18.6200009616,,,,5.40999978912439,,68.1800003405519,,70.639999448258,1.01999999679079,,70.9110663433642,15.3700000000001,78.0199966123891,,,,,4.06000000000009,0,,144.000000036,,,0,,75.1100006343779,,-39.0000015756026,0.019999966893984,145.00000709553,,0,,,,0.009999983446992,0.309999963818664,,0,0.009999983446992,,0,,,,0,,0,,0,0,1.02999999088548,0.019999966893984,0,,,,,1.720000116,0,4.00000033838892,,,,14.3000001528,0,144.000000036,,10.2500000448083,,9,419.029998769015,0,,,163.009994565303,,,,,,,,15.5699996649352,78.5800018859255
2007-12-01T07:50:33.043Z,,0.019999966893984,,,9.31999967639043,,,,6.19000008786281,0.309999963818664,,1.10000008701677,,18.6200009616,,,,5.40999978912439,,68.1900023908339,,70.639999448258,1.01999999679079,,70.9110663433642,15.3700000000001,78.0199966123891,,,,,4.06000000000009,0,,144.000000036,,,0,,75.1100006343779,,-40.9999982974184,0.019999966893984,121.000005065197,,0,,,,0.009999983446992,0.309999963818664,,0,0.009999983446992,,0,,,,0,,0,,0,0,1.02999999088548,0.019999966893984,0,,,,,1.720000116,0,-2.99999853010237,,,,14.3000001528,0,144.000000036,,10.2399997433867,,9,419.019989087342,0,,,163.009994565303,,,,,,,,15.5699996649352,78.5800018859255
2007-12-01T07:50:37.968Z,,0.019999966893984,,,9.31999967639043,,,,6.19000008786281,0.309999963818664,,1.10000008701677,,18.6200009616,,,,5.40999978912439,,68.1900023908339,,70.639999448258,1.01999999679079,,70.992645384701,15.3700000000001,78.0199966123891,,,,,4.06000000000009,0,,144.000000036,,,0,,75.0999984251086,,-42.000000105705,0.009999983446992,103.999995008597,,0,,,,0.009999983446992,0.309999963818664,,0,0.009999983446992,,0,,,,0,,0,,0,0,1.02999999088548,0.009999983446992,0,,,,,1.720000116,0,-9.99999739859365,,,,14.3000001528,0,144.000000036,,10.2399997433867,,9,419.019989087342,0,,,162.999999987425,,,,,,,,15.5699996649352,78.5800018859255
2007-12-01T07:50:47.040Z,,0.019999966893984,,,9.31999967639043,,,,6.19000008786281,0.309999963818664,,1.09000010356978,,18.6200009616,,,,5.40999978912439,,68.1800003405519,,70.639999448258,1.01999999679079,,70.8906678408929,15.3700000000001,78.0199966123891,,,,,4.06000000000009,0,,144.000000036,,,0,,75.1100006343779,,-42.000000105705,0.009999983446992,101.999998286781,,0,,,,0.009999983446992,0.309999963818664,,0,0.009999983446992,,0,,,,0,,0,,0,0,1.02999999088548,0.009999983446992,0,,,,,1.720000116,0,-14.9999995452691,,,,14.3000001528,0,144.000000036,,10.2299996009524,,9,418.999999931585,0,,,163.009994565303,,,,,,,,15.5699996649352,78.5800018859255
2007-12-01T07:50:51.014Z,,0.019999966893984,,,9.31999967639043,,,,6.19000008786281,0.309999963818664,,1.10000008701677,,18.6200009616,,,,5.40999978912439,,68.1800003405519,,70.639999448258,1.01999999679079,,70.7581072851299,15.3700000000001,78.0199966123891,,,,,4.06000000000009,0,,144.000000036,,,0,,75.1100006343779,,-39.0000015756026,0.009999983446992,121.999999978726,,0,,,,0.009999983446992,0.309999963818664,,0,0.009999983446992,,0,,,,0,,0,,0,0,1.02999999088548,0.009999983446992,0,,,,,1.720000116,0,-29.9999990905382,,,,14.3000001528,0,144.000000036,,10.2299996009524,,9,418.999999931585,0,,,163.009994565303,,,,,,,,15.5699996649352,78.5800018859255
2007-12-01T07:50:56.026Z,,0.019999966893984,,,9.32999997781203,,,,6.19000008786281,0.309999963818664,,1.10000008701677,,18.6200009616,,,,5.42000009054599,,68.1999969687125,,70.639999448258,1.01999999679079,,70.8090965106263,15.3700000000001,78.0199966123891,,,,,4.06000000000009,0,,144.000000036,,,0,,75.1100006343779,,-40.9999982974184,0.019999966893984,124.999998508828,,0,,,,0.009999983446992,0.309999963818664,,0,0.009999983446992,,0,,,,0,,0,,0,0,1.02999999088548,0.019999966893984,0,,,,,1.720000116,0,-16.0000013535557,,,,14.3000001528,0,144.000000036,,10.2299996009524,,9,419.040008609675,0,,,163.020004246976,,,,,,,,15.5699996649352,78.5800018859255
2007-12-01T07:51:00.000Z,,0.019999966893984,,,9.34000012024632,,,,6.19000008786281,0.319999947265656,,1.10000008701677,,18.6200009616,,,,5.42000009054599,,68.1999969687125,,70.639999448258,1.01999999679079,,70.9110663433642,15.3700000000001,78.0199966123891,,,,,4.06000000000009,0,,144.000000036,,,0,,75.1100006343779,,-40.0000033838892,0.029999950340976,114.999994215477,,0,,,,0.009999983446992,0.309999963818664,,0,0.009999983446992,,0,,,,0,,0,,0,0,1.02999999088548,0.029999950340976,0,,,,,1.720000116,0,-1.00000180828655,,,,14.3000001528,0,144.000000036,,10.2299996009524,,9,419.049987765785,0,,,163.029998824854,,,,,,,,15.5699996649352,78.5800018859255
2007-12-01T07:51:05.011Z,,0.019999966893984,,,9.34000012024632,,,,6.19000008786281,0.319999947265656,,1.10000008701677,,18.6200009616,,,,5.42000009054599,,68.1999969687125,,70.639999448258,1.01999999679079,,70.7275170156971,15.3700000000001,78.0199966123891,,,,,4.06000000000009,0,,144.000000036,,,0,,75.1100006343779,,-39.0000015756026,0.039999933787968,124.000003595299,,0,,,,0.009999983446992,0.309999963818664,,0,0.009999983446992,,0,,,,0,,0,,0,0,1.02999999088548,0.039999933787968,0,,,,,1.720000116,0,1.99999672181581,,,,14.3000001528,0,144.000000036,,10.2399997433867,,9,419.059997606445,0,,,163.029998824854,,,,,,,,15.5699996649352,78.5800018859255
2007-12-01T07:51:13.997Z,,0.019999966893984,,,9.34000012024632,,,,6.19000008786281,0.309999963818664,,1.10000008701677,,18.6200009616,,,,5.42000009054599,,68.1999969687125,,70.639999448258,1.01999999679079,,70.7886975545627,15.3700000000001,78.0199966123891,,,,,4.06000000000009,0,,144.000000036,,,0,,75.1100006343779,,-39.0000015756026,0.029999950340976,113.999999301948,,0,,,,0.009999983446992,0.309999963818664,,0,0.009999983446992,,0,,,,0,,0,,0,0,1.02999999088548,0.029999950340976,0,,,,,1.720000116,0,-23.000000222047,,,,14.3000001528,0,144.000000036,,10.2399997433867,,9,419.049987765785,0,,,163.020004246976,,,,,,,,15.5699996649352,78.5800018859255
2007-12-01T07:51:17.971Z,,0.009999983446992,,,9.34000012024632,,,,6.19000008786281,0.299999980371672,,1.10000008701677,,18.6200009616,,,,5.40999978912439,,68.1999969687125,,70.639999448258,1.01999999679079,,70.7071185132258,15.3700000000001,78.0199966123891,,,,,4.06000000000009,0,,144.000000036,,,0,,75.1100006343779,,-36.0000030455003,0.029999950340976,113.999999301948,,0,,,,0.009999983446992,0.309999963818664,,0,0.009999983446992,,0,,,,0,,0,,0,0,1.02999999088548,0.029999950340976,0,,,,,1.720000116,0,-1.99999672181581,,,,14.3000001528,0,144.000000036,,10.2399997433867,,9,419.029998769015,0,,,163.020004246976,,,,,,,,15.5699996649352,78.5800018859255
2007-12-01T07:51:22.982Z,,0.019999966893984,,,9.34000012024632,,,,6.19000008786281,0.299999980371672,,1.10000008701677,,18.6200009616,,,,5.40999978912439,,68.1999969687125,,70.639999448258,1.01999999679079,,70.9314571347651,15.3700000000001,78.0199966123891,,,,,4.06000000000009,0,,144.000000036,,,0,,75.1100006343779,,-39.0000015756026,0.029999950340976,128.999998847217,,0,,,,0.009999983446992,0.309999963818664,,0,0.009999983446992,,0,,,,0,,0,,0,0,1.02999999088548,0.029999950340976,0,,,,,1.720000116,0,14.9999995452691,,,,14.3000001528,0,144.000000036,,10.2399997433867,,9,419.040008609675,0,,,163.029998824854,,,,,,,,15.5699996649352,78.5800018859255
2007-12-01T07:51:27.043Z,,0.019999966893984,,,9.34000012024632,,,,6.19000008786281,0.299999980371672,,1.09000010356978,,18.6200009616,,,,5.40999978912439,,68.1999969687125,,70.639999448258,1.01999999679079,,70.9110663433642,15.3700000000001,78.0199966123891,,,,,4.06000000000009,0,,144.000000036,,,0,,75.0999984251086,,-40.9999982974184,0.029999950340976,126.999995230644,,0,,,,0.009999983446992,0.309999963818664,,0,0.009999983446992,,0,,,,0,,0,,0,0,1.02999999088548,0.029999950340976,0,,,,,1.720000116,0,1.99999672181581,,,,14.3000001528,0,144.000000036,,10.2399997433867,,9,419.019989087342,0,,,163.020004246976,,,,,,,,15.5699996649352,78.5800018859255
2007-12-01T07:51:31.968Z,,0.019999966893984,,,9.35999961017839,,,,6.19000008786281,0.299999980371672,,1.10000008701677,,18.6200009616,,,,5.40999978912439,,68.1999969687125,,70.639999448258,1.01999999679079,,70.8804760739314,15.3700000000001,78.0199966123891,,,,,4.06000000000009,0,,144.000000036,,,0,,75.0899963748267,,-40.0000033838892,0.029999950340976,128.999998847217,,0,,,,0.009999983446992,0.309999963818664,,0,0.009999983446992,,0,,,,0,,0,,0,0,1.02999999088548,0.029999950340976,0,,,,,1.720000116,0,-27.0000005604359,,,,14.3000001528,0,144.000000036,,10.2399997433867,,9,419.040008609675,0,,,163.039993243746,,,,,,,,15.5699996649352,78.5800018859255
2007-12-01T07:51:41.040Z,,0.019999966893984,,,9.35999961017839,,,,6.19000008786281,0.299999980371672,,1.10000008701677,,18.6200009616,,,,5.40999978912439,,68.1999969687125,,70.639999448258,1.01999999679079,,70.656137452392,15.3700000000001,78.0199966123891,,,,,4.06000000000009,0,,144.000000036,,,0,,75.0999984251086,,-39.0000015756026,0.050000076222264,152.999993982794,,0,,,,0.009999983446992,0.309999963818664,,0,0.009999983446992,,0,,,,0,,0,,0,0,1.02999999088548,0.050000076222264,0,,,,,1.720000116,0,8.00000067677784,,,,14.3000001528,0,144.000000036,,10.2500000448083,,9,419.059997606445,0,,,163.039993243746,,,,,,,,15.5699996649352,78.5800018859255
2007-12-01T07:51:45.014Z,,0.019999966893984,,,9.35999961017839,,,,6.19000008786281,0.299999980371672,,1.10000008701677,,18.6200009616,,,,5.40999978912439,,68.1999969687125,,70.639999448258,1.01999999679079,,70.8090965106263,15.3700000000001,78.0199966123891,,,,,4.06000000000009,0,,144.000000036,,,0,,75.0999984251086,,-40.9999982974184,0.039999933787968,126.000000317115,,0,,,,0.009999983446992,0.309999963818664,,0,0.009999983446992,,0,,,,0,,0,,0,0,1.02999999088548,0.039999933787968,0,,,,,1.720000116,0,-13.0000028234533,,,,14.3000001528,0,144.000000036,,10.2600001872426,,9,419.059997606445,0,,,163.039993243746,,,,,,,,15.5699996649352,78.5800018859255
2007-12-01T07:51:50.026Z,,0.019999966893984,,,9.34000012024632,,,,6.19000008786281,0.299999980371672,,1.10000008701677,,18.6200009616,,,,5.40999978912439,,68.1999969687125,,70.639999448258,1.01999999679079,,70.8804760739314,15.3700000000001,78.0199966123891,,,,,4.06000000000009,0,,144.000000036,,,0,,75.0899963748267,,-40.9999982974184,0.039999933787968,140.999999862384,,0,,,,0.009999983446992,0.309999963818664,,0,0.009999983446992,,0,,,,0,,0,,0,0,1.02999999088548,0.039999933787968,0,,,,,1.720000116,0,-28.9999972822517,,,,14.3000001528,0,144.000000036,,10.2600001872426,,9,419.040008609675,0,,,163.020004246976,,,,,,,,15.5699996649352,78.5800018859255
2007-12-01T07:51:54.000Z,,0.019999966893984,,,9.34000012024632,,,,6.19000008786281,0.299999980371672,,1.09000010356978,,18.6200009616,,,,5.40999978912439,,68.1999969687125,,70.639999448258,1.01999999679079,,70.8294873020273,15.3700000000001,78.0199966123891,,,,,4.06000000000009,0,,144.000000036,,,0,,75.0899963748267,,-40.0000033838892,0.019999966893984,145.00000709553,,0,,,,0.009999983446992,0.309999963818664,,0,0.009999983446992,,0,,,,0,,0,,0,0,1.02999999088548,0.019999966893984,0,,,,,1.720000116,0,-5.99999706020473,,,,14.3000001528,0,144.000000036,,10.2600001872426,,9,419.029998769015,0,,,163.009994565303,,,,,,,,15.5699996649352,78.5800018859255
2007-12-01T07:51:59.011Z,,0.019999966893984,,,9.34000012024632,,,,6.19000008786281,0.299999980371672,,1.10000008701677,,18.6200009616,,,,5.40999978912439,,68.1999969687125,,70.639999448258,1.01999999679079,,70.7479082606904,15.3700000000001,78.0199966123891,,,,,4.06000000000009,0,,144.000000036,,,0,,75.0899963748267,,-40.9999982974184,0.019999966893984,128.999998847217,,0,,,,0.009999983446992,0.309999963818664,,0,0.009999983446992,,0,,,,0,,0,,0,0,1.02999999088548,0.019999966893984,0,,,,,1.720000116,0,-14.9999995452691,,,,14.3000001528,0,144.000000036,,10.2500000448083,,9,419.029998769015,0,,,163.009994565303,,,,,,,,15.5699996649352,78.5800018859255
2007-12-01T07:52:02.986Z,,0.009999983446992,,,9.34000012024632,,,,6.19000008786281,0.299999980371672,,1.10000008701677,,18.6200009616,,,,5.40999978912439,,68.1999969687125,,70.639999448258,1.01999999679079,,70.7785062411935,15.3700000000001,78.0199966123891,,,,,4.06000000000009,0,,144.000000036,,,0,,75.0899963748267,,-39.0000015756026,0.019999966893984,117.99999274558,,0,,,,0.009999983446992,0.309999963818664,,0,0.009999983446992,,0,,,,0,,0,,0,0,1.02999999088548,0.019999966893984,0,,,,,1.720000116,0,-6.99999886849128,,,,14.3000001528,0,144.000000036,,10.2399997433867,,9,419.019989087342,0,,,163.009994565303,,,,,,,,15.5699996649352,78.5800018859255
2007-12-01T07:52:07.997Z,,0.019999966893984,,,9.35000042166792,,,,6.19000008786281,0.299999980371672,,1.10000008701677,,18.6200009616,,,,5.40999978912439,,68.1999969687125,,70.639999448258,1.01999999679079,,70.8396867800591,15.3700000000001,78.0199966123891,,,,,4.06000000000009,0,,144.000000036,,,0,,75.0999984251086,,-36.0000030455003,0.019999966893984,136.999999523995,,0,,,,0.009999983446992,0.309999963818664,,0,0.009999983446992,,0,,,,0,,0,,0,0,1.02999999088548,0.019999966893984,0,,,,,1.720000116,0,-16.0000013535557,,,,14.3000001528,0,144.000000036,,10.2399997433867,,9,419.019989087342,0,,,163.020004246976,,,,,,,,15.5699996649352,78.5800018859255
2007-12-01T07:52:11.971Z,,0.019999966893984,,,9.35999961017839,,,,6.19000008786281,0.299999980371672,,1.10000008701677,,18.6200009616,,,,5.40999978912439,,68.1999969687125,,70.639999448258,1.01999999679079,,70.8906678408929,15.3700000000001,78.0199966123891,,,,,4.06000000000009,0,,144.000000036,,,0,,75.0999984251086,,-40.0000033838892,0.029999950340976,135.000002802179,,0,,,,0.009999983446992,0.309999963818664,,0,0.009999983446992,,0,,,,0,,0,,0,0,1.02999999088548,0.029999950340976,0,,,,,1.720000116,0,9.99999739859365,,,,14.3000001528,0,144.000000036,,10.2399997433867,,9,419.040008609675,0,,,163.039993243746,,,,,,,,15.5699996649352,78.5800018859255
2007-12-01T07:52:16.982Z,,0.019999966893984,,,9.35999961017839,,,,6.19000008786281,0.299999980371672,,1.10000008701677,,18.6200009616,,,,5.40999978912439,,68.1999969687125,,70.639999448258,1.01999999679079,,70.7785062411935,15.3700000000001,78.0199966123891,,,,,4.06000000000009,0,,144.000000036,,,0,,75.1100006343779,,-40.0000033838892,0.039999933787968,133.000006080364,,0,,,,0.009999983446992,0.309999963818664,,0,0.009999983446992,,0,,,,0,,0,,0,0,1.02999999088548,0.039999933787968,0,,,,,1.720000116,0,1.99999672181581,,,,14.3000001528,0,144.000000036,,10.2500000448083,,9,419.040008609675,0,,,163.039993243746,,,,,,,,15.5699996649352,78.5800018859255
2007-12-01T07:52:21.043Z,,0.019999966893984,,,9.35999961017839,,,,6.19000008786281,0.299999980371672,,1.10000008701677,,18.6200009616,,,,5.40999978912439,,68.1999969687125,,70.639999448258,1.01999999679079,,70.7886975545627,15.3700000000001,78.0199966123891,,,,,4.06000000000009,0,,144.000000036,,,0,,75.1100006343779,,-40.9999982974184,0.050000076222264,136.000004610466,,0,,,,0.009999983446992,0.309999963818664,,0,0.009999983446992,,0,,,,0,,0,,0,0,1.02999999088548,0.050000076222264,0,,,,,1.720000116,0,-33.9999994289272,,,,14.3000001528,0,144.000000036,,10.2500000448083,,9,419.059997606445,0,,,163.050003084406,,,,,,,,15.5699996649352,78.5800018859255
2007-12-01T07:52:25.968Z,,0.019999966893984,,,9.36999991159999,,,,6.19000008786281,0.299999980371672,,1.10000008701677,,18.6200009616,,,,5.40999978912439,,68.1999969687125,,70.639999448258,1.01999999679079,,70.8600775714601,15.3700000000001,78.0199966123891,,,,,4.06000000000009,0,,144.000000036,,,0,,75.1100006343779,,-36.9999979590295,0.060000059669256,126.999995230644,,0,,,,0.009999983446992,0.309999963818664,,0,0.009999983446992,,0,,,,0,,0,,0,0,1.02999999088548,0.060000059669256,0,,,,,1.720000116,0,-31.0000008988248,,,,14.3000001528,0,144.000000036,,10.2500000448083,,9,419.070007288117,0,,,163.050003084406,,,,,,,,15.5699996649352,78.5800018859255
2007-12-01T07:52:30.029Z,,0.019999966893984,,,9.35999961017839,,,,6.19000008786281,0.299999980371672,,1.09000010356978,,18.6200009616,,,,5.40999978912439,,68.1999969687125,,70.639999448258,1.01999999679079,,71.0130366296944,15.3700000000001,78.0199966123891,,,,,4.06000000000009,0,,144.000000036,,,0,,75.1100006343779,,-39.0000015756026,0.060000059669256,114.999994215477,,0,,,,0.009999983446992,0.309999963818664,,0,0.009999983446992,,0,,,,0,,0,,0,0,1.02999999088548,0.060000059669256,0,,,,,1.720000116,0,20.0000016919446,,,,14.3000001528,0,144.000000036,,10.2500000448083,,9,419.059997606445,0,,,163.059997503297,,,,,,,,15.5699996649352,78.5800018859255
2007-12-01T07:52:35.040Z,,0.019999966893984,,,9.36999991159999,,,,6.19000008786281,0.299999980371672,,1.10000008701677,,18.6200009616,,,,5.40999978912439,,68.1999969687125,,70.639999448258,1.01999999679079,,70.941656612797,15.3700000000001,77.9999999842285,,,,,4.06000000000009,0,,144.000000036,,,0,,75.1100006343779,,-40.9999982974184,0.060000059669256,103.000000095068,,0,,,,0.009999983446992,0.309999963818664,,0,0.009999983446992,,0,,,,0,,0,,0,0,1.02999999088548,0.060000059669256,0,,,,,1.720000116,0,13.0000028234533,,,,14.3000001528,0,144.000000036,,10.2500000448083,,9,419.040008609675,0,,,163.050003084406,,,,,,,,15.5699996649352,78.5800018859255
2007-12-01T07:52:39.014Z,,0.019999966893984,,,9.36999991159999,,,,6.19000008786281,0.299999980371672,,1.09000010356978,,18.6200009616,,,,5.40999978912439,,68.1999969687125,,70.639999448258,1.01999999679079,,70.9620474041979,15.3700000000001,78.0199966123891,,,,,4.06000000000009,0,,144.000000036,,,0,,75.1100006343779,,-39.0000015756026,0.060000059669256,107.000007328214,,0,,,,0.009999983446992,0.309999963818664,,0,0.009999983446992,,0,,,,0,,0,,0,0,1.02999999088548,0.060000059669256,0,,,,,1.720000116,0,9.99999739859365,,,,14.3000001528,0,144.000000036,,10.2500000448083,,9,419.059997606445,0,,,163.059997503297,,,,,,,,15.5699996649352,78.5800018859255
2007-12-01T07:52:44.026Z,,0.019999966893984,,,9.35999961017839,,,,6.19000008786281,0.299999980371672,,1.10000008701677,,18.6200009616,,,,5.40999978912439,,68.1999969687125,,70.639999448258,1.01999999679079,,70.8396867800591,15.3700000000001,78.0199966123891,,,,,4.06000000000009,0,,144.000000036,,,0,,75.1100006343779,,-39.0000015756026,0.060000059669256,111.000000771846,,0,,,,0.009999983446992,0.309999963818664,,0,0.009999983446992,,0,,,,0,,0,,0,0,1.02999999088548,0.060000059669256,0,,,,,1.720000116,0,-17.0000031618422,,,,14.3000001528,0,144.000000036,,10.2500000448083,,9,419.070007288117,0,,,163.059997503297,,,,,,,,15.5699996649352,78.5800018859255
2007-12-01T07:52:48.000Z,,0.019999966893984,,,9.36999991159999,,,,6.19000008786281,0.299999980371672,,1.10000008701677,,18.6200009616,,,,5.40999978912439,,68.1999969687125,,70.639999448258,1.01999999679079,,70.7581072851299,15.3700000000001,78.0199966123891,,,,,4.06000000000009,0,,144.000000036,,,0,,75.1100006343779,,-36.9999979590295,0.060000059669256,100.000001564966,,0,,,,0.009999983446992,0.309999963818664,,0,0.009999983446992,,0,,,,0,,0,,0,0,1.02999999088548,0.060000059669256,0,,,,,1.720000116,0,-20.9999966054739,,,,14.3000001528,0,144.000000036,,10.2399997433867,,9,419.059997606445,0,,,163.059997503297,,,,,,,,15.5699996649352,78.5800018859255
2007-12-01T07:52:53.011Z,,0.019999966893984,,,9.35999961017839,,,,6.19000008786281,0.299999980371672,,1.10000008701677,,18.6200009616,,,,5.40999978912439,,68.1999969687125,,70.639999448258,1.01999999679079,,70.676528243793,15.3700000000001,78.0199966123891,,,,,4.06000000000009,0,,144.000000036,,,0,,75.1100006343779,,-40.9999982974184,0.060000059669256,114.999994215477,,0,,,,0.009999983446992,0.309999963818664,,0,0.009999983446992,,0,,,,0,,0,,0,0,1.02999999088548,0.060000059669256,0,,,,,1.720000116,0,-23.000000222047,,,,14.3000001528,0,144.000000036,,10.2399997433867,,9,419.059997606445,0,,,163.059997503297,,,,,,,,15.5699996649352,78.5800018859255
2007-12-01T07:52:56.986Z,,0.019999966893984,,,9.36999991159999,,,,6.19000008786281,0.299999980371672,,1.10000008701677,,18.6200009616,,,,5.40999978912439,,68.1999969687125,,70.639999448258,1.01999999679079,,70.7275170156971,15.3700000000001,78.0199966123891,,,,,4.06000000000009,0,,144.000000036,,,0,,75.1100006343779,,-39.0000015756026,0.060000059669256,124.000003595299,,0,,,,0.009999983446992,0.309999963818664,,0,0.009999983446992,,0,,,,0,,0,,0,0,1.02999999088548,0.060000059669256,0,,,,,1.720000116,0,-13.0000028234533,,,,14.3000001528,0,144.000000036,,10.2399997433867,,9,419.059997606445,0,,,163.059997503297,,,,,,,,15.5699996649352,78.5800018859255
2007-12-01T07:53:01.997Z,,0.019999966893984,,,9.35999961017839,,,,6.19000008786281,0.299999980371672,,1.10000008701677,,18.6200009616,,,,5.40999978912439,,68.1999969687125,,70.639999448258,1.01999999679079,,70.7479082606904,15.3700000000001,78.0199966123891,,,,,4.06000000000009,0,,144.000000036,,,0,,75.1100006343779,,-40.9999982974184,0.060000059669256,107.000007328214,,0,,,,0.009999983446992,0.309999963818664,,0,0.009999983446992,,0,,,,0,,0,,0,0,1.02999999088548,0.060000059669256,0,,,,,1.720000116,0,-2.99999853010237,,,,14.3000001528,0,144.000000036,,10.2399997433867,,9,419.070007288117,0,,,163.059997503297,,,,,,,,15.5699996649352,78.5800018859255
2007-12-01T07:53:05.971Z,,0.019999966893984,,,9.34000012024632,,,,6.19000008786281,0.299999980371672,,1.09000010356978,,18.6200009616,,,,5.40999978912439,,68.1999969687125,,70.639999448258,1.01999999679079,,70.941656612797,15.3700000000001,78.0199966123891,,,,,4.06000000000009,0,,144.000000036,,,0,,75.1100006343779,,-39.0000015756026,0.060000059669256,79.9999998730211,,0,,,,0.009999983446992,0.309999963818664,,0,0.009999983446992,,0,,,,0,,0,,0,0,1.02999999088548,0.060000059669256,0,,,,,1.720000116,0,8.00000067677784,,,,14.3000001528,0,144.000000036,,10.2399997433867,,9,419.049987765785,0,,,163.039993243746,,,,,,,,15.5699996649352,78.5800018859255
2007-12-01T07:53:10.982Z,,0.019999966893984,,,9.34000012024632,,,,6.19000008786281,0.299999980371672,,1.10000008701677,,18.6200009616,,,,5.40999978912439,,68.1999969687125,,70.639999448258,1.01999999679079,,70.9110663433642,15.3700000000001,78.0199966123891,,,,,4.06000000000009,0,,144.000000036,,,0,,75.1100006343779,,-39.0000015756026,0.029999950340976,81.0000016813076,,0,,,,0.009999983446992,0.309999963818664,,0,0.009999983446992,,0,,,,0,,0,,0,0,1.02999999088548,0.029999950340976,0,,,,,1.720000116,0,-2.99999853010237,,,,14.3000001528,0,144.000000036,,10.2399997433867,,9,419.029998769015,0,,,163.029998824854,,,,,,,,15.5699996649352,78.5800018859255
2007-12-01T07:53:15.043Z,,0.019999966893984,,,9.34000012024632,,,,6.19000008786281,0.299999980371672,,1.10000008701677,,18.6200009616,,,,5.40999978912439,,68.1999969687125,,70.639999448258,1.01999999679079,,70.9620474041979,15.3700000000001,78.0199966123891,,,,,4.06000000000009,0,,144.000000036,,,0,,75.1100006343779,,-40.9999982974184,0.029999950340976,81.0000016813076,,0,,,,0.009999983446992,0.309999963818664,,0,0.009999983446992,,0,,,,0,,0,,0,0,1.02999999088548,0.029999950340976,0,,,,,1.720000116,0,-6.99999886849128,,,,14.3000001528,0,144.000000036,,10.2299996009524,,9,419.019989087342,0,,,163.029998824854,,,,,,,,15.5699996649352,78.5800018859255
2007-12-01T07:53:19.968Z,,0.019999966893984,,,9.34000012024632,,,,6.19000008786281,0.299999980371672,,1.09000010356978,,18.6200009616,,,,5.40999978912439,,68.1999969687125,,70.639999448258,1.01999999679079,,70.8906678408929,15.3700000000001,78.0199966123891,,,,,4.06000000000009,0,,144.000000036,,,0,,75.0999984251086,,-42.000000105705,0.029999950340976,111.000000771846,,0,,,,0.009999983446992,0.309999963818664,,0,0.009999983446992,,0,,,,0,,0,,0,0,1.02999999088548,0.029999950340976,0,,,,,1.720000116,0,1.00000180828655,,,,14.3000001528,0,144.000000036,,10.2299996009524,,9,419.010009772245,0,,,163.020004246976,,,,,,,,15.5699996649352,78.5800018859255
2007-12-01T07:53:24.029Z,,0.019999966893984,,,9.34000012024632,,,,6.19000008786281,0.299999980371672,,1.10000008701677,,18.6200009616,,,,5.40999978912439,,68.1999969687125,,70.639999448258,1.01999999679079,,71.0436268991272,15.3700000000001,78.0199966123891,,,,,4.06000000000009,0,,144.000000036,,,0,,75.0999984251086,,-40.9999982974184,0.019999966893984,103.999995008597,,0,,,,0.009999983446992,0.309999963818664,,0,0.009999983446992,,0,,,,0,,0,,0,0,1.02999999088548,0.019999966893984,0,,,,,1.720000116,0,-9.99999739859365,,,,14.3000001528,0,144.000000036,,10.2200002534547,,9,418.999999931585,0,,,163.009994565303,,,,,,,,15.5699996649352,78.5800018859255
2007-12-01T07:53:29.040Z,,0.009999983446992,,,9.34000012024632,,,,6.19000008786281,0.299999980371672,,1.09000010356978,,18.6200009616,,,,5.40999978912439,,68.1999969687125,,70.639999448258,1.01999999679079,,70.8294873020273,15.3700000000001,78.0199966123891,,,,,4.06000000000009,0,,144.000000036,,,0,,75.0899963748267,,-40.9999982974184,0.019999966893984,109.00000405003,,0,,,,0.009999983446992,0.309999963818664,,0,0.009999983446992,,0,,,,0,,0,,0,0,1.02999999088548,0.019999966893984,0,,,,,1.720000116,0,1.99999672181581,,,,14.3000001528,0,144.000000036,,10.2200002534547,,9,418.989990249912,0,,,163.009994565303,,,,,,,,15.5699996649352,78.5800018859255
2007-12-01T07:53:33.014Z,,0.019999966893984,,,9.34000012024632,,,,6.19000008786281,0.299999980371672,,1.10000008701677,,18.6200009616,,,,5.40999978912439,,68.1999969687125,,70.639999448258,1.01999999679079,,70.8804760739314,15.3700000000001,78.0199966123891,,,,,4.06000000000009,0,,144.000000036,,,0,,75.0999984251086,,-39.0000015756026,0.019999966893984,113.999999301948,,0,,,,0.009999983446992,0.309999963818664,,0,0.009999983446992,,0,,,,0,,0,,0,0,1.02999999088548,0.019999966893984,0,,,,,1.720000116,0,5.99999706020473,,,,14.3000001528,0,144.000000036,,10.2200002534547,,9,418.989990249912,0,,,163.009994565303,,,,,,,,15.5699996649352,78.5800018859255
2007-12-01T07:53:38.026Z,,0.019999966893984,,,9.34000012024632,,,,6.19000008786281,0.299999980371672,,1.10000008701677,,18.6200009616,,,,5.40999978912439,,68.1999969687125,,70.639999448258,1.01999999679079,,70.8906678408929,15.3700000000001,78.0199966123891,,,,,4.06000000000009,0,,144.000000036,,,0,,75.0899963748267,,-40.9999982974184,0.019999966893984,79.9999998730211,,0,,,,0.009999983446992,0.309999963818664,,0,0.009999983446992,,0,,,,0,,0,,0,0,1.02999999088548,0.019999966893984,0,,,,,1.720000116,0,-2.99999853010237,,,,14.3000001528,0,144.000000036,,10.2200002534547,,9,418.999999931585,0,,,163.009994565303,,,,,,,,15.5699996649352,78.5800018859255
2007-12-01T07:53:42.000Z,,0.019999966893984,,,9.34000012024632,,,,6.19000008786281,0.299999980371672,,1.10000008701677,,18.6200009616,,,,5.40999978912439,,68.1999969687125,,70.65000149854,1.01999999679079,,70.7886975545627,15.3700000000001,78.0199966123891,,,,,4.06000000000009,0,,144.000000036,,,0,,75.0999984251086,,-40.9999982974184,0.019999966893984,86.9999987415123,,0,,,,0.009999983446992,0.309999963818664,,0,0.009999983446992,,0,,,,0,,0,,0,0,1.02999999088548,0.019999966893984,0,,,,,1.720000116,0,6.99999886849128,,,,14.3000001528,0,144.000000036,,10.2100001110204,,9,418.999999931585,0,,,163.009994565303,,,,,,,,15.5699996649352,78.5800018859255
2007-12-01T07:53:47.011Z,,0.019999966893984,,,9.34000012024632,,,,6.19000008786281,0.299999980371672,,1.10000008701677,,18.6200009616,,,,5.40999978912439,,68.1999969687125,,70.65000149854,1.01999999679079,,70.7886975545627,15.3700000000001,78.0199966123891,,,,,4.06000000000009,0,,144.000000036,,,0,,75.0999984251086,,-40.9999982974184,0.019999966893984,121.000005065197,,0,,,,0.009999983446992,0.309999963818664,,0,0.009999983446992,,0,,,,0,,0,,0,0,1.02999999088548,0.019999966893984,0,,,,,1.720000116,0,0,,,,14.3000001528,0,144.000000036,,10.2200002534547,,9,419.010009772245,0,,,163.009994565303,,,,,,,,15.5699996649352,78.5800018859255
2007-12-01T07:53:50.986Z,,0.019999966893984,,,9.34000012024632,,,,6.19000008786281,0.299999980371672,,1.10000008701677,,18.6200009616,,,,5.40999978912439,,68.1999969687125,,70.65000149854,1.01999999679079,,70.8396867800591,15.3700000000001,78.0199966123891,,,,,4.06000000000009,0,,144.000000036,,,0,,75.0999984251086,,-40.9999982974184,0.009999983446992,98.0000048431498,,0,,,,0.009999983446992,0.309999963818664,,0,0.009999983446992,,0,,,,0,,0,,0,0,1.02999999088548,0.009999983446992,0,,,,,1.720000116,0,35.0000012372137,,,,14.3000001528,0,144.000000036,,10.2200002534547,,9,419.019989087342,0,,,163.009994565303,,,,,,,,15.5699996649352,78.5800018859255
2007-12-01T07:53:55.997Z,,0.019999966893984,,,9.34000012024632,,,,6.19000008786281,0.299999980371672,,1.10000008701677,,18.6200009616,,,,5.40999978912439,,68.1999969687125,,70.639999448258,1.01999999679079,,71.0640254015984,15.3700000000001,78.0199966123891,,,,,4.06000000000009,0,,144.000000036,,,0,,75.0999984251086,,-42.000000105705,0.019999966893984,140.999999862384,,0,,,,0.009999983446992,0.309999963818664,,0,0.009999983446992,,0,,,,0,,0,,0,0,1.02999999088548,0.019999966893984,0,,,,,1.720000116,0,33.0000045153979,,,,14.3000001528,0,144.000000036,,10.2299996009524,,9,418.999999931585,0,,,163.009994565303,,,,,,,,15.5699996649352,78.5800018859255
2007-12-01T07:53:59.971Z,,0.019999966893984,,,9.31999967639043,,,,6.19000008786281,0.299999980371672,,1.10000008701677,,18.6200009616,,,,5.40999978912439,,68.1999969687125,,70.639999448258,1.01999999679079,,70.8600775714601,15.3700000000001,78.0199966123891,,,,,4.06000000000009,0,,144.000000036,,,0,,75.0999984251086,,-40.0000033838892,0.009999983446992,124.000003595299,,0,,,,0.009999983446992,0.309999963818664,,0,0.009999983446992,,0,,,,0,,0,,0,0,1.02999999088548,0.009999983446992,0,,,,,1.720000116,0,37.9999997673161,,,,14.3000001528,0,144.000000036,,10.2299996009524,,9,418.999999931585,0,,,162.999999987425,,,,,,,,15.5699996649352,78.5800018859255
2007-12-01T07:54:04.982Z,,0.019999966893984,,,9.31999967639043,,,,6.19000008786281,0.299999980371672,,1.10000008701677,,18.6200009616,,,,5.40999978912439,,68.1999969687125,,70.639999448258,1.01999999679079,,70.8906678408929,15.3700000000001,78.0199966123891,,,,,4.06000000000009,0,,144.000000036,,,0,,75.0999984251086,,-40.9999982974184,0,127.999997038931,,0,,,,0.009999983446992,0.309999963818664,,0,0.009999983446992,,0,,,,0,,0,,0,0,1.02999999088548,0,0,,,,,1.720000116,0,29.9999990905382,,,,14.3000001528,0,144.000000036,,10.2299996009524,,9,418.989990249912,0,,,162.999999987425,,,,,,,,15.5699996649352,78.5800018859255
2007-12-01T07:54:09.043Z,,0.019999966893984,,,9.31999967639043,,,,6.19000008786281,0.299999980371672,,1.10000008701677,,18.6200009616,,,,5.40999978912439,,68.1999969687125,,70.639999448258,1.01999999679079,,70.7479082606904,15.3700000000001,78.0199966123891,,,,,4.06000000000009,0,,144.000000036,,,0,,75.0999984251086,,-42.000000105705,0,120.00000325691,,0,,,,0.009999983446992,0.309999963818664,,0,0.009999983446992,,0,,,,0,,0,,0,0,1.02999999088548,0,0,,,,,1.720000116,0,10.9999992068802,,,,14.3000001528,0,144.000000036,,10.2299996009524,,9,418.989990249912,0,,,162.999999987425,,,,,,,,15.5699996649352,78.5800018859255
2007-12-01T07:54:13.968Z,,0.019999966893984,,,9.31999967639043,,,,6.19000008786281,0.299999980371672,,1.09000010356978,,18.6200009616,,,,5.40999978912439,,68.1999969687125,,70.6600037078092,1.01999999679079,,70.5949569135264,15.3700000000001,78.0199966123891,,,,,4.06000000000009,0,,144.000000036,,,0,,75.0899963748267,,-42.000000105705,0,127.999997038931,,0,,,,0.009999983446992,0.309999963818664,,0,0.009999983446992,,0,,,,0,,0,,0,0,1.02999999088548,0,0,,,,,1.720000116,0,31.0000008988248,,,,14.3000001528,0,144.000000036,,10.2399997433867,,9,419.010009772245,0,,,162.990005568533,,,,,,,,15.5699996649352,78.5800018859255
2007-12-01T07:54:18.029Z,,0.019999966893984,,,9.31999967639043,,,,6.19000008786281,0.299999980371672,,1.06999997768849,,18.6000002904,,,,5.40999978912439,,68.1999969687125,,70.65000149854,1.01999999679079,,71.3087552681312,15.3700000000001,77.9899979339465,,,,,4.06000000000009,0,,144.000000036,,,0,,75.0899963748267,,-40.9999982974184,0,120.00000325691,,0,,,,0.009999983446992,0.309999963818664,,0,0.009999983446992,,0,,,,0,,0,,0,0,1.02999999088548,0,0,,,,,1.720000116,0,28.0000023687224,,,,14.3000001528,0,144.000000036,,10.2399997433867,,9,418.959991412483,0,,,162.990005568533,,,,,,,,15.5699996649352,78.5800018859255
2007-12-01T07:54:23.040Z,,0.019999966893984,,,9.31999967639043,,,,6.19000008786281,0.299999980371672,,1.06999997768849,,18.4699994328,,,,5.40999978912439,,68.1999969687125,,70.639999448258,1.01999999679079,,72.3794600575161,15.3700000000001,77.9899979339465,,,,,4.06000000000009,0,,144.000000036,,,0,,75.0999984251086,,-42.000000105705,0,124.999998508828,,0,,,,0.009999983446992,0.309999963818664,,0,0.009999983446992,,0,,,,0,,0,,0,0,1.02999999088548,0,0,,,,,1.720000116,0,20.0000016919446,,,,14.3000001528,0,144.000000036,,10.2399997433867,,9,418.950012256372,0,,,162.990005568533,,,,,,,,15.5699996649352,78.5800018859255
2007-12-01T07:54:27.014Z,,0.019999966893984,,,9.31999967639043,,,,6.19000008786281,0.299999980371672,,1.06999997768849,,18.379999308,,,,5.40999978912439,,68.1999969687125,,70.639999448258,1.01999999679079,,70.6459379743602,15.3700000000001,77.9899979339465,,,,,4.06000000000009,0,,144.000000036,,,0,,75.0999984251086,,-40.9999982974184,0,112.999997493662,,0,,,,0.009999983446992,0.309999963818664,,0,0.009999983446992,,0,,,,0,,0,,0,0,1.02999999088548,0,0,,,,,1.720000116,0,18.999999883658,,,,14.3000001528,0,144.000000036,,10.2399997433867,,9,418.940002415713,0,,,162.990005568533,,,,,,,,15.5699996649352,78.5800018859255
2007-12-01T07:54:32.026Z,,0.019999966893984,,,9.31999967639043,,,,6.19000008786281,0.299999980371672,,1.06999997768849,,18.379999308,,,,5.42000009054599,,68.1999969687125,,70.639999448258,1.01999999679079,,70.6969267462643,15.3700000000001,77.9899979339465,,,,,4.06000000000009,0,,144.000000036,,,0,,75.0999984251086,,-39.0000015756026,0,120.00000325691,,0,,,,0.009999983446992,0.309999963818664,,0,0.009999983446992,,0,,,,0,,0,,0,0,1.02999999088548,0,0,,,,,1.720000116,0,20.0000016919446,,,,14.3000001528,0,144.000000036,,10.2299996009524,,9,418.92999273404,0,,,162.999999987425,,,,,,,,15.5699996649352,78.5800018859255
2007-12-01T07:54:41.011Z,,0.019999966893984,,,9.31999967639043,,,,6.19000008786281,0.299999980371672,,1.06999997768849,,18.430000224,,,,5.42000009054599,,68.1999969687125,,70.639999448258,1.01999999679079,,70.9722468822298,15.3700000000001,77.9899979339465,,,,,4.06000000000009,0,,144.000000036,,,0,,75.0999984251086,,-40.9999982974184,0,104.999996816884,,0,,,,0.009999983446992,0.309999963818664,,0,0.009999983446992,,0,,,,0,,0,,0,0,1.02999999088548,0,0,,,,,1.720000116,0,13.9999977369826,,,,14.3000001528,0,144.000000036,,10.2299996009524,,9,418.940002415713,0,,,162.990005568533,,,,,,,,15.5699996649352,78.5800018859255
2007-12-01T07:54:44.986Z,,0.019999966893984,,,9.31999967639043,,,,6.19000008786281,0.299999980371672,,1.06999997768849,,18.430000224,,,,5.42000009054599,,68.1999969687125,,70.639999448258,1.01999999679079,,70.941656612797,15.3700000000001,77.9899979339465,,,,,4.06000000000009,0,,144.000000036,,,0,,75.0999984251086,,-40.9999982974184,0,112.000002580132,,0,,,,0.009999983446992,0.309999963818664,,0,0.009999983446992,,0,,,,0,,0,,0,0,1.02999999088548,0,0,,,,,1.720000116,0,1.99999672181581,,,,14.3000001528,0,144.000000036,,10.2299996009524,,9,418.940002415713,0,,,162.999999987425,,,,,,,,15.5699996649352,78.5800018859255
2007-12-01T07:54:49.997Z,,0.019999966893984,,,9.31999967639043,,,,6.19000008786281,0.299999980371672,,1.06999997768849,,18.430000224,,,,5.40999978912439,,68.1999969687125,,70.639999448258,1.01999999679079,,70.8090965106263,15.3700000000001,77.9899979339465,,,,,4.06000000000009,0,,144.000000036,,,0,,75.0999984251086,,-40.9999982974184,0,126.999995230644,,0,,,,0.009999983446992,0.309999963818664,,0,0.009999983446992,,0,,,,0,,0,,0,0,1.02999999088548,0,0,,,,,1.720000116,0,18.999999883658,,,,14.3000001528,0,144.000000036,,10.2299996009524,,9,418.92999273404,0,,,162.990005568533,,,,,,,,15.5699996649352,78.5800018859255
2007-12-01T07:54:53.971Z,,0.019999966893984,,,9.31999967639043,,,,6.19000008786281,0.299999980371672,,1.06999997768849,,18.430000224,,,,5.40999978912439,,68.1999969687125,,70.639999448258,1.01999999679079,,70.8396867800591,15.3700000000001,77.9899979339465,,,,,4.06000000000009,0,,144.000000036,,,0,,75.0999984251086,,-40.9999982974184,0,96.0000012265767,,0,,,,0.009999983446992,0.309999963818664,,0,0.009999983446992,,0,,,,0,,0,,0,0,1.02999999088548,0,0,,,,,1.720000116,0,14.9999995452691,,,,14.3000001528,0,144.000000036,,10.2299996009524,,9,418.92999273404,0,,,162.999999987425,,,,,,,,15.5699996649352,78.5800018859255
2007-12-01T07:54:58.982Z,,0.019999966893984,,,9.31999967639043,,,,6.19000008786281,0.299999980371672,,1.0599999942415,,18.430000224,,,,5.40999978912439,,68.1999969687125,,70.639999448258,1.01999999679079,,70.7275170156971,15.3700000000001,77.9899979339465,,,,,4.06000000000009,0,,144.000000036,,,0,,75.0999984251086,,-40.9999982974184,0,105.999991730413,,0,,,,0.009999983446992,0.309999963818664,,0,0.009999983446992,,0,,,,0,,0,,0,0,1.02999999088548,0,0,,,,,1.720000116,0,8.00000067677784,,,,14.3000001528,0,144.000000036,,10.2399997433867,,9,418.950012256372,0,,,162.999999987425,,,,,,,,15.5699996649352,78.5999985140861
2007-12-01T07:55:07.968Z,,0.019999966893984,,,9.31999967639043,,,,6.19000008786281,0.299999980371672,,1.0599999942415,,18.430000224,,,,5.40999978912439,,68.1999969687125,,70.639999448258,1.01999999679079,,70.7071185132258,15.3700000000001,77.9899979339465,,,,,4.06000000000009,0,,144.000000036,,,0,,75.0899963748267,,-39.0000015756026,0.029999950340976,138.000001332282,,0,,,,0.009999983446992,0.309999963818664,,0,0.009999983446992,,0,,,,0,,0,,0,0,1.02999999088548,0.029999950340976,0,,,,,1.720000116,0,-16.0000013535557,,,,14.3000001528,0,144.000000036,,10.2399997433867,,9,418.959991412483,0,,,163.020004246976,,,,,,,,15.5699996649352,78.5999985140861
2007-12-01T07:55:12.029Z,,0.019999966893984,,,9.31999967639043,,,,6.19000008786281,0.299999980371672,,1.06999997768849,,18.430000224,,,,5.40999978912439,,68.1999969687125,,70.639999448258,1.01999999679079,,70.7581072851299,15.3700000000001,77.9899979339465,,,,,4.06000000000009,0,,144.000000036,,,0,,75.0999984251086,,-46.0000004440939,0.029999950340976,138.999996245811,,0,,,,0.009999983446992,0.309999963818664,,0,0.009999983446992,,0,,,,0,,0,,0,0,1.02999999088548,0.029999950340976,0,,,,,1.720000116,0,-5.00000214667547,,,,14.3000001528,0,144.000000036,,10.2399997433867,,9,418.970001253142,0,,,163.020004246976,,,,,,,,15.5699996649352,78.610000564368
2007-12-01T07:55:17.040Z,,0.019999966893984,,,9.31999967639043,,,,6.19000008786281,0.299999980371672,,1.06999997768849,,18.430000224,,,,5.40999978912439,,68.1999969687125,,70.639999448258,1.01999999679079,,70.8396867800591,15.3700000000001,77.9999999842285,,,,,4.06000000000009,0,,144.000000036,,,0,,75.0899963748267,,-40.9999982974184,0.029999950340976,154.999997599367,,0,,,,0.009999983446992,0.309999963818664,,0,0.009999983446992,,0,,,,0,,0,,0,0,1.02999999088548,0.029999950340976,0,,,,,1.720000116,0,-1.00000180828655,,,,14.3000001528,0,144.000000036,,10.2399997433867,,9,418.959991412483,0,,,163.020004246976,,,,,,,,15.5699996649352,78.610000564368
2007-12-01T07:55:21.014Z,,0.019999966893984,,,9.31999967639043,,,,6.19000008786281,0.299999980371672,,1.06999997768849,,18.430000224,,,,5.40999978912439,,68.1999969687125,,70.639999448258,1.01999999679079,,70.7886975545627,15.3700000000001,78.0199966123891,,,,,4.0500000000001,0,,144.000000036,,,0,,75.0999984251086,,-40.9999982974184,0.029999950340976,140.999999862384,,0,,,,0.009999983446992,0.309999963818664,,0,0.009999983446992,,0,,,,0,,0,,0,0,1.02999999088548,0.029999950340976,0,,,,,1.720000116,0,-4.00000033838892,,,,14.3000001528,0,144.000000036,,10.2299996009524,,9,418.989990249912,0,,,163.020004246976,,,,,,,,15.5699996649352,78.610000564368
2007-12-01T07:55:26.026Z,,0.019999966893984,,,9.31999967639043,,,,6.19000008786281,0.299999980371672,,1.06999997768849,,18.430000224,,,,5.40999978912439,,68.1999969687125,,70.639999448258,1.01999999679079,,70.8804760739314,15.3700000000001,78.0199966123891,,,,,4.06000000000009,0,,144.000000036,,,0,,75.0999984251086,,-37.9999997673161,0.029999950340976,121.000005065197,,0,,,,0.009999983446992,0.309999963818664,,0,0.009999983446992,,0,,,,0,,0,,0,0,1.02999999088548,0.029999950340976,0,,,,,1.720000116,0,8.00000067677784,,,,14.3000001528,0,144.000000036,,10.2299996009524,,9,418.980010934815,0,,,163.020004246976,,,,,,,,15.5699996649352,78.5999985140861
2007-12-01T07:55:35.011Z,,0.019999966893984,,,9.31999967639043,,,,6.19000008786281,0.299999980371672,,1.06999997768849,,18.430000224,,,,5.40999978912439,,68.1999969687125,,70.639999448258,1.01999999679079,,70.8906678408929,15.3700000000001,78.0199966123891,,,,,4.06000000000009,0,,144.000000036,,,0,,75.0899963748267,,-40.9999982974184,0,142.9999965842,,0,,,,0.009999983446992,0.309999963818664,,0,0.009999983446992,,0,,,,0,,0,,0,0,1.02999999088548,0,0,,,,,1.720000116,0,36.0000030455003,,,,14.3000001528,0,144.000000036,,10.2399997433867,,9,418.959991412483,0,,,162.990005568533,,,,,,,,15.5699996649352,78.5800018859255
2007-12-01T07:55:38.986Z,,0.019999966893984,,,9.31999967639043,,,,6.19000008786281,0.299999980371672,,1.06999997768849,,18.430000224,,,,5.40999978912439,,68.1999969687125,,70.639999448258,1.01999999679079,,70.7479082606904,15.3700000000001,78.0199966123891,,,,,4.06000000000009,0,,144.000000036,,,0,,75.0999984251086,,-40.0000033838892,0,144.000005287244,,0,,,,0.009999983446992,0.309999963818664,,0,0.009999983446992,,0,,,,0,,0,,0,0,1.02999999088548,0,0,,,,,1.720000116,0,9.99999739859365,,,,14.3000001528,0,144.000000036,,10.2399997433867,,9,418.970001253142,0,,,162.999999987425,,,,,,,,15.5699996649352,78.5800018859255
2007-12-01T07:55:43.997Z,,0.019999966893984,,,9.31999967639043,,,,6.19000008786281,0.299999980371672,,1.06999997768849,,18.430000224,,,,5.40999978912439,,68.1999969687125,,70.639999448258,1.01999999679079,,70.7581072851299,15.3700000000001,78.0199966123891,,,,,4.06000000000009,0,,144.000000036,,,0,,75.0899963748267,,-40.0000033838892,0,134.000000993893,,0,,,,0.009999983446992,0.309999963818664,,0,0.009999983446992,,0,,,,0,,0,,0,0,1.02999999088548,0,0,,,,,1.720000116,0,40.0000033838892,,,,14.3000001528,0,144.000000036,,10.2399997433867,,9,418.970001253142,0,,,162.990005568533,,,,,,,,15.5699996649352,78.5800018859255
2007-12-01T07:55:47.971Z,,0.019999966893984,,,9.31999967639043,,,,6.19000008786281,0.299999980371672,,1.0599999942415,,18.430000224,,,,5.40999978912439,,68.1999969687125,,70.639999448258,1.01999999679079,,70.7785062411935,15.3700000000001,78.0199966123891,,,,,4.06000000000009,0,,144.000000036,,,0,,75.0999984251086,,-36.0000030455003,0,142.9999965842,,0,,,,0.009999983446992,0.309999963818664,,0,0.009999983446992,,0,,,,0,,0,,0,0,1.02999999088548,0,0,,,,,1.720000116,0,42.000000105705,,,,14.3000001528,0,144.000000036,,10.2399997433867,,9,418.970001253142,0,,,162.990005568533,,,,,,,,15.5699996649352,78.5800018859255
2007-12-01T07:55:52.982Z,,0.019999966893984,,,9.31999967639043,,,,6.19000008786281,0.299999980371672,,1.06999997768849,,18.430000224,,,,5.40999978912439,,68.1999969687125,,70.639999448258,1.01999999679079,,70.8600775714601,15.3700000000001,78.0199966123891,,,,,4.06000000000009,0,,144.000000036,,,0,,75.0999984251086,,-36.0000030455003,0,162.000003362615,,0,,,,0.009999983446992,0.309999963818664,,0,0.009999983446992,,0,,,,0,,0,,0,0,1.02999999088548,0,0,,,,,1.720000116,0,37.9999997673161,,,,14.3000001528,0,144.000000036,,10.2399997433867,,9,418.970001253142,0,,,162.999999987425,,,,,,,,15.5699996649352,78.5800018859255
2007-12-01T07:55:56.957Z,,0.019999966893984,,,9.31999967639043,,,,6.19000008786281,0.299999980371672,,1.06999997768849,,18.430000224,,,,5.40999978912439,,68.1999969687125,,70.639999448258,1.01999999679079,,70.7886975545627,15.3700000000001,78.0199966123891,,,,,4.06000000000009,0,,144.000000036,,,0,,75.0999984251086,,-36.0000030455003,0,144.000005287244,,0,,,,0.009999983446992,0.309999963818664,,0,0.009999983446992,,0,,,,0,,0,,0,0,1.02999999088548,0,0,,,,,1.720000116,0,29.9999990905382,,,,14.3000001528,0,144.000000036,,10.2399997433867,,9,418.970001253142,0,,,162.990005568533,,,,,,,,15.5699996649352,78.5800018859255
2007-12-01T07:56:01.968Z,,0.019999966893984,,,9.31999967639043,,,,6.19000008786281,0.299999980371672,,1.06999997768849,,18.430000224,,,,5.40999978912439,,68.1999969687125,,70.639999448258,1.01999999679079,,70.8600775714601,15.3700000000001,78.0199966123891,,,,,4.06000000000009,0,,144.000000036,,,0,,75.0999984251086,,-40.9999982974184,0,167.999993528063,,0,,,,0.009999983446992,0.309999963818664,,0,0.009999983446992,,0,,,,0,,0,,0,0,1.02999999088548,0,0,,,,,1.720000116,0,40.0000033838892,,,,14.3000001528,0,144.000000036,,10.2399997433867,,9,418.970001253142,0,,,162.990005568533,,,,,,,,15.5699996649352,78.5800018859255
2007-12-01T07:56:06.029Z,,0.019999966893984,,,9.31999967639043,,,,6.19000008786281,0.299999980371672,,1.0599999942415,,18.430000224,,,,5.40999978912439,,68.1999969687125,,70.65000149854,1.01999999679079,,70.7479082606904,15.3700000000001,78.0199966123891,,,,,4.06000000000009,0,,144.000000036,,,0,,75.0999984251086,,-40.9999982974184,0,159.999999746042,,0,,,,0.009999983446992,0.309999963818664,,0,0.009999983446992,,0,,,,0,,0,,0,0,1.02999999088548,0,0,,,,,1.720000116,0,-1.00000180828655,,,,14.3000001528,0,144.000000036,,10.2399997433867,,9,418.970001253142,0,,,162.999999987425,,,,,,,,15.5699996649352,78.5800018859255
2007-12-01T07:56:11.040Z,,0.019999966893984,,,9.31999967639043,,,,6.19000008786281,0.299999980371672,,1.06999997768849,,18.430000224,,,,5.40999978912439,,68.1999969687125,,70.65000149854,1.01999999679079,,70.7886975545627,15.3700000000001,78.0199966123891,,,,,4.06000000000009,0,,144.000000036,,,0,,75.0999984251086,,-42.000000105705,0,157.000008110697,,0,,,,0.009999983446992,0.309999963818664,,0,0.009999983446992,,0,,,,0,,0,,0,0,1.02999999088548,0,0,,,,,1.720000116,0,20.9999966054739,,,,14.3000001528,0,144.000000036,,10.2399997433867,,9,418.989990249912,0,,,162.999999987425,,,,,,,,15.5699996649352,78.5800018859255
2007-12-01T07:56:15.014Z,,0.019999966893984,,,9.34000012024632,,,,6.19000008786281,0.299999980371672,,1.06999997768849,,18.430000224,,,,5.40999978912439,,68.1999969687125,,70.6600037078092,1.01999999679079,,70.7479082606904,15.3700000000001,78.0199966123891,,,,,4.06000000000009,0,,144.000000036,,,0,,75.0999984251086,,-39.0000015756026,0.009999983446992,159.999999746042,,0,,,,0.009999983446992,0.309999963818664,,0,0.009999983446992,,0,,,,0,,0,,0,0,1.02999999088548,0.009999983446992,0,,,,,1.720000116,0,28.0000023687224,,,,14.3000001528,0,144.000000036,,10.2399997433867,,9,419.010009772245,0,,,163.009994565303,,,,,,,,15.5699996649352,78.5800018859255
2007-12-01T07:56:20.026Z,,0.019999966893984,,,9.34000012024632,,,,6.19000008786281,0.299999980371672,,1.06999997768849,,18.430000224,,,,5.40999978912439,,68.1999969687125,,70.65000149854,1.01999999679079,,70.8600775714601,15.3700000000001,78.0199966123891,,,,,4.06000000000009,0,,144.000000036,,,0,,75.0999984251086,,-42.000000105705,0.019999966893984,169.000009125864,,0,,,,0.009999983446992,0.309999963818664,,0,0.009999983446992,,0,,,,0,,0,,0,0,1.02999999088548,0.019999966893984,0,,,,,1.720000116,0,18.999999883658,,,,14.3000001528,0,144.000000036,,10.2399997433867,,9,418.999999931585,0,,,163.009994565303,,,,,,,,15.5699996649352,78.5800018859255
2007-12-01T07:56:24.000Z,,0.019999966893984,,,9.34000012024632,,,,6.19000008786281,0.299999980371672,,1.06999997768849,,18.430000224,,,,5.40999978912439,,68.2300032785457,,70.65000149854,1.01999999679079,,70.6051482268956,15.3700000000001,78.0199966123891,,,,,4.06000000000009,0,,144.000000036,,,0,,75.1100006343779,,-42.000000105705,0.019999966893984,150.000002347448,,0,,,,0.009999983446992,0.309999963818664,,0,0.009999983446992,,0,,,,0,,0,,0,0,1.02999999088548,0.019999966893984,0,,,,,1.720000116,0,-1.00000180828655,,,,14.3000001528,0,144.000000036,,10.2399997433867,,9,419.029998769015,0,,,163.020004246976,,,,,,,,15.5699996649352,78.5800018859255
2007-12-01T07:56:29.011Z,,0.019999966893984,,,9.34000012024632,,,,6.19000008786281,0.299999980371672,,1.06999997768849,,18.430000224,,,,5.40999978912439,,68.2300032785457,,70.639999448258,1.01999999679079,,70.7886975545627,15.3700000000001,78.0199966123891,,,,,4.0500000000001,0,,144.000000036,,,0,,75.1100006343779,,-40.0000033838892,0.029999950340976,145.00000709553,,0,,,,0.009999983446992,0.309999963818664,,0,0.009999983446992,,0,,,,0,,0,,0,0,1.02999999088548,0.029999950340976,0,,,,,1.720000116,0,18.999999883658,,,,14.3000001528,0,144.000000036,,10.2399997433867,,9,419.029998769015,0,,,163.029998824854,,,,,,,,15.5699996649352,78.5800018859255
2007-12-01T07:56:32.986Z,,0.019999966893984,,,9.34000012024632,,,,6.19000008786281,0.299999980371672,,1.06999997768849,,18.430000224,,,,5.40999978912439,,68.2300032785457,,70.639999448258,1.01999999679079,,70.8090965106263,15.3700000000001,77.9899979339465,,,,,4.06000000000009,0,,144.000000036,,,0,,75.1100006343779,,-40.0000033838892,0.029999950340976,153.99999579108,,0,,,,0.009999983446992,0.299999980371672,,0,0.009999983446992,,0,,,,0,,0,,0,0,1.02999999088548,0.029999950340976,0,,,,,1.720000116,0,23.000000222047,,,,14.3000001528,0,144.000000036,,10.2500000448083,,9,419.010009772245,0,,,163.029998824854,,,,,,,,15.5699996649352,78.5800018859255
2007-12-01T07:56:37.997Z,,0.019999966893984,,,9.34000012024632,,,,6.19000008786281,0.299999980371672,,1.0599999942415,,18.430000224,,,,5.40999978912439,,68.2200012282637,,70.639999448258,1.01999999679079,,70.8600775714601,15.3700000000001,77.9899979339465,,,,,4.06000000000009,0,,144.000000036,,,0,,75.1100006343779,,-39.0000015756026,0.029999950340976,129.999993760747,,0,,,,0.009999983446992,0.309999963818664,,0,0.009999983446992,,0,,,,0,,0,,0,0,1.02999999088548,0.029999950340976,0,,,,,1.720000116,0,20.9999966054739,,,,14.3000001528,0,144.000000036,,10.2500000448083,,9,419.010009772245,0,,,163.029998824854,,,,,,,,15.5699996649352,78.5800018859255
2007-12-01T07:56:41.971Z,,0.019999966893984,,,9.34000012024632,,,,6.19000008786281,0.299999980371672,,1.0599999942415,,18.430000224,,,,5.40999978912439,,68.1999969687125,,70.639999448258,1.01999999679079,,70.8396867800591,15.3700000000001,77.9899979339465,,,,,4.06000000000009,0,,144.000000036,,,0,,75.1100006343779,,-42.000000105705,0.039999933787968,133.000006080364,,0,,,,0.009999983446992,0.309999963818664,,0,0.009999983446992,,0,,,,0,,0,,0,0,1.02999999088548,0.039999933787968,0,,,,,1.720000116,0,-18.999999883658,,,,14.3000001528,0,144.000000036,,10.2399997433867,,9,418.980010934815,0,,,163.029998824854,,,,,,,,15.5699996649352,78.5800018859255
2007-12-01T07:56:46.982Z,,0.019999966893984,,,9.34000012024632,,,,6.19000008786281,0.299999980371672,,1.0599999942415,,18.430000224,,,,5.40999978912439,,68.1999969687125,,70.65000149854,1.01999999679079,,70.7479082606904,15.3700000000001,77.9899979339465,,,,,4.06000000000009,0,,144.000000036,,,0,,75.1100006343779,,-39.0000015756026,0.029999950340976,141.999994775913,,0,,,,0.009999983446992,0.309999963818664,,0,0.009999983446992,,0,,,,0,,0,,0,0,1.02999999088548,0.029999950340976,0,,,,,1.720000116,0,20.0000016919446,,,,14.3000001528,0,144.000000036,,10.2399997433867,,9,418.989990249912,0,,,163.029998824854,,,,,,,,15.5699996649352,78.5800018859255
2007-12-01T07:56:50.957Z,,0.019999966893984,,,9.34000012024632,,,,6.19000008786281,0.299999980371672,,1.06999997768849,,18.430000224,,,,5.40999978912439,,68.2099990189945,,70.65000149854,1.01999999679079,,70.9110663433642,15.3700000000001,77.9999999842285,,,,,4.06000000000009,0,,144.000000036,,,0,,75.1100006343779,,-36.9999979590295,0.029999950340976,130.999995569033,,0,,,,0.009999983446992,0.309999963818664,,0,0.009999983446992,,0,,,,0,,0,,0,0,1.02999999088548,0.029999950340976,0,,,,,1.720000116,0,17.0000031618422,,,,14.3000001528,0,144.000000036,,10.2299996009524,,9,418.989990249912,0,,,163.029998824854,,,,,,,,15.5699996649352,78.5800018859255
2007-12-01T07:56:55.968Z,,0.019999966893984,,,9.34000012024632,,,,6.19000008786281,0.299999980371672,,1.08000012012278,,18.430000224,,,,5.40999978912439,,68.2300032785457,,70.65000149854,1.01999999679079,,70.7479082606904,15.3700000000001,78.0199966123891,,,,,4.06000000000009,0,,144.000000036,,,0,,75.1100006343779,,-40.0000033838892,0.039999933787968,147.999998730875,,0,,,,0.009999983446992,0.309999963818664,,0,0.009999983446992,,0,,,,0,,0,,0,0,1.02999999088548,0.039999933787968,0,,,,,1.720000116,0,-5.99999706020473,,,,14.3000001528,0,144.000000036,,10.2299996009524,,9,419.040008609675,0,,,163.029998824854,,,,,,,,15.5699996649352,78.5800018859255
2007-12-01T07:57:00.029Z,,0.019999966893984,,,9.34000012024632,,,,6.19000008786281,0.299999980371672,,1.10000008701677,,18.430000224,,,,5.40999978912439,,68.2300032785457,,70.6600037078092,1.01999999679079,,70.8090965106263,15.3700000000001,78.0199966123891,,,,,4.06000000000009,0,,144.000000036,,,0,,75.1100006343779,,-40.0000033838892,0.029999950340976,146.00000200906,,0,,,,0.009999983446992,0.309999963818664,,0,0.009999983446992,,0,,,,0,,0,,0,0,1.02999999088548,0.029999950340976,0,,,,,1.720000116,0,-8.00000067677784,,,,14.3000001528,0,144.000000036,,10.2299996009524,,9,419.059997606445,0,,,163.029998824854,,,,,,,,15.5699996649352,78.5800018859255
2007-12-01T07:57:05.040Z,,0.019999966893984,,,9.34000012024632,,,,6.19000008786281,0.299999980371672,,1.10000008701677,,18.430000224,,,,5.40999978912439,,68.2300032785457,,70.6600037078092,1.01999999679079,,70.676528243793,15.3700000000001,78.0199966123891,,,,,4.06000000000009,0,,144.000000036,,,0,,75.1100006343779,,-40.9999982974184,0.029999950340976,147.999998730875,,0,,,,0.009999983446992,0.309999963818664,,0,0.009999983446992,,0,,,,0,,0,,0,0,1.02999999088548,0.029999950340976,0,,,,,1.720000116,0,5.00000214667547,,,,14.3000001528,0,144.000000036,,10.2299996009524,,9,419.059997606445,0,,,163.029998824854,,,,,,,,15.5699996649352,78.5800018859255
2007-12-01T07:57:09.014Z,,0.019999966893984,,,9.34000012024632,,,,6.19000008786281,0.299999980371672,,1.09000010356978,,18.430000224,,,,5.40999978912439,,68.2300032785457,,70.6600037078092,1.01999999679079,,70.7886975545627,15.3700000000001,78.0199966123891,,,,,4.06000000000009,0,,144.000000036,,,0,,75.1100006343779,,-40.9999982974184,0.039999933787968,147.000003817346,,0,,,,0.009999983446992,0.309999963818664,,0,0.009999983446992,,0,,,,0,,0,,0,0,1.02999999088548,0.039999933787968,0,,,,,1.720000116,0,20.0000016919446,,,,14.3000001528,0,144.000000036,,10.2299996009524,,9,419.070007288117,0,,,163.029998824854,,,,,,,,15.5699996649352,78.5800018859255
2007-12-01T07:57:14.026Z,,0.019999966893984,,,9.34000012024632,,,,6.19000008786281,0.309999963818664,,1.10000008701677,,18.430000224,,,,5.40999978912439,,68.1999969687125,,70.639999448258,1.01999999679079,,70.7886975545627,15.3700000000001,78.0199966123891,,,,,4.06000000000009,0,,144.000000036,,,0,,75.1100006343779,,-39.0000015756026,0.029999950340976,124.999998508828,,0,,,,0.009999983446992,0.309999963818664,,0,0.009999983446992,,0,,,,0,,0,,0,0,1.02999999088548,0.029999950340976,0,,,,,1.720000116,0,-10.9999992068802,,,,14.3000001528,0,144.000000036,,10.2399997433867,,9,419.040008609675,0,,,163.029998824854,,,,,,,,15.5699996649352,78.5800018859255
2007-12-01T07:57:18.000Z,,0.019999966893984,,,9.34000012024632,,,,6.19000008786281,0.319999947265656,,1.10000008701677,,18.430000224,,,,5.40999978912439,,68.1999969687125,,70.639999448258,1.01999999679079,,70.6969267462643,15.3700000000001,78.0199966123891,,,,,4.06000000000009,0,,144.000000036,,,0,,75.1100006343779,,-40.9999982974184,0.039999933787968,138.000001332282,,0,,,,0.009999983446992,0.309999963818664,,0,0.009999983446992,,0,,,,0,,0,,0,0,1.02999999088548,0.039999933787968,0,,,,,1.720000116,0,-9.00000248506439,,,,14.3000001528,0,144.000000036,,10.2399997433867,,9,419.049987765785,0,,,163.029998824854,,,,,,,,15.5699996649352,78.5800018859255
2007-12-01T07:57:23.011Z,,0.019999966893984,,,9.34000012024632,,,,6.19000008786281,0.309999963818664,,1.10000008701677,,18.430000224,,,,5.40999978912439,,68.1999969687125,,70.639999448258,1.01999999679079,,70.7479082606904,15.3700000000001,78.0199966123891,,,,,4.06000000000009,0,,144.000000036,,,0,,75.1100006343779,,-44.9999986358074,0.039999933787968,124.999998508828,,0,,,,0.009999983446992,0.309999963818664,,0,0.009999983446992,,0,,,,0,,0,,0,0,1.02999999088548,0.039999933787968,0,,,,,1.720000116,0,0,,,,14.3000001528,0,144.000000036,,10.2399997433867,,9,419.049987765785,0,,,163.029998824854,,,,,,,,15.5699996649352,78.5800018859255
2007-12-01T07:57:26.986Z,,0.019999966893984,,,9.34000012024632,,,,6.19000008786281,0.319999947265656,,1.10000008701677,,18.430000224,,,,5.40999978912439,,68.1999969687125,,70.639999448258,1.01999999679079,,70.5643589330233,15.3700000000001,78.0199966123891,,,,,4.06000000000009,0,,144.000000036,,,0,,75.1100006343779,,-39.0000015756026,0.029999950340976,130.999995569033,,0,,,,0.009999983446992,0.309999963818664,,0,0.009999983446992,,0,,,,0,,0,,0,0,1.02999999088548,0.029999950340976,0,,,,,1.720000116,0,-8.00000067677784,,,,14.3000001528,0,144.000000036,,10.2399997433867,,9,419.040008609675,0,,,163.029998824854,,,,,,,,15.5699996649352,78.5800018859255
2007-12-01T07:57:31.997Z,,0.019999966893984,,,9.34000012024632,,,,6.19000008786281,0.319999947265656,,1.10000008701677,,18.430000224,,,,5.40999978912439,,68.1999969687125,,70.639999448258,1.01999999679079,,70.6969267462643,15.3700000000001,78.0199966123891,,,,,4.06000000000009,0,,144.000000036,,,0,,75.1100006343779,,-39.0000015756026,0.029999950340976,136.999999523995,,0,,,,0.009999983446992,0.309999963818664,,0,0.009999983446992,,0,,,,0,,0,,0,0,1.02999999088548,0.029999950340976,0,,,,,1.720000116,0,-2.99999853010237,,,,14.3000001528,0,144.000000036,,10.2500000448083,,9,419.049987765785,0,,,163.029998824854,,,,,,,,15.5699996649352,78.5800018859255
2007-12-01T07:57:35.971Z,,0.019999966893984,,,9.34000012024632,,,,6.19000008786281,0.319999947265656,,1.10000008701677,,18.430000224,,,,5.40999978912439,,68.1999969687125,,70.639999448258,1.01999999679079,,70.7785062411935,15.3700000000001,78.0199966123891,,,,,4.06000000000009,0,,144.000000036,,,0,,75.1100006343779,,-36.9999979590295,0.029999950340976,141.999994775913,,0,,,,0.009999983446992,0.309999963818664,,0,0.009999983446992,,0,,,,0,,0,,0,0,1.02999999088548,0.029999950340976,0,,,,,1.720000116,0,5.99999706020473,,,,14.3000001528,0,144.000000036,,10.2500000448083,,9,419.059997606445,0,,,163.029998824854,,,,,,,,15.5699996649352,78.5800018859255
2007-12-01T07:57:40.982Z,,0.009999983446992,,,9.34000012024632,,,,6.19000008786281,0.319999947265656,,1.10000008701677,,18.430000224,,,,5.40999978912439,,68.1999969687125,,70.639999448258,1.01999999679079,,70.8090965106263,15.3700000000001,78.0199966123891,,,,,4.06000000000009,0,,144.000000036,,,0,,75.1100006343779,,-40.9999982974184,0.029999950340976,123.000001787013,,0,,,,0.009999983446992,0.309999963818664,,0,0.009999983446992,,0,,,,0,,0,,0,0,1.02999999088548,0.029999950340976,0,,,,,1.720000116,0,5.99999706020473,,,,14.3000001528,0,144.000000036,,10.2500000448083,,9,419.059997606445,0,,,163.029998824854,,,,,,,,15.5699996649352,78.5800018859255
2007-12-01T07:57:44.957Z,,0.019999966893984,,,9.34000012024632,,,,6.19000008786281,0.319999947265656,,1.10000008701677,,18.430000224,,,,5.40999978912439,,68.1999969687125,,70.639999448258,1.01999999679079,,70.7785062411935,15.3700000000001,78.0199966123891,,,,,4.06000000000009,0,,144.000000036,,,0,,75.1100006343779,,-40.9999982974184,0.039999933787968,138.000001332282,,0,,,,0.009999983446992,0.309999963818664,,0,0.009999983446992,,0,,,,0,,0,,0,0,1.02999999088548,0.039999933787968,0,,,,,1.720000116,0,5.00000214667547,,,,14.3000001528,0,144.000000036,,10.2500000448083,,9,419.059997606445,0,,,163.029998824854,,,,,,,,15.5699996649352,78.5800018859255
2007-12-01T07:57:49.968Z,,0.019999966893984,,,9.34000012024632,,,,6.19000008786281,0.309999963818664,,1.10000008701677,,18.430000224,,,,5.40999978912439,,68.1999969687125,,70.65000149854,1.01999999679079,,70.8396867800591,15.3700000000001,78.0199966123891,,,,,4.06000000000009,0,,144.000000036,,,0,,75.1100006343779,,-40.0000033838892,0.029999950340976,93.0000026964744,,0,,,,0.009999983446992,0.309999963818664,,0,0.009999983446992,,0,,,,0,,0,,0,0,1.02999999088548,0.029999950340976,0,,,,,1.720000116,0,8.00000067677784,,,,14.3000001528,0,144.000000036,,10.2500000448083,,9,419.049987765785,0,,,163.020004246976,,,,,,,,15.5699996649352,78.5800018859255
2007-12-01T07:57:54.029Z,,0.019999966893984,,,9.34000012024632,,,,6.19000008786281,0.319999947265656,,1.10000008701677,,18.430000224,,,,5.40999978912439,,68.1999969687125,,70.6600037078092,1.01999999679079,,70.8294873020273,15.3700000000001,78.0199966123891,,,,,4.06000000000009,0,,144.000000036,,,0,,75.1100006343779,,-40.0000033838892,0.029999950340976,134.000000993893,,0,,,,0.009999983446992,0.309999963818664,,0,0.009999983446992,,0,,,,0,,0,,0,0,1.02999999088548,0.029999950340976,0,,,,,1.720000116,0,13.0000028234533,,,,14.3000001528,0,144.000000036,,10.2500000448083,,9,419.070007288117,0,,,163.029998824854,,,,,,,,15.5699996649352,78.5800018859255
2007-12-01T07:57:59.040Z,,0.019999966893984,,,9.34000012024632,,,,6.19000008786281,0.309999963818664,,1.10000008701677,,18.430000224,,,,5.40999978912439,,68.1999969687125,,70.6600037078092,1.01999999679079,,70.9110663433642,15.3700000000001,78.0199966123891,,,,,4.06000000000009,0,,144.000000036,,,0,,75.1100006343779,,-40.9999982974184,0.029999950340976,111.000000771846,,0,,,,0.009999983446992,0.309999963818664,,0,0.009999983446992,,0,,,,0,,0,,0,0,1.02999999088548,0.029999950340976,0,,,,,1.720000116,0,12.0000010151668,,,,14.3000001528,0,144.000000036,,10.2600001872426,,9,419.079986603215,0,,,163.029998824854,,,,,,,,15.5699996649352,78.5800018859255
2007-12-01T07:58:03.014Z,,0.019999966893984,,,9.34000012024632,,,,6.19000008786281,0.319999947265656,,1.10000008701677,,18.430000224,,,,5.40999978912439,,68.1999969687125,,70.6600037078092,1.01999999679079,,70.941656612797,15.3700000000001,78.0199966123891,,,,,4.06000000000009,0,,144.000000036,,,0,,75.1100006343779,,-39.0000015756026,0.029999950340976,128.999998847217,,0,,,,0.009999983446992,0.309999963818664,,0,0.009999983446992,,0,,,,0,,0,,0,0,1.02999999088548,0.029999950340976,0,,,,,1.720000116,0,10.9999992068802,,,,14.3000001528,0,144.000000036,,10.2600001872426,,9,419.079986603215,0,,,163.029998824854,,,,,,,,15.5699996649352,78.5800018859255
2007-12-01T07:58:08.026Z,,0.019999966893984,,,9.34000012024632,,,,6.19000008786281,0.319999947265656,,1.10000008701677,,18.430000224,,,,5.40000012365201,,68.1999969687125,,70.65000149854,1.01999999679079,,70.7479082606904,15.3700000000001,78.0199966123891,,,,,4.06000000000009,0,,144.000000036,,,0,,75.1100006343779,,-40.9999982974184,0.029999950340976,117.99999274558,,0,,,,0.009999983446992,0.309999963818664,,0,0.009999983446992,,0,,,,0,,0,,0,0,1.02999999088548,0.029999950340976,0,,,,,1.720000116,0,4.00000033838892,,,,14.3000001528,0,144.000000036,,10.2600001872426,,9,419.079986603215,0,,,163.029998824854,,,,,,,,15.5699996649352,78.5800018859255
2007-12-01T07:58:12.000Z,,0.019999966893984,,,9.34000012024632,,,,6.19000008786281,0.319999947265656,,1.10000008701677,,18.430000224,,,,5.40000012365201,,68.1999969687125,,70.65000149854,1.01999999679079,,70.5643589330233,15.3700000000001,78.0199966123891,,,,,4.06000000000009,0,,144.000000036,,,0,,75.1100006343779,,-36.9999979590295,0.039999933787968,107.000007328214,,0,,,,0.009999983446992,0.309999963818664,,0,0.009999983446992,,0,,,,0,,0,,0,0,1.02999999088548,0.039999933787968,0,,,,,1.720000116,0,44.9999986358074,,,,14.3000001528,0,144.000000036,,10.2600001872426,,9,419.079986603215,0,,,163.029998824854,,,,,,,,15.5699996649352,78.5800018859255
2007-12-01T07:58:17.011Z,,0.009999983446992,,,9.34000012024632,,,,6.19000008786281,0.319999947265656,,1.10000008701677,,18.430000224,,,,5.40000012365201,,68.1999969687125,,70.6600037078092,1.01999999679079,,70.5949569135264,15.3700000000001,78.0199966123891,,,,,4.06000000000009,0,,144.000000036,,,0,,75.1100006343779,,-40.0000033838892,0.029999950340976,108.000002241743,,0,,,,0.009999983446992,0.309999963818664,,0,0.009999983446992,,0,,,,0,,0,,0,0,1.02999999088548,0.029999950340976,0,,,,,1.720000116,0,36.0000030455003,,,,14.3000001528,0,144.000000036,,10.2600001872426,,9,419.070007288117,0,,,163.029998824854,,,,,,,,15.5699996649352,78.5800018859255
2007-12-01T07:58:20.986Z,,0.019999966893984,,,9.34000012024632,,,,6.19000008786281,0.319999947265656,,1.10000008701677,,18.430000224,,,,5.40000012365201,,68.1999969687125,,70.6600037078092,1.01999999679079,,70.6459379743602,15.3700000000001,78.0199966123891,,,,,4.06000000000009,0,,144.000000036,,,0,,75.1100006343779,,-40.9999982974184,0.029999950340976,103.999995008597,,0,,,,0.009999983446992,0.309999963818664,,0,0.009999983446992,,0,,,,0,,0,,0,0,1.02999999088548,0.029999950340976,0,,,,,1.720000116,0,5.99999706020473,,,,14.3000001528,0,144.000000036,,10.2500000448083,,9,419.070007288117,0,,,163.029998824854,,,,,,,,15.5699996649352,78.5800018859255
2007-12-01T07:58:25.997Z,,0.019999966893984,,,9.34000012024632,,,,6.19000008786281,0.309999963818664,,1.09000010356978,,18.430000224,,,,5.40000012365201,,68.1999969687125,,70.65000149854,1.01999999679079,,70.7071185132258,15.3700000000001,78.0199966123891,,,,,4.0500000000001,0,,144.000000036,,,0,,75.1100006343779,,-40.9999982974184,0.029999950340976,134.000000993893,,0,,,,0.009999983446992,0.309999963818664,,0,0.009999983446992,,0,,,,0,,0,,0,0,1.02999999088548,0.029999950340976,0,,,,,1.720000116,0,16.0000013535557,,,,14.3000001528,0,144.000000036,,10.2500000448083,,9,419.059997606445,0,,,163.029998824854,,,,,,,,15.5699996649352,78.5800018859255
2007-12-01T07:58:34.982Z,,0.019999966893984,,,9.34000012024632,,,,6.19000008786281,0.319999947265656,,1.10000008701677,,18.430000224,,,,5.40000012365201,,68.1999969687125,,70.65000149854,1.01999999679079,,70.7581072851299,15.3700000000001,78.0199966123891,,,,,4.06000000000009,0,,144.000000036,,,0,,75.1100006343779,,-40.9999982974184,0.039999933787968,108.000002241743,,0,,,,0.009999983446992,0.309999963818664,,0,0.009999983446992,,0,,,,0,,0,,0,0,1.02999999088548,0.039999933787968,0,,,,,1.720000116,0,21.9999984137604,,,,14.3000001528,0,144.000000036,,10.2399997433867,,9,419.040008609675,0,,,163.029998824854,,,,,,,,15.5699996649352,78.5800018859255
2007-12-01T07:58:38.957Z,,0.019999966893984,,,9.34000012024632,,,,6.19000008786281,0.319999947265656,,1.09000010356978,,18.430000224,,,,5.40000012365201,,68.1999969687125,,70.6600037078092,1.01999999679079,,70.6969267462643,15.3700000000001,78.0199966123891,,,,,4.0500000000001,0,,144.000000036,,,0,,75.1100006343779,,-39.0000015756026,0.029999950340976,115.999996023764,,0,,,,0.009999983446992,0.309999963818664,,0,0.009999983446992,,0,,,,0,,0,,0,0,1.02999999088548,0.029999950340976,0,,,,,1.720000116,0,4.00000033838892,,,,14.3000001528,0,144.000000036,,10.2299996009524,,9,419.049987765785,0,,,163.029998824854,,,,,,,,15.5699996649352,78.5800018859255
2007-12-01T07:58:43.968Z,,0.019999966893984,,,9.34000012024632,,,,6.19000008786281,0.309999963818664,,1.10000008701677,,18.430000224,,,,5.40000012365201,,68.1999969687125,,70.639999448258,1.01999999679079,,70.7275170156971,15.3700000000001,78.0199966123891,,,,,4.06000000000009,0,,144.000000036,,,0,,75.1100006343779,,-40.9999982974184,0.029999950340976,136.999999523995,,0,,,,0.009999983446992,0.309999963818664,,0,0.009999983446992,,0,,,,0,,0,,0,0,1.02999999088548,0.029999950340976,0,,,,,1.720000116,0,13.0000028234533,,,,14.3000001528,0,144.000000036,,10.2299996009524,,9,419.040008609675,0,,,163.029998824854,,,,,,,,15.5699996649352,78.5800018859255
2007-12-01T07:58:48.029Z,,0.019999966893984,,,9.34000012024632,,,,6.19000008786281,0.319999947265656,,1.09000010356978,,18.430000224,,,,5.40000012365201,,68.1999969687125,,70.639999448258,1.01999999679079,,70.7886975545627,15.3700000000001,78.0199966123891,,,,,4.06000000000009,0,,144.000000036,,,0,,75.1100006343779,,-39.0000015756026,0.029999950340976,117.99999274558,,0,,,,0.009999983446992,0.309999963818664,,0,0.009999983446992,,0,,,,0,,0,,0,0,1.02999999088548,0.029999950340976,0,,,,,1.720000116,0,27.0000005604359,,,,14.3000001528,0,144.000000036,,10.2299996009524,,9,419.029998769015,0,,,163.029998824854,,,,,,,,15.5699996649352,78.5800018859255
2007-12-01T07:58:53.040Z,,0.019999966893984,,,9.34000012024632,,,,6.19000008786281,0.309999963818664,,1.06999997768849,,18.430000224,,,,5.40000012365201,,68.1999969687125,,70.65000149854,1.01999999679079,,70.6969267462643,15.3700000000001,78.0199966123891,,,,,4.06000000000009,0,,144.000000036,,,0,,75.1100006343779,,-40.9999982974184,0.039999933787968,112.999997493662,,0,,,,0.009999983446992,0.309999963818664,,0,0.009999983446992,,0,,,,0,,0,,0,0,1.02999999088548,0.039999933787968,0,,,,,1.720000116,0,28.9999972822517,,,,14.3000001528,0,144.000000036,,10.2299996009524,,9,419.010009772245,0,,,163.029998824854,,,,,,,,15.5699996649352,78.5800018859255
2007-12-01T07:59:02.026Z,,0.019999966893984,,,9.34000012024632,,,,6.19000008786281,0.319999947265656,,1.06999997768849,,18.430000224,,,,5.40000012365201,,68.1999969687125,,70.65000149854,1.01999999679079,,70.7479082606904,15.3700000000001,78.0199966123891,,,,,4.06000000000009,0,,144.000000036,,,0,,75.1100006343779,,-40.0000033838892,0.039999933787968,134.000000993893,,0,,,,0.009999983446992,0.309999963818664,,0,0.009999983446992,,0,,,,0,,0,,0,0,1.02999999088548,0.039999933787968,0,,,,,1.720000116,0,37.9999997673161,,,,14.3000001528,0,144.000000036,,10.2200002534547,,9,419.010009772245,0,,,163.029998824854,,,,,,,,15.5699996649352,78.5800018859255
2007-12-01T07:59:06.000Z,,0.009999983446992,,,9.34000012024632,,,,6.19000008786281,0.309999963818664,,1.06999997768849,,18.430000224,,,,5.40000012365201,,68.1999969687125,,70.65000149854,1.01999999679079,,70.6969267462643,15.3700000000001,78.0199966123891,,,,,4.06000000000009,0,,144.000000036,,,0,,75.1100006343779,,-40.9999982974184,0.029999950340976,127.999997038931,,0,,,,0.009999983446992,0.309999963818664,,0,0.009999983446992,,0,,,,0,,0,,0,0,1.02999999088548,0.029999950340976,0,,,,,1.720000116,0,28.9999972822517,,,,14.3000001528,0,144.000000036,,10.2200002534547,,9,418.989990249912,0,,,163.029998824854,,,,,,,,15.5699996649352,78.5800018859255
2007-12-01T07:59:11.011Z,,0.019999966893984,,,9.34000012024632,,,,6.19000008786281,0.309999963818664,,1.06999997768849,,18.430000224,,,,5.40999978912439,,68.1999969687125,,70.6600037078092,1.01999999679079,,70.7581072851299,15.3700000000001,78.0199966123891,,,,,4.06000000000009,0,,144.000000036,,,0,,75.1100006343779,,-40.9999982974184,0.039999933787968,117.99999274558,,0,,,,0.009999983446992,0.309999963818664,,0,0.009999983446992,,0,,,,0,,0,,0,0,1.02999999088548,0.039999933787968,0,,,,,1.720000116,0,10.9999992068802,,,,14.3000001528,0,144.000000036,,10.2200002534547,,9,419.010009772245,0,,,163.029998824854,,,,,,,,15.5699996649352,78.5800018859255
2007-12-01T07:59:14.986Z,,0.019999966893984,,,9.34000012024632,,,,6.19000008786281,0.319999947265656,,1.0599999942415,,18.430000224,,,,5.40999978912439,,68.1999969687125,,70.6600037078092,1.01999999679079,,70.8600775714601,15.3700000000001,78.0199966123891,,,,,4.06000000000009,0,,144.000000036,,,0,,75.1100006343779,,-39.0000015756026,0.039999933787968,108.000002241743,,0,,,,0.009999983446992,0.309999963818664,,0,0.009999983446992,,0,,,,0,,0,,0,0,1.02999999088548,0.039999933787968,0,,,,,1.720000116,0,10.9999992068802,,,,14.3000001528,0,144.000000036,,10.2200002534547,,9,419.019989087342,0,,,163.029998824854,,,,,,,,15.5699996649352,78.5800018859255
2007-12-01T07:59:19.997Z,,0.019999966893984,,,9.34000012024632,,,,6.19000008786281,0.319999947265656,,1.06999997768849,,18.430000224,,,,5.40999978912439,,68.1999969687125,,70.65000149854,1.01999999679079,,70.656137452392,15.3700000000001,78.0199966123891,,,,,4.06000000000009,0,,144.000000036,,,0,,75.1100006343779,,-42.000000105705,0.029999950340976,109.00000405003,,0,,,,0.009999983446992,0.309999963818664,,0,0.009999983446992,,0,,,,0,,0,,0,0,1.02999999088548,0.029999950340976,0,,,,,1.720000116,0,28.9999972822517,,,,14.3000001528,0,144.000000036,,10.2200002534547,,9,419.010009772245,0,,,163.029998824854,,,,,,,,15.5699996649352,78.5800018859255
2007-12-01T07:59:23.971Z,,0.019999966893984,,,9.34000012024632,,,,6.19000008786281,0.319999947265656,,1.06999997768849,,18.430000224,,,,5.40999978912439,,68.1999969687125,,70.65000149854,1.01999999679079,,70.6459379743602,15.3700000000001,78.0199966123891,,,,,4.06000000000009,0,,144.000000036,,,0,,75.1100006343779,,-40.0000033838892,0.029999950340976,107.000007328214,,0,,,,0.009999983446992,0.309999963818664,,0,0.009999983446992,,0,,,,0,,0,,0,0,1.02999999088548,0.029999950340976,0,,,,,1.720000116,0,-5.99999706020473,,,,14.3000001528,0,144.000000036,,10.2200002534547,,9,419.010009772245,0,,,163.029998824854,,,,,,,,15.5699996649352,78.5800018859255
2007-12-01T07:59:28.982Z,,0.019999966893984,,,9.34000012024632,,,,6.19000008786281,0.309999963818664,,1.0599999942415,,18.430000224,,,,5.40999978912439,,68.1999969687125,,70.6600037078092,1.01999999679079,,70.5745579574628,15.3700000000001,78.0199966123891,,,,,4.06000000000009,0,,144.000000036,,,0,,75.1100006343779,,-39.0000015756026,0.039999933787968,120.00000325691,,0,,,,0.009999983446992,0.309999963818664,,0,0.009999983446992,,0,,,,0,,0,,0,0,1.02999999088548,0.039999933787968,0,,,,,1.720000116,0,17.0000031618422,,,,14.3000001528,0,144.000000036,,10.2299996009524,,9,419.019989087342,0,,,163.029998824854,,,,,,,,15.5699996649352,78.5800018859255
2007-12-01T07:59:33.043Z,,0.019999966893984,,,9.34000012024632,,,,6.19000008786281,0.299999980371672,,1.06999997768849,,18.430000224,,,,5.40999978912439,,68.1999969687125,,70.6600037078092,1.01999999679079,,70.8294873020273,15.3700000000001,78.0199966123891,,,,,4.06000000000009,0,,144.000000036,,,0,,75.1100006343779,,-43.0000019139915,0.029999950340976,113.999999301948,,0,,,,0.009999983446992,0.309999963818664,,0,0.009999983446992,,0,,,,0,,0,,0,0,1.02999999088548,0.029999950340976,0,,,,,1.720000116,0,18.999999883658,,,,14.3000001528,0,144.000000036,,10.2299996009524,,9,418.999999931585,0,,,163.029998824854,,,,,,,,15.5699996649352,78.5800018859255
2007-12-01T07:59:37.968Z,,0.019999966893984,,,9.34000012024632,,,,6.19000008786281,0.309999963818664,,1.06999997768849,,18.430000224,,,,5.40999978912439,,68.1999969687125,,70.65000149854,1.01999999679079,,70.8294873020273,15.3700000000001,78.0199966123891,,,,,4.06000000000009,0,,144.000000036,,,0,,75.1100006343779,,-40.9999982974184,0.039999933787968,109.00000405003,,0,,,,0.009999983446992,0.309999963818664,,0,0.009999983446992,,0,,,,0,,0,,0,0,1.02999999088548,0.039999933787968,0,,,,,1.720000116,0,17.0000031618422,,,,14.3000001528,0,144.000000036,,10.2299996009524,,9,419.010009772245,0,,,163.029998824854,,,,,,,,15.5699996649352,78.5800018859255
2007-12-01T07:59:42.029Z,,0.019999966893984,,,9.35999961017839,,,,6.19000008786281,0.319999947265656,,1.06999997768849,,18.430000224,,,,5.40999978912439,,68.1999969687125,,70.639999448258,1.01999999679079,,70.8396867800591,15.3700000000001,78.0199966123891,,,,,4.06000000000009,0,,144.000000036,,,0,,75.1100006343779,,-39.0000015756026,0.039999933787968,136.999999523995,,0,,,,0.009999983446992,0.309999963818664,,0,0.009999983446992,,0,,,,0,,0,,0,0,1.02999999088548,0.039999933787968,0,,,,,1.720000116,0,13.9999977369826,,,,14.3000001528,0,144.000000036,,10.2299996009524,,9,419.019989087342,0,,,163.050003084406,,,,,,,,15.5699996649352,78.5800018859255
2007-12-01T07:59:47.040Z,,0.019999966893984,,,9.35999961017839,,,,6.19000008786281,0.309999963818664,,1.06999997768849,,18.430000224,,,,5.40999978912439,,68.1999969687125,,70.639999448258,1.01999999679079,,70.8294873020273,15.3700000000001,78.0199966123891,,,,,4.06000000000009,0,,144.000000036,,,0,,75.1100006343779,,-40.9999982974184,0.060000059669256,136.999999523995,,0,,,,0.009999983446992,0.309999963818664,,0,0.009999983446992,,0,,,,0,,0,,0,0,1.02999999088548,0.060000059669256,0,,,,,1.720000116,0,39.0000015756026,,,,14.3000001528,0,144.000000036,,10.2299996009524,,9,419.019989087342,0,,,163.050003084406,,,,,,,,15.5699996649352,78.5800018859255
2007-12-01T07:59:51.014Z,,0.019999966893984,,,9.35999961017839,,,,6.19000008786281,0.319999947265656,,1.06999997768849,,18.430000224,,,,5.40999978912439,,68.1999969687125,,70.639999448258,1.01999999679079,,70.8804760739314,15.3700000000001,78.0199966123891,,,,,4.06000000000009,0,,144.000000036,,,0,,75.1100006343779,,-40.9999982974184,0.060000059669256,124.999998508828,,0,,,,0.009999983446992,0.309999963818664,,0,0.009999983446992,,0,,,,0,,0,,0,0,1.02999999088548,0.060000059669256,0,,,,,1.720000116,0,18.999999883658,,,,14.3000001528,0,144.000000036,,10.2299996009524,,9,419.029998769015,0,,,163.059997503297,,,,,,,,15.5699996649352,78.5800018859255
2007-12-01T07:59:56.026Z,,0.019999966893984,,,9.35999961017839,,,,6.19000008786281,0.319999947265656,,1.06999997768849,,18.430000224,,,,5.40999978912439,,68.1999969687125,,70.6600037078092,1.01999999679079,,70.9110663433642,15.3700000000001,78.0199966123891,,,,,4.06000000000009,0,,144.000000036,,,0,,75.1100006343779,,-40.9999982974184,0.060000059669256,105.999991730413,,0,,,,0.009999983446992,0.309999963818664,,0,0.009999983446992,,0,,,,0,,0,,0,0,1.02999999088548,0.060000059669256,0,,,,,1.720000116,0,29.9999990905382,,,,14.3000001528,0,144.000000036,,10.2200002534547,,9,419.040008609675,0,,,163.059997503297,,,,,,,,15.5699996649352,78.5800018859255
2007-12-01T08:00:00.000Z,,0.019999966893984,,,9.36999991159999,,,,6.19000008786281,0.319999947265656,,1.06999997768849,,18.430000224,,,,5.40999978912439,,68.1999969687125,,70.6600037078092,1.01999999679079,,70.6969267462643,15.3700000000001,78.0199966123891,,,,,4.06000000000009,0,,144.000000036,,,0,,75.1100006343779,,-37.9999997673161,0.060000059669256,101.999998286781,,0,,,,0.009999983446992,0.309999963818664,,0,0.009999983446992,,0,,,,0,,0,,0,0,1.02999999088548,0.060000059669256,0,,,,,1.720000116,0,28.0000023687224,,,,14.3000001528,0,144.000000036,,10.2100001110204,,9,419.040008609675,0,,,163.059997503297,,,,,,,,15.5699996649352,78.5800018859255
2007-12-01T08:00:05.011Z,,0.009999983446992,,,9.35000042166792,,,,6.19000008786281,0.319999947265656,,1.06999997768849,,18.430000224,,,,5.40999978912439,,68.1999969687125,,70.6600037078092,1.01999999679079,,70.8294873020273,15.3700000000001,77.9899979339465,,,,,4.06000000000009,0,,144.000000036,,,0,,75.1100006343779,,-42.000000105705,0.060000059669256,88.9999954633282,,0,,,,0.009999983446992,0.309999963818664,,0,0.009999983446992,,0,,,,0,,0,,0,0,1.02999999088548,0.060000059669256,0,,,,,1.720000116,0,28.9999972822517,,,,14.3000001528,0,144.000000036,,10.2100001110204,,9,418.999999931585,0,,,163.059997503297,,,,,,,,15.5699996649352,78.5800018859255
2007-12-01T08:00:08.986Z,,0.019999966893984,,,9.34000012024632,,,,6.19000008786281,0.309999963818664,,1.06999997768849,,18.430000224,,,,5.40999978912439,,68.1999969687125,,70.65000149854,1.01999999679079,,70.7785062411935,15.3700000000001,77.9899979339465,,,,,4.06000000000009,0,,144.000000036,,,0,,75.1100006343779,,-42.000000105705,0.050000076222264,91.0000059746585,,0,,,,0.009999983446992,0.309999963818664,,0,0.009999983446992,,0,,,,0,,0,,0,0,1.02999999088548,0.050000076222264,0,,,,,1.720000116,0,20.0000016919446,,,,14.3000001528,0,144.000000036,,10.2100001110204,,9,418.959991412483,0,,,163.029998824854,,,,,,,,15.5699996649352,78.5800018859255
2007-12-01T08:00:13.997Z,,0.019999966893984,,,9.34000012024632,,,,6.19000008786281,0.309999963818664,,1.06999997768849,,18.430000224,,,,5.40999978912439,,68.1999969687125,,70.6600037078092,1.01999999679079,,70.8294873020273,15.3700000000001,77.9899979339465,,,,,4.06000000000009,0,,144.000000036,,,0,,75.1100006343779,,-43.9999968275208,0.039999933787968,112.000002580132,,0,,,,0.009999983446992,0.309999963818664,,0,0.009999983446992,,0,,,,0,,0,,0,0,1.02999999088548,0.039999933787968,0,,,,,1.720000116,0,32.0000027071113,,,,14.3000001528,0,144.000000036,,10.2100001110204,,9,418.970001253142,0,,,163.029998824854,,,,,,,,15.5699996649352,78.5800018859255
2007-12-01T08:00:17.971Z,,0.019999966893984,,,9.34000012024632,,,,6.19000008786281,0.319999947265656,,1.06999997768849,,18.430000224,,,,5.40999978912439,,68.1999969687125,,70.65000149854,1.01999999679079,,70.7275170156971,15.3700000000001,77.9899979339465,,,,,4.06000000000009,0,,144.000000036,,,0,,75.1100006343779,,-40.9999982974184,0.029999950340976,100.999996478495,,0,,,,0.009999983446992,0.309999963818664,,0,0.009999983446992,,0,,,,0,,0,,0,0,1.02999999088548,0.029999950340976,0,,,,,1.720000116,0,33.0000045153979,,,,14.3000001528,0,144.000000036,,10.2100001110204,,9,418.970001253142,0,,,163.029998824854,,,,,,,,15.5699996649352,78.5800018859255
2007-12-01T08:00:22.982Z,,0.019999966893984,,,9.34000012024632,,,,6.19000008786281,0.319999947265656,,1.09000010356978,,18.430000224,,,,5.40999978912439,,68.1999969687125,,70.65000149854,1.01999999679079,,70.7479082606904,15.3700000000001,77.9899979339465,,,,,4.06000000000009,0,,144.000000036,,,0,,75.1100006343779,,-40.9999982974184,0.029999950340976,121.000005065197,,0,,,,0.009999983446992,0.309999963818664,,0,0.009999983446992,,0,,,,0,,0,,0,0,1.02999999088548,0.029999950340976,0,,,,,1.720000116,0,8.00000067677784,,,,14.3000001528,0,144.000000036,,10.2100001110204,,9,419.010009772245,0,,,163.029998824854,,,,,,,,15.5699996649352,78.5800018859255
2007-12-01T08:00:27.043Z,,0.019999966893984,,,9.34000012024632,,,,6.19000008786281,0.309999963818664,,1.10000008701677,,18.430000224,,,,5.40999978912439,,68.1999969687125,,70.6600037078092,1.01999999679079,,70.7886975545627,15.3700000000001,77.9999999842285,,,,,4.06000000000009,0,,144.000000036,,,0,,75.1100006343779,,-42.000000105705,0.029999950340976,104.999996816884,,0,,,,0.009999983446992,0.309999963818664,,0,0.009999983446992,,0,,,,0,,0,,0,0,1.02999999088548,0.029999950340976,0,,,,,1.720000116,0,-2.99999853010237,,,,14.3000001528,0,144.000000036,,10.2100001110204,,9,419.010009772245,0,,,163.029998824854,,,,,,,,15.5699996649352,78.5800018859255
2007-12-01T08:00:31.968Z,,0.019999966893984,,,9.34000012024632,,,,6.19000008786281,0.319999947265656,,1.10000008701677,,18.430000224,,,,5.40999978912439,,68.1999969687125,,70.6600037078092,1.01999999679079,,70.7886975545627,15.3700000000001,78.0199966123891,,,,,4.06000000000009,0,,144.000000036,,,0,,75.0999984251086,,-42.000000105705,0.039999933787968,116.999997832051,,0,,,,0.009999983446992,0.309999963818664,,0,0.009999983446992,,0,,,,0,,0,,0,0,1.02999999088548,0.039999933787968,0,,,,,1.720000116,0,-4.00000033838892,,,,14.3000001528,0,144.000000036,,10.2299996009524,,9,419.049987765785,0,,,163.039993243746,,,,,,,,15.5699996649352,78.610000564368
2007-12-01T08:00:36.029Z,,0.019999966893984,,,9.34000012024632,,,,6.19000008786281,0.330000089699952,,1.10000008701677,,18.430000224,,,,5.40999978912439,,68.1999969687125,,70.65000149854,1.01999999679079,,70.8396867800591,15.3700000000001,78.0199966123891,,,,,4.06000000000009,0,,144.000000036,,,0,,75.0999984251086,,-36.9999979590295,0.039999933787968,113.999999301948,,0,,,,0.009999983446992,0.309999963818664,,0,0.009999983446992,,0,,,,0,,0,,0,0,1.02999999088548,0.039999933787968,0,,,,,1.720000116,0,1.99999672181581,,,,14.3000001528,0,144.000000036,,10.2299996009524,,9,419.079986603215,0,,,163.039993243746,,,,,,,,15.5699996649352,78.610000564368
2007-12-01T08:00:41.040Z,,0.019999966893984,,,9.34000012024632,,,,6.19000008786281,0.330000089699952,,1.10000008701677,,18.430000224,,,,5.40999978912439,,68.1999969687125,,70.6600037078092,1.01999999679079,,70.7886975545627,15.3700000000001,78.0199966123891,,,,,4.06000000000009,0,,144.000000036,,,0,,75.0899963748267,,-39.0000015756026,0.039999933787968,105.999991730413,,0,,,,0.009999983446992,0.309999963818664,,0,0.009999983446992,,0,,,,0,,0,,0,0,1.02999999088548,0.039999933787968,0,,,,,1.720000116,0,28.0000023687224,,,,14.3000001528,0,144.000000036,,10.2299996009524,,9,419.079986603215,0,,,163.039993243746,,,,,,,,15.5699996649352,78.5999985140861
2007-12-01T08:00:45.014Z,,0.019999966893984,,,9.34000012024632,,,,6.19000008786281,0.330000089699952,,1.09000010356978,,18.430000224,,,,5.40999978912439,,68.1999969687125,,70.6600037078092,1.01999999679079,,70.8600775714601,15.3700000000001,78.0199966123891,,,,,4.06000000000009,0,,144.000000036,,,0,,75.0999984251086,,-39.0000015756026,0.039999933787968,116.999997832051,,0,,,,0.009999983446992,0.309999963818664,,0,0.009999983446992,,0,,,,0,,0,,0,0,1.02999999088548,0.039999933787968,0,,,,,1.720000116,0,36.0000030455003,,,,14.3000001528,0,144.000000036,,10.2299996009524,,9,419.089996284887,0,,,163.039993243746,,,,,,,,15.5699996649352,78.610000564368
2007-12-01T08:00:50.026Z,,0.019999966893984,,,9.34000012024632,,,,6.19000008786281,0.330000089699952,,1.10000008701677,,18.430000224,,,,5.40999978912439,,68.1999969687125,,70.65000149854,1.01999999679079,,70.7581072851299,15.3700000000001,78.0199966123891,,,,,4.06000000000009,0,,144.000000036,,,0,,75.0899963748267,,-40.0000033838892,0.039999933787968,136.000004610466,,0,,,,0.009999983446992,0.309999963818664,,0,0.009999983446992,,0,,,,0,,0,,0,0,1.02999999088548,0.039999933787968,0,,,,,1.720000116,0,37.9999997673161,,,,14.3000001528,0,144.000000036,,10.2200002534547,,9,419.079986603215,0,,,163.039993243746,,,,,,,,15.5699996649352,78.610000564368
2007-12-01T08:00:54.000Z,,0.019999966893984,,,9.34000012024632,,,,6.19000008786281,0.330000089699952,,1.10000008701677,,18.430000224,,,,5.40999978912439,,68.1999969687125,,70.6600037078092,1.01999999679079,,70.7886975545627,15.3700000000001,78.0199966123891,,,,,4.06000000000009,0,,144.000000036,,,0,,75.0999984251086,,-39.0000015756026,0.039999933787968,114.999994215477,,0,,,,0.009999983446992,0.309999963818664,,0,0.009999983446992,,0,,,,0,,0,,0,0,1.02999999088548,0.039999933787968,0,,,,,1.720000116,0,42.000000105705,,,,14.3000001528,0,144.000000036,,10.2200002534547,,9,419.079986603215,0,,,163.039993243746,,,,,,,,15.5699996649352,78.5899963048168
2007-12-01T08:00:59.011Z,,0.019999966893984,,,9.34000012024632,,,,6.19000008786281,0.330000089699952,,1.10000008701677,,18.430000224,,,,5.40999978912439,,68.1999969687125,,70.65000149854,1.01999999679079,,70.8600775714601,15.3700000000001,77.9999999842285,,,,,4.06000000000009,0,,144.000000036,,,0,,75.0999984251086,,-37.9999997673161,0.019999966893984,150.999997260978,,0,,,,0.009999983446992,0.309999963818664,,0,0.009999983446992,,0,,,,0,,0,,0,0,1.02999999088548,0.019999966893984,0,,,,,1.720000116,0,13.0000028234533,,,,14.3000001528,0,144.000000036,,10.2200002534547,,9,419.040008609675,0,,,163.009994565303,,,,,,,,15.5699996649352,78.5800018859255
2007-12-01T08:01:02.986Z,,0.019999966893984,,,9.34000012024632,,,,6.19000008786281,0.319999947265656,,1.10000008701677,,18.430000224,,,,5.40999978912439,,68.1999969687125,,70.6600037078092,1.01999999679079,,70.8396867800591,15.3700000000001,77.9899979339465,,,,,4.06000000000009,0,,144.000000036,,,0,,75.0999984251086,,-40.9999982974184,0.019999966893984,136.999999523995,,0,,,,0.009999983446992,0.309999963818664,,0,0.009999983446992,,0,,,,0,,0,,0,0,1.02999999088548,0.019999966893984,0,,,,,1.720000116,0,-12.0000010151668,,,,14.3000001528,0,144.000000036,,10.2200002534547,,9,419.019989087342,0,,,163.009994565303,,,,,,,,15.5699996649352,78.5800018859255
2007-12-01T08:01:07.997Z,,0.019999966893984,,,9.34000012024632,,,,6.19000008786281,0.319999947265656,,1.10000008701677,,18.430000224,,,,5.40999978912439,,68.1999969687125,,70.6600037078092,1.01999999679079,,70.7479082606904,15.3700000000001,77.9899979339465,,,,,4.06000000000009,0,,144.000000036,,,0,,75.0899963748267,,-40.0000033838892,0.019999966893984,136.999999523995,,0,,,,0.009999983446992,0.309999963818664,,0,0.009999983446992,,0,,,,0,,0,,0,0,1.02999999088548,0.019999966893984,0,,,,,1.720000116,0,20.0000016919446,,,,14.3000001528,0,144.000000036,,10.2299996009524,,9,419.010009772245,0,,,163.009994565303,,,,,,,,15.5699996649352,78.5800018859255
2007-12-01T08:01:11.971Z,,0.019999966893984,,,9.34000012024632,,,,6.19000008786281,0.319999947265656,,1.10000008701677,,18.430000224,,,,5.40999978912439,,68.1999969687125,,70.6600037078092,1.01999999679079,,70.6255471829592,15.3700000000001,78.0100021934977,,,,,4.06000000000009,0,,144.000000036,,,0,,75.0999984251086,,-40.9999982974184,0.019999966893984,129.999993760747,,0,,,,0.009999983446992,0.309999963818664,,0,0.009999983446992,,0,,,,0,,0,,0,0,1.02999999088548,0.019999966893984,0,,,,,1.720000116,0,13.9999977369826,,,,14.3000001528,0,144.000000036,,10.2500000448083,,9,419.029998769015,0,,,163.009994565303,,,,,,,,15.5699996649352,78.5800018859255
2007-12-01T08:01:16.982Z,,0.019999966893984,,,9.34000012024632,,,,6.19000008786281,0.319999947265656,,1.10000008701677,,18.4999999824,,,,5.40999978912439,,68.1999969687125,,70.65000149854,1.01999999679079,,69.9729293672201,15.3700000000001,78.0199966123891,,,,,4.06000000000009,0,,144.000000036,,,0,,75.0999984251086,,-39.0000015756026,0.019999966893984,124.999998508828,,0,,,,0.009999983446992,0.309999963818664,,0,0.009999983446992,,0,,,,0,,0,,0,0,1.02999999088548,0.019999966893984,0,,,,,1.720000116,0,33.0000045153979,,,,14.3000001528,0,144.000000036,,10.2700004886642,,9,419.059997606445,0,,,163.009994565303,,,,,,,,15.5699996649352,78.5800018859255
2007-12-01T08:01:21.043Z,,0.019999966893984,,,9.34000012024632,,,,6.19000008786281,0.319999947265656,,1.10000008701677,,18.5900001072,,,,5.40999978912439,,68.1999969687125,,70.6600037078092,1.01999999679079,,70.0443093841175,15.3700000000001,77.9899979339465,,,,,4.0500000000001,0,,144.000000036,,,0,,75.0899963748267,,-39.0000015756026,0.019999966893984,121.999999978726,,0,,,,0.009999983446992,0.309999963818664,,0,0.009999983446992,,0,,,,0,,0,,0,0,1.02999999088548,0.019999966893984,0,,,,,1.720000116,0,18.999999883658,,,,14.3000001528,0,144.000000036,,10.2799996771747,,9,419.070007288117,0,,,163.009994565303,,,,,,,,15.5699996649352,78.5800018859255
2007-12-01T08:01:25.968Z,,0.019999966893984,,,9.34000012024632,,,,6.19000008786281,0.319999947265656,,1.10000008701677,,18.6900004152,,,,5.40999978912439,,68.1999969687125,,70.6600037078092,1.01999999679079,,71.0742167149676,15.3700000000001,77.9899979339465,,,,,4.06000000000009,0,,144.000000036,,,0,,75.0999984251086,,-39.0000015756026,0.019999966893984,115.999996023764,,0,,,,0.009999983446992,0.309999963818664,,0,0.009999983446992,,0,,,,0,,0,,0,0,1.02999999088548,0.019999966893984,0,,,,,1.720000116,0,16.0000013535557,,,,14.3000001528,0,144.000000036,,10.2899999785963,,9,419.059997606445,0,,,163.009994565303,,,,,,,,15.5600004764247,78.5699996766562
2007-12-01T08:01:30.029Z,,0.019999966893984,,,9.34000012024632,,,,6.19000008786281,0.309999963818664,,1.10000008701677,,18.7099989528,,,,5.40999978912439,,68.1999969687125,,70.6600037078092,1.01999999679079,,70.9314571347651,15.3700000000001,77.9899979339465,,,,,4.06000000000009,0,,144.000000036,,,0,,75.0899963748267,,-40.9999982974184,0.009999983446992,112.000002580132,,0,,,,0.009999983446992,0.309999963818664,,0,0.009999983446992,,0,,,,0,,0,,0,0,1.02999999088548,0.009999983446992,0,,,,,1.720000116,0,31.0000008988248,,,,14.3000001528,0,144.000000036,,10.2899999785963,,9,419.070007288117,0,,,163.009994565303,,,,,,,,15.5699996649352,78.5800018859255
2007-12-01T08:01:35.040Z,,0.009999983446992,,,9.34000012024632,,,,6.19000008786281,0.309999963818664,,1.10000008701677,,18.7099989528,,,,5.40999978912439,,68.1999969687125,,70.6600037078092,1.01999999679079,,70.8396867800591,15.3700000000001,77.9999999842285,,,,,4.06000000000009,0,,144.000000036,,,0,,75.1100006343779,,-42.000000105705,0.019999966893984,107.000007328214,,0,,,,0.009999983446992,0.309999963818664,,0,0.009999983446992,,0,,,,0,,0,,0,0,1.02999999088548,0.019999966893984,0,,,,,1.720000116,0,0,,,,14.3000001528,0,144.000000036,,10.2799996771747,,9,419.070007288117,0,,,163.020004246976,,,,,,,,15.5699996649352,78.5800018859255
2007-12-01T08:01:39.014Z,,0.019999966893984,,,9.34000012024632,,,,6.19000008786281,0.319999947265656,,1.10000008701677,,18.7099989528,,,,5.40999978912439,,68.1999969687125,,70.6600037078092,1.01999999679079,,70.7886975545627,15.3700000000001,78.0199966123891,,,,,4.06000000000009,0,,144.000000036,,,0,,75.1100006343779,,-40.0000033838892,0.029999950340976,103.000000095068,,0,,,,0.009999983446992,0.309999963818664,,0,0.009999983446992,,0,,,,0,,0,,0,0,1.02999999088548,0.029999950340976,0,,,,,1.720000116,0,36.0000030455003,,,,14.3000001528,0,144.000000036,,10.2799996771747,,9,419.089996284887,0,,,163.029998824854,,,,,,,,15.5699996649352,78.5800018859255
2007-12-01T08:01:44.026Z,,0.019999966893984,,,9.34000012024632,,,,6.19000008786281,0.319999947265656,,1.10000008701677,,18.7099989528,,,,5.40999978912439,,68.1999969687125,,70.6600037078092,1.01999999679079,,70.8906678408929,15.3700000000001,78.0199966123891,,,,,4.0500000000001,0,,144.000000036,,,0,,75.1100006343779,,-40.9999982974184,0.029999950340976,113.999999301948,,0,,,,0.009999983446992,0.309999963818664,,0,0.009999983446992,,0,,,,0,,0,,0,0,1.02999999088548,0.029999950340976,0,,,,,1.720000116,0,43.9999968275208,,,,14.3000001528,0,144.000000036,,10.2700004886642,,9,419.100006125547,0,,,163.029998824854,,,,,,,,15.5699996649352,78.5800018859255
2007-12-01T08:01:48.000Z,,0.019999966893984,,,9.31999967639043,,,,6.19000008786281,0.309999963818664,,1.09000010356978,,18.7099989528,,,,5.40999978912439,,68.1999969687125,,70.6600037078092,1.01999999679079,,70.9314571347651,15.3700000000001,78.0199966123891,,,,,4.06000000000009,0,,144.000000036,,,0,,75.1100006343779,,-40.9999982974184,0.029999950340976,104.999996816884,,0,,,,0.009999983446992,0.309999963818664,,0,0.009999983446992,,0,,,,0,,0,,0,0,1.02999999088548,0.029999950340976,0,,,,,1.720000116,0,28.0000023687224,,,,14.3000001528,0,144.000000036,,10.2600001872426,,9,419.079986603215,0,,,163.020004246976,,,,,,,,15.5699996649352,78.5999985140861
2007-12-01T08:01:53.011Z,,0.019999966893984,,,9.31999967639043,,,,6.19000008786281,0.319999947265656,,1.10000008701677,,18.7099989528,,,,5.40999978912439,,68.1999969687125,,70.6600037078092,1.01999999679079,,70.9620474041979,15.3700000000001,78.0199966123891,,,,,4.06000000000009,0,,144.000000036,,,0,,75.1100006343779,,-40.9999982974184,0.039999933787968,123.000001787013,,0,,,,0.009999983446992,0.309999963818664,,0,0.009999983446992,,0,,,,0,,0,,0,0,1.02999999088548,0.039999933787968,0,,,,,1.720000116,0,43.0000019139915,,,,14.3000001528,0,144.000000036,,10.2500000448083,,9,419.079986603215,0,,,163.039993243746,,,,,,,,15.5699996649352,78.610000564368
2007-12-01T08:02:01.997Z,,0.019999966893984,,,9.30000018645835,,,,6.19000008786281,0.319999947265656,,1.0599999942415,,18.7099989528,,,,5.40999978912439,,68.1999969687125,,70.6600037078092,1.01999999679079,,70.9314571347651,15.3700000000001,78.0199966123891,,,,,4.06000000000009,0,,144.000000036,,,0,,75.1100006343779,,-39.0000015756026,0.039999933787968,133.000006080364,,0,,,,0.009999983446992,0.309999963818664,,0,0.009999983446992,,0,,,,0,,0,,0,0,1.02999999088548,0.039999933787968,0,,,,,1.720000116,0,2.99999853010237,,,,14.3000001528,0,144.000000036,,10.2500000448083,,9,419.029998769015,0,,,163.020004246976,,,,,,,,15.5600004764247,78.610000564368
2007-12-01T08:02:05.971Z,,0.019999966893984,,,9.30000018645835,,,,6.19000008786281,0.319999947265656,,1.06999997768849,,18.7099989528,,,,5.40999978912439,,68.1999969687125,,70.6600037078092,1.01999999679079,,71.0232356541338,15.3700000000001,78.0199966123891,,,,,4.0500000000001,0,,144.000000036,,,0,,75.1100006343779,,-40.9999982974184,0.019999966893984,126.999995230644,,0,,,,0.009999983446992,0.309999963818664,,0,0.009999983446992,,0,,,,0,,0,,0,0,1.02999999088548,0.019999966893984,0,,,,,1.720000116,0,55.0000029291583,,,,14.3000001528,0,144.000000036,,10.2500000448083,,9,419.029998769015,0,,,163.009994565303,,,,,,,,15.5699996649352,78.5999985140861
2007-12-01T08:02:10.982Z,,0.019999966893984,,,9.30000018645835,,,,6.19000008786281,0.309999963818664,,1.06999997768849,,18.7099989528,,,,5.40999978912439,,68.1999969687125,,70.6600037078092,1.01999999679079,,70.8804760739314,15.3700000000001,78.0199966123891,,,,,4.0500000000001,0,,144.000000036,,,0,,75.1100006343779,,-40.9999982974184,0,141.999994775913,,0,,,,0.009999983446992,0.309999963818664,,0,0.009999983446992,,0,,,,0,,0,,0,0,1.02999999088548,0,0,,,,,1.720000116,0,32.0000027071113,,,,14.3000001528,0,144.000000036,,10.2399997433867,,9,418.999999931585,0,,,162.990005568533,,,,,,,,15.5699996649352,78.5800018859255
2007-12-01T08:02:15.043Z,,0.019999966893984,,,9.30000018645835,,,,6.19000008786281,0.309999963818664,,1.06999997768849,,18.7099989528,,,,5.40999978912439,,68.2200012282637,,70.65000149854,1.01999999679079,,70.8600775714601,15.3700000000001,78.0199966123891,,,,,4.06000000000009,0,,144.000000036,,,0,,75.1100006343779,,-42.000000105705,-0.009999983446992,152.999993982794,,0,,,,0.009999983446992,0.309999963818664,,0,0.009999983446992,,0,,,,0,,0,,0,0,1.02999999088548,-0.009999983446992,0,,,,,1.720000116,0,54.0000011208717,,,,14.3000001528,0,144.000000036,,10.2299996009524,,9,418.989990249912,0,,,162.990005568533,,,,,,,,15.5699996649352,78.5800018859255
2007-12-01T08:02:19.968Z,,0.019999966893984,,,9.30000018645835,,,,6.19000008786281,0.309999963818664,,1.06999997768849,,18.7099989528,,,,5.40999978912439,,68.2300032785457,,70.6600037078092,1.01999999679079,,70.9620474041979,15.3700000000001,78.0199966123891,,,,,4.06000000000009,0,,144.000000036,,,0,,75.1100006343779,,-37.9999997673161,-0.009999983446992,139.999998054098,,0,,,,0.009999983446992,0.309999963818664,,0,0.009999983446992,,0,,,,0,,0,,0,0,1.02999999088548,-0.009999983446992,0,,,,,1.720000116,0,50.0000007824828,,,,14.3000001528,0,144.000000036,,10.2299996009524,,9,419.010009772245,0,,,162.990005568533,,,,,,,,15.5699996649352,78.5800018859255
2007-12-01T08:02:29.040Z,,0.019999966893984,,,9.30000018645835,,,,6.19000008786281,0.299999980371672,,1.06999997768849,,18.54000102,,,,5.40999978912439,,68.1999969687125,,70.6600037078092,1.01999999679079,,74.0415948662967,15.3700000000001,78.0199966123891,,,,,4.06000000000009,0,,144.000000036,,,0,,75.0999984251086,,-42.000000105705,-0.009999983446992,139.999998054098,,0,,,,0.009999983446992,0.309999963818664,,0,0.009999983446992,,0,,,,0,,0,,0,0,1.02999999088548,-0.009999983446992,0,,,,,1.720000116,0,28.9999972822517,,,,14.3000001528,0,144.000000036,,10.2299996009524,,9,418.950012256372,0,,,162.979995727873,,,,,,,,15.5699996649352,78.5800018859255
2007-12-01T08:02:33.014Z,,0.019999966893984,,,9.30000018645835,,,,6.19000008786281,0.299999980371672,,1.06999997768849,,18.2199994248,,,,5.40999978912439,,68.1999969687125,,70.6600037078092,1.01999999679079,,72.2061024968106,15.3700000000001,78.0199966123891,,,,,4.0500000000001,0,,144.000000036,,,0,,75.0999984251086,,-40.9999982974184,-0.019999966893984,152.999993982794,,0,,,,0.009999983446992,0.309999963818664,,0,0.009999983446992,,0,,,,0,,0,,0,0,1.02999999088548,-0.019999966893984,0,,,,,1.720000116,0,35.0000012372137,,,,14.3000001528,0,144.000000036,,10.2299996009524,,9,418.950012256372,0,,,162.970001149995,,,,,,,,15.5699996649352,78.5800018859255
2007-12-01T08:02:38.026Z,,0.019999966893984,,,9.30000018645835,,,,6.19000008786281,0.299999980371672,,1.06999997768849,,17.6499996504,,,,5.40999978912439,,68.1999969687125,,70.6600037078092,1.01999999679079,,71.6146729310074,15.3700000000001,78.0199966123891,,,,,4.06000000000009,0,,144.000000036,,,0,,75.0999984251086,,-42.000000105705,-0.019999966893984,158.000003024226,,0,,,,0.009999983446992,0.309999963818664,,0,0.009999983446992,,0,,,,0,,0,,0,0,1.02999999088548,-0.019999966893984,0,,,,,1.720000116,0,42.000000105705,,,,14.3000001528,0,144.000000036,,10.2200002534547,,9,418.940002415713,0,,,162.970001149995,,,,,,,,15.5699996649352,78.5800018859255
2007-12-01T08:02:42.000Z,,0.019999966893984,,,9.30000018645835,,,,6.19000008786281,0.299999980371672,,1.10000008701677,,17.180000184,,,,5.40999978912439,,68.1999969687125,,70.6600037078092,1.01999999679079,,71.4719056397346,15.3700000000001,78.0199966123891,,,,,4.0500000000001,0,,144.000000036,,,0,,75.0999984251086,,-40.9999982974184,-0.019999966893984,164.000000084431,,0,,,,0.009999983446992,0.309999963818664,,0,0.009999983446992,,0,,,,0,,0,,0,0,1.02999999088548,-0.019999966893984,0,,,,,1.720000116,0,28.9999972822517,,,,14.3000001528,0,144.000000036,,10.2200002534547,,9,418.970001253142,0,,,162.970001149995,,,,,,,,15.5699996649352,78.5800018859255
2007-12-01T08:02:47.011Z,,0.019999966893984,,,9.30000018645835,,,,6.19000008786281,0.299999980371672,,1.10000008701677,,16.829999868,,,,5.40999978912439,,68.1999969687125,,70.6600037078092,1.01999999679079,,71.4413153703018,15.3700000000001,78.0199966123891,,,,,4.06000000000009,0,,144.000000036,,,0,,75.0899963748267,,-40.9999982974184,-0.019999966893984,153.99999579108,,0,,,,0.009999983446992,0.309999963818664,,0,0.009999983446992,,0,,,,0,,0,,0,0,1.02999999088548,-0.019999966893984,0,,,,,1.720000116,0,32.0000027071113,,,,14.3000001528,0,144.000000036,,10.2100001110204,,9,418.970001253142,0,,,162.970001149995,,,,,,,,15.5699996649352,78.5800018859255
2007-12-01T08:02:55.997Z,,0.019999966893984,,,9.30000018645835,,,,6.19000008786281,0.299999980371672,,1.10000008701677,,16.3999996104,,,,5.40999978912439,,68.1999969687125,,70.6600037078092,1.01999999679079,,70.0443093841175,15.3700000000001,78.0199966123891,,,,,4.06000000000009,0,,144.000000036,,,0,,75.0999984251086,,-42.000000105705,-0.029999950340976,164.000000084431,,0,,,,0.009999983446992,0.309999963818664,,0,0.009999983446992,,0,,,,0,,0,,0,0,1.02999999088548,-0.029999950340976,0,,,,,1.720000116,0,24.0000020303335,,,,14.3000001528,0,144.000000036,,10.2200002534547,,9,418.970001253142,0,,,162.970001149995,,,,,,,,15.5699996649352,78.5800018859255
2007-12-01T08:02:59.971Z,,0.019999966893984,,,9.30000018645835,,,,6.19000008786281,0.299999980371672,,1.10000008701677,,16.4500008312,,,,5.40999978912439,,68.2200012282637,,70.65000149854,1.01999999679079,,69.2591233015451,15.3700000000001,78.0199966123891,,,,,4.06000000000009,0,,144.000000036,,,0,,75.0899963748267,,-40.9999982974184,-0.029999950340976,167.999993528063,,0,,,,0.009999983446992,0.309999963818664,,0,0.009999983446992,,0,,,,0,,0,,0,0,1.02999999088548,-0.029999950340976,0,,,,,1.720000116,0,5.99999706020473,,,,14.3000001528,0,144.000000036,,10.2200002534547,,9,418.989990249912,0,,,162.970001149995,,,,,,,,15.5699996649352,78.5800018859255
2007-12-01T08:03:04.982Z,,0.019999966893984,,,9.30000018645835,,,,6.19000008786281,0.299999980371672,,1.10000008701677,,16.5200005896,,,,5.40999978912439,,68.2300032785457,,70.6600037078092,1.01999999679079,,70.3094295884588,15.3700000000001,78.0199966123891,,,,,4.06000000000009,0,,144.000000036,,,0,,75.0899963748267,,-43.0000019139915,-0.019999966893984,174.000004377782,,0,,,,0.009999983446992,0.309999963818664,,0,0.009999983446992,,0,,,,0,,0,,0,0,1.02999999088548,-0.019999966893984,0,,,,,1.720000116,0,-2.99999853010237,,,,14.3000001528,0,144.000000036,,10.2299996009524,,9,418.999999931585,0,,,162.970001149995,,,,,,,,15.5699996649352,78.5800018859255
2007-12-01T08:03:09.043Z,,0.009999983446992,,,9.30000018645835,,,,6.19000008786281,0.299999980371672,,1.09000010356978,,16.5599994936,,,,5.40999978912439,,68.2300032785457,,70.6600037078092,1.01999999679079,,71.0130366296944,15.3700000000001,78.0199966123891,,,,,4.06000000000009,0,,144.000000036,,,0,,75.0999984251086,,-40.9999982974184,-0.019999966893984,171.00000584768,,0,,,,0.009999983446992,0.309999963818664,,0,0.009999983446992,,0,,,,0,,0,,0,0,1.02999999088548,-0.019999966893984,0,,,,,1.720000116,0,1.00000180828655,,,,14.3000001528,0,144.000000036,,10.2299996009524,,9,418.999999931585,0,,,162.970001149995,,,,,,,,15.5699996649352,78.5800018859255
2007-12-01T08:03:13.968Z,,0.019999966893984,,,9.30000018645835,,,,6.19000008786281,0.299999980371672,,1.10000008701677,,16.5599994936,,,,5.40999978912439,,68.2300032785457,,70.6600037078092,1.01999999679079,,70.9620474041979,15.3700000000001,78.0199966123891,,,,,4.06000000000009,0,,144.000000036,,,0,,75.1100006343779,,-40.0000033838892,-0.019999966893984,165.999996806247,,0,,,,0.009999983446992,0.309999963818664,,0,0.009999983446992,,0,,,,0,,0,,0,0,1.02999999088548,-0.019999966893984,0,,,,,1.720000116,0,16.0000013535557,,,,14.3000001528,0,144.000000036,,10.2299996009524,,9,419.019989087342,0,,,162.979995727873,,,,,,,,15.5699996649352,78.5800018859255
2007-12-01T08:03:18.029Z,,0.019999966893984,,,9.30000018645835,,,,6.19000008786281,0.299999980371672,,1.09000010356978,,16.5599994936,,,,5.40999978912439,,68.2300032785457,,70.6600037078092,1.01999999679079,,70.8804760739314,15.3700000000001,78.0199966123891,,,,,4.0500000000001,0,,144.000000036,,,0,,75.1100006343779,,-40.9999982974184,-0.009999983446992,176.999996013127,,0,,,,0.009999983446992,0.309999963818664,,0,0.009999983446992,,0,,,,0,,0,,0,0,1.02999999088548,-0.009999983446992,0,,,,,1.720000116,0,-9.99999739859365,,,,14.3000001528,0,144.000000036,,10.2399997433867,,9,419.029998769015,0,,,162.990005568533,,,,,,,,15.5699996649352,78.5800018859255
2007-12-01T08:03:23.040Z,,0.019999966893984,,,9.30000018645835,,,,6.19000008786281,0.299999980371672,,1.10000008701677,,16.5599994936,,,,5.40999978912439,,68.2099990189945,,70.6600037078092,1.01999999679079,,70.9620474041979,15.3700000000001,78.0199966123891,,,,,4.06000000000009,0,,144.000000036,,,0,,75.1100006343779,,-40.9999982974184,0,176.000001099598,,0,,,,0.009999983446992,0.309999963818664,,0,0.009999983446992,,0,,,,0,,0,,0,0,1.02999999088548,0,0,,,,,1.720000116,0,2.99999853010237,,,,14.3000001528,0,144.000000036,,10.2399997433867,,9,419.019989087342,0,,,162.990005568533,,,,,,,,15.5699996649352,78.5800018859255
2007-12-01T08:03:27.014Z,,0.019999966893984,,,9.30000018645835,,,,6.19000008786281,0.299999980371672,,1.10000008701677,,16.5599994936,,,,5.40999978912439,,68.2099990189945,,70.6600037078092,1.01999999679079,,70.9722468822298,15.3700000000001,78.0199966123891,,,,,4.06000000000009,0,,144.000000036,,,0,,75.1100006343779,,-42.000000105705,-0.009999983446992,157.000008110697,,0,,,,0.009999983446992,0.309999963818664,,0,0.009999983446992,,0,,,,0,,0,,0,0,1.02999999088548,-0.009999983446992,0,,,,,1.720000116,0,4.00000033838892,,,,14.3000001528,0,144.000000036,,10.2399997433867,,9,419.019989087342,0,,,162.990005568533,,,,,,,,15.5699996649352,78.5800018859255
2007-12-01T08:03:32.026Z,,0.019999966893984,,,9.30000018645835,,,,6.19000008786281,0.299999980371672,,1.09000010356978,,16.5599994936,,,,5.40999978912439,,68.2300032785457,,70.65000149854,1.01999999679079,,70.9620474041979,15.3700000000001,78.0199966123891,,,,,4.06000000000009,0,,144.000000036,,,0,,75.1100006343779,,-40.9999982974184,-0.009999983446992,172.000000761209,,0,,,,0.009999983446992,0.309999963818664,,0,0.009999983446992,,0,,,,0,,0,,0,0,1.02999999088548,-0.009999983446992,0,,,,,1.720000116,0,-1.00000180828655,,,,14.3000001528,0,144.000000036,,10.2399997433867,,9,419.040008609675,0,,,162.990005568533,,,,,,,,15.5699996649352,78.5800018859255
2007-12-01T08:03:36.000Z,,0.019999966893984,,,9.30000018645835,,,,6.19000008786281,0.299999980371672,,1.06999997768849,,16.5599994936,,,,5.40999978912439,,68.2300032785457,,70.65000149854,1.01999999679079,,70.9722468822298,15.3700000000001,78.0199966123891,,,,,4.06000000000009,0,,144.000000036,,,0,,75.1100006343779,,-40.9999982974184,0,162.000003362615,,0,,,,0.009999983446992,0.309999963818664,,0,0.009999983446992,,0,,,,0,,0,,0,0,1.02999999088548,0,0,,,,,1.720000116,0,8.00000067677784,,,,14.3000001528,0,144.000000036,,10.2399997433867,,9,419.019989087342,0,,,162.990005568533,,,,,,,,15.5699996649352,78.5800018859255
2007-12-01T08:03:41.011Z,,0.019999966893984,,,9.30000018645835,,,,6.19000008786281,0.299999980371672,,1.06999997768849,,16.5599994936,,,,5.40999978912439,,68.2300032785457,,70.6600037078092,1.01999999679079,,70.941656612797,15.3700000000001,78.0199966123891,,,,,4.06000000000009,0,,144.000000036,,,0,,75.1100006343779,,-40.0000033838892,-0.009999983446992,176.000001099598,,0,,,,0.009999983446992,0.309999963818664,,0,0.009999983446992,,0,,,,0,,0,,0,0,1.02999999088548,-0.009999983446992,0,,,,,1.720000116,0,-8.00000067677784,,,,14.3000001528,0,144.000000036,,10.2399997433867,,9,418.999999931585,0,,,162.990005568533,,,,,,,,15.5699996649352,78.5800018859255
2007-12-01T08:03:44.986Z,,0.019999966893984,,,9.31999967639043,,,,6.19000008786281,0.299999980371672,,1.06999997768849,,16.5599994936,,,,5.40999978912439,,68.2300032785457,,70.6600037078092,1.01999999679079,,70.9314571347651,15.3700000000001,78.0199966123891,,,,,4.0500000000001,0,,144.000000036,,,0,,75.1100006343779,,-42.000000105705,0,174.999999291311,,0,,,,0.009999983446992,0.309999963818664,,0,0.009999983446992,,0,,,,0,,0,,0,0,1.02999999088548,0,0,,,,,1.720000116,0,-12.0000010151668,,,,14.3000001528,0,144.000000036,,10.2399997433867,,9,419.019989087342,0,,,163.009994565303,,,,,,,,15.5699996649352,78.5800018859255
2007-12-01T08:03:49.997Z,,0.019999966893984,,,9.31999967639043,,,,6.19000008786281,0.299999980371672,,1.0599999942415,,16.5599994936,,,,5.40999978912439,,68.2099990189945,,70.6600037078092,1.01999999679079,,70.9722468822298,15.3700000000001,78.0199966123891,,,,,4.06000000000009,0,,144.000000036,,,0,,75.0999984251086,,-44.9999986358074,0.009999983446992,167.999993528063,,0,,,,0.009999983446992,0.309999963818664,,0,0.009999983446992,,0,,,,0,,0,,0,0,1.02999999088548,0.009999983446992,0,,,,,1.720000116,0,23.000000222047,,,,14.3000001528,0,144.000000036,,10.2399997433867,,9,419.010009772245,0,,,162.990005568533,,,,,,,,15.5699996649352,78.5800018859255
2007-12-01T08:03:53.971Z,,0.019999966893984,,,9.31999967639043,,,,6.19000008786281,0.299999980371672,,1.06999997768849,,16.5599994936,,,,5.40999978912439,,68.1999969687125,,70.639999448258,1.01999999679079,,70.8294873020273,15.3700000000001,78.0199966123891,,,,,4.06000000000009,0,,144.000000036,,,0,,75.0899963748267,,-43.0000019139915,0,162.000003362615,,0,,,,0.009999983446992,0.309999963818664,,0,0.009999983446992,,0,,,,0,,0,,0,0,1.02999999088548,0,0,,,,,1.720000116,0,10.9999992068802,,,,14.3000001528,0,144.000000036,,10.2399997433867,,9,418.980010934815,0,,,162.990005568533,,,,,,,,15.5699996649352,78.5800018859255
2007-12-01T08:03:58.982Z,,0.019999966893984,,,9.32999997781203,,,,6.19000008786281,0.299999980371672,,1.06999997768849,,16.5599994936,,,,5.40999978912439,,68.1999969687125,,70.639999448258,1.01999999679079,,70.992645384701,15.3700000000001,78.0199966123891,,,,,4.0500000000001,0,,144.000000036,,,0,,75.0999984251086,,-40.9999982974184,0,180.999996351516,,0,,,,0.009999983446992,0.309999963818664,,0,0.009999983446992,,0,,,,0,,0,,0,0,1.02999999088548,0,0,,,,,1.720000116,0,8.00000067677784,,,,14.3000001528,0,144.000000036,,10.2399997433867,,9,418.980010934815,0,,,162.999999987425,,,,,,,,15.5699996649352,78.5800018859255
2007-12-01T08:04:03.043Z,,0.019999966893984,,,9.31999967639043,,,,6.19000008786281,0.299999980371672,,1.06999997768849,,16.5599994936,,,,5.40999978912439,,68.1999969687125,,70.639999448258,1.01999999679079,,70.8396867800591,15.3700000000001,78.0199966123891,,,,,4.06000000000009,0,,144.000000036,,,0,,75.1100006343779,,-40.9999982974184,0.019999966893984,166.999998614533,,0,,,,0.009999983446992,0.309999963818664,,0,0.009999983446992,,0,,,,0,,0,,0,0,1.02999999088548,0.019999966893984,0,,,,,1.720000116,0,14.9999995452691,,,,14.3000001528,0,144.000000036,,10.2399997433867,,9,418.980010934815,0,,,162.999999987425,,,,,,,,15.5699996649352,78.5800018859255
2007-12-01T08:04:07.968Z,,0.019999966893984,,,9.31999967639043,,,,6.19000008786281,0.299999980371672,,1.06999997768849,,16.5599994936,,,,5.40999978912439,,68.1999969687125,,70.639999448258,1.01999999679079,,70.941656612797,15.3700000000001,78.0199966123891,,,,,4.0500000000001,0,,144.000000036,,,0,,75.1100006343779,,-40.9999982974184,0.009999983446992,177.999997821414,,0,,,,0.009999983446992,0.309999963818664,,0,0.009999983446992,,0,,,,0,,0,,0,0,1.02999999088548,0.009999983446992,0,,,,,1.720000116,0,27.0000005604359,,,,14.3000001528,0,144.000000036,,10.2299996009524,,9,418.980010934815,0,,,163.009994565303,,,,,,,,15.5699996649352,78.5800018859255
2007-12-01T08:04:12.029Z,,0.019999966893984,,,9.31999967639043,,,,6.19000008786281,0.299999980371672,,1.06999997768849,,16.5599994936,,,,5.40999978912439,,68.1999969687125,,70.639999448258,1.01999999679079,,71.0436268991272,15.3700000000001,78.0199966123891,,,,,4.06000000000009,0,,144.000000036,,,0,,75.1100006343779,,-40.9999982974184,0.019999966893984,147.999998730875,,0,,,,0.009999983446992,0.309999963818664,,0,0.009999983446992,,0,,,,0,,0,,0,0,1.02999999088548,0.019999966893984,0,,,,,1.720000116,0,12.0000010151668,,,,14.3000001528,0,144.000000036,,10.2299996009524,,9,418.970001253142,0,,,163.009994565303,,,,,,,,15.5699996649352,78.5800018859255
2007-12-01T08:04:17.040Z,,0.019999966893984,,,9.31999967639043,,,,6.19000008786281,0.299999980371672,,1.06999997768849,,16.5599994936,,,,5.40999978912439,,68.1999969687125,,70.639999448258,1.01999999679079,,70.8396867800591,15.3700000000001,78.0199966123891,,,,,4.06000000000009,0,,144.000000036,,,0,,75.1100006343779,,-42.000000105705,0.019999966893984,147.999998730875,,0,,,,0.009999983446992,0.309999963818664,,0,0.009999983446992,,0,,,,0,,0,,0,0,1.02999999088548,0.019999966893984,0,,,,,1.720000116,0,17.0000031618422,,,,14.3000001528,0,144.000000036,,10.2200002534547,,9,418.970001253142,0,,,163.009994565303,,,,,,,,15.5699996649352,78.5800018859255
2007-12-01T08:04:21.014Z,,0.019999966893984,,,9.31999967639043,,,,6.19000008786281,0.299999980371672,,1.06999997768849,,16.5300007728,,,,5.40999978912439,,68.1999969687125,,70.639999448258,1.01999999679079,,64.3746855327946,15.3700000000001,78.0199966123891,,,,,4.06000000000009,0,,144.000000036,,,0,,75.1100006343779,,-40.9999982974184,0.019999966893984,145.00000709553,,0,,,,0.009999983446992,0.309999963818664,,0,0.009999983446992,,0,,,,0,,0,,0,0,1.02999999088548,0.019999966893984,0,,,,,1.720000116,0,0,,,,14.3000001528,0,144.000000036,,10.2299996009524,,9,418.970001253142,0,,,163.009994565303,,,,,,,,15.5699996649352,78.5800018859255
2007-12-01T08:04:26.026Z,,0.019999966893984,,,9.31999967639043,,,,6.19000008786281,0.299999980371672,,1.06999997768849,,16.4999999184,,,,5.40999978912439,,68.1999969687125,,70.639999448258,1.01999999679079,,63.1918150613789,15.3700000000001,78.0199966123891,,,,,4.06000000000009,0,,144.000000036,,,0,,75.1100006343779,,-40.9999982974184,0.019999966893984,161.000001554329,,0,,,,0.009999983446992,0.309999963818664,,0,0.009999983446992,,0,,,,0,,0,,0,0,1.02999999088548,0.019999966893984,0,,,,,1.720000116,0,58.0000014592607,,,,14.3000001528,0,144.000000036,,10.2299996009524,,9,418.959991412483,0,,,163.009994565303,,,,,,,,15.5699996649352,78.5800018859255
2007-12-01T08:04:30.000Z,,0.019999966893984,,,9.31999967639043,,,,6.19000008786281,0.299999980371672,,1.0599999942415,,16.4999999184,,,,5.40999978912439,,68.1999969687125,,70.639999448258,1.01999999679079,,63.242800204544,15.3700000000001,77.9999999842285,,,,,4.06000000000009,0,,144.000000036,,,0,,75.0999984251086,,-40.9999982974184,0.009999983446992,167.999993528063,,0,,,,0.009999983446992,0.309999963818664,,0,0.009999983446992,,0,,,,0,,0,,0,0,1.02999999088548,0.009999983446992,0,,,,,1.720000116,0,17.0000031618422,,,,14.3000001528,0,144.000000036,,10.2200002534547,,9,418.940002415713,0,,,162.999999987425,,,,,,,,15.5699996649352,78.5800018859255
2007-12-01T08:04:35.011Z,,0.019999966893984,,,9.31999967639043,,,,6.19000008786281,0.299999980371672,,1.06999997768849,,16.4999999184,,,,5.40999978912439,,68.1999969687125,,70.639999448258,1.01999999679079,,62.9470815661072,15.3700000000001,77.9899979339465,,,,,4.06000000000009,0,,144.000000036,,,0,,75.0899963748267,,-44.9999986358074,0,162.999998276144,,0,,,,0.009999983446992,0.309999963818664,,0,0.009999983446992,,0,,,,0,,0,,0,0,1.02999999088548,0,0,,,,,1.720000116,0,17.9999980753715,,,,14.3000001528,0,144.000000036,,10.2200002534547,,9,418.91000373727,0,,,162.990005568533,,,,,,,,15.5699996649352,78.5800018859255
2007-12-01T08:04:38.986Z,,0.019999966893984,,,9.31999967639043,,,,6.19000008786281,0.299999980371672,,1.06999997768849,,16.4999999184,,,,5.40999978912439,,68.1999969687125,,70.639999448258,1.01999999679079,,63.1000401707491,15.3700000000001,77.9899979339465,,,,,4.0500000000001,0,,144.000000036,,,0,,75.0899963748267,,-42.000000105705,0,155.999992512896,,0,,,,0.009999983446992,0.309999963818664,,0,0.009999983446992,,0,,,,0,,0,,0,0,1.02999999088548,0,0,,,,,1.720000116,0,5.00000214667547,,,,14.3000001528,0,144.000000036,,10.2200002534547,,9,418.91000373727,0,,,162.990005568533,,,,,,,,15.5699996649352,78.5800018859255
2007-12-01T08:04:43.997Z,,0.019999966893984,,,9.31999967639043,,,,6.19000008786281,0.299999980371672,,1.06999997768849,,16.4999999184,,,,5.40999978912439,,68.1999969687125,,70.639999448258,1.01999999679079,,63.181615583347,15.3700000000001,77.9899979339465,,,,,4.06000000000009,0,,144.000000036,,,0,,75.0899963748267,,-37.9999997673161,0,169.000009125864,,0,,,,0.009999983446992,0.309999963818664,,0,0.009999983446992,,0,,,,0,,0,,0,0,1.02999999088548,0,0,,,,,1.720000116,0,13.0000028234533,,,,14.3000001528,0,144.000000036,,10.2200002534547,,9,418.920013418943,0,,,162.990005568533,,,,,,,,15.5699996649352,78.5800018859255
2007-12-01T08:04:47.971Z,,0.019999966893984,,,9.31999967639043,,,,6.19000008786281,0.299999980371672,,1.06999997768849,,16.4999999184,,,,5.40999978912439,,68.1999969687125,,70.639999448258,1.01999999679079,,63.181615583347,15.3700000000001,77.9899979339465,,,,,4.06000000000009,0,,144.000000036,,,0,,75.0899963748267,,-40.9999982974184,0,171.00000584768,,0,,,,0.009999983446992,0.309999963818664,,0,0.009999983446992,,0,,,,0,,0,,0,0,1.02999999088548,0,0,,,,,1.720000116,0,13.9999977369826,,,,14.3000001528,0,144.000000036,,10.2200002534547,,9,418.91000373727,0,,,162.990005568533,,,,,,,,15.5699996649352,78.5800018859255
2007-12-01T08:04:52.982Z,,0.019999966893984,,,9.31999967639043,,,,6.19000008786281,0.299999980371672,,1.06999997768849,,16.4999999184,,,,5.40999978912439,,68.1999969687125,,70.639999448258,1.01999999679079,,63.2937848941167,15.3700000000001,77.9899979339465,,,,,4.06000000000009,0,,144.000000036,,,0,,75.0999984251086,,-40.9999982974184,0,165.999996806247,,0,,,,0.009999983446992,0.309999963818664,,0,0.009999983446992,,0,,,,0,,0,,0,0,1.02999999088548,0,0,,,,,1.720000116,0,-4.00000033838892,,,,14.3000001528,0,144.000000036,,10.2299996009524,,9,418.920013418943,0,,,162.999999987425,,,,,,,,15.5699996649352,78.5800018859255
2007-12-01T08:04:57.043Z,,0.019999966893984,,,9.31999967639043,,,,6.19000008786281,0.299999980371672,,1.06999997768849,,16.4999999184,,,,5.40999978912439,,68.1999969687125,,70.639999448258,1.01999999679079,,63.2631946246839,15.3700000000001,77.9899979339465,,,,,4.06000000000009,0,,144.000000036,,,0,,75.0999984251086,,-42.000000105705,0,150.000002347448,,0,,,,0.009999983446992,0.309999963818664,,0,0.009999983446992,,0,,,,0,,0,,0,0,1.02999999088548,0,0,,,,,1.720000116,0,17.9999980753715,,,,14.3000001528,0,144.000000036,,10.2399997433867,,9,418.92999273404,0,,,162.990005568533,,,,,,,,15.5699996649352,78.5800018859255
2007-12-01T08:05:01.968Z,,0.019999966893984,,,9.31999967639043,,,,6.19000008786281,0.299999980371672,,1.06999997768849,,16.4999999184,,,,5.40999978912439,,68.1999969687125,,70.639999448258,1.01999999679079,,63.3447700372818,15.3700000000001,77.9899979339465,,,,,4.06000000000009,0,,144.000000036,,,0,,75.0899963748267,,-37.9999997673161,0,150.000002347448,,0,,,,0.009999983446992,0.309999963818664,,0,0.009999983446992,,0,,,,0,,0,,0,0,1.02999999088548,0,0,,,,,1.720000116,0,24.9999969438628,,,,14.3000001528,0,144.000000036,,10.2399997433867,,9,418.940002415713,0,,,162.990005568533,,,,,,,,15.5699996649352,78.5800018859255
2007-12-01T08:05:06.029Z,,0.009999983446992,,,9.31000048787995,,,,6.19000008786281,0.299999980371672,,1.06999997768849,,16.4999999184,,,,5.40999978912439,,68.1999969687125,,70.639999448258,1.01999999679079,,63.2326007265121,15.3700000000001,77.9899979339465,,,,,4.06000000000009,0,,144.000000036,,,0,,75.1100006343779,,-40.0000033838892,0,158.000003024226,,0,,,,0.009999983446992,0.309999963818664,,0,0.009999983446992,,0,,,,0,,0,,0,0,1.02999999088548,0,0,,,,,1.720000116,0,25.9999987521493,,,,14.3000001528,0,144.000000036,,10.2399997433867,,9,418.940002415713,0,,,162.990005568533,,,,,,,,15.5699996649352,78.5800018859255
2007-12-01T08:05:11.040Z,,0.019999966893984,,,9.30000018645835,,,,6.19000008786281,0.299999980371672,,1.06999997768849,,16.4999999184,,,,5.40999978912439,,68.1999969687125,,70.639999448258,1.01999999679079,,63.1918150613789,15.3700000000001,77.9899979339465,,,,,4.0500000000001,0,,144.000000036,,,0,,75.1100006343779,,-40.9999982974184,0,162.999998276144,,0,,,,0.009999983446992,0.309999963818664,,0,0.009999983446992,,0,,,,0,,0,,0,0,1.02999999088548,0,0,,,,,1.720000116,0,29.9999990905382,,,,14.3000001528,0,144.000000036,,10.2399997433867,,9,418.92999273404,0,,,162.990005568533,,,,,,,,15.5699996649352,78.5800018859255
2007-12-01T08:05:15.014Z,,0.019999966893984,,,9.30000018645835,,,,6.19000008786281,0.299999980371672,,1.06999997768849,,16.4999999184,,,,5.40000012365201,,68.1999969687125,,70.639999448258,1.01999999679079,,63.1918150613789,15.3700000000001,77.9899979339465,,,,,4.06000000000009,0,,144.000000036,,,0,,75.0999984251086,,-40.0000033838892,-0.009999983446992,136.000004610466,,0,,,,0.009999983446992,0.309999963818664,,0,0.009999983446992,,0,,,,0,,0,,0,0,1.02999999088548,-0.009999983446992,0,,,,,1.720000116,0,16.0000013535557,,,,14.3000001528,0,144.000000036,,10.2399997433867,,9,418.920013418943,0,,,162.979995727873,,,,,,,,15.5699996649352,78.5800018859255
2007-12-01T08:05:20.026Z,,0.019999966893984,,,9.30000018645835,,,,6.19000008786281,0.299999980371672,,1.06999997768849,,16.4999999184,,,,5.40000012365201,,68.1999969687125,,70.639999448258,1.01999999679079,,63.2326007265121,15.3700000000001,77.9899979339465,,,,,4.0500000000001,0,,144.000000036,,,0,,75.0999984251086,,-40.0000033838892,-0.019999966893984,136.000004610466,,0,,,,0.009999983446992,0.309999963818664,,0,0.009999983446992,,0,,,,0,,0,,0,0,1.02999999088548,-0.019999966893984,0,,,,,1.720000116,0,1.00000180828655,,,,14.3000001528,0,144.000000036,,10.2399997433867,,9,418.890014581513,0,,,162.970001149995,,,,,,,,15.5400000325688,78.5800018859255
2007-12-01T08:05:24.000Z,,0.019999966893984,,,9.30000018645835,,,,6.19000008786281,0.299999980371672,,1.06999997768849,,16.4999999184,,,,5.40999978912439,,68.1999969687125,,70.639999448258,1.01999999679079,,63.2937848941167,15.3700000000001,77.9899979339465,,,,,4.0500000000001,0,,144.000000036,,,0,,75.0999984251086,,-39.0000015756026,-0.019999966893984,155.999992512896,,0,,,,0.009999983446992,0.309999963818664,,0,0.009999983446992,,0,,,,0,,0,,0,0,1.02999999088548,-0.019999966893984,0,,,,,1.720000116,0,6.99999886849128,,,,14.3000001528,0,144.000000036,,10.2399997433867,,9,418.88000489984,0,,,162.970001149995,,,,,,,,15.5400000325688,78.5800018859255
2007-12-01T08:05:29.011Z,,0.019999966893984,,,9.30000018645835,,,,6.19000008786281,0.299999980371672,,1.06999997768849,,16.4999999184,,,,5.40999978912439,,68.1999969687125,,70.639999448258,1.01999999679079,,63.2631946246839,15.3700000000001,77.9899979339465,,,,,4.0500000000001,0,,144.000000036,,,0,,75.0999984251086,,-40.0000033838892,-0.019999966893984,124.999998508828,,0,,,,0.009999983446992,0.309999963818664,,0,0.009999983446992,,0,,,,0,,0,,0,0,1.02999999088548,-0.019999966893984,0,,,,,1.720000116,0,25.9999987521493,,,,14.3000001528,0,144.000000036,,10.2399997433867,,9,418.890014581513,0,,,162.970001149995,,,,,,,,15.5400000325688,78.5800018859255
2007-12-01T08:05:32.986Z,,0.019999966893984,,,9.30000018645835,,,,6.19000008786281,0.299999980371672,,1.06999997768849,,16.479999552,,,,5.40999978912439,,68.1999969687125,,70.639999448258,1.01999999679079,,65.1904578024685,15.3700000000001,77.9899979339465,,,,,4.0500000000001,0,,144.000000036,,,0,,75.0899963748267,,-39.0000015756026,-0.029999950340976,167.999993528063,,0,,,,0.009999983446992,0.309999963818664,,0,0.009999983446992,,0,,,,0,,0,,0,0,1.02999999088548,-0.029999950340976,0,,,,,1.720000116,0,31.0000008988248,,,,14.3000001528,0,144.000000036,,10.2299996009524,,9,418.86999505918,0,,,162.970001149995,,,,,,,,15.5400000325688,78.5800018859255
2007-12-01T08:05:37.997Z,,0.019999966893984,,,9.30000018645835,,,,6.19000008786281,0.299999980371672,,1.06999997768849,,16.3199996688,,,,5.40999978912439,,68.1999969687125,,70.639999448258,1.01999999679079,,63.0592508768769,15.3700000000001,77.9899979339465,,,,,4.06000000000009,0,,144.000000036,,,0,,75.0999984251086,,-40.9999982974184,-0.019999966893984,166.999998614533,,0,,,,0.009999983446992,0.309999963818664,,0,0.009999983446992,,0,,,,0,,0,,0,0,1.02999999088548,-0.019999966893984,0,,,,,1.720000116,0,16.0000013535557,,,,14.3000001528,0,144.000000036,,10.2299996009524,,9,418.86999505918,0,,,162.970001149995,,,,,,,,15.5400000325688,78.5800018859255
2007-12-01T08:05:41.971Z,,0.019999966893984,,,9.30000018645835,,,,6.19000008786281,0.299999980371672,,1.0599999942415,,16.3199996688,,,,5.40999978912439,,68.1999969687125,,70.639999448258,1.01999999679079,,63.1612207096147,15.3700000000001,77.9899979339465,,,,,4.06000000000009,0,,144.000000036,,,0,,75.0999984251086,,-40.9999982974184,-0.019999966893984,174.000004377782,,0,,,,0.009999983446992,0.309999963818664,,0,0.009999983446992,,0,,,,0,,0,,0,0,1.02999999088548,-0.019999966893984,0,,,,,1.720000116,0,14.9999995452691,,,,14.3000001528,0,144.000000036,,10.2299996009524,,9,418.88000489984,0,,,162.970001149995,,,,,,,,15.5400000325688,78.5800018859255
2007-12-01T08:05:46.982Z,,0.019999966893984,,,9.31999967639043,,,,6.19000008786281,0.299999980371672,,1.06999997768849,,16.3199996688,,,,5.40999978912439,,68.1999969687125,,70.639999448258,1.01999999679079,,63.110236020042,15.3700000000001,77.9899979339465,,,,,4.0500000000001,0,,144.000000036,,,0,,75.1100006343779,,-40.9999982974184,-0.009999983446992,174.999999291311,,0,,,,0.009999983446992,0.309999963818664,,0,0.009999983446992,,0,,,,0,,0,,0,0,1.02999999088548,-0.009999983446992,0,,,,,1.720000116,0,4.00000033838892,,,,14.3000001528,0,144.000000036,,10.2299996009524,,9,418.89999389661,0,,,162.999999987425,,,,,,,,15.5400000325688,78.5800018859255
2007-12-01T08:05:55.968Z,,0.019999966893984,,,9.31999967639043,,,,6.19000008786281,0.299999980371672,,1.06999997768849,,16.3199996688,,,,5.40999978912439,,68.1999969687125,,70.639999448258,1.01999999679079,,63.2122099351112,15.3700000000001,77.9899979339465,,,,,4.06000000000009,0,,144.000000036,,,0,,75.1100006343779,,-36.9999979590295,0.009999983446992,167.999993528063,,0,,,,0.009999983446992,0.309999963818664,,0,0.009999983446992,,0,,,,0,,0,,0,0,1.02999999088548,0.009999983446992,0,,,,,1.720000116,0,16.0000013535557,,,,14.3000001528,0,144.000000036,,10.2299996009524,,9,418.920013418943,0,,,163.009994565303,,,,,,,,15.5400000325688,78.5800018859255
2007-12-01T08:06:00.029Z,,0.019999966893984,,,9.31999967639043,,,,6.19000008786281,0.299999980371672,,1.0599999942415,,16.3199996688,,,,5.40999978912439,,68.1999969687125,,70.639999448258,1.01999999679079,,61.1625779685251,15.3700000000001,77.9899979339465,,,,,4.0500000000001,0,,144.000000036,,,0,,75.1100006343779,,-37.9999997673161,0.019999966893984,166.999998614533,,0,,,,0.009999983446992,0.309999963818664,,0,0.009999983446992,,0,,,,0,,0,,0,0,1.02999999088548,0.019999966893984,0,,,,,1.720000116,0,2.99999853010237,,,,14.3000001528,0,144.000000036,,10.2399997433867,,9,418.920013418943,0,,,163.009994565303,,,,,,,,15.5400000325688,78.5800018859255
2007-12-01T08:06:05.040Z,,0.019999966893984,,,9.31999967639043,,,,6.19000008786281,0.299999980371672,,1.06999997768849,,16.5900000432,,,,5.40999978912439,,68.1999969687125,,70.639999448258,1.01999999679079,,63.5283193649489,15.3700000000001,77.9899979339465,,,,,4.06000000000009,0,,144.000000036,,,0,,75.1100006343779,,-37.9999997673161,0.019999966893984,164.000000084431,,0,,,,0.009999983446992,0.309999963818664,,0,0.009999983446992,,0,,,,0,,0,,0,0,1.02999999088548,0.019999966893984,0,,,,,1.720000116,0,-10.9999992068802,,,,14.3000001528,0,144.000000036,,10.2399997433867,,9,418.920013418943,0,,,163.009994565303,,,,,,,,15.5400000325688,78.5800018859255
2007-12-01T08:06:09.014Z,,0.019999966893984,,,9.31999967639043,,,,6.19000008786281,0.299999980371672,,1.06999997768849,,17.8899994752,,,,5.40999978912439,,68.1999969687125,,70.65000149854,1.01999999679079,,64.4154711979278,15.3700000000001,77.9899979339465,,,,,4.06000000000009,0,,144.000000036,,,0,,75.1100006343779,,-37.9999997673161,0.009999983446992,150.000002347448,,0,,,,0.009999983446992,0.309999963818664,,0,0.009999983446992,,0,,,,0,,0,,0,0,1.02999999088548,0.009999983446992,0,,,,,1.720000116,0,2.99999853010237,,,,14.3000001528,0,144.000000036,,10.2299996009524,,9,418.920013418943,0,,,163.009994565303,,,,,,,,15.5400000325688,78.5800018859255
2007-12-01T08:06:14.026Z,,0.019999966893984,,,9.31999967639043,,,,6.19000008786281,0.299999980371672,,1.06999997768849,,18.0300008208,,,,5.40999978912439,,68.1999969687125,,70.639999448258,1.01999999679079,,63.579304508114,15.3700000000001,77.9899979339465,,,,,4.0500000000001,0,,144.000000036,,,0,,75.0999984251086,,-39.0000015756026,0.009999983446992,147.000003817346,,0,,,,0.009999983446992,0.309999963818664,,0,0.009999983446992,,0,,,,0,,0,,0,0,1.02999999088548,0.009999983446992,0,,,,,1.720000116,0,0,,,,14.3000001528,0,144.000000036,,10.2299996009524,,9,418.920013418943,0,,,162.999999987425,,,,,,,,15.5600004764247,78.5800018859255
2007-12-01T08:06:23.011Z,,0.019999966893984,,,9.31999967639043,,,,6.19000008786281,0.299999980371672,,1.06999997768849,,18.0300008208,,,,5.40999978912439,,68.1999969687125,,70.639999448258,1.01999999679079,,63.446743952351,15.3700000000001,77.9899979339465,,,,,4.06000000000009,0,,144.000000036,,,0,,75.0899963748267,,-39.0000015756026,0,138.000001332282,,0,,,,0.009999983446992,0.309999963818664,,0,0.009999983446992,,0,,,,0,,0,,0,0,1.02999999088548,0,0,,,,,1.720000116,0,-6.99999886849128,,,,14.3000001528,0,144.000000036,,10.2399997433867,,9,418.92999273404,0,,,162.999999987425,,,,,,,,15.5699996649352,78.5800018859255
2007-12-01T08:06:26.986Z,,0.019999966893984,,,9.34000012024632,,,,6.19000008786281,0.299999980371672,,1.06999997768849,,18.0300008208,,,,5.40999978912439,,68.1999969687125,,70.639999448258,1.01999999679079,,63.4671388260833,15.3700000000001,77.9899979339465,,,,,4.06000000000009,0,,144.000000036,,,0,,75.0899963748267,,-42.000000105705,0,144.000005287244,,0,,,,0.009999983446992,0.309999963818664,,0,0.009999983446992,,0,,,,0,,0,,0,0,1.02999999088548,0,0,,,,,1.720000116,0,-2.99999853010237,,,,14.3000001528,0,144.000000036,,10.2399997433867,,9,418.940002415713,0,,,163.009994565303,,,,,,,,15.5699996649352,78.5800018859255
2007-12-01T08:06:31.997Z,,0.019999966893984,,,9.34000012024632,,,,6.19000008786281,0.299999980371672,,1.0599999942415,,18.0300008208,,,,5.40999978912439,,68.1999969687125,,70.639999448258,1.01999999679079,,63.3243751635495,15.3700000000001,77.9899979339465,,,,,4.0500000000001,0,,144.000000036,,,0,,75.0999984251086,,-40.9999982974184,0.019999966893984,158.000003024226,,0,,,,0.009999983446992,0.309999963818664,,0,0.009999983446992,,0,,,,0,,0,,0,0,1.02999999088548,0.019999966893984,0,,,,,1.720000116,0,4.00000033838892,,,,14.3000001528,0,144.000000036,,10.2399997433867,,9,418.950012256372,0,,,163.009994565303,,,,,,,,15.5699996649352,78.5800018859255
2007-12-01T08:06:35.971Z,,0.019999966893984,,,9.34000012024632,,,,6.19000008786281,0.309999963818664,,1.06999997768849,,18.040001004,,,,5.40999978912439,,68.1999969687125,,70.639999448258,1.01999999679079,,60.1122716816114,15.3700000000001,77.9899979339465,,,,,4.06000000000009,0,,144.000000036,,,0,,75.0999984251086,,-40.0000033838892,0.019999966893984,146.00000200906,,0,,,,0.009999983446992,0.309999963818664,,0,0.009999983446992,,0,,,,0,,0,,0,0,1.02999999088548,0.019999966893984,0,,,,,1.720000116,0,5.99999706020473,,,,14.3000001528,0,144.000000036,,10.2399997433867,,9,418.959991412483,0,,,163.009994565303,,,,,,,,15.5699996649352,78.5800018859255
2007-12-01T08:06:40.982Z,,0.019999966893984,,,9.34000012024632,,,,6.19000008786281,0.319999947265656,,1.06999997768849,,19.22999964,,,,5.40999978912439,,68.2099990189945,,70.639999448258,1.01999999679079,,53.5962857447741,15.3700000000001,77.9899979339465,,,,,4.06000000000009,0,,144.000000036,,,0,,75.0999984251086,,-42.000000105705,0.019999966893984,153.99999579108,,0,,,,0.009999983446992,0.309999963818664,,0,0.009999983446992,,0,,,,0,,0,,0,0,1.02999999088548,0.019999966893984,0,,,,,1.720000116,0,-4.00000033838892,,,,14.3000001528,0,144.000000036,,10.2399997433867,,9,418.970001253142,0,,,163.009994565303,,,,,,,,15.5699996649352,78.5800018859255
2007-12-01T08:06:49.968Z,,0.019999966893984,,,9.34000012024632,,,,6.19000008786281,0.309999963818664,,1.10000008701677,,32.2400017632,,,,5.40999978912439,,68.1999969687125,,70.639999448258,1.01999999679079,,71.7778237562032,15.3700000000001,77.9999999842285,,,,,4.06000000000009,0,,144.000000036,,,0,,75.0999984251086,,-40.0000033838892,0.009999983446992,176.000001099598,,0,,,,0.009999983446992,0.309999963818664,,0,0.009999983446992,,0,,,,0,,0,,0,0,1.02999999088548,0.009999983446992,0,,,,,1.720000116,0,-24.0000020303335,,,,14.3000001528,0,144.000000036,,10.2399997433867,,9,418.989990249912,0,,,163.009994565303,,,,,,,,15.5400000325688,78.5800018859255
2007-12-01T08:06:54.029Z,,0.019999966893984,,,9.34000012024632,,,,6.19000008786281,0.319999947265656,,1.10000008701677,,35.27000058,,,,5.40999978912439,,68.1999969687125,,70.639999448258,1.01999999679079,,62.4270279348701,15.3700000000001,78.0199966123891,,,,,4.0500000000001,0,,144.000000036,,,0,,75.0899963748267,,-39.0000015756026,0.019999966893984,151.999999069264,,0,,,,0.009999983446992,0.309999963818664,,0,0.009999983446992,,0,,,,0,,0,,0,0,1.02999999088548,0.019999966893984,0,,,,,1.720000116,0,-1.99999672181581,,,,14.3000001528,0,144.000000036,,10.2399997433867,,9,418.989990249912,0,,,163.009994565303,,,,,,,,15.5400000325688,78.5800018859255
2007-12-01T08:06:59.040Z,,0.019999966893984,,,9.34000012024632,,,,6.19000008786281,0.319999947265656,,1.10000008701677,,36.0600013368,,,,5.40999978912439,,68.1999969687125,,70.639999448258,1.01999999679079,,62.0497298015041,15.3700000000001,78.0199966123891,,,,,4.06000000000009,0,,144.000000036,,,0,,75.0999984251086,,-40.0000033838892,0.019999966893984,147.999998730875,,0,,,,0.009999983446992,0.309999963818664,,0,0.009999983446992,,0,,,,0,,0,,0,0,1.02999999088548,0.019999966893984,0,,,,,1.720000116,0,1.00000180828655,,,,14.3000001528,0,144.000000036,,10.2399997433867,,9,418.999999931585,0,,,163.009994565303,,,,,,,,15.5400000325688,78.5800018859255
2007-12-01T08:07:03.014Z,,0.019999966893984,,,9.34000012024632,,,,6.19000008786281,0.319999947265656,,1.10000008701677,,36.0600013368,,,,5.40999978912439,,68.1999969687125,,70.639999448258,1.01999999679079,,61.9579553644667,15.3700000000001,78.0199966123891,,,,,4.0500000000001,0,,144.000000036,,,0,,75.0899963748267,,-40.0000033838892,0.019999966893984,147.999998730875,,0,,,,0.009999983446992,0.309999963818664,,0,0.009999983446992,,0,,,,0,,0,,0,0,1.02999999088548,0.019999966893984,0,,,,,1.720000116,0,-1.00000180828655,,,,14.3000001528,0,144.000000036,,10.2399997433867,,9,419.010009772245,0,,,163.009994565303,,,,,,,,15.5400000325688,78.5800018859255
2007-12-01T08:07:08.026Z,,0.019999966893984,,,9.34000012024632,,,,6.19000008786281,0.319999947265656,,1.10000008701677,,36.0600013368,,,,5.40999978912439,,68.1999969687125,,70.639999448258,1.01999999679079,,62.0089441363708,15.3700000000001,78.0199966123891,,,,,4.0500000000001,0,,144.000000036,,,0,,75.0999984251086,,-39.0000015756026,0.019999966893984,155.999992512896,,0,,,,0.009999983446992,0.309999963818664,,0,0.009999983446992,,0,,,,0,,0,,0,0,1.02999999088548,0.019999966893984,0,,,,,1.720000116,0,2.99999853010237,,,,14.3000001528,0,144.000000036,,10.2399997433867,,9,419.010009772245,0,,,163.009994565303,,,,,,,,15.5400000325688,78.5800018859255
2007-12-01T08:07:12.000Z,,0.019999966893984,,,9.34000012024632,,,,6.19000008786281,0.319999947265656,,1.10000008701677,,36.0600013368,,,,5.40999978912439,,68.1999969687125,,70.639999448258,1.01999999679079,,61.6622408083613,15.3700000000001,78.0199966123891,,,,,4.0500000000001,0,,144.000000036,,,0,,75.0999984251086,,-40.9999982974184,0.019999966893984,150.000002347448,,0,,,,0.009999983446992,0.309999963818664,,0,0.009999983446992,,0,,,,0,,0,,0,0,1.02999999088548,0.019999966893984,0,,,,,1.720000116,0,-10.9999992068802,,,,14.3000001528,0,144.000000036,,10.2500000448083,,9,419.010009772245,0,,,163.009994565303,,,,,,,,15.5400000325688,78.5800018859255
2007-12-01T08:07:17.011Z,,0.019999966893984,,,9.34000012024632,,,,6.19000008786281,0.309999963818664,,1.08000012012278,,36.0600013368,,,,5.40999978912439,,68.1999969687125,,70.639999448258,1.01999999679079,,61.7846055148314,15.3700000000001,78.0199966123891,,,,,4.0500000000001,0,,144.000000036,,,0,,75.0999984251086,,-36.0000030455003,0.009999983446992,146.00000200906,,0,,,,0.009999983446992,0.309999963818664,,0,0.009999983446992,,0,,,,0,,0,,0,0,1.02999999088548,0.009999983446992,0,,,,,1.720000116,0,17.0000031618422,,,,14.3000001528,0,144.000000036,,10.2500000448083,,9,418.999999931585,0,,,163.009994565303,,,,,,,,15.5400000325688,78.5800018859255
2007-12-01T08:07:20.986Z,,0.019999966893984,,,9.34000012024632,,,,6.19000008786281,0.309999963818664,,1.06999997768849,,36.0600013368,,,,5.40999978912439,,68.1999969687125,,70.639999448258,1.01999999679079,,61.7948009105319,15.3700000000001,78.0199966123891,,,,,4.0500000000001,0,,144.000000036,,,0,,75.0999984251086,,-39.0000015756026,0.019999966893984,162.000003362615,,0,,,,0.009999983446992,0.309999963818664,,0,0.009999983446992,,0,,,,0,,0,,0,0,1.02999999088548,0.019999966893984,0,,,,,1.720000116,0,-8.00000067677784,,,,14.3000001528,0,144.000000036,,10.2500000448083,,9,418.989990249912,0,,,163.020004246976,,,,,,,,15.5400000325688,78.5800018859255
2007-12-01T08:07:25.997Z,,0.019999966893984,,,9.34000012024632,,,,6.19000008786281,0.319999947265656,,1.0599999942415,,36.0600013368,,,,5.40999978912439,,68.1999969687125,,70.639999448258,1.01999999679079,,61.8763799518688,15.3700000000001,78.0199966123891,,,,,4.06000000000009,0,,144.000000036,,,0,,75.0899963748267,,-39.0000015756026,0.019999966893984,159.999999746042,,0,,,,0.009999983446992,0.309999963818664,,0,0.009999983446992,,0,,,,0,,0,,0,0,1.02999999088548,0.019999966893984,0,,,,,1.720000116,0,-13.9999977369826,,,,14.3000001528,0,144.000000036,,10.2500000448083,,9,418.989990249912,0,,,163.009994565303,,,,,,,,15.5400000325688,78.5800018859255
2007-12-01T08:07:29.971Z,,0.019999966893984,,,9.34000012024632,,,,6.19000008786281,0.319999947265656,,1.0599999942415,,36.0600013368,,,,5.40999978912439,,68.2300032785457,,70.639999448258,1.01999999679079,,61.9273650950339,15.3700000000001,78.0199966123891,,,,,4.0500000000001,0,,144.000000036,,,0,,75.0899963748267,,-40.9999982974184,0.009999983446992,154.999997599367,,0,,,,0.009999983446992,0.309999963818664,,0,0.009999983446992,,0,,,,0,,0,,0,0,1.02999999088548,0.009999983446992,0,,,,,1.720000116,0,-1.99999672181581,,,,14.3000001528,0,144.000000036,,10.2600001872426,,9,419.010009772245,0,,,163.009994565303,,,,,,,,15.5400000325688,78.5800018859255
2007-12-01T08:07:34.982Z,,0.019999966893984,,,9.34000012024632,,,,6.19000008786281,0.309999963818664,,1.06999997768849,,36.0600013368,,,,5.40999978912439,,68.2300032785457,,70.639999448258,1.01999999679079,,61.8967748256011,15.3700000000001,78.0199966123891,,,,,4.06000000000009,0,,144.000000036,,,0,,75.0999984251086,,-39.0000015756026,0.019999966893984,167.999993528063,,0,,,,0.009999983446992,0.309999963818664,,0,0.009999983446992,,0,,,,0,,0,,0,0,1.02999999088548,0.019999966893984,0,,,,,1.720000116,0,27.0000005604359,,,,14.3000001528,0,144.000000036,,10.2500000448083,,9,419.040008609675,0,,,163.009994565303,,,,,,,,15.5699996649352,78.5800018859255
2007-12-01T08:07:38.957Z,,0.019999966893984,,,9.34000012024632,,,,6.19000008786281,0.299999980371672,,1.06999997768849,,36.0600013368,,,,5.40999978912439,,68.2200012282637,,70.639999448258,1.01999999679079,,61.845789682436,15.3700000000001,78.0199966123891,,,,,4.0500000000001,0,,144.000000036,,,0,,75.1100006343779,,-40.9999982974184,0.029999950340976,164.000000084431,,0,,,,0.009999983446992,0.309999963818664,,0,0.009999983446992,,0,,,,0,,0,,0,0,1.02999999088548,0.029999950340976,0,,,,,1.720000116,0,16.0000013535557,,,,14.3000001528,0,144.000000036,,10.2399997433867,,9,419.029998769015,0,,,163.029998824854,,,,,,,,15.5699996649352,78.5800018859255
2007-12-01T08:07:43.968Z,,0.019999966893984,,,9.34000012024632,,,,6.19000008786281,0.299999980371672,,1.06999997768849,,36.0600013368,,,,5.40999978912439,,68.1999969687125,,70.639999448258,1.01999999679079,,61.7948009105319,15.3700000000001,78.0199966123891,,,,,4.0500000000001,0,,144.000000036,,,0,,75.1100006343779,,-40.9999982974184,0.029999950340976,167.999993528063,,0,,,,0.009999983446992,0.309999963818664,,0,0.009999983446992,,0,,,,0,,0,,0,0,1.02999999088548,0.029999950340976,0,,,,,1.720000116,0,28.0000023687224,,,,14.3000001528,0,144.000000036,,10.2399997433867,,9,419.010009772245,0,,,163.029998824854,,,,,,,,15.5699996649352,78.5800018859255
2007-12-01T08:07:48.029Z,,0.019999966893984,,,9.34000012024632,,,,6.19000008786281,0.299999980371672,,1.0599999942415,,36.0600013368,,,,5.40999978912439,,68.1999969687125,,70.639999448258,1.01999999679079,,61.8967748256011,15.3700000000001,78.0199966123891,,,,,4.0500000000001,0,,144.000000036,,,0,,75.1100006343779,,-39.0000015756026,0.029999950340976,150.000002347448,,0,,,,0.009999983446992,0.309999963818664,,0,0.009999983446992,,0,,,,0,,0,,0,0,1.02999999088548,0.029999950340976,0,,,,,1.720000116,0,5.00000214667547,,,,14.3000001528,0,144.000000036,,10.2299996009524,,9,418.999999931585,0,,,163.029998824854,,,,,,,,15.5699996649352,78.5800018859255
2007-12-01T08:07:53.040Z,,0.019999966893984,,,9.34000012024632,,,,6.19000008786281,0.299999980371672,,1.0599999942415,,36.0600013368,,,,5.40999978912439,,68.1999969687125,,70.639999448258,1.01999999679079,,61.9273650950339,15.3700000000001,78.0199966123891,,,,,4.06000000000009,0,,144.000000036,,,0,,75.1100006343779,,-39.0000015756026,0.029999950340976,151.999999069264,,0,,,,0.009999983446992,0.299999980371672,,0,0.009999983446992,,0,,,,0,,0,,0,0,1.02999999088548,0.029999950340976,0,,,,,1.720000116,0,13.9999977369826,,,,14.3000001528,0,144.000000036,,10.2299996009524,,9,418.999999931585,0,,,163.029998824854,,,,,,,,15.5699996649352,78.5800018859255
2007-12-01T08:07:57.014Z,,0.019999966893984,,,9.34000012024632,,,,6.19000008786281,0.299999980371672,,1.06999997768849,,36.0600013368,,,,5.40999978912439,,68.1999969687125,,70.639999448258,1.01999999679079,,61.8661809274293,15.3700000000001,78.0199966123891,,,,,4.06000000000009,0,,144.000000036,,,0,,75.1100006343779,,-40.9999982974184,0.029999950340976,146.00000200906,,0,,,,0.009999983446992,0.309999963818664,,0,0.009999983446992,,0,,,,0,,0,,0,0,1.02999999088548,0.029999950340976,0,,,,,1.720000116,0,1.00000180828655,,,,14.3000001528,0,144.000000036,,10.2200002534547,,9,418.989990249912,0,,,163.029998824854,,,,,,,,15.5699996649352,78.5800018859255
2007-12-01T08:08:02.026Z,,0.019999966893984,,,9.34000012024632,,,,6.19000008786281,0.299999980371672,,1.06999997768849,,36.0600013368,,,,5.40999978912439,,68.1999969687125,,70.639999448258,1.01999999679079,,61.9273650950339,15.3700000000001,78.0199966123891,,,,,4.06000000000009,0,,144.000000036,,,0,,75.1100006343779,,-37.9999997673161,0.029999950340976,145.00000709553,,0,,,,0.009999983446992,0.309999963818664,,0,0.009999983446992,,0,,,,0,,0,,0,0,1.02999999088548,0.029999950340976,0,,,,,1.720000116,0,9.00000248506439,,,,14.3000001528,0,144.000000036,,10.2200002534547,,9,418.980010934815,0,,,163.029998824854,,,,,,,,15.5699996649352,78.5800018859255
2007-12-01T08:08:06.000Z,,0.019999966893984,,,9.35000042166792,,,,6.19000008786281,0.299999980371672,,1.06999997768849,,36.0600013368,,,,5.40999978912439,,68.1999969687125,,70.639999448258,1.01999999679079,,61.8967748256011,15.3700000000001,78.0199966123891,,,,,4.0500000000001,0,,144.000000036,,,0,,75.1100006343779,,-37.9999997673161,0.029999950340976,141.999994775913,,0,,,,0.009999983446992,0.309999963818664,,0,0.009999983446992,,0,,,,0,,0,,0,0,1.02999999088548,0.029999950340976,0,,,,,1.720000116,0,16.0000013535557,,,,14.3000001528,0,144.000000036,,10.2200002534547,,9,418.980010934815,0,,,163.029998824854,,,,,,,,15.5699996649352,78.5800018859255
2007-12-01T08:08:11.011Z,,0.019999966893984,,,9.36999991159999,,,,6.19000008786281,0.299999980371672,,1.06999997768849,,36.0600013368,,,,5.40999978912439,,68.1999969687125,,70.639999448258,1.01999999679079,,61.9171696993334,15.3700000000001,78.0199966123891,,,,,4.06000000000009,0,,144.000000036,,,0,,75.1100006343779,,-36.9999979590295,0.060000059669256,171.00000584768,,0,,,,0.009999983446992,0.309999963818664,,0,0.009999983446992,,0,,,,0,,0,,0,0,1.02999999088548,0.060000059669256,0,,,,,1.720000116,0,28.0000023687224,,,,14.3000001528,0,144.000000036,,10.2200002534547,,9,419.010009772245,0,,,163.059997503297,,,,,,,,15.5699996649352,78.5800018859255
2007-12-01T08:08:14.986Z,,0.019999966893984,,,9.35999961017839,,,,6.19000008786281,0.299999980371672,,1.06999997768849,,36.0600013368,,,,5.40999978912439,,68.2200012282637,,70.639999448258,1.01999999679079,,61.9477599687662,15.3700000000001,78.0199966123891,,,,,4.06000000000009,0,,144.000000036,,,0,,75.1100006343779,,-39.0000015756026,0.060000059669256,154.999997599367,,0,,,,0.009999983446992,0.309999963818664,,0,0.009999983446992,,0,,,,0,,0,,0,0,1.02999999088548,0.060000059669256,0,,,,,1.720000116,0,8.00000067677784,,,,14.3000001528,0,144.000000036,,10.2299996009524,,9,419.019989087342,0,,,163.059997503297,,,,,,,,15.5699996649352,78.5800018859255
2007-12-01T08:08:19.997Z,,0.019999966893984,,,9.36999991159999,,,,6.19000008786281,0.299999980371672,,1.06999997768849,,36.0600013368,,,,5.40999978912439,,68.2300032785457,,70.639999448258,1.01999999679079,,61.8763799518688,15.3700000000001,78.0199966123891,,,,,4.06000000000009,0,,144.000000036,,,0,,75.1100006343779,,-40.9999982974184,0.060000059669256,154.999997599367,,0,,,,0.009999983446992,0.309999963818664,,0,0.009999983446992,,0,,,,0,,0,,0,0,1.02999999088548,0.060000059669256,0,,,,,1.720000116,0,-12.0000010151668,,,,14.3000001528,0,144.000000036,,10.2299996009524,,9,419.040008609675,0,,,163.059997503297,,,,,,,,15.5699996649352,78.5800018859255
2007-12-01T08:08:23.971Z,,0.019999966893984,,,9.35999961017839,,,,6.19000008786281,0.299999980371672,,1.0599999942415,,36.0600013368,,,,5.40999978912439,,68.2099990189945,,70.639999448258,1.01999999679079,,61.9171696993334,15.3700000000001,78.0199966123891,,,,,4.06000000000009,0,,144.000000036,,,0,,75.1100006343779,,-40.0000033838892,0.060000059669256,150.999997260978,,0,,,,0.009999983446992,0.309999963818664,,0,0.009999983446992,,0,,,,0,,0,,0,0,1.02999999088548,0.060000059669256,0,,,,,1.720000116,0,-12.0000010151668,,,,14.3000001528,0,144.000000036,,10.2299996009524,,9,419.029998769015,0,,,163.059997503297,,,,,,,,15.5699996649352,78.5800018859255
2007-12-01T08:08:28.982Z,,0.019999966893984,,,9.36999991159999,,,,6.19000008786281,0.299999980371672,,1.0599999942415,,36.0600013368,,,,5.40999978912439,,68.1999969687125,,70.639999448258,1.01999999679079,,61.7948009105319,15.3700000000001,78.0199966123891,,,,,4.0500000000001,0,,144.000000036,,,0,,75.1100006343779,,-40.9999982974184,0.060000059669256,150.999997260978,,0,,,,0.009999983446992,0.309999963818664,,0,0.009999983446992,,0,,,,0,,0,,0,0,1.02999999088548,0.060000059669256,0,,,,,1.720000116,0,-14.9999995452691,,,,14.3000001528,0,144.000000036,,10.2299996009524,,9,419.010009772245,0,,,163.059997503297,,,,,,,,15.5699996649352,78.5800018859255
2007-12-01T08:08:32.957Z,,0.019999966893984,,,9.34000012024632,,,,6.19000008786281,0.299999980371672,,1.06999997768849,,36.0600013368,,,,5.40999978912439,,68.1999969687125,,70.639999448258,1.01999999679079,,61.8151957842642,15.3700000000001,78.0199966123891,,,,,4.0500000000001,0,,144.000000036,,,0,,75.1100006343779,,-40.9999982974184,0.060000059669256,151.999999069264,,0,,,,0.009999983446992,0.309999963818664,,0,0.009999983446992,,0,,,,0,,0,,0,0,1.02999999088548,0.060000059669256,0,,,,,1.720000116,0,-10.9999992068802,,,,14.3000001528,0,144.000000036,,10.2200002534547,,9,418.999999931585,0,,,163.050003084406,,,,,,,,15.5699996649352,78.5800018859255
2007-12-01T08:08:37.968Z,,0.019999966893984,,,9.34000012024632,,,,6.19000008786281,0.299999980371672,,1.06999997768849,,36.0600013368,,,,5.40999978912439,,68.1999969687125,,70.639999448258,1.01999999679079,,61.7948009105319,15.3700000000001,78.0199966123891,,,,,4.0500000000001,0,,144.000000036,,,0,,75.1100006343779,,-40.9999982974184,0.029999950340976,142.9999965842,,0,,,,0.009999983446992,0.309999963818664,,0,0.009999983446992,,0,,,,0,,0,,0,0,1.02999999088548,0.029999950340976,0,,,,,1.720000116,0,2.99999853010237,,,,14.3000001528,0,144.000000036,,10.2200002534547,,9,418.980010934815,0,,,163.029998824854,,,,,,,,15.5699996649352,78.5800018859255
2007-12-01T08:08:42.029Z,,0.009999983446992,,,9.34000012024632,,,,6.19000008786281,0.299999980371672,,1.0599999942415,,36.0600013368,,,,5.40999978912439,,68.1999969687125,,70.639999448258,1.01999999679079,,61.8151957842642,15.3700000000001,78.0199966123891,,,,,4.0500000000001,0,,144.000000036,,,0,,75.1100006343779,,-42.000000105705,0.029999950340976,166.999998614533,,0,,,,0.009999983446992,0.309999963818664,,0,0.009999983446992,,0,,,,0,,0,,0,0,1.02999999088548,0.029999950340976,0,,,,,1.720000116,0,-23.000000222047,,,,14.3000001528,0,144.000000036,,10.2200002534547,,9,418.980010934815,0,,,163.029998824854,,,,,,,,15.5699996649352,78.5800018859255
2007-12-01T08:08:47.040Z,,0.019999966893984,,,9.34000012024632,,,,6.19000008786281,0.299999980371672,,1.06999997768849,,36.0600013368,,,,5.40999978912439,,68.1999969687125,,70.639999448258,1.01999999679079,,61.845789682436,15.3700000000001,78.0199966123891,,,,,4.0500000000001,0,,144.000000036,,,0,,75.1100006343779,,-40.9999982974184,0.029999950340976,154.999997599367,,0,,,,0.009999983446992,0.309999963818664,,0,0.009999983446992,,0,,,,0,,0,,0,0,1.02999999088548,0.029999950340976,0,,,,,1.720000116,0,-31.0000008988248,,,,14.3000001528,0,144.000000036,,10.2299996009524,,9,418.999999931585,0,,,163.029998824854,,,,,,,,15.5799999663568,78.5800018859255
2007-12-01T08:08:51.014Z,,0.019999966893984,,,9.34000012024632,,,,6.19000008786281,0.299999980371672,,1.06999997768849,,36.0600013368,,,,5.40999978912439,,68.1999969687125,,70.639999448258,1.01999999679079,,61.7948009105319,15.3700000000001,78.0199966123891,,,,,4.0500000000001,0,,144.000000036,,,0,,75.1100006343779,,-42.000000105705,0.029999950340976,159.000004832513,,0,,,,0.009999983446992,0.309999963818664,,0,0.009999983446992,,0,,,,0,,0,,0,0,1.02999999088548,0.029999950340976,0,,,,,1.720000116,0,-13.0000028234533,,,,14.3000001528,0,144.000000036,,10.2299996009524,,9,418.999999931585,0,,,163.029998824854,,,,,,,,15.5799999663568,78.5800018859255
2007-12-01T08:08:56.026Z,,0.019999966893984,,,9.34000012024632,,,,6.19000008786281,0.299999980371672,,1.06999997768849,,36.0600013368,,,,5.40999978912439,,68.1999969687125,,70.639999448258,1.01999999679079,,61.8253952622961,15.3700000000001,78.0199966123891,,,,,4.06000000000009,0,,144.000000036,,,0,,75.1100006343779,,-40.9999982974184,0.029999950340976,162.999998276144,,0,,,,0.009999983446992,0.309999963818664,,0,0.009999983446992,,0,,,,0,,0,,0,0,1.02999999088548,0.029999950340976,0,,,,,1.720000116,0,-4.00000033838892,,,,14.3000001528,0,144.000000036,,10.2399997433867,,9,419.010009772245,0,,,163.029998824854,,,,,,,,15.5799999663568,78.5800018859255
2007-12-01T08:09:00.000Z,,0.009999983446992,,,9.34000012024632,,,,6.19000008786281,0.299999980371672,,1.0599999942415,,36.0600013368,,,,5.40999978912439,,68.1999969687125,,70.639999448258,1.01999999679079,,61.7948009105319,15.3700000000001,78.0199966123891,,,,,4.0500000000001,0,,144.000000036,,,0,,75.0999984251086,,-43.0000019139915,0.029999950340976,162.999998276144,,0,,,,0.009999983446992,0.309999963818664,,0,0.009999983446992,,0,,,,0,,0,,0,0,1.02999999088548,0.029999950340976,0,,,,,1.720000116,0,1.99999672181581,,,,14.3000001528,0,144.000000036,,10.2399997433867,,9,418.999999931585,0,,,163.020004246976,,,,,,,,15.5799999663568,78.5800018859255
2007-12-01T08:09:05.011Z,,0.019999966893984,,,9.34000012024632,,,,6.19000008786281,0.299999980371672,,1.06999997768849,,36.0600013368,,,,5.40999978912439,,68.1999969687125,,70.639999448258,1.01999999679079,,61.8763799518688,15.3700000000001,78.0199966123891,,,,,4.06000000000009,0,,144.000000036,,,0,,75.0999984251086,,-42.000000105705,0.019999966893984,151.999999069264,,0,,,,0.009999983446992,0.309999963818664,,0,0.009999983446992,,0,,,,0,,0,,0,0,1.02999999088548,0.019999966893984,0,,,,,1.720000116,0,-17.0000031618422,,,,14.3000001528,0,144.000000036,,10.2399997433867,,9,418.999999931585,0,,,163.009994565303,,,,,,,,15.5799999663568,78.5800018859255
2007-12-01T08:09:08.986Z,,0.019999966893984,,,9.34000012024632,,,,6.19000008786281,0.299999980371672,,1.06999997768849,,36.0600013368,,,,5.40999978912439,,68.1999969687125,,70.639999448258,1.01999999679079,,61.9579553644667,15.3700000000001,78.0199966123891,,,,,4.0500000000001,0,,144.000000036,,,0,,75.0999984251086,,-42.000000105705,0.019999966893984,129.999993760747,,0,,,,0.009999983446992,0.309999963818664,,0,0.009999983446992,,0,,,,0,,0,,0,0,1.02999999088548,0.019999966893984,0,,,,,1.720000116,0,-5.00000214667547,,,,14.3000001528,0,144.000000036,,10.2399997433867,,9,418.999999931585,0,,,163.009994565303,,,,,,,,15.5799999663568,78.5800018859255
2007-12-01T08:09:13.997Z,,0.019999966893984,,,9.34000012024632,,,,6.19000008786281,0.299999980371672,,1.06999997768849,,36.0600013368,,,,5.40999978912439,,68.2300032785457,,70.639999448258,1.01999999679079,,61.9171696993334,15.3700000000001,78.0199966123891,,,,,4.0500000000001,0,,144.000000036,,,0,,75.0899963748267,,-37.9999997673161,0.019999966893984,138.999996245811,,0,,,,0.009999983446992,0.309999963818664,,0,0.009999983446992,,0,,,,0,,0,,0,0,1.02999999088548,0.019999966893984,0,,,,,1.720000116,0,-4.00000033838892,,,,14.3000001528,0,144.000000036,,10.2399997433867,,9,419.010009772245,0,,,163.009994565303,,,,,,,,15.5799999663568,78.5800018859255
2007-12-01T08:09:17.971Z,,0.019999966893984,,,9.34000012024632,,,,6.19000008786281,0.299999980371672,,1.06999997768849,,36.0600013368,,,,5.40999978912439,,68.2300032785457,,70.639999448258,1.01999999679079,,61.7948009105319,15.3700000000001,78.0199966123891,,,,,4.0500000000001,0,,144.000000036,,,0,,75.0999984251086,,-37.9999997673161,0.009999983446992,140.999999862384,,0,,,,0.009999983446992,0.309999963818664,,0,0.009999983446992,,0,,,,0,,0,,0,0,1.02999999088548,0.009999983446992,0,,,,,1.720000116,0,-9.00000248506439,,,,14.3000001528,0,144.000000036,,10.2399997433867,,9,419.019989087342,0,,,163.009994565303,,,,,,,,15.5799999663568,78.5800018859255
2007-12-01T08:09:22.982Z,,0.009999983446992,,,9.34000012024632,,,,6.19000008786281,0.299999980371672,,1.0599999942415,,36.0600013368,,,,5.40999978912439,,68.2300032785457,,70.639999448258,1.01999999679079,,62.0803241532682,15.3700000000001,78.0199966123891,,,,,4.06000000000009,0,,144.000000036,,,0,,75.0999984251086,,-39.0000015756026,0.019999966893984,128.999998847217,,0,,,,0.009999983446992,0.309999963818664,,0,0.009999983446992,,0,,,,0,,0,,0,0,1.02999999088548,0.019999966893984,0,,,,,1.720000116,0,-40.0000033838892,,,,14.3000001528,0,144.000000036,,10.2399997433867,,9,419.019989087342,0,,,163.020004246976,,,,,,,,15.5699996649352,78.5800018859255
2007-12-01T08:09:26.957Z,,0.019999966893984,,,9.34000012024632,,,,6.19000008786281,0.299999980371672,,1.06999997768849,,36.0600013368,,,,5.40999978912439,,68.2300032785457,,70.639999448258,1.01999999679079,,61.8661809274293,15.3700000000001,78.0199966123891,,,,,4.06000000000009,0,,144.000000036,,,0,,75.0999984251086,,-36.9999979590295,0.019999966893984,150.000002347448,,0,,,,0.009999983446992,0.309999963818664,,0,0.009999983446992,,0,,,,0,,0,,0,0,1.02999999088548,0.019999966893984,0,,,,,1.720000116,0,-36.9999979590295,,,,14.3000001528,0,144.000000036,,10.2299996009524,,9,419.010009772245,0,,,163.009994565303,,,,,,,,15.5699996649352,78.5800018859255
2007-12-01T08:09:31.968Z,,0.019999966893984,,,9.34000012024632,,,,6.19000008786281,0.299999980371672,,1.06999997768849,,36.0600013368,,,,5.40999978912439,,68.2300032785457,,70.639999448258,1.01999999679079,,61.9579553644667,15.3700000000001,78.0199966123891,,,,,4.0500000000001,0,,144.000000036,,,0,,75.0999984251086,,-40.0000033838892,0.019999966893984,140.999999862384,,0,,,,0.009999983446992,0.309999963818664,,0,0.009999983446992,,0,,,,0,,0,,0,0,1.02999999088548,0.019999966893984,0,,,,,1.720000116,0,-18.999999883658,,,,14.3000001528,0,144.000000036,,10.2299996009524,,9,418.999999931585,0,,,163.009994565303,,,,,,,,15.5699996649352,78.5800018859255
2007-12-01T08:09:36.029Z,,0.019999966893984,,,9.34000012024632,,,,6.19000008786281,0.299999980371672,,1.06999997768849,,36.0600013368,,,,5.40999978912439,,68.2300032785457,,70.639999448258,1.01999999679079,,62.0599292795359,15.3700000000001,78.0199966123891,,,,,4.0500000000001,0,,144.000000036,,,0,,75.0899963748267,,-40.0000033838892,0.019999966893984,162.999998276144,,0,,,,0.009999983446992,0.309999963818664,,0,0.009999983446992,,0,,,,0,,0,,0,0,1.02999999088548,0.019999966893984,0,,,,,1.720000116,0,-20.0000016919446,,,,14.3000001528,0,144.000000036,,10.2299996009524,,9,418.999999931585,0,,,163.009994565303,,,,,,,,15.5699996649352,78.5800018859255
2007-12-01T08:09:41.040Z,,0.019999966893984,,,9.34000012024632,,,,6.19000008786281,0.299999980371672,,1.06999997768849,,36.0600013368,,,,5.40999978912439,,68.2300032785457,,70.639999448258,1.01999999679079,,61.9477599687662,15.3700000000001,78.0199966123891,,,,,4.0500000000001,0,,144.000000036,,,0,,75.0899963748267,,-39.0000015756026,0.009999983446992,138.999996245811,,0,,,,0.009999983446992,0.309999963818664,,0,0.009999983446992,,0,,,,0,,0,,0,0,1.02999999088548,0.009999983446992,0,,,,,1.720000116,0,-5.00000214667547,,,,14.3000001528,0,144.000000036,,10.2299996009524,,9,418.999999931585,0,,,163.009994565303,,,,,,,,15.5699996649352,78.5800018859255
2007-12-01T08:09:50.026Z,,0.019999966893984,,,9.34000012024632,,,,6.19000008786281,0.299999980371672,,1.06999997768849,,36.0600013368,,,,5.40999978912439,,68.2300032785457,,70.639999448258,1.01999999679079,,61.8967748256011,15.3700000000001,78.0199966123891,,,,,4.0500000000001,0,,144.000000036,,,0,,75.0999984251086,,-39.0000015756026,0.019999966893984,142.9999965842,,0,,,,0.009999983446992,0.309999963818664,,0,0.009999983446992,,0,,,,0,,0,,0,0,1.02999999088548,0.019999966893984,0,,,,,1.720000116,0,-4.00000033838892,,,,14.3000001528,0,144.000000036,,10.2200002534547,,9,418.999999931585,0,,,163.009994565303,,,,,,,,15.5699996649352,78.5800018859255
2007-12-01T08:09:54.000Z,,0.019999966893984,,,9.34000012024632,,,,6.19000008786281,0.299999980371672,,1.06999997768849,,36.0600013368,,,,5.40999978912439,,68.2300032785457,,70.639999448258,1.01999999679079,,61.9987451119313,15.3700000000001,78.0199966123891,,,,,4.0500000000001,0,,144.000000036,,,0,,75.0999984251086,,-37.9999997673161,0.009999983446992,130.999995569033,,0,,,,0.009999983446992,0.309999963818664,,0,0.009999983446992,,0,,,,0,,0,,0,0,1.02999999088548,0.009999983446992,0,,,,,1.720000116,0,0,,,,14.3000001528,0,144.000000036,,10.2200002534547,,9,418.999999931585,0,,,163.009994565303,,,,,,,,15.5699996649352,78.5800018859255
2007-12-01T08:09:59.011Z,,0.019999966893984,,,9.34000012024632,,,,6.19000008786281,0.299999980371672,,1.06999997768849,,36.0600013368,,,,5.40999978912439,,68.2300032785457,,70.639999448258,1.01999999679079,,62.0803241532682,15.3700000000001,78.0199966123891,,,,,4.0500000000001,0,,144.000000036,,,0,,75.0899963748267,,-40.9999982974184,0.019999966893984,121.000005065197,,0,,,,0.009999983446992,0.309999963818664,,0,0.009999983446992,,0,,,,0,,0,,0,0,1.02999999088548,0.019999966893984,0,,,,,1.720000116,0,6.99999886849128,,,,14.3000001528,0,144.000000036,,10.2200002534547,,9,418.989990249912,0,,,163.009994565303,,,,,,,,15.5699996649352,78.5800018859255
2007-12-01T08:10:02.986Z,,0.019999966893984,,,9.34000012024632,,,,6.19000008786281,0.299999980371672,,1.06999997768849,,36.0600013368,,,,5.40999978912439,,68.2300032785457,,70.639999448258,1.01999999679079,,61.978350238199,15.3700000000001,78.0199966123891,,,,,4.0500000000001,0,,144.000000036,,,0,,75.0899963748267,,-36.9999979590295,0.019999966893984,128.999998847217,,0,,,,0.009999983446992,0.309999963818664,,0,0.009999983446992,,0,,,,0,,0,,0,0,1.02999999088548,0.019999966893984,0,,,,,1.720000116,0,17.9999980753715,,,,14.3000001528,0,144.000000036,,10.2200002534547,,9,418.989990249912,0,,,163.009994565303,,,,,,,,15.5699996649352,78.5800018859255
2007-12-01T08:10:07.997Z,,0.019999966893984,,,9.34000012024632,,,,6.19000008786281,0.299999980371672,,1.0599999942415,,36.0600013368,,,,5.40999978912439,,68.2300032785457,,70.639999448258,1.01999999679079,,61.8661809274293,15.3700000000001,78.0199966123891,,,,,4.0500000000001,0,,144.000000036,,,0,,75.0999984251086,,-39.0000015756026,0.019999966893984,142.9999965842,,0,,,,0.009999983446992,0.309999963818664,,0,0.009999983446992,,0,,,,0,,0,,0,0,1.02999999088548,0.019999966893984,0,,,,,1.720000116,0,-5.99999706020473,,,,14.3000001528,0,144.000000036,,10.2200002534547,,9,418.989990249912,0,,,163.020004246976,,,,,,,,15.5699996649352,78.5800018859255
2007-12-01T08:10:16.982Z,,0.019999966893984,,,9.34000012024632,,,,6.19000008786281,0.299999980371672,,1.06999997768849,,36.0600013368,,,,5.40999978912439,,68.2300032785457,,70.639999448258,1.01999999679079,,61.9579553644667,15.3700000000001,78.0199966123891,,,,,4.0500000000001,0,,144.000000036,,,0,,75.0899963748267,,-39.0000015756026,0.019999966893984,136.000004610466,,0,,,,0.009999983446992,0.309999963818664,,0,0.009999983446992,,0,,,,0,,0,,0,0,1.02999999088548,0.019999966893984,0,,,,,1.720000116,0,-10.9999992068802,,,,14.3000001528,0,144.000000036,,10.2200002534547,,9,418.980010934815,0,,,163.009994565303,,,,,,,,15.5699996649352,78.5800018859255
2007-12-01T08:10:20.957Z,,0.019999966893984,,,9.34000012024632,,,,6.19000008786281,0.299999980371672,,1.06999997768849,,36.0600013368,,,,5.40999978912439,,68.2300032785457,,70.639999448258,1.01999999679079,,62.0293390101031,15.3700000000001,78.0199966123891,,,,,4.0500000000001,0,,144.000000036,,,0,,75.0899963748267,,-40.9999982974184,0.009999983446992,132.000004272077,,0,,,,0.009999983446992,0.309999963818664,,0,0.009999983446992,,0,,,,0,,0,,0,0,1.02999999088548,0.009999983446992,0,,,,,1.720000116,0,-18.999999883658,,,,14.3000001528,0,144.000000036,,10.2299996009524,,9,418.989990249912,0,,,163.009994565303,,,,,,,,15.5699996649352,78.5800018859255
2007-12-01T08:10:25.968Z,,0.019999966893984,,,9.34000012024632,,,,6.19000008786281,0.299999980371672,,1.06999997768849,,36.0600013368,,,,5.40999978912439,,68.2300032785457,,70.639999448258,1.01999999679079,,61.978350238199,15.3700000000001,78.0199966123891,,,,,4.0500000000001,0,,144.000000036,,,0,,75.0999984251086,,-40.0000033838892,0.019999966893984,136.999999523995,,0,,,,0.009999983446992,0.309999963818664,,0,0.009999983446992,,0,,,,0,,0,,0,0,1.02999999088548,0.019999966893984,0,,,,,1.720000116,0,-4.00000033838892,,,,14.3000001528,0,144.000000036,,10.2299996009524,,9,418.999999931585,0,,,163.009994565303,,,,,,,,15.5699996649352,78.5800018859255
2007-12-01T08:10:30.029Z,,0.019999966893984,,,9.34000012024632,,,,6.19000008786281,0.299999980371672,,1.06999997768849,,36.0600013368,,,,5.40999978912439,,68.2300032785457,,70.639999448258,1.01999999679079,,62.0293390101031,15.3700000000001,78.0199966123891,,,,,4.0500000000001,0,,144.000000036,,,0,,75.0999984251086,,-40.0000033838892,0.019999966893984,146.00000200906,,0,,,,0.009999983446992,0.309999963818664,,0,0.009999983446992,,0,,,,0,,0,,0,0,1.02999999088548,0.019999966893984,0,,,,,1.720000116,0,-1.99999672181581,,,,14.3000001528,0,144.000000036,,10.2299996009524,,9,418.999999931585,0,,,163.020004246976,,,,,,,,15.5699996649352,78.5800018859255
2007-12-01T08:10:35.040Z,,0.019999966893984,,,9.34000012024632,,,,6.19000008786281,0.299999980371672,,1.06999997768849,,36.0600013368,,,,5.40999978912439,,68.2300032785457,,70.639999448258,1.01999999679079,,62.2128842554388,15.3700000000001,78.0199966123891,,,,,4.0500000000001,0,,144.000000036,,,0,,75.0999984251086,,-37.9999997673161,0.019999966893984,151.999999069264,,0,,,,0.009999983446992,0.309999963818664,,0,0.009999983446992,,0,,,,0,,0,,0,0,1.02999999088548,0.019999966893984,0,,,,,1.720000116,0,-9.00000248506439,,,,14.3000001528,0,144.000000036,,10.2299996009524,,9,418.999999931585,0,,,163.009994565303,,,,,,,,15.5699996649352,78.5800018859255
2007-12-01T08:10:39.014Z,,0.019999966893984,,,9.34000012024632,,,,6.19000008786281,0.299999980371672,,1.0599999942415,,36.0600013368,,,,5.40999978912439,,68.2300032785457,,70.639999448258,1.01999999679079,,62.0293390101031,15.3700000000001,78.0199966123891,,,,,4.0500000000001,0,,144.000000036,,,0,,75.0999984251086,,-39.0000015756026,0.019999966893984,149.000000539162,,0,,,,0.009999983446992,0.309999963818664,,0,0.009999983446992,,0,,,,0,,0,,0,0,1.02999999088548,0.019999966893984,0,,,,,1.720000116,0,5.00000214667547,,,,14.3000001528,0,144.000000036,,10.2299996009524,,9,418.989990249912,0,,,163.009994565303,,,,,,,,15.5699996649352,78.5800018859255
2007-12-01T08:10:44.026Z,,0.019999966893984,,,9.34000012024632,,,,6.19000008786281,0.299999980371672,,1.06999997768849,,36.0600013368,,,,5.40999978912439,,68.2300032785457,,70.639999448258,1.01999999679079,,62.0599292795359,15.3700000000001,78.0199966123891,,,,,4.0500000000001,0,,144.000000036,,,0,,75.0999984251086,,-40.0000033838892,0.019999966893984,132.000004272077,,0,,,,0.009999983446992,0.309999963818664,,0,0.009999983446992,,0,,,,0,,0,,0,0,1.02999999088548,0.019999966893984,0,,,,,1.720000116,0,-4.00000033838892,,,,14.3000001528,0,144.000000036,,10.2299996009524,,9,418.989990249912,0,,,163.009994565303,,,,,,,,15.5699996649352,78.5800018859255
2007-12-01T08:10:48.000Z,,0.019999966893984,,,9.32999997781203,,,,6.19000008786281,0.299999980371672,,1.06999997768849,,36.0600013368,,,,5.40999978912439,,68.2300032785457,,70.639999448258,1.01999999679079,,62.0293390101031,15.3700000000001,78.0199966123891,,,,,4.0500000000001,0,,144.000000036,,,0,,75.0899963748267,,-40.0000033838892,0.019999966893984,151.999999069264,,0,,,,0.009999983446992,0.309999963818664,,0,0.009999983446992,,0,,,,0,,0,,0,0,1.02999999088548,0.019999966893984,0,,,,,1.720000116,0,-10.9999992068802,,,,14.3000001528,0,144.000000036,,10.2200002534547,,9,418.989990249912,0,,,163.009994565303,,,,,,,,15.5699996649352,78.5800018859255
2007-12-01T08:10:53.011Z,,0.019999966893984,,,9.34000012024632,,,,6.19000008786281,0.299999980371672,,1.06999997768849,,36.0600013368,,,,5.40999978912439,,68.2300032785457,,70.639999448258,1.01999999679079,,62.0089441363708,15.3700000000001,78.0199966123891,,,,,4.06000000000009,0,,144.000000036,,,0,,75.0899963748267,,-37.9999997673161,0.009999983446992,146.00000200906,,0,,,,0.009999983446992,0.309999963818664,,0,0.009999983446992,,0,,,,0,,0,,0,0,1.02999999088548,0.009999983446992,0,,,,,1.720000116,0,12.0000010151668,,,,14.3000001528,0,144.000000036,,10.2200002534547,,9,418.989990249912,0,,,163.009994565303,,,,,,,,15.5699996649352,78.5800018859255
2007-12-01T08:10:56.986Z,,0.019999966893984,,,9.34000012024632,,,,6.19000008786281,0.299999980371672,,1.06999997768849,,36.0600013368,,,,5.40999978912439,,68.2300032785457,,70.639999448258,1.01999999679079,,61.8763799518688,15.3700000000001,78.0199966123891,,,,,4.0500000000001,0,,144.000000036,,,0,,75.0999984251086,,-39.0000015756026,0.009999983446992,155.999992512896,,0,,,,0.009999983446992,0.309999963818664,,0,0.009999983446992,,0,,,,0,,0,,0,0,1.02999999088548,0.009999983446992,0,,,,,1.720000116,0,-4.00000033838892,,,,14.3000001528,0,144.000000036,,10.2299996009524,,9,418.980010934815,0,,,163.009994565303,,,,,,,,15.5500001750031,78.5800018859255
2007-12-01T08:11:01.997Z,,0.019999966893984,,,9.34000012024632,,,,6.19000008786281,0.299999980371672,,1.06999997768849,,36.0600013368,,,,5.40999978912439,,68.2300032785457,,70.639999448258,1.01999999679079,,61.9171696993334,15.3700000000001,78.0199966123891,,,,,4.0500000000001,0,,144.000000036,,,0,,75.0999984251086,,-39.0000015756026,0.019999966893984,162.999998276144,,0,,,,0.009999983446992,0.309999963818664,,0,0.009999983446992,,0,,,,0,,0,,0,0,1.02999999088548,0.019999966893984,0,,,,,1.720000116,0,-6.99999886849128,,,,14.3000001528,0,144.000000036,,10.2299996009524,,9,418.970001253142,0,,,163.009994565303,,,,,,,,15.5400000325688,78.5800018859255
2007-12-01T08:11:05.971Z,,0.019999966893984,,,9.34000012024632,,,,6.19000008786281,0.299999980371672,,1.06999997768849,,36.0600013368,,,,5.40999978912439,,68.2300032785457,,70.6600037078092,1.01999999679079,,62.0599292795359,15.3599994444445,78.0199966123891,,,,,4.0500000000001,0,,144.000000036,,,0,,75.0999984251086,,-40.9999982974184,0.019999966893984,147.000003817346,,0,,,,0.009999983446992,0.309999963818664,,0,0.009999983446992,,0,,,,0,,0,,0,0,1.02999999088548,0.019999966893984,0,,,,,1.720000116,0,-4.00000033838892,,,,14.3000001528,0,144.000000036,,10.2299996009524,,9,418.980010934815,0,,,163.009994565303,,,,,,,,15.5400000325688,78.5800018859255
2007-12-01T08:11:10.982Z,,0.019999966893984,,,9.34000012024632,,,,6.19000008786281,0.299999980371672,,1.09000010356978,,36.0600013368,,,,5.40999978912439,,68.2300032785457,,70.6600037078092,1.01999999679079,,62.1313092964333,15.3700000000001,78.0199966123891,,,,,4.0500000000001,0,,144.000000036,,,0,,75.0999984251086,,-36.0000030455003,0.019999966893984,132.000004272077,,0,,,,0.009999983446992,0.309999963818664,,0,0.009999983446992,,0,,,,0,,0,,0,0,1.02999999088548,0.019999966893984,0,,,,,1.720000116,0,17.9999980753715,,,,14.3000001528,0,144.000000036,,10.2399997433867,,9,418.989990249912,0,,,163.009994565303,,,,,,,,15.5400000325688,78.5800018859255
2007-12-01T08:11:15.043Z,,0.019999966893984,,,9.34000012024632,,,,6.19000008786281,0.299999980371672,,1.09000010356978,,36.0600013368,,,,5.40999978912439,,68.2300032785457,,70.6600037078092,1.01999999679079,,61.8763799518688,15.3700000000001,78.0199966123891,,,,,4.0500000000001,0,,144.000000036,,,0,,75.0999984251086,,-40.0000033838892,0.019999966893984,138.999996245811,,0,,,,0.009999983446992,0.309999963818664,,0,0.009999983446992,,0,,,,0,,0,,0,0,1.02999999088548,0.019999966893984,0,,,,,1.720000116,0,5.00000214667547,,,,14.3000001528,0,144.000000036,,10.2500000448083,,9,419.029998769015,0,,,163.009994565303,,,,,,,,15.5400000325688,78.5800018859255
2007-12-01T08:11:19.968Z,,0.009999983446992,,,9.34000012024632,,,,6.19000008786281,0.299999980371672,,1.10000008701677,,36.0600013368,,,,5.40999978912439,,68.2300032785457,,70.6600037078092,1.01999999679079,,62.1924934640379,15.3700000000001,78.0199966123891,,,,,4.0500000000001,0,,144.000000036,,,0,,75.0999984251086,,-40.9999982974184,0.019999966893984,151.999999069264,,0,,,,0.009999983446992,0.309999963818664,,0,0.009999983446992,,0,,,,0,,0,,0,0,1.02999999088548,0.019999966893984,0,,,,,1.720000116,0,-8.00000067677784,,,,14.3000001528,0,144.000000036,,10.2600001872426,,9,419.040008609675,0,,,163.009994565303,,,,,,,,15.5400000325688,78.5800018859255
2007-12-01T08:11:24.029Z,,0.019999966893984,,,9.32999997781203,,,,6.19000008786281,0.299999980371672,,1.10000008701677,,36.0600013368,,,,5.40999978912439,,68.2300032785457,,70.6600037078092,1.01999999679079,,62.1007190270005,15.3700000000001,78.0199966123891,,,,,4.0500000000001,0,,144.000000036,,,0,,75.0999984251086,,-40.9999982974184,0.009999983446992,135.000002802179,,0,,,,0.009999983446992,0.309999963818664,,0,0.009999983446992,,0,,,,0,,0,,0,0,1.02999999088548,0.009999983446992,0,,,,,1.720000116,0,-9.00000248506439,,,,14.3000001528,0,144.000000036,,10.2600001872426,,9,419.059997606445,0,,,162.999999987425,,,,,,,,15.5600004764247,78.5800018859255
2007-12-01T08:11:29.040Z,,0.019999966893984,,,9.34000012024632,,,,6.19000008786281,0.299999980371672,,1.10000008701677,,36.0600013368,,,,5.40999978912439,,68.2300032785457,,70.6600037078092,1.01999999679079,,62.0803241532682,15.3700000000001,78.0199966123891,,,,,4.0500000000001,0,,144.000000036,,,0,,75.0999984251086,,-39.0000015756026,0.019999966893984,117.99999274558,,0,,,,0.009999983446992,0.309999963818664,,0,0.009999983446992,,0,,,,0,,0,,0,0,1.02999999088548,0.019999966893984,0,,,,,1.720000116,0,5.00000214667547,,,,14.3000001528,0,144.000000036,,10.2500000448083,,9,419.079986603215,0,,,163.009994565303,,,,,,,,15.5699996649352,78.5800018859255
2007-12-01T08:11:33.014Z,,0.019999966893984,,,9.34000012024632,,,,6.19000008786281,0.299999980371672,,1.06999997768849,,36.0600013368,,,,5.40999978912439,,68.2300032785457,,70.65000149854,1.01999999679079,,62.0089441363708,15.3599994444445,78.0199966123891,,,,,4.0500000000001,0,,144.000000036,,,0,,75.0999984251086,,-40.9999982974184,0.019999966893984,109.999998963559,,0,,,,0.009999983446992,0.309999963818664,,0,0.009999983446992,,0,,,,0,,0,,0,0,1.02999999088548,0.019999966893984,0,,,,,1.720000116,0,9.99999739859365,,,,14.3000001528,0,144.000000036,,10.2399997433867,,9,419.059997606445,0,,,163.009994565303,,,,,,,,15.5699996649352,78.5800018859255
2007-12-01T08:11:38.026Z,,0.019999966893984,,,9.32999997781203,,,,6.19000008786281,0.299999980371672,,1.06999997768849,,36.0600013368,,,,5.40999978912439,,68.2300032785457,,70.65000149854,1.01999999679079,,61.9477599687662,15.3599994444445,78.0199966123891,,,,,4.06000000000009,0,,144.000000036,,,0,,75.0899963748267,,-40.9999982974184,0.019999966893984,126.999995230644,,0,,,,0.009999983446992,0.309999963818664,,0,0.009999983446992,,0,,,,0,,0,,0,0,1.02999999088548,0.019999966893984,0,,,,,1.720000116,0,28.0000023687224,,,,14.3000001528,0,144.000000036,,10.2399997433867,,9,419.019989087342,0,,,163.009994565303,,,,,,,,15.5699996649352,78.5800018859255
2007-12-01T08:11:42.000Z,,0.019999966893984,,,9.31999967639043,,,,6.19000008786281,0.299999980371672,,1.06999997768849,,36.0600013368,,,,5.40999978912439,,68.2300032785457,,70.65000149854,1.01999999679079,,61.9273650950339,15.3700000000001,78.0199966123891,,,,,4.0500000000001,0,,144.000000036,,,0,,75.0899963748267,,-40.0000033838892,0,98.0000048431498,,0,,,,0.009999983446992,0.309999963818664,,0,0.009999983446992,,0,,,,0,,0,,0,0,1.02999999088548,0,0,,,,,1.720000116,0,12.0000010151668,,,,14.3000001528,0,144.000000036,,10.2299996009524,,9,418.999999931585,0,,,162.990005568533,,,,,,,,15.5699996649352,78.5800018859255
2007-12-01T08:11:47.011Z,,0.019999966893984,,,9.31999967639043,,,,6.19000008786281,0.299999980371672,,1.06999997768849,,36.0600013368,,,,5.40999978912439,,68.2300032785457,,70.65000149854,1.01999999679079,,61.8151957842642,15.3700000000001,78.0199966123891,,,,,4.0500000000001,0,,144.000000036,,,0,,75.0999984251086,,-40.9999982974184,0,119.000008343381,,0,,,,0.009999983446992,0.309999963818664,,0,0.009999983446992,,0,,,,0,,0,,0,0,1.02999999088548,0,0,,,,,1.720000116,0,9.00000248506439,,,,14.3000001528,0,144.000000036,,10.2299996009524,,9,418.999999931585,0,,,162.999999987425,,,,,,,,15.5699996649352,78.5800018859255
2007-12-01T08:11:50.986Z,,0.019999966893984,,,9.31999967639043,,,,6.19000008786281,0.299999980371672,,1.0599999942415,,36.0600013368,,,,5.40999978912439,,68.2300032785457,,70.639999448258,1.01999999679079,,61.8661809274293,15.3700000000001,78.0199966123891,,,,,4.0500000000001,0,,144.000000036,,,0,,75.0899963748267,,-39.0000015756026,0,126.999995230644,,0,,,,0.009999983446992,0.309999963818664,,0,0.009999983446992,,0,,,,0,,0,,0,0,1.02999999088548,0,0,,,,,1.720000116,0,-8.00000067677784,,,,14.3000001528,0,144.000000036,,10.2299996009524,,9,418.989990249912,0,,,162.990005568533,,,,,,,,15.5699996649352,78.5800018859255
2007-12-01T08:11:55.997Z,,0.019999966893984,,,9.31999967639043,,,,6.19000008786281,0.299999980371672,,1.0599999942415,,36.0600013368,,,,5.40999978912439,,68.2399978564243,,70.65000149854,1.01999999679079,,61.8967748256011,15.3700000000001,78.0199966123891,,,,,4.0500000000001,0,,144.000000036,,,0,,75.0899963748267,,-39.0000015756026,0,132.000004272077,,0,,,,0.009999983446992,0.309999963818664,,0,0.009999983446992,,0,,,,0,,0,,0,0,1.02999999088548,0,0,,,,,1.720000116,0,-20.0000016919446,,,,14.3000001528,0,144.000000036,,10.2399997433867,,9,418.989990249912,0,,,162.990005568533,,,,,,,,15.5699996649352,78.5800018859255
2007-12-01T08:11:59.971Z,,0.019999966893984,,,9.31999967639043,,,,6.19000008786281,0.299999980371672,,1.06999997768849,,36.0600013368,,,,5.40999978912439,,68.2500000656936,,70.65000149854,1.01999999679079,,62.0293390101031,15.3700000000001,78.0199966123891,,,,,4.06000000000009,0,,144.000000036,,,0,,75.1100006343779,,-37.9999997673161,0,126.999995230644,,0,,,,0.009999983446992,0.309999963818664,,0,0.009999983446992,,0,,,,0,,0,,0,0,1.02999999088548,0,0,,,,,1.720000116,0,-8.00000067677784,,,,14.3000001528,0,144.000000036,,10.2399997433867,,9,419.040008609675,0,,,162.999999987425,,,,,,,,15.5699996649352,78.5800018859255
2007-12-01T08:12:04.982Z,,0.019999966893984,,,9.31999967639043,,,,6.19000008786281,0.299999980371672,,1.06999997768849,,36.0600013368,,,,5.40999978912439,,68.2399978564243,,70.6600037078092,1.01999999679079,,61.9273650950339,15.3700000000001,78.0199966123891,,,,,4.0500000000001,0,,144.000000036,,,0,,75.1100006343779,,-39.0000015756026,0.009999983446992,142.9999965842,,0,,,,0.009999983446992,0.309999963818664,,0,0.009999983446992,,0,,,,0,,0,,0,0,1.02999999088548,0.009999983446992,0,,,,,1.720000116,0,9.00000248506439,,,,14.3000001528,0,144.000000036,,10.2399997433867,,9,419.049987765785,0,,,163.009994565303,,,,,,,,15.5699996649352,78.5800018859255
2007-12-01T08:12:09.043Z,,0.019999966893984,,,9.31999967639043,,,,6.19000008786281,0.299999980371672,,1.06999997768849,,36.0600013368,,,,5.40999978912439,,68.2399978564243,,70.65000149854,1.01999999679079,,62.1007190270005,15.3700000000001,78.0199966123891,,,,,4.0500000000001,0,,144.000000036,,,0,,75.1100006343779,,-40.9999982974184,0.019999966893984,138.999996245811,,0,,,,0.009999983446992,0.309999963818664,,0,0.009999983446992,,0,,,,0,,0,,0,0,1.02999999088548,0.019999966893984,0,,,,,1.720000116,0,-5.99999706020473,,,,14.3000001528,0,144.000000036,,10.2399997433867,,9,419.049987765785,0,,,163.009994565303,,,,,,,,15.5699996649352,78.5800018859255
2007-12-01T08:12:13.968Z,,0.019999966893984,,,9.32999997781203,,,,6.19000008786281,0.299999980371672,,1.06999997768849,,36.0600013368,,,,5.40999978912439,,68.2399978564243,,70.6600037078092,1.01999999679079,,61.9171696993334,15.3700000000001,78.0199966123891,,,,,4.0500000000001,0,,144.000000036,,,0,,75.1100006343779,,-36.0000030455003,0.019999966893984,153.99999579108,,0,,,,0.009999983446992,0.309999963818664,,0,0.009999983446992,,0,,,,0,,0,,0,0,1.02999999088548,0.019999966893984,0,,,,,1.720000116,0,-23.000000222047,,,,14.3000001528,0,144.000000036,,10.2399997433867,,9,419.049987765785,0,,,163.009994565303,,,,,,,,15.5699996649352,78.5800018859255
2007-12-01T08:12:18.029Z,,0.019999966893984,,,9.34000012024632,,,,6.19000008786281,0.299999980371672,,1.06999997768849,,36.0600013368,,,,5.40999978912439,,68.2500000656936,,70.6600037078092,1.01999999679079,,61.9579553644667,15.3700000000001,78.0100021934977,,,,,4.0500000000001,0,,144.000000036,,,0,,75.1100006343779,,-40.0000033838892,0.029999950340976,157.000008110697,,0,,,,0.009999983446992,0.309999963818664,,0,0.009999983446992,,0,,,,0,,0,,0,0,1.02999999088548,0.029999950340976,0,,,,,1.720000116,0,-20.0000016919446,,,,14.3000001528,0,144.000000036,,10.2399997433867,,9,419.059997606445,0,,,163.029998824854,,,,,,,,15.5699996649352,78.5800018859255
2007-12-01T08:12:23.040Z,,0.019999966893984,,,9.34000012024632,,,,6.19000008786281,0.299999980371672,,1.0599999942415,,36.0600013368,,,,5.40999978912439,,68.2500000656936,,70.6600037078092,1.01999999679079,,62.1924934640379,15.3599994444445,77.9899979339465,,,,,4.0500000000001,0,,144.000000036,,,0,,75.1100006343779,,-40.9999982974184,0.029999950340976,135.000002802179,,0,,,,0.009999983446992,0.309999963818664,,0,0.009999983446992,,0,,,,0,,0,,0,0,1.02999999088548,0.029999950340976,0,,,,,1.720000116,0,-13.9999977369826,,,,14.3000001528,0,144.000000036,,10.2399997433867,,9,419.040008609675,0,,,163.029998824854,,,,,,,,15.5699996649352,78.5800018859255
2007-12-01T08:12:27.014Z,,0.019999966893984,,,9.34000012024632,,,,6.19000008786281,0.299999980371672,,1.06999997768849,,36.0600013368,,,,5.40999978912439,,68.2500000656936,,70.65000149854,1.01999999679079,,61.8967748256011,15.3700000000001,77.9899979339465,,,,,4.0500000000001,0,,144.000000036,,,0,,75.1100006343779,,-40.9999982974184,0.039999933787968,147.999998730875,,0,,,,0.009999983446992,0.309999963818664,,0,0.009999983446992,,0,,,,0,,0,,0,0,1.02999999088548,0.039999933787968,0,,,,,1.720000116,0,-21.9999984137604,,,,14.3000001528,0,144.000000036,,10.2399997433867,,9,419.040008609675,0,,,163.029998824854,,,,,,,,15.5699996649352,78.5800018859255
2007-12-01T08:12:32.026Z,,0.019999966893984,,,9.34000012024632,,,,6.19000008786281,0.299999980371672,,1.06999997768849,,36.0600013368,,,,5.40999978912439,,68.2500000656936,,70.6600037078092,1.01999999679079,,61.9273650950339,15.3700000000001,77.9899979339465,,,,,4.0500000000001,0,,144.000000036,,,0,,75.1100006343779,,-39.0000015756026,0.029999950340976,128.999998847217,,0,,,,0.009999983446992,0.309999963818664,,0,0.009999983446992,,0,,,,0,,0,,0,0,1.02999999088548,0.029999950340976,0,,,,,1.720000116,0,-9.00000248506439,,,,14.3000001528,0,144.000000036,,10.2399997433867,,9,419.040008609675,0,,,163.029998824854,,,,,,,,15.5699996649352,78.5800018859255
2007-12-01T08:12:36.000Z,,0.019999966893984,,,9.34000012024632,,,,6.19000008786281,0.299999980371672,,1.06999997768849,,36.0600013368,,,,5.40999978912439,,68.2399978564243,,70.6600037078092,1.01999999679079,,61.8253952622961,15.3700000000001,77.9899979339465,,,,,4.0500000000001,0,,144.000000036,,,0,,75.1100006343779,,-40.0000033838892,0.029999950340976,126.000000317115,,0,,,,0.009999983446992,0.309999963818664,,0,0.009999983446992,,0,,,,0,,0,,0,0,1.02999999088548,0.029999950340976,0,,,,,1.720000116,0,1.00000180828655,,,,14.3000001528,0,144.000000036,,10.2399997433867,,9,419.019989087342,0,,,163.029998824854,,,,,,,,15.5699996649352,78.5800018859255
2007-12-01T08:12:41.011Z,,0.019999966893984,,,9.34000012024632,,,,6.19000008786281,0.299999980371672,,1.06999997768849,,36.0600013368,,,,5.40999978912439,,68.2500000656936,,70.6600037078092,1.01999999679079,,61.7948009105319,15.3700000000001,77.9899979339465,,,,,4.0500000000001,0,,144.000000036,,,0,,75.1100006343779,,-36.9999979590295,0.029999950340976,123.000001787013,,0,,,,0.009999983446992,0.309999963818664,,0,0.009999983446992,,0,,,,0,,0,,0,0,1.02999999088548,0.029999950340976,0,,,,,1.720000116,0,-12.0000010151668,,,,14.3000001528,0,144.000000036,,10.2399997433867,,9,419.029998769015,0,,,163.029998824854,,,,,,,,15.5699996649352,78.5800018859255
2007-12-01T08:12:44.986Z,,0.019999966893984,,,9.34000012024632,,,,6.19000008786281,0.299999980371672,,1.06999997768849,,36.0600013368,,,,5.40999978912439,,68.2500000656936,,70.6600037078092,1.01999999679079,,62.0803241532682,15.3599994444445,77.9899979339465,,,,,4.0500000000001,0,,144.000000036,,,0,,75.1100006343779,,-40.0000033838892,0.039999933787968,140.999999862384,,0,,,,0.009999983446992,0.309999963818664,,0,0.009999983446992,,0,,,,0,,0,,0,0,1.02999999088548,0.039999933787968,0,,,,,1.720000116,0,-10.9999992068802,,,,14.3000001528,0,144.000000036,,10.2299996009524,,9,419.029998769015,0,,,163.029998824854,,,,,,,,15.5699996649352,78.5800018859255
2007-12-01T08:12:49.997Z,,0.019999966893984,,,9.34000012024632,,,,6.19000008786281,0.299999980371672,,1.0599999942415,,36.0600013368,,,,5.40999978912439,,68.2500000656936,,70.6600037078092,1.01999999679079,,61.8151957842642,15.3700000000001,77.9899979339465,,,,,4.0500000000001,0,,144.000000036,,,0,,75.1100006343779,,-40.9999982974184,0.029999950340976,145.00000709553,,0,,,,0.009999983446992,0.309999963818664,,0,0.009999983446992,,0,,,,0,,0,,0,0,1.02999999088548,0.029999950340976,0,,,,,1.720000116,0,-2.99999853010237,,,,14.3000001528,0,144.000000036,,10.2299996009524,,9,419.040008609675,0,,,163.029998824854,,,,,,,,15.5799999663568,78.5800018859255
2007-12-01T08:12:53.971Z,,0.019999966893984,,,9.34000012024632,,,,6.19000008786281,0.299999980371672,,1.06999997768849,,36.0600013368,,,,5.40999978912439,,68.2500000656936,,70.65000149854,1.01999999679079,,61.8661809274293,15.3599994444445,77.9899979339465,,,,,4.0500000000001,0,,144.000000036,,,0,,75.1100006343779,,-40.0000033838892,0.029999950340976,138.000001332282,,0,,,,0.009999983446992,0.309999963818664,,0,0.009999983446992,,0,,,,0,,0,,0,0,1.02999999088548,0.029999950340976,0,,,,,1.720000116,0,-13.9999977369826,,,,14.3000001528,0,144.000000036,,10.2299996009524,,9,419.040008609675,0,,,163.029998824854,,,,,,,,15.5799999663568,78.5800018859255
2007-12-01T08:12:58.982Z,,0.019999966893984,,,9.34000012024632,,,,6.19000008786281,0.299999980371672,,1.06999997768849,,36.0600013368,,,,5.40999978912439,,68.2399978564243,,70.6600037078092,1.01999999679079,,61.9579553644667,15.3700000000001,77.9899979339465,,,,,4.0500000000001,0,,144.000000036,,,0,,75.0999984251086,,-39.0000015756026,0.029999950340976,145.00000709553,,0,,,,0.009999983446992,0.309999963818664,,0,0.009999983446992,,0,,,,0,,0,,0,0,1.02999999088548,0.029999950340976,0,,,,,1.720000116,0,-12.0000010151668,,,,14.3000001528,0,144.000000036,,10.2299996009524,,9,419.029998769015,0,,,163.020004246976,,,,,,,,15.5799999663568,78.5800018859255
2007-12-01T08:13:03.043Z,,0.019999966893984,,,9.34000012024632,,,,6.19000008786281,0.299999980371672,,1.0599999942415,,36.0600013368,,,,5.40999978912439,,68.2500000656936,,70.6600037078092,1.01999999679079,,62.0293390101031,15.3599994444445,77.9899979339465,,,,,4.0500000000001,0,,144.000000036,,,0,,75.0999984251086,,-42.000000105705,0.019999966893984,145.00000709553,,0,,,,0.009999983446992,0.309999963818664,,0,0.009999983446992,,0,,,,0,,0,,0,0,1.02999999088548,0.019999966893984,0,,,,,1.720000116,0,-5.00000214667547,,,,14.3000001528,0,144.000000036,,10.2299996009524,,9,419.019989087342,0,,,163.009994565303,,,,,,,,15.5799999663568,78.5800018859255
2007-12-01T08:13:07.968Z,,0.019999966893984,,,9.34000012024632,,,,6.19000008786281,0.299999980371672,,1.06999997768849,,36.0600013368,,,,5.40999978912439,,68.2300032785457,,70.6600037078092,1.01999999679079,,61.8151957842642,15.3700000000001,77.9899979339465,,,,,4.0500000000001,0,,144.000000036,,,0,,75.0999984251086,,-40.0000033838892,0.019999966893984,166.999998614533,,0,,,,0.009999983446992,0.309999963818664,,0,0.009999983446992,,0,,,,0,,0,,0,0,1.02999999088548,0.019999966893984,0,,,,,1.720000116,0,4.00000033838892,,,,14.3000001528,0,144.000000036,,10.2299996009524,,9,419.010009772245,0,,,163.009994565303,,,,,,,,15.5799999663568,78.5800018859255
2007-12-01T08:13:17.040Z,,0.019999966893984,,,9.34000012024632,,,,6.19000008786281,0.299999980371672,,1.06999997768849,,36.0600013368,,,,5.40999978912439,,68.2300032785457,,70.6600037078092,1.01999999679079,,62.0497298015041,15.3700000000001,78.0199966123891,,,,,4.0500000000001,0,,144.000000036,,,0,,75.0899963748267,,-39.0000015756026,0.019999966893984,117.99999274558,,0,,,,0.009999983446992,0.309999963818664,,0,0.009999983446992,,0,,,,0,,0,,0,0,1.02999999088548,0.019999966893984,0,,,,,1.720000116,0,-10.9999992068802,,,,14.3000001528,0,144.000000036,,10.2299996009524,,9,419.040008609675,0,,,163.009994565303,,,,,,,,15.5799999663568,78.5800018859255
2007-12-01T08:13:21.014Z,,0.019999966893984,,,9.32999997781203,,,,6.19000008786281,0.299999980371672,,1.06999997768849,,36.0600013368,,,,5.40999978912439,,68.2300032785457,,70.6600037078092,1.01999999679079,,61.8661809274293,15.3700000000001,78.0199966123891,,,,,4.0500000000001,0,,144.000000036,,,0,,75.0899963748267,,-39.0000015756026,0.019999966893984,126.000000317115,,0,,,,0.009999983446992,0.309999963818664,,0,0.009999983446992,,0,,,,0,,0,,0,0,1.02999999088548,0.019999966893984,0,,,,,1.720000116,0,1.99999672181581,,,,14.3000001528,0,144.000000036,,10.2200002534547,,9,419.019989087342,0,,,163.009994565303,,,,,,,,15.5799999663568,78.5800018859255
2007-12-01T08:13:26.026Z,,0.019999966893984,,,9.31999967639043,,,,6.19000008786281,0.299999980371672,,1.06999997768849,,36.0600013368,,,,5.40999978912439,,68.2300032785457,,70.65000149854,1.01999999679079,,61.8661809274293,15.3599994444445,78.0199966123891,,,,,4.0500000000001,0,,144.000000036,,,0,,75.0999984251086,,-40.0000033838892,0.009999983446992,151.999999069264,,0,,,,0.009999983446992,0.309999963818664,,0,0.009999983446992,,0,,,,0,,0,,0,0,1.02999999088548,0.009999983446992,0,,,,,1.720000116,0,-31.0000008988248,,,,14.3000001528,0,144.000000036,,10.2200002534547,,9,419.010009772245,0,,,162.999999987425,,,,,,,,15.5799999663568,78.5800018859255
2007-12-01T08:13:30.000Z,,0.019999966893984,,,9.31999967639043,,,,6.19000008786281,0.299999980371672,,1.06999997768849,,36.0600013368,,,,5.40999978912439,,68.2300032785457,,70.6600037078092,1.01999999679079,,62.0497298015041,15.3700000000001,78.0199966123891,,,,,4.0500000000001,0,,144.000000036,,,0,,75.0899963748267,,-40.9999982974184,0,150.999997260978,,0,,,,0.009999983446992,0.309999963818664,,0,0.009999983446992,,0,,,,0,,0,,0,0,1.02999999088548,0,0,,,,,1.720000116,0,-8.00000067677784,,,,14.3000001528,0,144.000000036,,10.2200002534547,,9,419.019989087342,0,,,163.009994565303,,,,,,,,15.5799999663568,78.5999985140861
2007-12-01T08:13:35.011Z,,0.019999966893984,,,9.31999967639043,,,,6.19000008786281,0.299999980371672,,1.06999997768849,,36.0600013368,,,,5.40999978912439,,68.2300032785457,,70.6600037078092,1.01999999679079,,62.0803241532682,15.3700000000001,78.0199966123891,,,,,4.0500000000001,0,,144.000000036,,,0,,75.0999984251086,,-40.9999982974184,0.029999950340976,153.99999579108,,0,,,,0.009999983446992,0.309999963818664,,0,0.009999983446992,,0,,,,0,,0,,0,0,1.02999999088548,0.029999950340976,0,,,,,1.720000116,0,-17.9999980753715,,,,14.3000001528,0,144.000000036,,10.2200002534547,,9,419.040008609675,0,,,163.020004246976,,,,,,,,15.5799999663568,78.610000564368
2007-12-01T08:13:43.997Z,,0.019999966893984,,,9.31999967639043,,,,6.19000008786281,0.299999980371672,,1.06999997768849,,36.0600013368,,,,5.40999978912439,,68.2300032785457,,70.639999448258,1.01999999679079,,61.9477599687662,15.3700000000001,78.0199966123891,,,,,4.0500000000001,0,,144.000000036,,,0,,75.0899963748267,,-40.9999982974184,0.019999966893984,124.000003595299,,0,,,,0.009999983446992,0.309999963818664,,0,0.009999983446992,,0,,,,0,,0,,0,0,1.02999999088548,0.019999966893984,0,,,,,1.720000116,0,13.9999977369826,,,,14.3000001528,0,144.000000036,,10.2299996009524,,9,419.019989087342,0,,,163.020004246976,,,,,,,,15.5699996649352,78.610000564368
2007-12-01T08:13:47.971Z,,0.019999966893984,,,9.31999967639043,,,,6.19000008786281,0.299999980371672,,1.06999997768849,,36.0600013368,,,,5.40999978912439,,68.2500000656936,,70.639999448258,1.01999999679079,,62.0089441363708,15.3700000000001,78.0199966123891,,,,,4.0500000000001,0,,144.000000036,,,0,,75.0999984251086,,-39.0000015756026,0.029999950340976,115.999996023764,,0,,,,0.009999983446992,0.309999963818664,,0,0.009999983446992,,0,,,,0,,0,,0,0,1.02999999088548,0.029999950340976,0,,,,,1.720000116,0,17.0000031618422,,,,14.3000001528,0,144.000000036,,10.2299996009524,,9,419.019989087342,0,,,163.020004246976,,,,,,,,15.5699996649352,78.610000564368
2007-12-01T08:13:52.982Z,,0.019999966893984,,,9.31999967639043,,,,6.19000008786281,0.299999980371672,,1.06999997768849,,36.0600013368,,,,5.40999978912439,,68.2500000656936,,70.639999448258,1.01999999679079,,61.978350238199,15.3599994444445,78.0199966123891,,,,,4.0500000000001,0,,144.000000036,,,0,,75.0899963748267,,-40.9999982974184,0.029999950340976,116.999997832051,,0,,,,0.009999983446992,0.309999963818664,,0,0.009999983446992,,0,,,,0,,0,,0,0,1.02999999088548,0.029999950340976,0,,,,,1.720000116,0,12.0000010151668,,,,14.3000001528,0,144.000000036,,10.2299996009524,,9,419.029998769015,0,,,163.020004246976,,,,,,,,15.5699996649352,78.610000564368
2007-12-01T08:13:57.043Z,,0.019999966893984,,,9.30000018645835,,,,6.19000008786281,0.299999980371672,,1.0599999942415,,36.0600013368,,,,5.40999978912439,,68.2399978564243,,70.639999448258,1.01999999679079,,61.9579553644667,15.3700000000001,78.0199966123891,,,,,4.0500000000001,0,,144.000000036,,,0,,75.0899963748267,,-40.9999982974184,0.019999966893984,136.999999523995,,0,,,,0.009999983446992,0.309999963818664,,0,0.009999983446992,,0,,,,0,,0,,0,0,1.02999999088548,0.019999966893984,0,,,,,1.720000116,0,-6.99999886849128,,,,14.3000001528,0,144.000000036,,10.2299996009524,,9,419.010009772245,0,,,162.999999987425,,,,,,,,15.5699996649352,78.610000564368
2007-12-01T08:14:01.968Z,,0.019999966893984,,,9.30000018645835,,,,6.19000008786281,0.299999980371672,,1.06999997768849,,36.0600013368,,,,5.40999978912439,,68.2300032785457,,70.639999448258,1.01999999679079,,61.9477599687662,15.3700000000001,78.0199966123891,,,,,4.0500000000001,0,,144.000000036,,,0,,75.0899963748267,,-40.0000033838892,0,166.999998614533,,0,,,,0.009999983446992,0.309999963818664,,0,0.009999983446992,,0,,,,0,,0,,0,0,1.02999999088548,0,0,,,,,1.720000116,0,1.99999672181581,,,,14.3000001528,0,144.000000036,,10.2299996009524,,9,418.989990249912,0,,,162.999999987425,,,,,,,,15.5699996649352,78.610000564368
2007-12-01T08:14:11.040Z,,0.019999966893984,,,9.30000018645835,,,,6.19000008786281,0.299999980371672,,1.06999997768849,,36.0600013368,,,,5.40999978912439,,68.2300032785457,,70.65000149854,1.01999999679079,,61.8151957842642,15.3700000000001,78.0199966123891,,,,,4.0500000000001,0,,144.000000036,,,0,,75.0899963748267,,-42.000000105705,0,136.000004610466,,0,,,,0.009999983446992,0.309999963818664,,0,0.009999983446992,,0,,,,0,,0,,0,0,1.02999999088548,0,0,,,,,1.720000116,0,13.0000028234533,,,,14.3000001528,0,144.000000036,,10.2299996009524,,9,418.980010934815,0,,,162.999999987425,,,,,,,,15.5400000325688,78.610000564368
2007-12-01T08:14:15.014Z,,0.019999966893984,,,9.30000018645835,,,,6.19000008786281,0.299999980371672,,1.0599999942415,,36.0600013368,,,,5.40999978912439,,68.2300032785457,,70.639999448258,1.01999999679079,,61.8763799518688,15.3700000000001,78.0199966123891,,,,,4.0500000000001,0,,144.000000036,,,0,,75.0999984251086,,-40.9999982974184,0,147.000003817346,,0,,,,0.009999983446992,0.309999963818664,,0,0.009999983446992,,0,,,,0,,0,,0,0,1.02999999088548,0,0,,,,,1.720000116,0,18.999999883658,,,,14.3000001528,0,144.000000036,,10.2200002534547,,9,418.959991412483,0,,,162.999999987425,,,,,,,,15.5400000325688,78.610000564368
2007-12-01T08:14:20.026Z,,0.019999966893984,,,9.30000018645835,,,,6.19000008786281,0.299999980371672,,1.06999997768849,,36.0600013368,,,,5.40999978912439,,68.2300032785457,,70.6600037078092,1.01999999679079,,62.0599292795359,15.3700000000001,78.0199966123891,,,,,4.0500000000001,0,,144.000000036,,,0,,75.0999984251086,,-40.9999982974184,0.009999983446992,150.000002347448,,0,,,,0.009999983446992,0.309999963818664,,0,0.009999983446992,,0,,,,0,,0,,0,0,1.02999999088548,0.009999983446992,0,,,,,1.720000116,0,-4.00000033838892,,,,14.3000001528,0,144.000000036,,10.2299996009524,,9,418.980010934815,0,,,162.999999987425,,,,,,,,15.5400000325688,78.610000564368
2007-12-01T08:14:24.000Z,,0.019999966893984,,,9.31000048787995,,,,6.19000008786281,0.299999980371672,,1.06999997768849,,36.0600013368,,,,5.40999978912439,,68.2300032785457,,70.6600037078092,1.01999999679079,,61.8661809274293,15.3700000000001,77.9899979339465,,,,,4.0500000000001,0,,144.000000036,,,0,,75.0999984251086,,-40.0000033838892,0.009999983446992,153.99999579108,,0,,,,0.009999983446992,0.309999963818664,,0,0.009999983446992,,0,,,,0,,0,,0,0,1.02999999088548,0.009999983446992,0,,,,,1.720000116,0,16.0000013535557,,,,14.3000001528,0,144.000000036,,10.2299996009524,,9,418.959991412483,0,,,163.009994565303,,,,,,,,15.5400000325688,78.610000564368
2007-12-01T08:14:29.011Z,,0.019999966893984,,,9.31999967639043,,,,6.19000008786281,0.299999980371672,,1.06999997768849,,36.0600013368,,,,5.40999978912439,,68.2300032785457,,70.65000149854,1.01999999679079,,62.0089441363708,15.3700000000001,77.9899979339465,,,,,4.0500000000001,0,,144.000000036,,,0,,75.0899963748267,,-39.0000015756026,0.019999966893984,164.000000084431,,0,,,,0.009999983446992,0.309999963818664,,0,0.009999983446992,,0,,,,0,,0,,0,0,1.02999999088548,0.019999966893984,0,,,,,1.720000116,0,5.99999706020473,,,,14.3000001528,0,144.000000036,,10.2299996009524,,9,418.980010934815,0,,,163.020004246976,,,,,,,,15.5600004764247,78.5999985140861
2007-12-01T08:14:32.986Z,,0.019999966893984,,,9.31999967639043,,,,6.19000008786281,0.299999980371672,,1.06999997768849,,36.0600013368,,,,5.40999978912439,,68.2300032785457,,70.65000149854,1.01999999679079,,61.845789682436,15.3700000000001,77.9899979339465,,,,,4.0500000000001,0,,144.000000036,,,0,,75.0899963748267,,-40.9999982974184,0.019999966893984,147.999998730875,,0,,,,0.009999983446992,0.309999963818664,,0,0.009999983446992,,0,,,,0,,0,,0,0,1.02999999088548,0.019999966893984,0,,,,,1.720000116,0,4.00000033838892,,,,14.3000001528,0,144.000000036,,10.2299996009524,,9,418.999999931585,0,,,163.020004246976,,,,,,,,15.5699996649352,78.5999985140861
2007-12-01T08:14:37.997Z,,0.019999966893984,,,9.31999967639043,,,,6.19000008786281,0.299999980371672,,1.06999997768849,,36.0600013368,,,,5.40999978912439,,68.2300032785457,,70.6600037078092,1.01999999679079,,62.1007190270005,15.3700000000001,77.9899979339465,,,,,4.0500000000001,0,,144.000000036,,,0,,75.0999984251086,,-40.9999982974184,0.019999966893984,136.000004610466,,0,,,,0.009999983446992,0.309999963818664,,0,0.009999983446992,,0,,,,0,,0,,0,0,1.02999999088548,0.019999966893984,0,,,,,1.720000116,0,10.9999992068802,,,,14.3000001528,0,144.000000036,,10.2299996009524,,9,418.980010934815,0,,,162.999999987425,,,,,,,,15.5699996649352,78.5800018859255
2007-12-01T08:14:41.971Z,,0.009999983446992,,,9.31999967639043,,,,6.19000008786281,0.299999980371672,,1.06999997768849,,36.0600013368,,,,5.40999978912439,,68.2300032785457,,70.6600037078092,1.01999999679079,,61.7846055148314,15.3700000000001,77.9899979339465,,,,,4.0500000000001,0,,144.000000036,,,0,,75.1100006343779,,-39.0000015756026,0,141.999994775913,,0,,,,0.009999983446992,0.309999963818664,,0,0.009999983446992,,0,,,,0,,0,,0,0,1.02999999088548,0,0,,,,,1.720000116,0,1.00000180828655,,,,14.3000001528,0,144.000000036,,10.2299996009524,,9,418.980010934815,0,,,162.999999987425,,,,,,,,15.5699996649352,78.5800018859255
2007-12-01T08:14:46.982Z,,0.019999966893984,,,9.31999967639043,,,,6.19000008786281,0.299999980371672,,1.0599999942415,,36.0600013368,,,,5.40999978912439,,68.2300032785457,,70.6600037078092,1.01999999679079,,62.1007190270005,15.3700000000001,77.9899979339465,,,,,4.0500000000001,0,,144.000000036,,,0,,75.1100006343779,,-42.000000105705,0.009999983446992,146.00000200906,,0,,,,0.009999983446992,0.309999963818664,,0,0.009999983446992,,0,,,,0,,0,,0,0,1.02999999088548,0.009999983446992,0,,,,,1.720000116,0,-1.99999672181581,,,,14.3000001528,0,144.000000036,,10.2299996009524,,9,418.989990249912,0,,,163.009994565303,,,,,,,,15.5699996649352,78.5800018859255
2007-12-01T08:14:51.043Z,,0.019999966893984,,,9.31999967639043,,,,6.19000008786281,0.299999980371672,,1.06999997768849,,36.0600013368,,,,5.40999978912439,,68.2300032785457,,70.6600037078092,1.01999999679079,,61.9579553644667,15.3700000000001,77.9899979339465,,,,,4.0500000000001,0,,144.000000036,,,0,,75.1100006343779,,-40.9999982974184,0.019999966893984,145.00000709553,,0,,,,0.009999983446992,0.309999963818664,,0,0.009999983446992,,0,,,,0,,0,,0,0,1.02999999088548,0.019999966893984,0,,,,,1.720000116,0,13.0000028234533,,,,14.3000001528,0,144.000000036,,10.2399997433867,,9,418.999999931585,0,,,163.009994565303,,,,,,,,15.5699996649352,78.5800018859255
2007-12-01T08:14:55.968Z,,0.019999966893984,,,9.31999967639043,,,,6.19000008786281,0.299999980371672,,1.06999997768849,,36.0600013368,,,,5.40999978912439,,68.2300032785457,,70.65000149854,1.01999999679079,,61.8661809274293,15.3599994444445,77.9899979339465,,,,,4.0500000000001,0,,144.000000036,,,0,,75.1100006343779,,-40.9999982974184,0.019999966893984,141.999994775913,,0,,,,0.009999983446992,0.309999963818664,,0,0.009999983446992,,0,,,,0,,0,,0,0,1.02999999088548,0.019999966893984,0,,,,,1.720000116,0,-17.0000031618422,,,,14.3000001528,0,144.000000036,,10.2399997433867,,9,418.999999931585,0,,,163.009994565303,,,,,,,,15.5699996649352,78.5800018859255
2007-12-01T08:15:00.029Z,,0.019999966893984,,,9.31999967639043,,,,6.19000008786281,0.299999980371672,,1.06999997768849,,36.0600013368,,,,5.40999978912439,,68.2300032785457,,70.65000149854,1.01999999679079,,62.0293390101031,15.3599994444445,77.9899979339465,,,,,4.0500000000001,0,,144.000000036,,,0,,75.1100006343779,,-40.9999982974184,0.019999966893984,136.000004610466,,0,,,,0.009999983446992,0.309999963818664,,0,0.009999983446992,,0,,,,0,,0,,0,0,1.02999999088548,0.019999966893984,0,,,,,1.720000116,0,-12.0000010151668,,,,14.3000001528,0,144.000000036,,10.2399997433867,,9,418.999999931585,0,,,163.009994565303,,,,,,,,15.5699996649352,78.5800018859255
2007-12-01T08:15:05.040Z,,0.019999966893984,,,9.31999967639043,,,,6.19000008786281,0.299999980371672,,1.06999997768849,,36.6899985528,,,,5.40999978912439,,68.2300032785457,,70.65000149854,1.01999999679079,,59.2149203706006,15.3700000000001,77.9899979339465,,,,,4.0500000000001,0,,144.000000036,,,0,,75.1100006343779,,-40.9999982974184,0.019999966893984,138.000001332282,,0,,,,0.009999983446992,0.309999963818664,,0,0.009999983446992,,0,,,,0,,0,,0,0,1.02999999088548,0.019999966893984,0,,,,,1.720000116,0,1.99999672181581,,,,14.3000001528,0,144.000000036,,10.2399997433867,,9,418.999999931585,0,,,163.020004246976,,,,,,,,15.5699996649352,78.5800018859255
2007-12-01T08:15:09.014Z,,0.019999966893984,,,9.31999967639043,,,,6.19000008786281,0.299999980371672,,1.0599999942415,,38.1899986008,,,,5.40999978912439,,68.2300032785457,,70.65000149854,1.01999999679079,,55.7784778135308,15.3700000000001,77.9899979339465,,,,,4.0500000000001,0,,144.000000036,,,0,,75.1100006343779,,-42.000000105705,0.019999966893984,152.999993982794,,0,,,,0.009999983446992,0.309999963818664,,0,0.009999983446992,,0,,,,0,,0,,0,0,1.02999999088548,0.019999966893984,0,,,,,1.720000116,0,-27.0000005604359,,,,14.3000001528,0,144.000000036,,10.2299996009524,,9,418.989990249912,0,,,163.009994565303,,,,,,,,15.5699996649352,78.5800018859255
2007-12-01T08:15:14.026Z,,0.019999966893984,,,9.34000012024632,,,,6.19000008786281,0.299999980371672,,1.06999997768849,,42.2799988536,,,,5.40999978912439,,68.2300032785457,,70.65000149854,1.01999999679079,,61.509281750127,15.3700000000001,77.9899979339465,,,,,4.0500000000001,0,,144.000000036,,,0,,75.1100006343779,,-40.9999982974184,0.029999950340976,126.000000317115,,0,,,,0.009999983446992,0.309999963818664,,0,0.009999983446992,,0,,,,0,,0,,0,0,1.02999999088548,0.029999950340976,0,,,,,1.720000116,0,-4.00000033838892,,,,14.3000001528,0,144.000000036,,10.2299996009524,,9,419.029998769015,0,,,163.050003084406,,,,,,,,15.5699996649352,78.610000564368
2007-12-01T08:15:18.000Z,,0.019999966893984,,,9.34000012024632,,,,6.19000008786281,0.299999980371672,,1.06999997768849,,43.5299988936,,,,5.40999978912439,,68.2300032785457,,70.65000149854,1.01999999679079,,61.7642106410991,15.3700000000001,77.9899979339465,,,,,4.0500000000001,0,,144.000000036,,,0,,75.1100006343779,,-40.9999982974184,0.070000043116248,132.000004272077,,0,,,,0.009999983446992,0.309999963818664,,0,0.009999983446992,,0,,,,0,,0,,0,0,1.02999999088548,0.070000043116248,0,,,,,1.720000116,0,10.9999992068802,,,,14.3000001528,0,144.000000036,,10.2299996009524,,9,419.029998769015,0,,,163.059997503297,,,,,,,,15.5699996649352,78.610000564368
2007-12-01T08:15:23.011Z,,0.009999983446992,,,9.34000012024632,,,,6.19000008786281,0.299999980371672,,1.06999997768849,,43.499999868,,,,5.40999978912439,,68.2300032785457,,70.65000149854,1.01999999679079,,60.8770588081202,15.3700000000001,77.9899979339465,,,,,4.06000000000009,0,,144.000000036,,,0,,75.1100006343779,,-39.0000015756026,0.060000059669256,124.999998508828,,0,,,,0.009999983446992,0.309999963818664,,0,0.009999983446992,,0,,,,0,,0,,0,0,1.02999999088548,0.060000059669256,0,,,,,1.720000116,0,5.99999706020473,,,,14.3000001528,0,144.000000036,,10.2299996009524,,9,419.029998769015,0,,,163.059997503297,,,,,,,,15.5699996649352,78.610000564368
2007-12-01T08:15:26.986Z,,0.019999966893984,,,9.34000012024632,,,,6.19000008786281,0.299999980371672,,1.06999997768849,,43.4300004144,,,,5.42000009054599,,68.2300032785457,,70.65000149854,1.01999999679079,,60.7648894973505,15.3700000000001,77.9899979339465,,,,,4.0500000000001,0,,144.000000036,,,0,,75.1100006343779,,-40.0000033838892,0.060000059669256,127.999997038931,,0,,,,0.009999983446992,0.309999963818664,,0,0.009999983446992,,0,,,,0,,0,,0,0,1.02999999088548,0.060000059669256,0,,,,,1.720000116,0,-5.99999706020473,,,,14.3000001528,0,144.000000036,,10.2299996009524,,9,419.040008609675,0,,,163.059997503297,,,,,,,,15.5799999663568,78.610000564368
2007-12-01T08:15:31.997Z,,0.019999966893984,,,9.36999991159999,,,,6.19000008786281,0.299999980371672,,1.0599999942415,,43.4300004144,,,,5.42000009054599,,68.1999969687125,,70.65000149854,1.01999999679079,,60.2448358661134,15.3700000000001,77.9899979339465,,,,,4.0500000000001,0,,144.000000036,,,0,,75.1100006343779,,-40.9999982974184,0.090000010010232,140.999999862384,,0,,,,0.009999983446992,0.309999963818664,,0,0.009999983446992,,0,,,,0,,0,,0,0,1.02999999088548,0.090000010010232,0,,,,,1.720000116,0,13.9999977369826,,,,14.3000001528,0,144.000000036,,10.2299996009524,,9,419.059997606445,0,,,163.080001762848,,,,,,,,15.5799999663568,78.5999985140861
2007-12-01T08:15:35.971Z,,0.019999966893984,,,9.36999991159999,,,,6.19000008786281,0.299999980371672,,1.0599999942415,,43.4300004144,,,,5.40999978912439,,68.1999969687125,,70.65000149854,1.01999999679079,,60.5507499002506,15.3599994444445,77.9899979339465,,,,,4.0500000000001,0,,144.000000036,,,0,,75.1100006343779,,-40.0000033838892,0.090000010010232,158.000003024226,,0,,,,0.009999983446992,0.309999963818664,,0,0.009999983446992,,0,,,,0,,0,,0,0,1.02999999088548,0.090000010010232,0,,,,,1.720000116,0,-9.99999739859365,,,,14.3000001528,0,144.000000036,,10.2299996009524,,9,419.049987765785,0,,,163.080001762848,,,,,,,,15.5799999663568,78.5999985140861
2007-12-01T08:15:40.982Z,,0.019999966893984,,,9.35999961017839,,,,6.19000008786281,0.299999980371672,,1.06999997768849,,43.4399987688,,,,5.40999978912439,,68.1999969687125,,70.6600037078092,1.01999999679079,,60.6833100024213,15.3700000000001,77.9899979339465,,,,,4.0500000000001,0,,144.000000036,,,0,,75.1100006343779,,-42.000000105705,0.08000002656324,114.999994215477,,0,,,,0.009999983446992,0.309999963818664,,0,0.009999983446992,,0,,,,0,,0,,0,0,1.02999999088548,0.08000002656324,0,,,,,1.720000116,0,10.9999992068802,,,,14.3000001528,0,144.000000036,,10.2299996009524,,9,419.029998769015,0,,,163.080001762848,,,,,,,,15.5699996649352,78.610000564368
2007-12-01T08:15:45.043Z,,0.019999966893984,,,9.35999961017839,,,,6.19000008786281,0.299999980371672,,1.0599999942415,,43.4399987688,,,,5.40999978912439,,68.1999969687125,,70.6600037078092,1.01999999679079,,60.8260736649551,15.3599994444445,77.9899979339465,,,,,4.0500000000001,0,,144.000000036,,,0,,75.1100006343779,,-42.000000105705,0.090000010010232,147.999998730875,,0,,,,0.009999983446992,0.309999963818664,,0,0.009999983446992,,0,,,,0,,0,,0,0,1.02999999088548,0.090000010010232,0,,,,,1.720000116,0,10.9999992068802,,,,14.3000001528,0,144.000000036,,10.2200002534547,,9,419.029998769015,0,,,163.080001762848,,,,,,,,15.5699996649352,78.610000564368
2007-12-01T08:15:49.968Z,,0.019999966893984,,,9.35999961017839,,,,6.19000008786281,0.299999980371672,,1.06999997768849,,43.499999868,,,,5.40999978912439,,68.1999969687125,,70.6600037078092,1.01999999679079,,61.3665221699245,15.3599994444445,77.9899979339465,,,,,4.0500000000001,0,,144.000000036,,,0,,75.1100006343779,,-40.0000033838892,0.090000010010232,128.999998847217,,0,,,,0.009999983446992,0.309999963818664,,0,0.009999983446992,,0,,,,0,,0,,0,0,1.02999999088548,0.090000010010232,0,,,,,1.720000116,0,20.0000016919446,,,,14.3000001528,0,144.000000036,,10.2299996009524,,9,419.029998769015,0,,,163.080001762848,,,,,,,,15.5699996649352,78.610000564368
2007-12-01T08:15:54.029Z,,0.019999966893984,,,9.36999991159999,,,,6.19000008786281,0.299999980371672,,1.08000012012278,,43.5299988936,,,,5.40999978912439,,68.1999969687125,,70.65000149854,1.01999999679079,,60.9994235145903,15.3700000000001,77.9899979339465,,,,,4.0500000000001,0,,144.000000036,,,0,,75.1100006343779,,-40.0000033838892,0.090000010010232,138.000001332282,,0,,,,0.009999983446992,0.309999963818664,,0,0.009999983446992,,0,,,,0,,0,,0,0,1.02999999088548,0.090000010010232,0,,,,,1.720000116,0,-1.99999672181581,,,,14.3000001528,0,144.000000036,,10.2299996009524,,9,419.040008609675,0,,,163.080001762848,,,,,,,,15.5699996649352,78.610000564368
2007-12-01T08:15:59.040Z,,0.019999966893984,,,9.35999961017839,,,,6.19000008786281,0.299999980371672,,1.09000010356978,,43.4799995016,,,,5.40999978912439,,68.2300032785457,,70.639999448258,1.01999999679079,,61.244157009862,15.3700000000001,78.0199966123891,,,,,4.0500000000001,0,,144.000000036,,,0,,75.1100006343779,,-39.0000015756026,0.090000010010232,116.999997832051,,0,,,,0.009999983446992,0.309999963818664,,0,0.009999983446992,,0,,,,0,,0,,0,0,1.02999999088548,0.090000010010232,0,,,,,1.720000116,0,2.99999853010237,,,,14.3000001528,0,144.000000036,,10.2299996009524,,9,419.079986603215,0,,,163.080001762848,,,,,,,,15.5699996649352,78.610000564368
2007-12-01T08:16:03.014Z,,0.019999966893984,,,9.34000012024632,,,,6.19000008786281,0.299999980371672,,1.06999997768849,,43.4799995016,,,,5.40999978912439,,68.2300032785457,,70.639999448258,1.01999999679079,,60.7648894973505,15.3700000000001,78.0199966123891,,,,,4.0500000000001,0,,144.000000036,,,0,,75.1100006343779,,-39.0000015756026,0.08000002656324,126.000000317115,,0,,,,0.009999983446992,0.309999963818664,,0,0.009999983446992,,0,,,,0,,0,,0,0,1.02999999088548,0.08000002656324,0,,,,,1.720000116,0,1.99999672181581,,,,14.3000001528,0,144.000000036,,10.2299996009524,,9,419.070007288117,0,,,163.059997503297,,,,,,,,15.5699996649352,78.610000564368
2007-12-01T08:16:08.026Z,,0.019999966893984,,,9.34000012024632,,,,6.19000008786281,0.299999980371672,,1.06999997768849,,43.4799995016,,,,5.40999978912439,,68.2300032785457,,70.639999448258,1.01999999679079,,61.1013938009205,15.3700000000001,78.0100021934977,,,,,4.0500000000001,0,,144.000000036,,,0,,75.1100006343779,,-36.0000030455003,0.060000059669256,126.999995230644,,0,,,,0.009999983446992,0.309999963818664,,0,0.009999983446992,,0,,,,0,,0,,0,0,1.02999999088548,0.060000059669256,0,,,,,1.720000116,0,-10.9999992068802,,,,14.3000001528,0,144.000000036,,10.2399997433867,,9,419.029998769015,0,,,163.059997503297,,,,,,,,15.5699996649352,78.5999985140861
2007-12-01T08:16:12.000Z,,0.019999966893984,,,9.34000012024632,,,,6.19000008786281,0.299999980371672,,1.06999997768849,,43.4799995016,,,,5.40999978912439,,68.2300032785457,,70.639999448258,1.01999999679079,,60.8974536818525,15.3700000000001,78.0199966123891,,,,,4.0500000000001,0,,144.000000036,,,0,,75.1100006343779,,-40.0000033838892,0.050000076222264,132.000004272077,,0,,,,0.009999983446992,0.309999963818664,,0,0.009999983446992,,0,,,,0,,0,,0,0,1.02999999088548,0.050000076222264,0,,,,,1.720000116,0,-4.00000033838892,,,,14.3000001528,0,144.000000036,,10.2399997433867,,9,419.040008609675,0,,,163.050003084406,,,,,,,,15.5699996649352,78.5999985140861
2007-12-01T08:16:17.011Z,,0.019999966893984,,,9.34000012024632,,,,6.19000008786281,0.299999980371672,,1.06999997768849,,43.4799995016,,,,5.40999978912439,,68.2300032785457,,70.639999448258,1.01999999679079,,61.0300137840231,15.3599994444445,78.0199966123891,,,,,4.0500000000001,0,,144.000000036,,,0,,75.1100006343779,,-40.9999982974184,0.060000059669256,132.000004272077,,0,,,,0.009999983446992,0.309999963818664,,0,0.009999983446992,,0,,,,0,,0,,0,0,1.02999999088548,0.060000059669256,0,,,,,1.720000116,0,5.99999706020473,,,,14.3000001528,0,144.000000036,,10.2299996009524,,9,419.049987765785,0,,,163.059997503297,,,,,,,,15.5699996649352,78.610000564368
2007-12-01T08:16:20.986Z,,0.019999966893984,,,9.34000012024632,,,,6.19000008786281,0.299999980371672,,1.06999997768849,,43.4799995016,,,,5.40999978912439,,68.2300032785457,,70.639999448258,1.01999999679079,,61.0504086577554,15.3700000000001,78.0199966123891,,,,,4.0500000000001,0,,144.000000036,,,0,,75.1100006343779,,-39.0000015756026,0.060000059669256,121.000005065197,,0,,,,0.009999983446992,0.309999963818664,,0,0.009999983446992,,0,,,,0,,0,,0,0,1.02999999088548,0.060000059669256,0,,,,,1.720000116,0,14.9999995452691,,,,14.3000001528,0,144.000000036,,10.2200002534547,,9,419.019989087342,0,,,163.039993243746,,,,,,,,15.5699996649352,78.5800018859255
2007-12-01T08:16:25.997Z,,0.019999966893984,,,9.34000012024632,,,,6.19000008786281,0.299999980371672,,1.0599999942415,,43.4799995016,,,,5.40999978912439,,68.2300032785457,,70.639999448258,1.01999999679079,,60.9484383714252,15.3700000000001,78.0199966123891,,,,,4.0500000000001,0,,144.000000036,,,0,,75.1100006343779,,-40.9999982974184,0.029999950340976,155.999992512896,,0,,,,0.009999983446992,0.309999963818664,,0,0.009999983446992,,0,,,,0,,0,,0,0,1.02999999088548,0.029999950340976,0,,,,,1.720000116,0,28.9999972822517,,,,14.3000001528,0,144.000000036,,10.2200002534547,,9,418.999999931585,0,,,163.029998824854,,,,,,,,15.5699996649352,78.5800018859255
2007-12-01T08:16:29.971Z,,0.019999966893984,,,9.32999997781203,,,,6.19000008786281,0.299999980371672,,1.06999997768849,,43.4799995016,,,,5.40999978912439,,68.2300032785457,,70.65000149854,1.01999999679079,,60.8668593300883,15.3700000000001,78.0199966123891,,,,,4.0500000000001,0,,144.000000036,,,0,,75.1100006343779,,-36.0000030455003,0.029999950340976,112.000002580132,,0,,,,0.009999983446992,0.309999963818664,,0,0.009999983446992,,0,,,,0,,0,,0,0,1.02999999088548,0.029999950340976,0,,,,,1.720000116,0,8.00000067677784,,,,14.3000001528,0,144.000000036,,10.2100001110204,,9,418.999999931585,0,,,163.029998824854,,,,,,,,15.5699996649352,78.5800018859255
2007-12-01T08:16:34.982Z,,0.019999966893984,,,9.31999967639043,,,,6.19000008786281,0.299999980371672,,1.06999997768849,,43.4799995016,,,,5.40999978912439,,68.2300032785457,,70.6600037078092,1.01999999679079,,60.9280439512853,15.3599994444445,78.0199966123891,,,,,4.0500000000001,0,,144.000000036,,,0,,75.1100006343779,,-40.9999982974184,0.019999966893984,132.000004272077,,0,,,,0.009999983446992,0.309999963818664,,0,0.009999983446992,,0,,,,0,,0,,0,0,1.02999999088548,0.019999966893984,0,,,,,1.720000116,0,33.9999994289272,,,,14.3000001528,0,144.000000036,,10.2100001110204,,9,418.999999931585,0,,,163.009994565303,,,,,,,,15.5699996649352,78.5800018859255
